
===========================================================================
report_checks -path_delay min (Hold)
============================================================================
======================= Typical Corner ===================================

Startpoint: _473_ (rising edge-triggered flip-flop clocked by SCK)
Endpoint: _474_ (rising edge-triggered flip-flop clocked by SCK)
Path Group: SCK
Path Type: min

Fanout     Cap    Slew   Delay    Time   Description
-----------------------------------------------------------------------------
                          0.00    0.00   clock SCK (rise edge)
                          0.00    0.00   clock source latency
                  0.04    0.03    0.03 ^ SCK (in)
     1    0.01                           SCK (net)
                  0.04    0.00    0.03 ^ clkbuf_0_SCK/A (sky130_fd_sc_hd__clkbuf_16)
                  0.05    0.13    0.15 ^ clkbuf_0_SCK/X (sky130_fd_sc_hd__clkbuf_16)
     4    0.03                           clknet_0_SCK (net)
                  0.05    0.00    0.15 ^ clkbuf_2_0__f_SCK/A (sky130_fd_sc_hd__clkbuf_16)
                  0.04    0.12    0.27 ^ clkbuf_2_0__f_SCK/X (sky130_fd_sc_hd__clkbuf_16)
     9    0.02                           clknet_2_0__leaf_SCK (net)
                  0.04    0.00    0.27 ^ _473_/CLK (sky130_fd_sc_hd__dfrtp_2)
                  0.08    0.35    0.63 ^ _473_/Q (sky130_fd_sc_hd__dfrtp_2)
     5    0.01                           fixed[1] (net)
                  0.08    0.00    0.63 ^ _298_/A1 (sky130_fd_sc_hd__o31a_1)
                  0.04    0.12    0.75 ^ _298_/X (sky130_fd_sc_hd__o31a_1)
     1    0.00                           _081_ (net)
                  0.04    0.00    0.75 ^ _474_/D (sky130_fd_sc_hd__dfrtp_1)
                                  0.75   data arrival time

                          0.00    0.00   clock SCK (rise edge)
                          0.00    0.00   clock source latency
                  0.04    0.03    0.03 ^ SCK (in)
     1    0.01                           SCK (net)
                  0.04    0.00    0.03 ^ clkbuf_0_SCK/A (sky130_fd_sc_hd__clkbuf_16)
                  0.05    0.14    0.17 ^ clkbuf_0_SCK/X (sky130_fd_sc_hd__clkbuf_16)
     4    0.03                           clknet_0_SCK (net)
                  0.05    0.00    0.17 ^ clkbuf_2_0__f_SCK/A (sky130_fd_sc_hd__clkbuf_16)
                  0.04    0.13    0.30 ^ clkbuf_2_0__f_SCK/X (sky130_fd_sc_hd__clkbuf_16)
     9    0.02                           clknet_2_0__leaf_SCK (net)
                  0.04    0.00    0.30 ^ _474_/CLK (sky130_fd_sc_hd__dfrtp_1)
                          0.25    0.55   clock uncertainty
                         -0.03    0.52   clock reconvergence pessimism
                         -0.03    0.49   library hold time
                                  0.49   data required time
-----------------------------------------------------------------------------
                                  0.49   data required time
                                 -0.75   data arrival time
-----------------------------------------------------------------------------
                                  0.26   slack (MET)


Startpoint: _493_ (rising edge-triggered flip-flop clocked by SCK')
Endpoint: _493_ (rising edge-triggered flip-flop clocked by SCK')
Path Group: SCK
Path Type: min

Fanout     Cap    Slew   Delay    Time   Description
-----------------------------------------------------------------------------
                          5.00    5.00   clock SCK' (rise edge)
                          0.00    5.00   clock source latency
                  0.02    0.01    5.01 v SCK (in)
     1    0.01                           SCK (net)
                  0.02    0.00    5.01 v clkbuf_0_SCK/A (sky130_fd_sc_hd__clkbuf_16)
                  0.04    0.13    5.14 v clkbuf_0_SCK/X (sky130_fd_sc_hd__clkbuf_16)
     4    0.03                           clknet_0_SCK (net)
                  0.04    0.00    5.14 v clkbuf_2_3__f_SCK/A (sky130_fd_sc_hd__clkbuf_16)
                  0.03    0.13    5.28 v clkbuf_2_3__f_SCK/X (sky130_fd_sc_hd__clkbuf_16)
     6    0.01                           clknet_2_3__leaf_SCK (net)
                  0.03    0.00    5.28 v _437_/A (sky130_fd_sc_hd__buf_1)
                  0.05    0.10    5.37 v _437_/X (sky130_fd_sc_hd__buf_1)
     1    0.01                           _221_ (net)
                  0.05    0.00    5.37 v clkbuf_0__221_/A (sky130_fd_sc_hd__clkbuf_16)
                  0.03    0.14    5.51 v clkbuf_0__221_/X (sky130_fd_sc_hd__clkbuf_16)
     2    0.01                           clknet_0__221_ (net)
                  0.03    0.00    5.51 v clkbuf_1_1__f__221_/A (sky130_fd_sc_hd__clkbuf_16)
                  0.04    0.14    5.65 v clkbuf_1_1__f__221_/X (sky130_fd_sc_hd__clkbuf_16)
     6    0.03                           clknet_1_1__leaf__221_ (net)
                  0.04    0.00    5.65 v _448__5/A (sky130_fd_sc_hd__inv_2)
                  0.02    0.03    5.68 ^ _448__5/Y (sky130_fd_sc_hd__inv_2)
     1    0.00                           net43 (net)
                  0.02    0.00    5.68 ^ _493_/CLK (sky130_fd_sc_hd__dfrtp_1)
                  0.06    0.30    5.98 ^ _493_/Q (sky130_fd_sc_hd__dfrtp_1)
     2    0.00                           ldata[2] (net)
                  0.06    0.00    5.98 ^ _251_/A1 (sky130_fd_sc_hd__mux2_1)
                  0.04    0.11    6.09 ^ _251_/X (sky130_fd_sc_hd__mux2_1)
     1    0.00                           _118_ (net)
                  0.04    0.00    6.09 ^ _252_/A (sky130_fd_sc_hd__clkbuf_1)
                  0.04    0.07    6.15 ^ _252_/X (sky130_fd_sc_hd__clkbuf_1)
     1    0.00                           _094_ (net)
                  0.04    0.00    6.15 ^ _493_/D (sky130_fd_sc_hd__dfrtp_1)
                                  6.15   data arrival time

                          5.00    5.00   clock SCK' (rise edge)
                          0.00    5.00   clock source latency
                  0.02    0.01    5.01 v SCK (in)
     1    0.01                           SCK (net)
                  0.02    0.00    5.01 v clkbuf_0_SCK/A (sky130_fd_sc_hd__clkbuf_16)
                  0.04    0.15    5.16 v clkbuf_0_SCK/X (sky130_fd_sc_hd__clkbuf_16)
     4    0.03                           clknet_0_SCK (net)
                  0.04    0.00    5.16 v clkbuf_2_3__f_SCK/A (sky130_fd_sc_hd__clkbuf_16)
                  0.03    0.14    5.30 v clkbuf_2_3__f_SCK/X (sky130_fd_sc_hd__clkbuf_16)
     6    0.01                           clknet_2_3__leaf_SCK (net)
                  0.03    0.00    5.30 v _437_/A (sky130_fd_sc_hd__buf_1)
                  0.05    0.11    5.41 v _437_/X (sky130_fd_sc_hd__buf_1)
     1    0.01                           _221_ (net)
                  0.05    0.00    5.41 v clkbuf_0__221_/A (sky130_fd_sc_hd__clkbuf_16)
                  0.03    0.15    5.56 v clkbuf_0__221_/X (sky130_fd_sc_hd__clkbuf_16)
     2    0.01                           clknet_0__221_ (net)
                  0.03    0.00    5.56 v clkbuf_1_1__f__221_/A (sky130_fd_sc_hd__clkbuf_16)
                  0.04    0.15    5.71 v clkbuf_1_1__f__221_/X (sky130_fd_sc_hd__clkbuf_16)
     6    0.03                           clknet_1_1__leaf__221_ (net)
                  0.04    0.00    5.71 v _448__5/A (sky130_fd_sc_hd__inv_2)
                  0.02    0.04    5.75 ^ _448__5/Y (sky130_fd_sc_hd__inv_2)
     1    0.00                           net43 (net)
                  0.02    0.00    5.75 ^ _493_/CLK (sky130_fd_sc_hd__dfrtp_1)
                          0.25    6.00   clock uncertainty
                         -0.07    5.93   clock reconvergence pessimism
                         -0.04    5.89   library hold time
                                  5.89   data required time
-----------------------------------------------------------------------------
                                  5.89   data required time
                                 -6.15   data arrival time
-----------------------------------------------------------------------------
                                  0.26   slack (MET)


Startpoint: _486_ (rising edge-triggered flip-flop clocked by SCK)
Endpoint: _470_ (rising edge-triggered flip-flop clocked by SCK)
Path Group: SCK
Path Type: min

Fanout     Cap    Slew   Delay    Time   Description
-----------------------------------------------------------------------------
                          0.00    0.00   clock SCK (rise edge)
                          0.00    0.00   clock source latency
                  0.04    0.03    0.03 ^ SCK (in)
     1    0.01                           SCK (net)
                  0.04    0.00    0.03 ^ clkbuf_0_SCK/A (sky130_fd_sc_hd__clkbuf_16)
                  0.05    0.13    0.15 ^ clkbuf_0_SCK/X (sky130_fd_sc_hd__clkbuf_16)
     4    0.03                           clknet_0_SCK (net)
                  0.05    0.00    0.15 ^ clkbuf_2_0__f_SCK/A (sky130_fd_sc_hd__clkbuf_16)
                  0.04    0.12    0.27 ^ clkbuf_2_0__f_SCK/X (sky130_fd_sc_hd__clkbuf_16)
     9    0.02                           clknet_2_0__leaf_SCK (net)
                  0.04    0.00    0.27 ^ _486_/CLK (sky130_fd_sc_hd__dfstp_2)
                  0.06    0.37    0.64 v _486_/Q (sky130_fd_sc_hd__dfstp_2)
     8    0.02                           state[0] (net)
                  0.06    0.00    0.64 v _302_/B (sky130_fd_sc_hd__nand2_1)
                  0.06    0.08    0.72 ^ _302_/Y (sky130_fd_sc_hd__nand2_1)
     2    0.01                           _150_ (net)
                  0.06    0.00    0.72 ^ _309_/A2 (sky130_fd_sc_hd__o21ai_1)
                  0.03    0.05    0.77 v _309_/Y (sky130_fd_sc_hd__o21ai_1)
     1    0.00                           _077_ (net)
                  0.03    0.00    0.77 v _470_/D (sky130_fd_sc_hd__dfrtp_1)
                                  0.77   data arrival time

                          0.00    0.00   clock SCK (rise edge)
                          0.00    0.00   clock source latency
                  0.04    0.03    0.03 ^ SCK (in)
     1    0.01                           SCK (net)
                  0.04    0.00    0.03 ^ clkbuf_0_SCK/A (sky130_fd_sc_hd__clkbuf_16)
                  0.05    0.14    0.17 ^ clkbuf_0_SCK/X (sky130_fd_sc_hd__clkbuf_16)
     4    0.03                           clknet_0_SCK (net)
                  0.05    0.00    0.17 ^ clkbuf_2_1__f_SCK/A (sky130_fd_sc_hd__clkbuf_16)
                  0.05    0.14    0.31 ^ clkbuf_2_1__f_SCK/X (sky130_fd_sc_hd__clkbuf_16)
    12    0.02                           clknet_2_1__leaf_SCK (net)
                  0.05    0.00    0.31 ^ _470_/CLK (sky130_fd_sc_hd__dfrtp_1)
                          0.25    0.56   clock uncertainty
                         -0.02    0.54   clock reconvergence pessimism
                         -0.04    0.50   library hold time
                                  0.50   data required time
-----------------------------------------------------------------------------
                                  0.50   data required time
                                 -0.77   data arrival time
-----------------------------------------------------------------------------
                                  0.27   slack (MET)


Startpoint: _479_ (rising edge-triggered flip-flop clocked by SCK)
Endpoint: _480_ (rising edge-triggered flip-flop clocked by SCK)
Path Group: SCK
Path Type: min

Fanout     Cap    Slew   Delay    Time   Description
-----------------------------------------------------------------------------
                          0.00    0.00   clock SCK (rise edge)
                          0.00    0.00   clock source latency
                  0.04    0.03    0.03 ^ SCK (in)
     1    0.01                           SCK (net)
                  0.04    0.00    0.03 ^ clkbuf_0_SCK/A (sky130_fd_sc_hd__clkbuf_16)
                  0.05    0.13    0.15 ^ clkbuf_0_SCK/X (sky130_fd_sc_hd__clkbuf_16)
     4    0.03                           clknet_0_SCK (net)
                  0.05    0.00    0.15 ^ clkbuf_2_1__f_SCK/A (sky130_fd_sc_hd__clkbuf_16)
                  0.05    0.12    0.28 ^ clkbuf_2_1__f_SCK/X (sky130_fd_sc_hd__clkbuf_16)
    12    0.02                           clknet_2_1__leaf_SCK (net)
                  0.05    0.00    0.28 ^ _479_/CLK (sky130_fd_sc_hd__dfrtp_1)
                  0.07    0.32    0.60 ^ _479_/Q (sky130_fd_sc_hd__dfrtp_1)
     3    0.01                           net26 (net)
                  0.07    0.00    0.60 ^ _280_/A1 (sky130_fd_sc_hd__mux2_1)
                  0.04    0.11    0.71 ^ _280_/X (sky130_fd_sc_hd__mux2_1)
     1    0.00                           _136_ (net)
                  0.04    0.00    0.71 ^ _281_/A (sky130_fd_sc_hd__clkbuf_1)
                  0.04    0.07    0.78 ^ _281_/X (sky130_fd_sc_hd__clkbuf_1)
     1    0.00                           _087_ (net)
                  0.04    0.00    0.78 ^ _480_/D (sky130_fd_sc_hd__dfrtp_1)
                                  0.78   data arrival time

                          0.00    0.00   clock SCK (rise edge)
                          0.00    0.00   clock source latency
                  0.04    0.03    0.03 ^ SCK (in)
     1    0.01                           SCK (net)
                  0.04    0.00    0.03 ^ clkbuf_0_SCK/A (sky130_fd_sc_hd__clkbuf_16)
                  0.05    0.14    0.17 ^ clkbuf_0_SCK/X (sky130_fd_sc_hd__clkbuf_16)
     4    0.03                           clknet_0_SCK (net)
                  0.05    0.00    0.17 ^ clkbuf_2_0__f_SCK/A (sky130_fd_sc_hd__clkbuf_16)
                  0.04    0.13    0.30 ^ clkbuf_2_0__f_SCK/X (sky130_fd_sc_hd__clkbuf_16)
     9    0.02                           clknet_2_0__leaf_SCK (net)
                  0.04    0.00    0.30 ^ _480_/CLK (sky130_fd_sc_hd__dfrtp_1)
                          0.25    0.55   clock uncertainty
                         -0.02    0.54   clock reconvergence pessimism
                         -0.03    0.50   library hold time
                                  0.50   data required time
-----------------------------------------------------------------------------
                                  0.50   data required time
                                 -0.78   data arrival time
-----------------------------------------------------------------------------
                                  0.28   slack (MET)


Startpoint: _478_ (rising edge-triggered flip-flop clocked by SCK)
Endpoint: _478_ (rising edge-triggered flip-flop clocked by SCK)
Path Group: SCK
Path Type: min

Fanout     Cap    Slew   Delay    Time   Description
-----------------------------------------------------------------------------
                          0.00    0.00   clock SCK (rise edge)
                          0.00    0.00   clock source latency
                  0.04    0.03    0.03 ^ SCK (in)
     1    0.01                           SCK (net)
                  0.04    0.00    0.03 ^ clkbuf_0_SCK/A (sky130_fd_sc_hd__clkbuf_16)
                  0.05    0.13    0.15 ^ clkbuf_0_SCK/X (sky130_fd_sc_hd__clkbuf_16)
     4    0.03                           clknet_0_SCK (net)
                  0.05    0.00    0.15 ^ clkbuf_2_1__f_SCK/A (sky130_fd_sc_hd__clkbuf_16)
                  0.05    0.12    0.28 ^ clkbuf_2_1__f_SCK/X (sky130_fd_sc_hd__clkbuf_16)
    12    0.02                           clknet_2_1__leaf_SCK (net)
                  0.05    0.00    0.28 ^ _478_/CLK (sky130_fd_sc_hd__dfrtp_1)
                  0.07    0.32    0.59 ^ _478_/Q (sky130_fd_sc_hd__dfrtp_1)
     3    0.01                           net25 (net)
                  0.07    0.00    0.59 ^ _284_/A0 (sky130_fd_sc_hd__mux2_1)
                  0.04    0.11    0.71 ^ _284_/X (sky130_fd_sc_hd__mux2_1)
     1    0.00                           _138_ (net)
                  0.04    0.00    0.71 ^ _285_/A (sky130_fd_sc_hd__clkbuf_1)
                  0.04    0.07    0.77 ^ _285_/X (sky130_fd_sc_hd__clkbuf_1)
     1    0.00                           _085_ (net)
                  0.04    0.00    0.77 ^ _478_/D (sky130_fd_sc_hd__dfrtp_1)
                                  0.77   data arrival time

                          0.00    0.00   clock SCK (rise edge)
                          0.00    0.00   clock source latency
                  0.04    0.03    0.03 ^ SCK (in)
     1    0.01                           SCK (net)
                  0.04    0.00    0.03 ^ clkbuf_0_SCK/A (sky130_fd_sc_hd__clkbuf_16)
                  0.05    0.14    0.17 ^ clkbuf_0_SCK/X (sky130_fd_sc_hd__clkbuf_16)
     4    0.03                           clknet_0_SCK (net)
                  0.05    0.00    0.17 ^ clkbuf_2_1__f_SCK/A (sky130_fd_sc_hd__clkbuf_16)
                  0.05    0.14    0.31 ^ clkbuf_2_1__f_SCK/X (sky130_fd_sc_hd__clkbuf_16)
    12    0.02                           clknet_2_1__leaf_SCK (net)
                  0.05    0.00    0.31 ^ _478_/CLK (sky130_fd_sc_hd__dfrtp_1)
                          0.25    0.56   clock uncertainty
                         -0.03    0.53   clock reconvergence pessimism
                         -0.03    0.50   library hold time
                                  0.50   data required time
-----------------------------------------------------------------------------
                                  0.50   data required time
                                 -0.77   data arrival time
-----------------------------------------------------------------------------
                                  0.28   slack (MET)


Startpoint: _478_ (rising edge-triggered flip-flop clocked by SCK)
Endpoint: _479_ (rising edge-triggered flip-flop clocked by SCK)
Path Group: SCK
Path Type: min

Fanout     Cap    Slew   Delay    Time   Description
-----------------------------------------------------------------------------
                          0.00    0.00   clock SCK (rise edge)
                          0.00    0.00   clock source latency
                  0.04    0.03    0.03 ^ SCK (in)
     1    0.01                           SCK (net)
                  0.04    0.00    0.03 ^ clkbuf_0_SCK/A (sky130_fd_sc_hd__clkbuf_16)
                  0.05    0.13    0.15 ^ clkbuf_0_SCK/X (sky130_fd_sc_hd__clkbuf_16)
     4    0.03                           clknet_0_SCK (net)
                  0.05    0.00    0.15 ^ clkbuf_2_1__f_SCK/A (sky130_fd_sc_hd__clkbuf_16)
                  0.05    0.12    0.28 ^ clkbuf_2_1__f_SCK/X (sky130_fd_sc_hd__clkbuf_16)
    12    0.02                           clknet_2_1__leaf_SCK (net)
                  0.05    0.00    0.28 ^ _478_/CLK (sky130_fd_sc_hd__dfrtp_1)
                  0.07    0.32    0.59 ^ _478_/Q (sky130_fd_sc_hd__dfrtp_1)
     3    0.01                           net25 (net)
                  0.07    0.00    0.59 ^ _282_/A1 (sky130_fd_sc_hd__mux2_1)
                  0.04    0.11    0.71 ^ _282_/X (sky130_fd_sc_hd__mux2_1)
     1    0.00                           _137_ (net)
                  0.04    0.00    0.71 ^ _283_/A (sky130_fd_sc_hd__clkbuf_1)
                  0.04    0.07    0.78 ^ _283_/X (sky130_fd_sc_hd__clkbuf_1)
     1    0.00                           _086_ (net)
                  0.04    0.00    0.78 ^ _479_/D (sky130_fd_sc_hd__dfrtp_1)
                                  0.78   data arrival time

                          0.00    0.00   clock SCK (rise edge)
                          0.00    0.00   clock source latency
                  0.04    0.03    0.03 ^ SCK (in)
     1    0.01                           SCK (net)
                  0.04    0.00    0.03 ^ clkbuf_0_SCK/A (sky130_fd_sc_hd__clkbuf_16)
                  0.05    0.14    0.17 ^ clkbuf_0_SCK/X (sky130_fd_sc_hd__clkbuf_16)
     4    0.03                           clknet_0_SCK (net)
                  0.05    0.00    0.17 ^ clkbuf_2_1__f_SCK/A (sky130_fd_sc_hd__clkbuf_16)
                  0.05    0.14    0.31 ^ clkbuf_2_1__f_SCK/X (sky130_fd_sc_hd__clkbuf_16)
    12    0.02                           clknet_2_1__leaf_SCK (net)
                  0.05    0.00    0.31 ^ _479_/CLK (sky130_fd_sc_hd__dfrtp_1)
                          0.25    0.56   clock uncertainty
                         -0.03    0.53   clock reconvergence pessimism
                         -0.03    0.50   library hold time
                                  0.50   data required time
-----------------------------------------------------------------------------
                                  0.50   data required time
                                 -0.78   data arrival time
-----------------------------------------------------------------------------
                                  0.28   slack (MET)


Startpoint: _475_ (rising edge-triggered flip-flop clocked by SCK)
Endpoint: _475_ (rising edge-triggered flip-flop clocked by SCK)
Path Group: SCK
Path Type: min

Fanout     Cap    Slew   Delay    Time   Description
-----------------------------------------------------------------------------
                          0.00    0.00   clock SCK (rise edge)
                          0.00    0.00   clock source latency
                  0.04    0.03    0.03 ^ SCK (in)
     1    0.01                           SCK (net)
                  0.04    0.00    0.03 ^ clkbuf_0_SCK/A (sky130_fd_sc_hd__clkbuf_16)
                  0.05    0.13    0.15 ^ clkbuf_0_SCK/X (sky130_fd_sc_hd__clkbuf_16)
     4    0.03                           clknet_0_SCK (net)
                  0.05    0.00    0.15 ^ clkbuf_2_1__f_SCK/A (sky130_fd_sc_hd__clkbuf_16)
                  0.05    0.12    0.28 ^ clkbuf_2_1__f_SCK/X (sky130_fd_sc_hd__clkbuf_16)
    12    0.02                           clknet_2_1__leaf_SCK (net)
                  0.05    0.00    0.28 ^ _475_/CLK (sky130_fd_sc_hd__dfrtp_1)
                  0.07    0.32    0.60 ^ _475_/Q (sky130_fd_sc_hd__dfrtp_1)
     3    0.01                           net22 (net)
                  0.07    0.00    0.60 ^ _290_/A0 (sky130_fd_sc_hd__mux2_1)
                  0.04    0.11    0.71 ^ _290_/X (sky130_fd_sc_hd__mux2_1)
     1    0.00                           _141_ (net)
                  0.04    0.00    0.71 ^ _291_/A (sky130_fd_sc_hd__clkbuf_1)
                  0.04    0.07    0.78 ^ _291_/X (sky130_fd_sc_hd__clkbuf_1)
     1    0.00                           _082_ (net)
                  0.04    0.00    0.78 ^ _475_/D (sky130_fd_sc_hd__dfrtp_1)
                                  0.78   data arrival time

                          0.00    0.00   clock SCK (rise edge)
                          0.00    0.00   clock source latency
                  0.04    0.03    0.03 ^ SCK (in)
     1    0.01                           SCK (net)
                  0.04    0.00    0.03 ^ clkbuf_0_SCK/A (sky130_fd_sc_hd__clkbuf_16)
                  0.05    0.14    0.17 ^ clkbuf_0_SCK/X (sky130_fd_sc_hd__clkbuf_16)
     4    0.03                           clknet_0_SCK (net)
                  0.05    0.00    0.17 ^ clkbuf_2_1__f_SCK/A (sky130_fd_sc_hd__clkbuf_16)
                  0.05    0.14    0.31 ^ clkbuf_2_1__f_SCK/X (sky130_fd_sc_hd__clkbuf_16)
    12    0.02                           clknet_2_1__leaf_SCK (net)
                  0.05    0.00    0.31 ^ _475_/CLK (sky130_fd_sc_hd__dfrtp_1)
                          0.25    0.56   clock uncertainty
                         -0.03    0.53   clock reconvergence pessimism
                         -0.03    0.50   library hold time
                                  0.50   data required time
-----------------------------------------------------------------------------
                                  0.50   data required time
                                 -0.78   data arrival time
-----------------------------------------------------------------------------
                                  0.28   slack (MET)


Startpoint: _476_ (rising edge-triggered flip-flop clocked by SCK)
Endpoint: _476_ (rising edge-triggered flip-flop clocked by SCK)
Path Group: SCK
Path Type: min

Fanout     Cap    Slew   Delay    Time   Description
-----------------------------------------------------------------------------
                          0.00    0.00   clock SCK (rise edge)
                          0.00    0.00   clock source latency
                  0.04    0.03    0.03 ^ SCK (in)
     1    0.01                           SCK (net)
                  0.04    0.00    0.03 ^ clkbuf_0_SCK/A (sky130_fd_sc_hd__clkbuf_16)
                  0.05    0.13    0.15 ^ clkbuf_0_SCK/X (sky130_fd_sc_hd__clkbuf_16)
     4    0.03                           clknet_0_SCK (net)
                  0.05    0.00    0.15 ^ clkbuf_2_1__f_SCK/A (sky130_fd_sc_hd__clkbuf_16)
                  0.05    0.12    0.28 ^ clkbuf_2_1__f_SCK/X (sky130_fd_sc_hd__clkbuf_16)
    12    0.02                           clknet_2_1__leaf_SCK (net)
                  0.05    0.00    0.28 ^ _476_/CLK (sky130_fd_sc_hd__dfrtp_1)
                  0.07    0.32    0.60 ^ _476_/Q (sky130_fd_sc_hd__dfrtp_1)
     3    0.01                           net23 (net)
                  0.07    0.00    0.60 ^ _288_/A0 (sky130_fd_sc_hd__mux2_1)
                  0.04    0.11    0.71 ^ _288_/X (sky130_fd_sc_hd__mux2_1)
     1    0.00                           _140_ (net)
                  0.04    0.00    0.71 ^ _289_/A (sky130_fd_sc_hd__clkbuf_1)
                  0.04    0.07    0.78 ^ _289_/X (sky130_fd_sc_hd__clkbuf_1)
     1    0.00                           _083_ (net)
                  0.04    0.00    0.78 ^ _476_/D (sky130_fd_sc_hd__dfrtp_1)
                                  0.78   data arrival time

                          0.00    0.00   clock SCK (rise edge)
                          0.00    0.00   clock source latency
                  0.04    0.03    0.03 ^ SCK (in)
     1    0.01                           SCK (net)
                  0.04    0.00    0.03 ^ clkbuf_0_SCK/A (sky130_fd_sc_hd__clkbuf_16)
                  0.05    0.14    0.17 ^ clkbuf_0_SCK/X (sky130_fd_sc_hd__clkbuf_16)
     4    0.03                           clknet_0_SCK (net)
                  0.05    0.00    0.17 ^ clkbuf_2_1__f_SCK/A (sky130_fd_sc_hd__clkbuf_16)
                  0.05    0.14    0.31 ^ clkbuf_2_1__f_SCK/X (sky130_fd_sc_hd__clkbuf_16)
    12    0.02                           clknet_2_1__leaf_SCK (net)
                  0.05    0.00    0.31 ^ _476_/CLK (sky130_fd_sc_hd__dfrtp_1)
                          0.25    0.56   clock uncertainty
                         -0.03    0.53   clock reconvergence pessimism
                         -0.03    0.50   library hold time
                                  0.50   data required time
-----------------------------------------------------------------------------
                                  0.50   data required time
                                 -0.78   data arrival time
-----------------------------------------------------------------------------
                                  0.28   slack (MET)


Startpoint: _477_ (rising edge-triggered flip-flop clocked by SCK)
Endpoint: _477_ (rising edge-triggered flip-flop clocked by SCK)
Path Group: SCK
Path Type: min

Fanout     Cap    Slew   Delay    Time   Description
-----------------------------------------------------------------------------
                          0.00    0.00   clock SCK (rise edge)
                          0.00    0.00   clock source latency
                  0.04    0.03    0.03 ^ SCK (in)
     1    0.01                           SCK (net)
                  0.04    0.00    0.03 ^ clkbuf_0_SCK/A (sky130_fd_sc_hd__clkbuf_16)
                  0.05    0.13    0.15 ^ clkbuf_0_SCK/X (sky130_fd_sc_hd__clkbuf_16)
     4    0.03                           clknet_0_SCK (net)
                  0.05    0.00    0.15 ^ clkbuf_2_1__f_SCK/A (sky130_fd_sc_hd__clkbuf_16)
                  0.05    0.12    0.28 ^ clkbuf_2_1__f_SCK/X (sky130_fd_sc_hd__clkbuf_16)
    12    0.02                           clknet_2_1__leaf_SCK (net)
                  0.05    0.00    0.28 ^ _477_/CLK (sky130_fd_sc_hd__dfrtp_1)
                  0.07    0.32    0.60 ^ _477_/Q (sky130_fd_sc_hd__dfrtp_1)
     3    0.01                           net24 (net)
                  0.07    0.00    0.60 ^ _286_/A0 (sky130_fd_sc_hd__mux2_1)
                  0.04    0.11    0.71 ^ _286_/X (sky130_fd_sc_hd__mux2_1)
     1    0.00                           _139_ (net)
                  0.04    0.00    0.71 ^ _287_/A (sky130_fd_sc_hd__clkbuf_1)
                  0.04    0.07    0.78 ^ _287_/X (sky130_fd_sc_hd__clkbuf_1)
     1    0.00                           _084_ (net)
                  0.04    0.00    0.78 ^ _477_/D (sky130_fd_sc_hd__dfrtp_1)
                                  0.78   data arrival time

                          0.00    0.00   clock SCK (rise edge)
                          0.00    0.00   clock source latency
                  0.04    0.03    0.03 ^ SCK (in)
     1    0.01                           SCK (net)
                  0.04    0.00    0.03 ^ clkbuf_0_SCK/A (sky130_fd_sc_hd__clkbuf_16)
                  0.05    0.14    0.17 ^ clkbuf_0_SCK/X (sky130_fd_sc_hd__clkbuf_16)
     4    0.03                           clknet_0_SCK (net)
                  0.05    0.00    0.17 ^ clkbuf_2_1__f_SCK/A (sky130_fd_sc_hd__clkbuf_16)
                  0.05    0.14    0.31 ^ clkbuf_2_1__f_SCK/X (sky130_fd_sc_hd__clkbuf_16)
    12    0.02                           clknet_2_1__leaf_SCK (net)
                  0.05    0.00    0.31 ^ _477_/CLK (sky130_fd_sc_hd__dfrtp_1)
                          0.25    0.56   clock uncertainty
                         -0.03    0.53   clock reconvergence pessimism
                         -0.03    0.50   library hold time
                                  0.50   data required time
-----------------------------------------------------------------------------
                                  0.50   data required time
                                 -0.78   data arrival time
-----------------------------------------------------------------------------
                                  0.28   slack (MET)


Startpoint: _458_ (rising edge-triggered flip-flop clocked by SCK)
Endpoint: _458_ (rising edge-triggered flip-flop clocked by SCK)
Path Group: SCK
Path Type: min

Fanout     Cap    Slew   Delay    Time   Description
-----------------------------------------------------------------------------
                          0.00    0.00   clock SCK (rise edge)
                          0.00    0.00   clock source latency
                  0.04    0.03    0.03 ^ SCK (in)
     1    0.01                           SCK (net)
                  0.04    0.00    0.03 ^ clkbuf_0_SCK/A (sky130_fd_sc_hd__clkbuf_16)
                  0.05    0.13    0.15 ^ clkbuf_0_SCK/X (sky130_fd_sc_hd__clkbuf_16)
     4    0.03                           clknet_0_SCK (net)
                  0.05    0.00    0.15 ^ clkbuf_2_2__f_SCK/A (sky130_fd_sc_hd__clkbuf_16)
                  0.04    0.12    0.27 ^ clkbuf_2_2__f_SCK/X (sky130_fd_sc_hd__clkbuf_16)
     9    0.02                           clknet_2_2__leaf_SCK (net)
                  0.04    0.00    0.27 ^ _458_/CLK (sky130_fd_sc_hd__dfrtp_1)
                  0.07    0.32    0.59 ^ _458_/Q (sky130_fd_sc_hd__dfrtp_1)
     3    0.01                           net33 (net)
                  0.07    0.00    0.59 ^ _367_/A1 (sky130_fd_sc_hd__mux2_1)
                  0.04    0.11    0.70 ^ _367_/X (sky130_fd_sc_hd__mux2_1)
     1    0.00                           _200_ (net)
                  0.04    0.00    0.70 ^ _368_/A (sky130_fd_sc_hd__clkbuf_1)
                  0.04    0.07    0.77 ^ _368_/X (sky130_fd_sc_hd__clkbuf_1)
     1    0.00                           _065_ (net)
                  0.04    0.00    0.77 ^ _458_/D (sky130_fd_sc_hd__dfrtp_1)
                                  0.77   data arrival time

                          0.00    0.00   clock SCK (rise edge)
                          0.00    0.00   clock source latency
                  0.04    0.03    0.03 ^ SCK (in)
     1    0.01                           SCK (net)
                  0.04    0.00    0.03 ^ clkbuf_0_SCK/A (sky130_fd_sc_hd__clkbuf_16)
                  0.05    0.14    0.17 ^ clkbuf_0_SCK/X (sky130_fd_sc_hd__clkbuf_16)
     4    0.03                           clknet_0_SCK (net)
                  0.05    0.00    0.17 ^ clkbuf_2_2__f_SCK/A (sky130_fd_sc_hd__clkbuf_16)
                  0.04    0.13    0.30 ^ clkbuf_2_2__f_SCK/X (sky130_fd_sc_hd__clkbuf_16)
     9    0.02                           clknet_2_2__leaf_SCK (net)
                  0.04    0.00    0.30 ^ _458_/CLK (sky130_fd_sc_hd__dfrtp_1)
                          0.25    0.55   clock uncertainty
                         -0.03    0.52   clock reconvergence pessimism
                         -0.03    0.49   library hold time
                                  0.49   data required time
-----------------------------------------------------------------------------
                                  0.49   data required time
                                 -0.77   data arrival time
-----------------------------------------------------------------------------
                                  0.28   slack (MET)


Startpoint: _473_ (rising edge-triggered flip-flop clocked by SCK)
Endpoint: _473_ (rising edge-triggered flip-flop clocked by SCK)
Path Group: SCK
Path Type: min

Fanout     Cap    Slew   Delay    Time   Description
-----------------------------------------------------------------------------
                          0.00    0.00   clock SCK (rise edge)
                          0.00    0.00   clock source latency
                  0.04    0.03    0.03 ^ SCK (in)
     1    0.01                           SCK (net)
                  0.04    0.00    0.03 ^ clkbuf_0_SCK/A (sky130_fd_sc_hd__clkbuf_16)
                  0.05    0.13    0.15 ^ clkbuf_0_SCK/X (sky130_fd_sc_hd__clkbuf_16)
     4    0.03                           clknet_0_SCK (net)
                  0.05    0.00    0.15 ^ clkbuf_2_0__f_SCK/A (sky130_fd_sc_hd__clkbuf_16)
                  0.04    0.12    0.27 ^ clkbuf_2_0__f_SCK/X (sky130_fd_sc_hd__clkbuf_16)
     9    0.02                           clknet_2_0__leaf_SCK (net)
                  0.04    0.00    0.27 ^ _473_/CLK (sky130_fd_sc_hd__dfrtp_2)
                  0.08    0.35    0.63 ^ _473_/Q (sky130_fd_sc_hd__dfrtp_2)
     5    0.01                           fixed[1] (net)
                  0.08    0.00    0.63 ^ _300_/B1 (sky130_fd_sc_hd__a31o_1)
                  0.06    0.10    0.73 ^ _300_/X (sky130_fd_sc_hd__a31o_1)
     1    0.00                           _149_ (net)
                  0.06    0.00    0.73 ^ _301_/B (sky130_fd_sc_hd__xnor2_1)
                  0.03    0.05    0.78 v _301_/Y (sky130_fd_sc_hd__xnor2_1)
     1    0.00                           _080_ (net)
                  0.03    0.00    0.78 v _473_/D (sky130_fd_sc_hd__dfrtp_2)
                                  0.78   data arrival time

                          0.00    0.00   clock SCK (rise edge)
                          0.00    0.00   clock source latency
                  0.04    0.03    0.03 ^ SCK (in)
     1    0.01                           SCK (net)
                  0.04    0.00    0.03 ^ clkbuf_0_SCK/A (sky130_fd_sc_hd__clkbuf_16)
                  0.05    0.14    0.17 ^ clkbuf_0_SCK/X (sky130_fd_sc_hd__clkbuf_16)
     4    0.03                           clknet_0_SCK (net)
                  0.05    0.00    0.17 ^ clkbuf_2_0__f_SCK/A (sky130_fd_sc_hd__clkbuf_16)
                  0.04    0.13    0.30 ^ clkbuf_2_0__f_SCK/X (sky130_fd_sc_hd__clkbuf_16)
     9    0.02                           clknet_2_0__leaf_SCK (net)
                  0.04    0.00    0.30 ^ _473_/CLK (sky130_fd_sc_hd__dfrtp_2)
                          0.25    0.55   clock uncertainty
                         -0.03    0.52   clock reconvergence pessimism
                         -0.04    0.49   library hold time
                                  0.49   data required time
-----------------------------------------------------------------------------
                                  0.49   data required time
                                 -0.78   data arrival time
-----------------------------------------------------------------------------
                                  0.29   slack (MET)


Startpoint: _456_ (rising edge-triggered flip-flop clocked by SCK)
Endpoint: _456_ (rising edge-triggered flip-flop clocked by SCK)
Path Group: SCK
Path Type: min

Fanout     Cap    Slew   Delay    Time   Description
-----------------------------------------------------------------------------
                          0.00    0.00   clock SCK (rise edge)
                          0.00    0.00   clock source latency
                  0.04    0.03    0.03 ^ SCK (in)
     1    0.01                           SCK (net)
                  0.04    0.00    0.03 ^ clkbuf_0_SCK/A (sky130_fd_sc_hd__clkbuf_16)
                  0.05    0.13    0.15 ^ clkbuf_0_SCK/X (sky130_fd_sc_hd__clkbuf_16)
     4    0.03                           clknet_0_SCK (net)
                  0.05    0.00    0.15 ^ clkbuf_2_3__f_SCK/A (sky130_fd_sc_hd__clkbuf_16)
                  0.04    0.11    0.27 ^ clkbuf_2_3__f_SCK/X (sky130_fd_sc_hd__clkbuf_16)
     6    0.01                           clknet_2_3__leaf_SCK (net)
                  0.04    0.00    0.27 ^ _456_/CLK (sky130_fd_sc_hd__dfrtp_1)
                  0.07    0.32    0.59 ^ _456_/Q (sky130_fd_sc_hd__dfrtp_1)
     3    0.01                           net30 (net)
                  0.07    0.00    0.59 ^ _371_/B1 (sky130_fd_sc_hd__o31a_1)
                  0.04    0.12    0.71 ^ _371_/X (sky130_fd_sc_hd__o31a_1)
     1    0.00                           _202_ (net)
                  0.04    0.00    0.71 ^ _372_/B1 (sky130_fd_sc_hd__a31o_1)
                  0.03    0.08    0.78 ^ _372_/X (sky130_fd_sc_hd__a31o_1)
     1    0.00                           _063_ (net)
                  0.03    0.00    0.78 ^ _456_/D (sky130_fd_sc_hd__dfrtp_1)
                                  0.78   data arrival time

                          0.00    0.00   clock SCK (rise edge)
                          0.00    0.00   clock source latency
                  0.04    0.03    0.03 ^ SCK (in)
     1    0.01                           SCK (net)
                  0.04    0.00    0.03 ^ clkbuf_0_SCK/A (sky130_fd_sc_hd__clkbuf_16)
                  0.05    0.14    0.17 ^ clkbuf_0_SCK/X (sky130_fd_sc_hd__clkbuf_16)
     4    0.03                           clknet_0_SCK (net)
                  0.05    0.00    0.17 ^ clkbuf_2_3__f_SCK/A (sky130_fd_sc_hd__clkbuf_16)
                  0.04    0.13    0.30 ^ clkbuf_2_3__f_SCK/X (sky130_fd_sc_hd__clkbuf_16)
     6    0.01                           clknet_2_3__leaf_SCK (net)
                  0.04    0.00    0.30 ^ _456_/CLK (sky130_fd_sc_hd__dfrtp_1)
                          0.25    0.55   clock uncertainty
                         -0.03    0.52   clock reconvergence pessimism
                         -0.03    0.48   library hold time
                                  0.48   data required time
-----------------------------------------------------------------------------
                                  0.48   data required time
                                 -0.78   data arrival time
-----------------------------------------------------------------------------
                                  0.30   slack (MET)


Startpoint: _484_ (rising edge-triggered flip-flop clocked by SCK)
Endpoint: _489_ (rising edge-triggered flip-flop clocked by SCK)
Path Group: SCK
Path Type: min

Fanout     Cap    Slew   Delay    Time   Description
-----------------------------------------------------------------------------
                          0.00    0.00   clock SCK (rise edge)
                          0.00    0.00   clock source latency
                  0.04    0.03    0.03 ^ SCK (in)
     1    0.01                           SCK (net)
                  0.04    0.00    0.03 ^ clkbuf_0_SCK/A (sky130_fd_sc_hd__clkbuf_16)
                  0.05    0.13    0.15 ^ clkbuf_0_SCK/X (sky130_fd_sc_hd__clkbuf_16)
     4    0.03                           clknet_0_SCK (net)
                  0.05    0.00    0.15 ^ clkbuf_2_1__f_SCK/A (sky130_fd_sc_hd__clkbuf_16)
                  0.05    0.12    0.28 ^ clkbuf_2_1__f_SCK/X (sky130_fd_sc_hd__clkbuf_16)
    12    0.02                           clknet_2_1__leaf_SCK (net)
                  0.05    0.00    0.28 ^ _484_/CLK (sky130_fd_sc_hd__dfrtp_1)
                  0.10    0.34    0.62 ^ _484_/Q (sky130_fd_sc_hd__dfrtp_1)
     5    0.01                           pre_pass_thru_user (net)
                  0.10    0.00    0.62 ^ _378_/A1 (sky130_fd_sc_hd__o32a_1)
                  0.06    0.16    0.79 ^ _378_/X (sky130_fd_sc_hd__o32a_1)
     1    0.00                           _204_ (net)
                  0.06    0.00    0.79 ^ _379_/A (sky130_fd_sc_hd__inv_2)
                  0.02    0.03    0.81 v _379_/Y (sky130_fd_sc_hd__inv_2)
     1    0.00                           _004_ (net)
                  0.02    0.00    0.81 v _489_/D (sky130_fd_sc_hd__dfrtp_1)
                                  0.81   data arrival time

                          0.00    0.00   clock SCK (rise edge)
                          0.00    0.00   clock source latency
                  0.04    0.03    0.03 ^ SCK (in)
     1    0.01                           SCK (net)
                  0.04    0.00    0.03 ^ clkbuf_0_SCK/A (sky130_fd_sc_hd__clkbuf_16)
                  0.05    0.14    0.17 ^ clkbuf_0_SCK/X (sky130_fd_sc_hd__clkbuf_16)
     4    0.03                           clknet_0_SCK (net)
                  0.05    0.00    0.17 ^ clkbuf_2_2__f_SCK/A (sky130_fd_sc_hd__clkbuf_16)
                  0.04    0.13    0.30 ^ clkbuf_2_2__f_SCK/X (sky130_fd_sc_hd__clkbuf_16)
     9    0.02                           clknet_2_2__leaf_SCK (net)
                  0.04    0.00    0.30 ^ _489_/CLK (sky130_fd_sc_hd__dfrtp_1)
                          0.25    0.55   clock uncertainty
                         -0.02    0.54   clock reconvergence pessimism
                         -0.04    0.50   library hold time
                                  0.50   data required time
-----------------------------------------------------------------------------
                                  0.50   data required time
                                 -0.81   data arrival time
-----------------------------------------------------------------------------
                                  0.31   slack (MET)


Startpoint: _462_ (rising edge-triggered flip-flop clocked by SCK)
Endpoint: _462_ (rising edge-triggered flip-flop clocked by SCK)
Path Group: SCK
Path Type: min

Fanout     Cap    Slew   Delay    Time   Description
-----------------------------------------------------------------------------
                          0.00    0.00   clock SCK (rise edge)
                          0.00    0.00   clock source latency
                  0.04    0.03    0.03 ^ SCK (in)
     1    0.01                           SCK (net)
                  0.04    0.00    0.03 ^ clkbuf_0_SCK/A (sky130_fd_sc_hd__clkbuf_16)
                  0.05    0.13    0.15 ^ clkbuf_0_SCK/X (sky130_fd_sc_hd__clkbuf_16)
     4    0.03                           clknet_0_SCK (net)
                  0.05    0.00    0.15 ^ clkbuf_2_2__f_SCK/A (sky130_fd_sc_hd__clkbuf_16)
                  0.04    0.12    0.27 ^ clkbuf_2_2__f_SCK/X (sky130_fd_sc_hd__clkbuf_16)
     9    0.02                           clknet_2_2__leaf_SCK (net)
                  0.04    0.00    0.27 ^ _462_/CLK (sky130_fd_sc_hd__dfrtp_2)
                  0.08    0.35    0.62 ^ _462_/Q (sky130_fd_sc_hd__dfrtp_2)
     6    0.01                           addr[3] (net)
                  0.08    0.00    0.62 ^ _351_/A0 (sky130_fd_sc_hd__mux2_1)
                  0.04    0.11    0.74 ^ _351_/X (sky130_fd_sc_hd__mux2_1)
     1    0.00                           _188_ (net)
                  0.04    0.00    0.74 ^ _352_/A (sky130_fd_sc_hd__clkbuf_1)
                  0.04    0.07    0.81 ^ _352_/X (sky130_fd_sc_hd__clkbuf_1)
     1    0.00                           _069_ (net)
                  0.04    0.00    0.81 ^ _462_/D (sky130_fd_sc_hd__dfrtp_2)
                                  0.81   data arrival time

                          0.00    0.00   clock SCK (rise edge)
                          0.00    0.00   clock source latency
                  0.04    0.03    0.03 ^ SCK (in)
     1    0.01                           SCK (net)
                  0.04    0.00    0.03 ^ clkbuf_0_SCK/A (sky130_fd_sc_hd__clkbuf_16)
                  0.05    0.14    0.17 ^ clkbuf_0_SCK/X (sky130_fd_sc_hd__clkbuf_16)
     4    0.03                           clknet_0_SCK (net)
                  0.05    0.00    0.17 ^ clkbuf_2_2__f_SCK/A (sky130_fd_sc_hd__clkbuf_16)
                  0.04    0.13    0.30 ^ clkbuf_2_2__f_SCK/X (sky130_fd_sc_hd__clkbuf_16)
     9    0.02                           clknet_2_2__leaf_SCK (net)
                  0.04    0.00    0.30 ^ _462_/CLK (sky130_fd_sc_hd__dfrtp_2)
                          0.25    0.55   clock uncertainty
                         -0.03    0.52   clock reconvergence pessimism
                         -0.03    0.49   library hold time
                                  0.49   data required time
-----------------------------------------------------------------------------
                                  0.49   data required time
                                 -0.81   data arrival time
-----------------------------------------------------------------------------
                                  0.32   slack (MET)


Startpoint: _465_ (rising edge-triggered flip-flop clocked by SCK)
Endpoint: _465_ (rising edge-triggered flip-flop clocked by SCK)
Path Group: SCK
Path Type: min

Fanout     Cap    Slew   Delay    Time   Description
-----------------------------------------------------------------------------
                          0.00    0.00   clock SCK (rise edge)
                          0.00    0.00   clock source latency
                  0.04    0.03    0.03 ^ SCK (in)
     1    0.01                           SCK (net)
                  0.04    0.00    0.03 ^ clkbuf_0_SCK/A (sky130_fd_sc_hd__clkbuf_16)
                  0.05    0.13    0.15 ^ clkbuf_0_SCK/X (sky130_fd_sc_hd__clkbuf_16)
     4    0.03                           clknet_0_SCK (net)
                  0.05    0.00    0.15 ^ clkbuf_2_0__f_SCK/A (sky130_fd_sc_hd__clkbuf_16)
                  0.04    0.12    0.27 ^ clkbuf_2_0__f_SCK/X (sky130_fd_sc_hd__clkbuf_16)
     9    0.02                           clknet_2_0__leaf_SCK (net)
                  0.04    0.00    0.27 ^ _465_/CLK (sky130_fd_sc_hd__dfrtp_1)
                  0.11    0.35    0.62 ^ _465_/Q (sky130_fd_sc_hd__dfrtp_1)
     5    0.01                           addr[6] (net)
                  0.11    0.00    0.62 ^ _336_/A0 (sky130_fd_sc_hd__mux2_1)
                  0.04    0.12    0.75 ^ _336_/X (sky130_fd_sc_hd__mux2_1)
     1    0.00                           _176_ (net)
                  0.04    0.00    0.75 ^ _337_/A (sky130_fd_sc_hd__clkbuf_1)
                  0.04    0.07    0.81 ^ _337_/X (sky130_fd_sc_hd__clkbuf_1)
     1    0.00                           _072_ (net)
                  0.04    0.00    0.81 ^ _465_/D (sky130_fd_sc_hd__dfrtp_1)
                                  0.81   data arrival time

                          0.00    0.00   clock SCK (rise edge)
                          0.00    0.00   clock source latency
                  0.04    0.03    0.03 ^ SCK (in)
     1    0.01                           SCK (net)
                  0.04    0.00    0.03 ^ clkbuf_0_SCK/A (sky130_fd_sc_hd__clkbuf_16)
                  0.05    0.14    0.17 ^ clkbuf_0_SCK/X (sky130_fd_sc_hd__clkbuf_16)
     4    0.03                           clknet_0_SCK (net)
                  0.05    0.00    0.17 ^ clkbuf_2_0__f_SCK/A (sky130_fd_sc_hd__clkbuf_16)
                  0.04    0.13    0.30 ^ clkbuf_2_0__f_SCK/X (sky130_fd_sc_hd__clkbuf_16)
     9    0.02                           clknet_2_0__leaf_SCK (net)
                  0.04    0.00    0.30 ^ _465_/CLK (sky130_fd_sc_hd__dfrtp_1)
                          0.25    0.55   clock uncertainty
                         -0.03    0.52   clock reconvergence pessimism
                         -0.03    0.49   library hold time
                                  0.49   data required time
-----------------------------------------------------------------------------
                                  0.49   data required time
                                 -0.81   data arrival time
-----------------------------------------------------------------------------
                                  0.32   slack (MET)


Startpoint: _454_ (rising edge-triggered flip-flop clocked by SCK)
Endpoint: _454_ (rising edge-triggered flip-flop clocked by SCK)
Path Group: SCK
Path Type: min

Fanout     Cap    Slew   Delay    Time   Description
-----------------------------------------------------------------------------
                          0.00    0.00   clock SCK (rise edge)
                          0.00    0.00   clock source latency
                  0.04    0.03    0.03 ^ SCK (in)
     1    0.01                           SCK (net)
                  0.04    0.00    0.03 ^ clkbuf_0_SCK/A (sky130_fd_sc_hd__clkbuf_16)
                  0.05    0.13    0.15 ^ clkbuf_0_SCK/X (sky130_fd_sc_hd__clkbuf_16)
     4    0.03                           clknet_0_SCK (net)
                  0.05    0.00    0.15 ^ clkbuf_2_3__f_SCK/A (sky130_fd_sc_hd__clkbuf_16)
                  0.04    0.11    0.27 ^ clkbuf_2_3__f_SCK/X (sky130_fd_sc_hd__clkbuf_16)
     6    0.01                           clknet_2_3__leaf_SCK (net)
                  0.04    0.00    0.27 ^ _454_/CLK (sky130_fd_sc_hd__dfrtp_1)
                  0.08    0.32    0.59 ^ _454_/Q (sky130_fd_sc_hd__dfrtp_1)
     3    0.01                           net35 (net)
                  0.08    0.00    0.59 ^ _374_/A2 (sky130_fd_sc_hd__o211a_1)
                  0.04    0.13    0.71 ^ _374_/X (sky130_fd_sc_hd__o211a_1)
     1    0.00                           _203_ (net)
                  0.04    0.00    0.71 ^ _375_/B1 (sky130_fd_sc_hd__a22o_1)
                  0.04    0.10    0.81 ^ _375_/X (sky130_fd_sc_hd__a22o_1)
     1    0.00                           _061_ (net)
                  0.04    0.00    0.81 ^ _454_/D (sky130_fd_sc_hd__dfrtp_1)
                                  0.81   data arrival time

                          0.00    0.00   clock SCK (rise edge)
                          0.00    0.00   clock source latency
                  0.04    0.03    0.03 ^ SCK (in)
     1    0.01                           SCK (net)
                  0.04    0.00    0.03 ^ clkbuf_0_SCK/A (sky130_fd_sc_hd__clkbuf_16)
                  0.05    0.14    0.17 ^ clkbuf_0_SCK/X (sky130_fd_sc_hd__clkbuf_16)
     4    0.03                           clknet_0_SCK (net)
                  0.05    0.00    0.17 ^ clkbuf_2_3__f_SCK/A (sky130_fd_sc_hd__clkbuf_16)
                  0.04    0.13    0.30 ^ clkbuf_2_3__f_SCK/X (sky130_fd_sc_hd__clkbuf_16)
     6    0.01                           clknet_2_3__leaf_SCK (net)
                  0.04    0.00    0.30 ^ _454_/CLK (sky130_fd_sc_hd__dfrtp_1)
                          0.25    0.55   clock uncertainty
                         -0.03    0.52   clock reconvergence pessimism
                         -0.03    0.48   library hold time
                                  0.48   data required time
-----------------------------------------------------------------------------
                                  0.48   data required time
                                 -0.81   data arrival time
-----------------------------------------------------------------------------
                                  0.33   slack (MET)


Startpoint: _496_ (rising edge-triggered flip-flop clocked by SCK')
Endpoint: _497_ (rising edge-triggered flip-flop clocked by SCK')
Path Group: SCK
Path Type: min

Fanout     Cap    Slew   Delay    Time   Description
-----------------------------------------------------------------------------
                          5.00    5.00   clock SCK' (rise edge)
                          0.00    5.00   clock source latency
                  0.02    0.01    5.01 v SCK (in)
     1    0.01                           SCK (net)
                  0.02    0.00    5.01 v clkbuf_0_SCK/A (sky130_fd_sc_hd__clkbuf_16)
                  0.04    0.13    5.14 v clkbuf_0_SCK/X (sky130_fd_sc_hd__clkbuf_16)
     4    0.03                           clknet_0_SCK (net)
                  0.04    0.00    5.14 v clkbuf_2_3__f_SCK/A (sky130_fd_sc_hd__clkbuf_16)
                  0.03    0.13    5.28 v clkbuf_2_3__f_SCK/X (sky130_fd_sc_hd__clkbuf_16)
     6    0.01                           clknet_2_3__leaf_SCK (net)
                  0.03    0.00    5.28 v _437_/A (sky130_fd_sc_hd__buf_1)
                  0.05    0.10    5.37 v _437_/X (sky130_fd_sc_hd__buf_1)
     1    0.01                           _221_ (net)
                  0.05    0.00    5.37 v clkbuf_0__221_/A (sky130_fd_sc_hd__clkbuf_16)
                  0.03    0.14    5.51 v clkbuf_0__221_/X (sky130_fd_sc_hd__clkbuf_16)
     2    0.01                           clknet_0__221_ (net)
                  0.03    0.00    5.51 v clkbuf_1_0__f__221_/A (sky130_fd_sc_hd__clkbuf_16)
                  0.03    0.13    5.64 v clkbuf_1_0__f__221_/X (sky130_fd_sc_hd__clkbuf_16)
     4    0.02                           clknet_1_0__leaf__221_ (net)
                  0.03    0.00    5.64 v _451__8/A (sky130_fd_sc_hd__inv_2)
                  0.02    0.03    5.67 ^ _451__8/Y (sky130_fd_sc_hd__inv_2)
     1    0.00                           net46 (net)
                  0.02    0.00    5.67 ^ _496_/CLK (sky130_fd_sc_hd__dfrtp_1)
                  0.05    0.30    5.97 ^ _496_/Q (sky130_fd_sc_hd__dfrtp_1)
     2    0.00                           ldata[5] (net)
                  0.05    0.00    5.97 ^ _234_/A1 (sky130_fd_sc_hd__mux2_1)
                  0.03    0.11    6.07 ^ _234_/X (sky130_fd_sc_hd__mux2_1)
     1    0.00                           _109_ (net)
                  0.03    0.00    6.07 ^ _235_/A0 (sky130_fd_sc_hd__mux2_1)
                  0.04    0.10    6.17 ^ _235_/X (sky130_fd_sc_hd__mux2_1)
     1    0.00                           _110_ (net)
                  0.04    0.00    6.17 ^ _236_/A (sky130_fd_sc_hd__clkbuf_1)
                  0.04    0.07    6.24 ^ _236_/X (sky130_fd_sc_hd__clkbuf_1)
     1    0.00                           _098_ (net)
                  0.04    0.00    6.24 ^ _497_/D (sky130_fd_sc_hd__dfrtp_1)
                                  6.24   data arrival time

                          5.00    5.00   clock SCK' (rise edge)
                          0.00    5.00   clock source latency
                  0.02    0.01    5.01 v SCK (in)
     1    0.01                           SCK (net)
                  0.02    0.00    5.01 v clkbuf_0_SCK/A (sky130_fd_sc_hd__clkbuf_16)
                  0.04    0.15    5.16 v clkbuf_0_SCK/X (sky130_fd_sc_hd__clkbuf_16)
     4    0.03                           clknet_0_SCK (net)
                  0.04    0.00    5.16 v clkbuf_2_3__f_SCK/A (sky130_fd_sc_hd__clkbuf_16)
                  0.03    0.14    5.30 v clkbuf_2_3__f_SCK/X (sky130_fd_sc_hd__clkbuf_16)
     6    0.01                           clknet_2_3__leaf_SCK (net)
                  0.03    0.00    5.30 v _437_/A (sky130_fd_sc_hd__buf_1)
                  0.05    0.11    5.41 v _437_/X (sky130_fd_sc_hd__buf_1)
     1    0.01                           _221_ (net)
                  0.05    0.00    5.41 v clkbuf_0__221_/A (sky130_fd_sc_hd__clkbuf_16)
                  0.03    0.15    5.56 v clkbuf_0__221_/X (sky130_fd_sc_hd__clkbuf_16)
     2    0.01                           clknet_0__221_ (net)
                  0.03    0.00    5.56 v clkbuf_1_1__f__221_/A (sky130_fd_sc_hd__clkbuf_16)
                  0.04    0.15    5.71 v clkbuf_1_1__f__221_/X (sky130_fd_sc_hd__clkbuf_16)
     6    0.03                           clknet_1_1__leaf__221_ (net)
                  0.04    0.00    5.71 v _452__9/A (sky130_fd_sc_hd__inv_2)
                  0.02    0.04    5.75 ^ _452__9/Y (sky130_fd_sc_hd__inv_2)
     1    0.00                           net47 (net)
                  0.02    0.00    5.75 ^ _497_/CLK (sky130_fd_sc_hd__dfrtp_1)
                          0.25    6.00   clock uncertainty
                         -0.05    5.95   clock reconvergence pessimism
                         -0.04    5.91   library hold time
                                  5.91   data required time
-----------------------------------------------------------------------------
                                  5.91   data required time
                                 -6.24   data arrival time
-----------------------------------------------------------------------------
                                  0.33   slack (MET)


Startpoint: _488_ (rising edge-triggered flip-flop clocked by SCK)
Endpoint: _488_ (rising edge-triggered flip-flop clocked by SCK)
Path Group: SCK
Path Type: min

Fanout     Cap    Slew   Delay    Time   Description
-----------------------------------------------------------------------------
                          0.00    0.00   clock SCK (rise edge)
                          0.00    0.00   clock source latency
                  0.04    0.03    0.03 ^ SCK (in)
     1    0.01                           SCK (net)
                  0.04    0.00    0.03 ^ clkbuf_0_SCK/A (sky130_fd_sc_hd__clkbuf_16)
                  0.05    0.13    0.15 ^ clkbuf_0_SCK/X (sky130_fd_sc_hd__clkbuf_16)
     4    0.03                           clknet_0_SCK (net)
                  0.05    0.00    0.15 ^ clkbuf_2_2__f_SCK/A (sky130_fd_sc_hd__clkbuf_16)
                  0.04    0.12    0.27 ^ clkbuf_2_2__f_SCK/X (sky130_fd_sc_hd__clkbuf_16)
     9    0.02                           clknet_2_2__leaf_SCK (net)
                  0.04    0.00    0.27 ^ _488_/CLK (sky130_fd_sc_hd__dfrtp_4)
                  0.11    0.43    0.70 ^ _488_/Q (sky130_fd_sc_hd__dfrtp_4)
     8    0.03                           state[2] (net)
                  0.11    0.00    0.70 ^ _382_/B2 (sky130_fd_sc_hd__a22o_1)
                  0.04    0.12    0.82 ^ _382_/X (sky130_fd_sc_hd__a22o_1)
     1    0.00                           _003_ (net)
                  0.04    0.00    0.82 ^ _488_/D (sky130_fd_sc_hd__dfrtp_4)
                                  0.82   data arrival time

                          0.00    0.00   clock SCK (rise edge)
                          0.00    0.00   clock source latency
                  0.04    0.03    0.03 ^ SCK (in)
     1    0.01                           SCK (net)
                  0.04    0.00    0.03 ^ clkbuf_0_SCK/A (sky130_fd_sc_hd__clkbuf_16)
                  0.05    0.14    0.17 ^ clkbuf_0_SCK/X (sky130_fd_sc_hd__clkbuf_16)
     4    0.03                           clknet_0_SCK (net)
                  0.05    0.00    0.17 ^ clkbuf_2_2__f_SCK/A (sky130_fd_sc_hd__clkbuf_16)
                  0.04    0.13    0.30 ^ clkbuf_2_2__f_SCK/X (sky130_fd_sc_hd__clkbuf_16)
     9    0.02                           clknet_2_2__leaf_SCK (net)
                  0.04    0.00    0.30 ^ _488_/CLK (sky130_fd_sc_hd__dfrtp_4)
                          0.25    0.55   clock uncertainty
                         -0.03    0.52   clock reconvergence pessimism
                         -0.03    0.49   library hold time
                                  0.49   data required time
-----------------------------------------------------------------------------
                                  0.49   data required time
                                 -0.82   data arrival time
-----------------------------------------------------------------------------
                                  0.33   slack (MET)


Startpoint: _464_ (rising edge-triggered flip-flop clocked by SCK)
Endpoint: _464_ (rising edge-triggered flip-flop clocked by SCK)
Path Group: SCK
Path Type: min

Fanout     Cap    Slew   Delay    Time   Description
-----------------------------------------------------------------------------
                          0.00    0.00   clock SCK (rise edge)
                          0.00    0.00   clock source latency
                  0.04    0.03    0.03 ^ SCK (in)
     1    0.01                           SCK (net)
                  0.04    0.00    0.03 ^ clkbuf_0_SCK/A (sky130_fd_sc_hd__clkbuf_16)
                  0.05    0.13    0.15 ^ clkbuf_0_SCK/X (sky130_fd_sc_hd__clkbuf_16)
     4    0.03                           clknet_0_SCK (net)
                  0.05    0.00    0.15 ^ clkbuf_2_0__f_SCK/A (sky130_fd_sc_hd__clkbuf_16)
                  0.04    0.12    0.27 ^ clkbuf_2_0__f_SCK/X (sky130_fd_sc_hd__clkbuf_16)
     9    0.02                           clknet_2_0__leaf_SCK (net)
                  0.04    0.00    0.27 ^ _464_/CLK (sky130_fd_sc_hd__dfrtp_2)
                  0.09    0.36    0.63 ^ _464_/Q (sky130_fd_sc_hd__dfrtp_2)
     7    0.01                           addr[5] (net)
                  0.09    0.00    0.63 ^ _341_/A0 (sky130_fd_sc_hd__mux2_1)
                  0.04    0.12    0.75 ^ _341_/X (sky130_fd_sc_hd__mux2_1)
     1    0.00                           _180_ (net)
                  0.04    0.00    0.75 ^ _342_/A (sky130_fd_sc_hd__clkbuf_1)
                  0.04    0.07    0.82 ^ _342_/X (sky130_fd_sc_hd__clkbuf_1)
     1    0.00                           _071_ (net)
                  0.04    0.00    0.82 ^ _464_/D (sky130_fd_sc_hd__dfrtp_2)
                                  0.82   data arrival time

                          0.00    0.00   clock SCK (rise edge)
                          0.00    0.00   clock source latency
                  0.04    0.03    0.03 ^ SCK (in)
     1    0.01                           SCK (net)
                  0.04    0.00    0.03 ^ clkbuf_0_SCK/A (sky130_fd_sc_hd__clkbuf_16)
                  0.05    0.14    0.17 ^ clkbuf_0_SCK/X (sky130_fd_sc_hd__clkbuf_16)
     4    0.03                           clknet_0_SCK (net)
                  0.05    0.00    0.17 ^ clkbuf_2_0__f_SCK/A (sky130_fd_sc_hd__clkbuf_16)
                  0.04    0.13    0.30 ^ clkbuf_2_0__f_SCK/X (sky130_fd_sc_hd__clkbuf_16)
     9    0.02                           clknet_2_0__leaf_SCK (net)
                  0.04    0.00    0.30 ^ _464_/CLK (sky130_fd_sc_hd__dfrtp_2)
                          0.25    0.55   clock uncertainty
                         -0.03    0.52   clock reconvergence pessimism
                         -0.03    0.49   library hold time
                                  0.49   data required time
-----------------------------------------------------------------------------
                                  0.49   data required time
                                 -0.82   data arrival time
-----------------------------------------------------------------------------
                                  0.33   slack (MET)


Startpoint: _472_ (rising edge-triggered flip-flop clocked by SCK)
Endpoint: _472_ (rising edge-triggered flip-flop clocked by SCK)
Path Group: SCK
Path Type: min

Fanout     Cap    Slew   Delay    Time   Description
-----------------------------------------------------------------------------
                          0.00    0.00   clock SCK (rise edge)
                          0.00    0.00   clock source latency
                  0.04    0.03    0.03 ^ SCK (in)
     1    0.01                           SCK (net)
                  0.04    0.00    0.03 ^ clkbuf_0_SCK/A (sky130_fd_sc_hd__clkbuf_16)
                  0.05    0.13    0.15 ^ clkbuf_0_SCK/X (sky130_fd_sc_hd__clkbuf_16)
     4    0.03                           clknet_0_SCK (net)
                  0.05    0.00    0.15 ^ clkbuf_2_0__f_SCK/A (sky130_fd_sc_hd__clkbuf_16)
                  0.04    0.12    0.27 ^ clkbuf_2_0__f_SCK/X (sky130_fd_sc_hd__clkbuf_16)
     9    0.02                           clknet_2_0__leaf_SCK (net)
                  0.04    0.00    0.27 ^ _472_/CLK (sky130_fd_sc_hd__dfrtp_1)
                  0.07    0.32    0.59 ^ _472_/Q (sky130_fd_sc_hd__dfrtp_1)
     2    0.01                           fixed[0] (net)
                  0.07    0.00    0.59 ^ _295_/A (sky130_fd_sc_hd__inv_2)
                  0.03    0.04    0.64 v _295_/Y (sky130_fd_sc_hd__inv_2)
     4    0.01                           _145_ (net)
                  0.03    0.00    0.64 v _303_/B1 (sky130_fd_sc_hd__a21o_1)
                  0.03    0.13    0.77 v _303_/X (sky130_fd_sc_hd__a21o_1)
     1    0.00                           _151_ (net)
                  0.03    0.00    0.77 v _304_/C1 (sky130_fd_sc_hd__o221ai_1)
                  0.07    0.05    0.82 ^ _304_/Y (sky130_fd_sc_hd__o221ai_1)
     1    0.00                           _079_ (net)
                  0.07    0.00    0.82 ^ _472_/D (sky130_fd_sc_hd__dfrtp_1)
                                  0.82   data arrival time

                          0.00    0.00   clock SCK (rise edge)
                          0.00    0.00   clock source latency
                  0.04    0.03    0.03 ^ SCK (in)
     1    0.01                           SCK (net)
                  0.04    0.00    0.03 ^ clkbuf_0_SCK/A (sky130_fd_sc_hd__clkbuf_16)
                  0.05    0.14    0.17 ^ clkbuf_0_SCK/X (sky130_fd_sc_hd__clkbuf_16)
     4    0.03                           clknet_0_SCK (net)
                  0.05    0.00    0.17 ^ clkbuf_2_0__f_SCK/A (sky130_fd_sc_hd__clkbuf_16)
                  0.04    0.13    0.30 ^ clkbuf_2_0__f_SCK/X (sky130_fd_sc_hd__clkbuf_16)
     9    0.02                           clknet_2_0__leaf_SCK (net)
                  0.04    0.00    0.30 ^ _472_/CLK (sky130_fd_sc_hd__dfrtp_1)
                          0.25    0.55   clock uncertainty
                         -0.03    0.52   clock reconvergence pessimism
                         -0.04    0.48   library hold time
                                  0.48   data required time
-----------------------------------------------------------------------------
                                  0.48   data required time
                                 -0.82   data arrival time
-----------------------------------------------------------------------------
                                  0.33   slack (MET)


Startpoint: _467_ (rising edge-triggered flip-flop clocked by SCK)
Endpoint: _467_ (rising edge-triggered flip-flop clocked by SCK)
Path Group: SCK
Path Type: min

Fanout     Cap    Slew   Delay    Time   Description
-----------------------------------------------------------------------------
                          0.00    0.00   clock SCK (rise edge)
                          0.00    0.00   clock source latency
                  0.04    0.03    0.03 ^ SCK (in)
     1    0.01                           SCK (net)
                  0.04    0.00    0.03 ^ clkbuf_0_SCK/A (sky130_fd_sc_hd__clkbuf_16)
                  0.05    0.13    0.15 ^ clkbuf_0_SCK/X (sky130_fd_sc_hd__clkbuf_16)
     4    0.03                           clknet_0_SCK (net)
                  0.05    0.00    0.15 ^ clkbuf_2_1__f_SCK/A (sky130_fd_sc_hd__clkbuf_16)
                  0.05    0.12    0.28 ^ clkbuf_2_1__f_SCK/X (sky130_fd_sc_hd__clkbuf_16)
    12    0.02                           clknet_2_1__leaf_SCK (net)
                  0.05    0.00    0.28 ^ _467_/CLK (sky130_fd_sc_hd__dfrtp_1)
                  0.07    0.32    0.59 ^ _467_/Q (sky130_fd_sc_hd__dfrtp_1)
     3    0.01                           count[0] (net)
                  0.07    0.00    0.59 ^ _265_/A (sky130_fd_sc_hd__clkbuf_4)
                  0.10    0.17    0.77 ^ _265_/X (sky130_fd_sc_hd__clkbuf_4)
    10    0.03                           _125_ (net)
                  0.10    0.00    0.77 ^ _320_/A (sky130_fd_sc_hd__xor2_1)
                  0.03    0.07    0.83 v _320_/X (sky130_fd_sc_hd__xor2_1)
     1    0.00                           _074_ (net)
                  0.03    0.00    0.83 v _467_/D (sky130_fd_sc_hd__dfrtp_1)
                                  0.83   data arrival time

                          0.00    0.00   clock SCK (rise edge)
                          0.00    0.00   clock source latency
                  0.04    0.03    0.03 ^ SCK (in)
     1    0.01                           SCK (net)
                  0.04    0.00    0.03 ^ clkbuf_0_SCK/A (sky130_fd_sc_hd__clkbuf_16)
                  0.05    0.14    0.17 ^ clkbuf_0_SCK/X (sky130_fd_sc_hd__clkbuf_16)
     4    0.03                           clknet_0_SCK (net)
                  0.05    0.00    0.17 ^ clkbuf_2_1__f_SCK/A (sky130_fd_sc_hd__clkbuf_16)
                  0.05    0.14    0.31 ^ clkbuf_2_1__f_SCK/X (sky130_fd_sc_hd__clkbuf_16)
    12    0.02                           clknet_2_1__leaf_SCK (net)
                  0.05    0.00    0.31 ^ _467_/CLK (sky130_fd_sc_hd__dfrtp_1)
                          0.25    0.56   clock uncertainty
                         -0.03    0.53   clock reconvergence pessimism
                         -0.04    0.49   library hold time
                                  0.49   data required time
-----------------------------------------------------------------------------
                                  0.49   data required time
                                 -0.83   data arrival time
-----------------------------------------------------------------------------
                                  0.34   slack (MET)


Startpoint: _469_ (rising edge-triggered flip-flop clocked by SCK)
Endpoint: _482_ (rising edge-triggered flip-flop clocked by SCK)
Path Group: SCK
Path Type: min

Fanout     Cap    Slew   Delay    Time   Description
-----------------------------------------------------------------------------
                          0.00    0.00   clock SCK (rise edge)
                          0.00    0.00   clock source latency
                  0.04    0.03    0.03 ^ SCK (in)
     1    0.01                           SCK (net)
                  0.04    0.00    0.03 ^ clkbuf_0_SCK/A (sky130_fd_sc_hd__clkbuf_16)
                  0.05    0.13    0.15 ^ clkbuf_0_SCK/X (sky130_fd_sc_hd__clkbuf_16)
     4    0.03                           clknet_0_SCK (net)
                  0.05    0.00    0.15 ^ clkbuf_2_1__f_SCK/A (sky130_fd_sc_hd__clkbuf_16)
                  0.05    0.12    0.28 ^ clkbuf_2_1__f_SCK/X (sky130_fd_sc_hd__clkbuf_16)
    12    0.02                           clknet_2_1__leaf_SCK (net)
                  0.05    0.00    0.28 ^ _469_/CLK (sky130_fd_sc_hd__dfrtp_4)
                  0.09    0.41    0.69 ^ _469_/Q (sky130_fd_sc_hd__dfrtp_4)
     9    0.02                           count[2] (net)
                  0.09    0.00    0.69 ^ _276_/A2 (sky130_fd_sc_hd__a41o_1)
                  0.04    0.15    0.84 ^ _276_/X (sky130_fd_sc_hd__a41o_1)
     1    0.00                           _089_ (net)
                  0.04    0.00    0.84 ^ _482_/D (sky130_fd_sc_hd__dfrtp_4)
                                  0.84   data arrival time

                          0.00    0.00   clock SCK (rise edge)
                          0.00    0.00   clock source latency
                  0.04    0.03    0.03 ^ SCK (in)
     1    0.01                           SCK (net)
                  0.04    0.00    0.03 ^ clkbuf_0_SCK/A (sky130_fd_sc_hd__clkbuf_16)
                  0.05    0.14    0.17 ^ clkbuf_0_SCK/X (sky130_fd_sc_hd__clkbuf_16)
     4    0.03                           clknet_0_SCK (net)
                  0.05    0.00    0.17 ^ clkbuf_2_1__f_SCK/A (sky130_fd_sc_hd__clkbuf_16)
                  0.05    0.14    0.31 ^ clkbuf_2_1__f_SCK/X (sky130_fd_sc_hd__clkbuf_16)
    12    0.02                           clknet_2_1__leaf_SCK (net)
                  0.05    0.00    0.31 ^ _482_/CLK (sky130_fd_sc_hd__dfrtp_4)
                          0.25    0.56   clock uncertainty
                         -0.03    0.53   clock reconvergence pessimism
                         -0.03    0.50   library hold time
                                  0.50   data required time
-----------------------------------------------------------------------------
                                  0.50   data required time
                                 -0.84   data arrival time
-----------------------------------------------------------------------------
                                  0.35   slack (MET)


Startpoint: _471_ (rising edge-triggered flip-flop clocked by SCK)
Endpoint: _471_ (rising edge-triggered flip-flop clocked by SCK)
Path Group: SCK
Path Type: min

Fanout     Cap    Slew   Delay    Time   Description
-----------------------------------------------------------------------------
                          0.00    0.00   clock SCK (rise edge)
                          0.00    0.00   clock source latency
                  0.04    0.03    0.03 ^ SCK (in)
     1    0.01                           SCK (net)
                  0.04    0.00    0.03 ^ clkbuf_0_SCK/A (sky130_fd_sc_hd__clkbuf_16)
                  0.05    0.13    0.15 ^ clkbuf_0_SCK/X (sky130_fd_sc_hd__clkbuf_16)
     4    0.03                           clknet_0_SCK (net)
                  0.05    0.00    0.15 ^ clkbuf_2_1__f_SCK/A (sky130_fd_sc_hd__clkbuf_16)
                  0.05    0.12    0.28 ^ clkbuf_2_1__f_SCK/X (sky130_fd_sc_hd__clkbuf_16)
    12    0.02                           clknet_2_1__leaf_SCK (net)
                  0.05    0.00    0.28 ^ _471_/CLK (sky130_fd_sc_hd__dfrtp_1)
                  0.13    0.36    0.64 ^ _471_/Q (sky130_fd_sc_hd__dfrtp_1)
     3    0.01                           readmode (net)
                  0.13    0.00    0.64 ^ _306_/A1 (sky130_fd_sc_hd__mux2_1)
                  0.04    0.13    0.78 ^ _306_/X (sky130_fd_sc_hd__mux2_1)
     1    0.00                           _153_ (net)
                  0.04    0.00    0.78 ^ _307_/A (sky130_fd_sc_hd__clkbuf_1)
                  0.04    0.07    0.84 ^ _307_/X (sky130_fd_sc_hd__clkbuf_1)
     1    0.00                           _078_ (net)
                  0.04    0.00    0.84 ^ _471_/D (sky130_fd_sc_hd__dfrtp_1)
                                  0.84   data arrival time

                          0.00    0.00   clock SCK (rise edge)
                          0.00    0.00   clock source latency
                  0.04    0.03    0.03 ^ SCK (in)
     1    0.01                           SCK (net)
                  0.04    0.00    0.03 ^ clkbuf_0_SCK/A (sky130_fd_sc_hd__clkbuf_16)
                  0.05    0.14    0.17 ^ clkbuf_0_SCK/X (sky130_fd_sc_hd__clkbuf_16)
     4    0.03                           clknet_0_SCK (net)
                  0.05    0.00    0.17 ^ clkbuf_2_1__f_SCK/A (sky130_fd_sc_hd__clkbuf_16)
                  0.05    0.14    0.31 ^ clkbuf_2_1__f_SCK/X (sky130_fd_sc_hd__clkbuf_16)
    12    0.02                           clknet_2_1__leaf_SCK (net)
                  0.05    0.00    0.31 ^ _471_/CLK (sky130_fd_sc_hd__dfrtp_1)
                          0.25    0.56   clock uncertainty
                         -0.03    0.53   clock reconvergence pessimism
                         -0.03    0.50   library hold time
                                  0.50   data required time
-----------------------------------------------------------------------------
                                  0.50   data required time
                                 -0.84   data arrival time
-----------------------------------------------------------------------------
                                  0.35   slack (MET)


Startpoint: _493_ (rising edge-triggered flip-flop clocked by SCK')
Endpoint: _494_ (rising edge-triggered flip-flop clocked by SCK')
Path Group: SCK
Path Type: min

Fanout     Cap    Slew   Delay    Time   Description
-----------------------------------------------------------------------------
                          5.00    5.00   clock SCK' (rise edge)
                          0.00    5.00   clock source latency
                  0.02    0.01    5.01 v SCK (in)
     1    0.01                           SCK (net)
                  0.02    0.00    5.01 v clkbuf_0_SCK/A (sky130_fd_sc_hd__clkbuf_16)
                  0.04    0.13    5.14 v clkbuf_0_SCK/X (sky130_fd_sc_hd__clkbuf_16)
     4    0.03                           clknet_0_SCK (net)
                  0.04    0.00    5.14 v clkbuf_2_3__f_SCK/A (sky130_fd_sc_hd__clkbuf_16)
                  0.03    0.13    5.28 v clkbuf_2_3__f_SCK/X (sky130_fd_sc_hd__clkbuf_16)
     6    0.01                           clknet_2_3__leaf_SCK (net)
                  0.03    0.00    5.28 v _437_/A (sky130_fd_sc_hd__buf_1)
                  0.05    0.10    5.37 v _437_/X (sky130_fd_sc_hd__buf_1)
     1    0.01                           _221_ (net)
                  0.05    0.00    5.37 v clkbuf_0__221_/A (sky130_fd_sc_hd__clkbuf_16)
                  0.03    0.14    5.51 v clkbuf_0__221_/X (sky130_fd_sc_hd__clkbuf_16)
     2    0.01                           clknet_0__221_ (net)
                  0.03    0.00    5.51 v clkbuf_1_1__f__221_/A (sky130_fd_sc_hd__clkbuf_16)
                  0.04    0.14    5.65 v clkbuf_1_1__f__221_/X (sky130_fd_sc_hd__clkbuf_16)
     6    0.03                           clknet_1_1__leaf__221_ (net)
                  0.04    0.00    5.65 v _448__5/A (sky130_fd_sc_hd__inv_2)
                  0.02    0.03    5.68 ^ _448__5/Y (sky130_fd_sc_hd__inv_2)
     1    0.00                           net43 (net)
                  0.02    0.00    5.68 ^ _493_/CLK (sky130_fd_sc_hd__dfrtp_1)
                  0.06    0.30    5.98 ^ _493_/Q (sky130_fd_sc_hd__dfrtp_1)
     2    0.00                           ldata[2] (net)
                  0.06    0.00    5.98 ^ _246_/A1 (sky130_fd_sc_hd__mux2_1)
                  0.03    0.11    6.08 ^ _246_/X (sky130_fd_sc_hd__mux2_1)
     1    0.00                           _115_ (net)
                  0.03    0.00    6.08 ^ _247_/A0 (sky130_fd_sc_hd__mux2_1)
                  0.04    0.10    6.18 ^ _247_/X (sky130_fd_sc_hd__mux2_1)
     1    0.00                           _116_ (net)
                  0.04    0.00    6.18 ^ _248_/A (sky130_fd_sc_hd__clkbuf_1)
                  0.04    0.07    6.25 ^ _248_/X (sky130_fd_sc_hd__clkbuf_1)
     1    0.00                           _095_ (net)
                  0.04    0.00    6.25 ^ _494_/D (sky130_fd_sc_hd__dfrtp_1)
                                  6.25   data arrival time

                          5.00    5.00   clock SCK' (rise edge)
                          0.00    5.00   clock source latency
                  0.02    0.01    5.01 v SCK (in)
     1    0.01                           SCK (net)
                  0.02    0.00    5.01 v clkbuf_0_SCK/A (sky130_fd_sc_hd__clkbuf_16)
                  0.04    0.15    5.16 v clkbuf_0_SCK/X (sky130_fd_sc_hd__clkbuf_16)
     4    0.03                           clknet_0_SCK (net)
                  0.04    0.00    5.16 v clkbuf_2_3__f_SCK/A (sky130_fd_sc_hd__clkbuf_16)
                  0.03    0.14    5.30 v clkbuf_2_3__f_SCK/X (sky130_fd_sc_hd__clkbuf_16)
     6    0.01                           clknet_2_3__leaf_SCK (net)
                  0.03    0.00    5.30 v _437_/A (sky130_fd_sc_hd__buf_1)
                  0.05    0.11    5.41 v _437_/X (sky130_fd_sc_hd__buf_1)
     1    0.01                           _221_ (net)
                  0.05    0.00    5.41 v clkbuf_0__221_/A (sky130_fd_sc_hd__clkbuf_16)
                  0.03    0.15    5.56 v clkbuf_0__221_/X (sky130_fd_sc_hd__clkbuf_16)
     2    0.01                           clknet_0__221_ (net)
                  0.03    0.00    5.56 v clkbuf_1_0__f__221_/A (sky130_fd_sc_hd__clkbuf_16)
                  0.03    0.15    5.71 v clkbuf_1_0__f__221_/X (sky130_fd_sc_hd__clkbuf_16)
     4    0.02                           clknet_1_0__leaf__221_ (net)
                  0.03    0.00    5.71 v _449__6/A (sky130_fd_sc_hd__inv_2)
                  0.02    0.03    5.74 ^ _449__6/Y (sky130_fd_sc_hd__inv_2)
     1    0.00                           net44 (net)
                  0.02    0.00    5.74 ^ _494_/CLK (sky130_fd_sc_hd__dfrtp_1)
                          0.25    5.99   clock uncertainty
                         -0.05    5.94   clock reconvergence pessimism
                         -0.04    5.90   library hold time
                                  5.90   data required time
-----------------------------------------------------------------------------
                                  5.90   data required time
                                 -6.25   data arrival time
-----------------------------------------------------------------------------
                                  0.35   slack (MET)


Startpoint: _491_ (rising edge-triggered flip-flop clocked by SCK')
Endpoint: _492_ (rising edge-triggered flip-flop clocked by SCK')
Path Group: SCK
Path Type: min

Fanout     Cap    Slew   Delay    Time   Description
-----------------------------------------------------------------------------
                          5.00    5.00   clock SCK' (rise edge)
                          0.00    5.00   clock source latency
                  0.02    0.01    5.01 v SCK (in)
     1    0.01                           SCK (net)
                  0.02    0.00    5.01 v clkbuf_0_SCK/A (sky130_fd_sc_hd__clkbuf_16)
                  0.04    0.13    5.14 v clkbuf_0_SCK/X (sky130_fd_sc_hd__clkbuf_16)
     4    0.03                           clknet_0_SCK (net)
                  0.04    0.00    5.14 v clkbuf_2_3__f_SCK/A (sky130_fd_sc_hd__clkbuf_16)
                  0.03    0.13    5.28 v clkbuf_2_3__f_SCK/X (sky130_fd_sc_hd__clkbuf_16)
     6    0.01                           clknet_2_3__leaf_SCK (net)
                  0.03    0.00    5.28 v _437_/A (sky130_fd_sc_hd__buf_1)
                  0.05    0.10    5.37 v _437_/X (sky130_fd_sc_hd__buf_1)
     1    0.01                           _221_ (net)
                  0.05    0.00    5.37 v clkbuf_0__221_/A (sky130_fd_sc_hd__clkbuf_16)
                  0.03    0.14    5.51 v clkbuf_0__221_/X (sky130_fd_sc_hd__clkbuf_16)
     2    0.01                           clknet_0__221_ (net)
                  0.03    0.00    5.51 v clkbuf_1_1__f__221_/A (sky130_fd_sc_hd__clkbuf_16)
                  0.04    0.14    5.65 v clkbuf_1_1__f__221_/X (sky130_fd_sc_hd__clkbuf_16)
     6    0.03                           clknet_1_1__leaf__221_ (net)
                  0.04    0.00    5.65 v _446__3/A (sky130_fd_sc_hd__inv_2)
                  0.02    0.03    5.68 ^ _446__3/Y (sky130_fd_sc_hd__inv_2)
     1    0.00                           net41 (net)
                  0.02    0.00    5.68 ^ _491_/CLK (sky130_fd_sc_hd__dfrtp_1)
                  0.05    0.30    5.98 ^ _491_/Q (sky130_fd_sc_hd__dfrtp_1)
     2    0.00                           ldata[0] (net)
                  0.05    0.00    5.98 ^ _254_/A1 (sky130_fd_sc_hd__mux2_1)
                  0.03    0.11    6.08 ^ _254_/X (sky130_fd_sc_hd__mux2_1)
     1    0.00                           _119_ (net)
                  0.03    0.00    6.08 ^ _255_/A0 (sky130_fd_sc_hd__mux2_1)
                  0.04    0.10    6.18 ^ _255_/X (sky130_fd_sc_hd__mux2_1)
     1    0.00                           _120_ (net)
                  0.04    0.00    6.18 ^ _256_/A (sky130_fd_sc_hd__clkbuf_1)
                  0.04    0.07    6.25 ^ _256_/X (sky130_fd_sc_hd__clkbuf_1)
     1    0.00                           _093_ (net)
                  0.04    0.00    6.25 ^ _492_/D (sky130_fd_sc_hd__dfrtp_1)
                                  6.25   data arrival time

                          5.00    5.00   clock SCK' (rise edge)
                          0.00    5.00   clock source latency
                  0.02    0.01    5.01 v SCK (in)
     1    0.01                           SCK (net)
                  0.02    0.00    5.01 v clkbuf_0_SCK/A (sky130_fd_sc_hd__clkbuf_16)
                  0.04    0.15    5.16 v clkbuf_0_SCK/X (sky130_fd_sc_hd__clkbuf_16)
     4    0.03                           clknet_0_SCK (net)
                  0.04    0.00    5.16 v clkbuf_2_3__f_SCK/A (sky130_fd_sc_hd__clkbuf_16)
                  0.03    0.14    5.30 v clkbuf_2_3__f_SCK/X (sky130_fd_sc_hd__clkbuf_16)
     6    0.01                           clknet_2_3__leaf_SCK (net)
                  0.03    0.00    5.30 v _437_/A (sky130_fd_sc_hd__buf_1)
                  0.05    0.11    5.41 v _437_/X (sky130_fd_sc_hd__buf_1)
     1    0.01                           _221_ (net)
                  0.05    0.00    5.41 v clkbuf_0__221_/A (sky130_fd_sc_hd__clkbuf_16)
                  0.03    0.15    5.56 v clkbuf_0__221_/X (sky130_fd_sc_hd__clkbuf_16)
     2    0.01                           clknet_0__221_ (net)
                  0.03    0.00    5.56 v clkbuf_1_1__f__221_/A (sky130_fd_sc_hd__clkbuf_16)
                  0.04    0.15    5.71 v clkbuf_1_1__f__221_/X (sky130_fd_sc_hd__clkbuf_16)
     6    0.03                           clknet_1_1__leaf__221_ (net)
                  0.04    0.00    5.71 v _447__4/A (sky130_fd_sc_hd__inv_2)
                  0.02    0.04    5.75 ^ _447__4/Y (sky130_fd_sc_hd__inv_2)
     1    0.00                           net42 (net)
                  0.02    0.00    5.75 ^ _492_/CLK (sky130_fd_sc_hd__dfrtp_1)
                          0.25    6.00   clock uncertainty
                         -0.07    5.93   clock reconvergence pessimism
                         -0.04    5.90   library hold time
                                  5.90   data required time
-----------------------------------------------------------------------------
                                  5.90   data required time
                                 -6.25   data arrival time
-----------------------------------------------------------------------------
                                  0.35   slack (MET)


Startpoint: _497_ (rising edge-triggered flip-flop clocked by SCK')
Endpoint: _498_ (rising edge-triggered flip-flop clocked by SCK')
Path Group: SCK
Path Type: min

Fanout     Cap    Slew   Delay    Time   Description
-----------------------------------------------------------------------------
                          5.00    5.00   clock SCK' (rise edge)
                          0.00    5.00   clock source latency
                  0.02    0.01    5.01 v SCK (in)
     1    0.01                           SCK (net)
                  0.02    0.00    5.01 v clkbuf_0_SCK/A (sky130_fd_sc_hd__clkbuf_16)
                  0.04    0.13    5.14 v clkbuf_0_SCK/X (sky130_fd_sc_hd__clkbuf_16)
     4    0.03                           clknet_0_SCK (net)
                  0.04    0.00    5.14 v clkbuf_2_3__f_SCK/A (sky130_fd_sc_hd__clkbuf_16)
                  0.03    0.13    5.28 v clkbuf_2_3__f_SCK/X (sky130_fd_sc_hd__clkbuf_16)
     6    0.01                           clknet_2_3__leaf_SCK (net)
                  0.03    0.00    5.28 v _437_/A (sky130_fd_sc_hd__buf_1)
                  0.05    0.10    5.37 v _437_/X (sky130_fd_sc_hd__buf_1)
     1    0.01                           _221_ (net)
                  0.05    0.00    5.37 v clkbuf_0__221_/A (sky130_fd_sc_hd__clkbuf_16)
                  0.03    0.14    5.51 v clkbuf_0__221_/X (sky130_fd_sc_hd__clkbuf_16)
     2    0.01                           clknet_0__221_ (net)
                  0.03    0.00    5.51 v clkbuf_1_1__f__221_/A (sky130_fd_sc_hd__clkbuf_16)
                  0.04    0.14    5.65 v clkbuf_1_1__f__221_/X (sky130_fd_sc_hd__clkbuf_16)
     6    0.03                           clknet_1_1__leaf__221_ (net)
                  0.04    0.00    5.65 v _452__9/A (sky130_fd_sc_hd__inv_2)
                  0.02    0.03    5.68 ^ _452__9/Y (sky130_fd_sc_hd__inv_2)
     1    0.00                           net47 (net)
                  0.02    0.00    5.68 ^ _497_/CLK (sky130_fd_sc_hd__dfrtp_1)
                  0.05    0.30    5.98 ^ _497_/Q (sky130_fd_sc_hd__dfrtp_1)
     2    0.00                           ldata[6] (net)
                  0.05    0.00    5.98 ^ _229_/A1 (sky130_fd_sc_hd__mux2_1)
                  0.03    0.11    6.08 ^ _229_/X (sky130_fd_sc_hd__mux2_1)
     1    0.00                           _106_ (net)
                  0.03    0.00    6.08 ^ _231_/A0 (sky130_fd_sc_hd__mux2_1)
                  0.04    0.10    6.18 ^ _231_/X (sky130_fd_sc_hd__mux2_1)
     1    0.00                           _108_ (net)
                  0.04    0.00    6.18 ^ _232_/A (sky130_fd_sc_hd__clkbuf_1)
                  0.04    0.07    6.25 ^ _232_/X (sky130_fd_sc_hd__clkbuf_1)
     1    0.00                           _099_ (net)
                  0.04    0.00    6.25 ^ _498_/D (sky130_fd_sc_hd__dfrtp_1)
                                  6.25   data arrival time

                          5.00    5.00   clock SCK' (rise edge)
                          0.00    5.00   clock source latency
                  0.02    0.01    5.01 v SCK (in)
     1    0.01                           SCK (net)
                  0.02    0.00    5.01 v clkbuf_0_SCK/A (sky130_fd_sc_hd__clkbuf_16)
                  0.04    0.15    5.16 v clkbuf_0_SCK/X (sky130_fd_sc_hd__clkbuf_16)
     4    0.03                           clknet_0_SCK (net)
                  0.04    0.00    5.16 v clkbuf_2_3__f_SCK/A (sky130_fd_sc_hd__clkbuf_16)
                  0.03    0.14    5.30 v clkbuf_2_3__f_SCK/X (sky130_fd_sc_hd__clkbuf_16)
     6    0.01                           clknet_2_3__leaf_SCK (net)
                  0.03    0.00    5.30 v _437_/A (sky130_fd_sc_hd__buf_1)
                  0.05    0.11    5.41 v _437_/X (sky130_fd_sc_hd__buf_1)
     1    0.01                           _221_ (net)
                  0.05    0.00    5.41 v clkbuf_0__221_/A (sky130_fd_sc_hd__clkbuf_16)
                  0.03    0.15    5.56 v clkbuf_0__221_/X (sky130_fd_sc_hd__clkbuf_16)
     2    0.01                           clknet_0__221_ (net)
                  0.03    0.00    5.56 v clkbuf_1_1__f__221_/A (sky130_fd_sc_hd__clkbuf_16)
                  0.04    0.15    5.71 v clkbuf_1_1__f__221_/X (sky130_fd_sc_hd__clkbuf_16)
     6    0.03                           clknet_1_1__leaf__221_ (net)
                  0.04    0.00    5.71 v _453__10/A (sky130_fd_sc_hd__inv_2)
                  0.02    0.04    5.75 ^ _453__10/Y (sky130_fd_sc_hd__inv_2)
     1    0.00                           net48 (net)
                  0.02    0.00    5.75 ^ _498_/CLK (sky130_fd_sc_hd__dfrtp_1)
                          0.25    6.00   clock uncertainty
                         -0.07    5.93   clock reconvergence pessimism
                         -0.04    5.90   library hold time
                                  5.90   data required time
-----------------------------------------------------------------------------
                                  5.90   data required time
                                 -6.25   data arrival time
-----------------------------------------------------------------------------
                                  0.35   slack (MET)


Startpoint: _494_ (rising edge-triggered flip-flop clocked by SCK')
Endpoint: _495_ (rising edge-triggered flip-flop clocked by SCK')
Path Group: SCK
Path Type: min

Fanout     Cap    Slew   Delay    Time   Description
-----------------------------------------------------------------------------
                          5.00    5.00   clock SCK' (rise edge)
                          0.00    5.00   clock source latency
                  0.02    0.01    5.01 v SCK (in)
     1    0.01                           SCK (net)
                  0.02    0.00    5.01 v clkbuf_0_SCK/A (sky130_fd_sc_hd__clkbuf_16)
                  0.04    0.13    5.14 v clkbuf_0_SCK/X (sky130_fd_sc_hd__clkbuf_16)
     4    0.03                           clknet_0_SCK (net)
                  0.04    0.00    5.14 v clkbuf_2_3__f_SCK/A (sky130_fd_sc_hd__clkbuf_16)
                  0.03    0.13    5.28 v clkbuf_2_3__f_SCK/X (sky130_fd_sc_hd__clkbuf_16)
     6    0.01                           clknet_2_3__leaf_SCK (net)
                  0.03    0.00    5.28 v _437_/A (sky130_fd_sc_hd__buf_1)
                  0.05    0.10    5.37 v _437_/X (sky130_fd_sc_hd__buf_1)
     1    0.01                           _221_ (net)
                  0.05    0.00    5.37 v clkbuf_0__221_/A (sky130_fd_sc_hd__clkbuf_16)
                  0.03    0.14    5.51 v clkbuf_0__221_/X (sky130_fd_sc_hd__clkbuf_16)
     2    0.01                           clknet_0__221_ (net)
                  0.03    0.00    5.51 v clkbuf_1_0__f__221_/A (sky130_fd_sc_hd__clkbuf_16)
                  0.03    0.13    5.64 v clkbuf_1_0__f__221_/X (sky130_fd_sc_hd__clkbuf_16)
     4    0.02                           clknet_1_0__leaf__221_ (net)
                  0.03    0.00    5.64 v _449__6/A (sky130_fd_sc_hd__inv_2)
                  0.02    0.03    5.67 ^ _449__6/Y (sky130_fd_sc_hd__inv_2)
     1    0.00                           net44 (net)
                  0.02    0.00    5.67 ^ _494_/CLK (sky130_fd_sc_hd__dfrtp_1)
                  0.05    0.30    5.97 ^ _494_/Q (sky130_fd_sc_hd__dfrtp_1)
     2    0.00                           ldata[3] (net)
                  0.05    0.00    5.97 ^ _242_/A1 (sky130_fd_sc_hd__mux2_1)
                  0.03    0.11    6.07 ^ _242_/X (sky130_fd_sc_hd__mux2_1)
     1    0.00                           _113_ (net)
                  0.03    0.00    6.07 ^ _243_/A0 (sky130_fd_sc_hd__mux2_1)
                  0.04    0.10    6.17 ^ _243_/X (sky130_fd_sc_hd__mux2_1)
     1    0.00                           _114_ (net)
                  0.04    0.00    6.17 ^ _244_/A (sky130_fd_sc_hd__clkbuf_1)
                  0.04    0.07    6.24 ^ _244_/X (sky130_fd_sc_hd__clkbuf_1)
     1    0.00                           _096_ (net)
                  0.04    0.00    6.24 ^ _495_/D (sky130_fd_sc_hd__dfrtp_1)
                                  6.24   data arrival time

                          5.00    5.00   clock SCK' (rise edge)
                          0.00    5.00   clock source latency
                  0.02    0.01    5.01 v SCK (in)
     1    0.01                           SCK (net)
                  0.02    0.00    5.01 v clkbuf_0_SCK/A (sky130_fd_sc_hd__clkbuf_16)
                  0.04    0.15    5.16 v clkbuf_0_SCK/X (sky130_fd_sc_hd__clkbuf_16)
     4    0.03                           clknet_0_SCK (net)
                  0.04    0.00    5.16 v clkbuf_2_3__f_SCK/A (sky130_fd_sc_hd__clkbuf_16)
                  0.03    0.14    5.30 v clkbuf_2_3__f_SCK/X (sky130_fd_sc_hd__clkbuf_16)
     6    0.01                           clknet_2_3__leaf_SCK (net)
                  0.03    0.00    5.30 v _437_/A (sky130_fd_sc_hd__buf_1)
                  0.05    0.11    5.41 v _437_/X (sky130_fd_sc_hd__buf_1)
     1    0.01                           _221_ (net)
                  0.05    0.00    5.41 v clkbuf_0__221_/A (sky130_fd_sc_hd__clkbuf_16)
                  0.03    0.15    5.56 v clkbuf_0__221_/X (sky130_fd_sc_hd__clkbuf_16)
     2    0.01                           clknet_0__221_ (net)
                  0.03    0.00    5.56 v clkbuf_1_0__f__221_/A (sky130_fd_sc_hd__clkbuf_16)
                  0.03    0.15    5.71 v clkbuf_1_0__f__221_/X (sky130_fd_sc_hd__clkbuf_16)
     4    0.02                           clknet_1_0__leaf__221_ (net)
                  0.03    0.00    5.71 v _450__7/A (sky130_fd_sc_hd__inv_2)
                  0.02    0.03    5.74 ^ _450__7/Y (sky130_fd_sc_hd__inv_2)
     1    0.00                           net45 (net)
                  0.02    0.00    5.74 ^ _495_/CLK (sky130_fd_sc_hd__dfrtp_1)
                          0.25    5.99   clock uncertainty
                         -0.07    5.92   clock reconvergence pessimism
                         -0.04    5.89   library hold time
                                  5.89   data required time
-----------------------------------------------------------------------------
                                  5.89   data required time
                                 -6.24   data arrival time
-----------------------------------------------------------------------------
                                  0.35   slack (MET)


Startpoint: _495_ (rising edge-triggered flip-flop clocked by SCK')
Endpoint: _496_ (rising edge-triggered flip-flop clocked by SCK')
Path Group: SCK
Path Type: min

Fanout     Cap    Slew   Delay    Time   Description
-----------------------------------------------------------------------------
                          5.00    5.00   clock SCK' (rise edge)
                          0.00    5.00   clock source latency
                  0.02    0.01    5.01 v SCK (in)
     1    0.01                           SCK (net)
                  0.02    0.00    5.01 v clkbuf_0_SCK/A (sky130_fd_sc_hd__clkbuf_16)
                  0.04    0.13    5.14 v clkbuf_0_SCK/X (sky130_fd_sc_hd__clkbuf_16)
     4    0.03                           clknet_0_SCK (net)
                  0.04    0.00    5.14 v clkbuf_2_3__f_SCK/A (sky130_fd_sc_hd__clkbuf_16)
                  0.03    0.13    5.28 v clkbuf_2_3__f_SCK/X (sky130_fd_sc_hd__clkbuf_16)
     6    0.01                           clknet_2_3__leaf_SCK (net)
                  0.03    0.00    5.28 v _437_/A (sky130_fd_sc_hd__buf_1)
                  0.05    0.10    5.37 v _437_/X (sky130_fd_sc_hd__buf_1)
     1    0.01                           _221_ (net)
                  0.05    0.00    5.37 v clkbuf_0__221_/A (sky130_fd_sc_hd__clkbuf_16)
                  0.03    0.14    5.51 v clkbuf_0__221_/X (sky130_fd_sc_hd__clkbuf_16)
     2    0.01                           clknet_0__221_ (net)
                  0.03    0.00    5.51 v clkbuf_1_0__f__221_/A (sky130_fd_sc_hd__clkbuf_16)
                  0.03    0.13    5.64 v clkbuf_1_0__f__221_/X (sky130_fd_sc_hd__clkbuf_16)
     4    0.02                           clknet_1_0__leaf__221_ (net)
                  0.03    0.00    5.64 v _450__7/A (sky130_fd_sc_hd__inv_2)
                  0.02    0.03    5.67 ^ _450__7/Y (sky130_fd_sc_hd__inv_2)
     1    0.00                           net45 (net)
                  0.02    0.00    5.67 ^ _495_/CLK (sky130_fd_sc_hd__dfrtp_1)
                  0.05    0.30    5.97 ^ _495_/Q (sky130_fd_sc_hd__dfrtp_1)
     2    0.00                           ldata[4] (net)
                  0.05    0.00    5.97 ^ _238_/A1 (sky130_fd_sc_hd__mux2_1)
                  0.03    0.11    6.07 ^ _238_/X (sky130_fd_sc_hd__mux2_1)
     1    0.00                           _111_ (net)
                  0.03    0.00    6.07 ^ _239_/A0 (sky130_fd_sc_hd__mux2_1)
                  0.04    0.10    6.17 ^ _239_/X (sky130_fd_sc_hd__mux2_1)
     1    0.00                           _112_ (net)
                  0.04    0.00    6.17 ^ _240_/A (sky130_fd_sc_hd__clkbuf_1)
                  0.04    0.07    6.24 ^ _240_/X (sky130_fd_sc_hd__clkbuf_1)
     1    0.00                           _097_ (net)
                  0.04    0.00    6.24 ^ _496_/D (sky130_fd_sc_hd__dfrtp_1)
                                  6.24   data arrival time

                          5.00    5.00   clock SCK' (rise edge)
                          0.00    5.00   clock source latency
                  0.02    0.01    5.01 v SCK (in)
     1    0.01                           SCK (net)
                  0.02    0.00    5.01 v clkbuf_0_SCK/A (sky130_fd_sc_hd__clkbuf_16)
                  0.04    0.15    5.16 v clkbuf_0_SCK/X (sky130_fd_sc_hd__clkbuf_16)
     4    0.03                           clknet_0_SCK (net)
                  0.04    0.00    5.16 v clkbuf_2_3__f_SCK/A (sky130_fd_sc_hd__clkbuf_16)
                  0.03    0.14    5.30 v clkbuf_2_3__f_SCK/X (sky130_fd_sc_hd__clkbuf_16)
     6    0.01                           clknet_2_3__leaf_SCK (net)
                  0.03    0.00    5.30 v _437_/A (sky130_fd_sc_hd__buf_1)
                  0.05    0.11    5.41 v _437_/X (sky130_fd_sc_hd__buf_1)
     1    0.01                           _221_ (net)
                  0.05    0.00    5.41 v clkbuf_0__221_/A (sky130_fd_sc_hd__clkbuf_16)
                  0.03    0.15    5.56 v clkbuf_0__221_/X (sky130_fd_sc_hd__clkbuf_16)
     2    0.01                           clknet_0__221_ (net)
                  0.03    0.00    5.56 v clkbuf_1_0__f__221_/A (sky130_fd_sc_hd__clkbuf_16)
                  0.03    0.15    5.71 v clkbuf_1_0__f__221_/X (sky130_fd_sc_hd__clkbuf_16)
     4    0.02                           clknet_1_0__leaf__221_ (net)
                  0.03    0.00    5.71 v _451__8/A (sky130_fd_sc_hd__inv_2)
                  0.02    0.03    5.74 ^ _451__8/Y (sky130_fd_sc_hd__inv_2)
     1    0.00                           net46 (net)
                  0.02    0.00    5.74 ^ _496_/CLK (sky130_fd_sc_hd__dfrtp_1)
                          0.25    5.99   clock uncertainty
                         -0.07    5.92   clock reconvergence pessimism
                         -0.04    5.89   library hold time
                                  5.89   data required time
-----------------------------------------------------------------------------
                                  5.89   data required time
                                 -6.24   data arrival time
-----------------------------------------------------------------------------
                                  0.35   slack (MET)


Startpoint: _460_ (rising edge-triggered flip-flop clocked by SCK)
Endpoint: _460_ (rising edge-triggered flip-flop clocked by SCK)
Path Group: SCK
Path Type: min

Fanout     Cap    Slew   Delay    Time   Description
-----------------------------------------------------------------------------
                          0.00    0.00   clock SCK (rise edge)
                          0.00    0.00   clock source latency
                  0.04    0.03    0.03 ^ SCK (in)
     1    0.01                           SCK (net)
                  0.04    0.00    0.03 ^ clkbuf_0_SCK/A (sky130_fd_sc_hd__clkbuf_16)
                  0.05    0.13    0.15 ^ clkbuf_0_SCK/X (sky130_fd_sc_hd__clkbuf_16)
     4    0.03                           clknet_0_SCK (net)
                  0.05    0.00    0.15 ^ clkbuf_2_2__f_SCK/A (sky130_fd_sc_hd__clkbuf_16)
                  0.04    0.12    0.27 ^ clkbuf_2_2__f_SCK/X (sky130_fd_sc_hd__clkbuf_16)
     9    0.02                           clknet_2_2__leaf_SCK (net)
                  0.04    0.00    0.27 ^ _460_/CLK (sky130_fd_sc_hd__dfrtp_4)
                  0.08    0.40    0.68 ^ _460_/Q (sky130_fd_sc_hd__dfrtp_4)
     8    0.02                           addr[1] (net)
                  0.08    0.00    0.68 ^ _360_/A0 (sky130_fd_sc_hd__mux2_1)
                  0.04    0.12    0.79 ^ _360_/X (sky130_fd_sc_hd__mux2_1)
     1    0.00                           _195_ (net)
                  0.04    0.00    0.79 ^ _361_/A (sky130_fd_sc_hd__clkbuf_1)
                  0.04    0.07    0.86 ^ _361_/X (sky130_fd_sc_hd__clkbuf_1)
     1    0.00                           _067_ (net)
                  0.04    0.00    0.86 ^ _460_/D (sky130_fd_sc_hd__dfrtp_4)
                                  0.86   data arrival time

                          0.00    0.00   clock SCK (rise edge)
                          0.00    0.00   clock source latency
                  0.04    0.03    0.03 ^ SCK (in)
     1    0.01                           SCK (net)
                  0.04    0.00    0.03 ^ clkbuf_0_SCK/A (sky130_fd_sc_hd__clkbuf_16)
                  0.05    0.14    0.17 ^ clkbuf_0_SCK/X (sky130_fd_sc_hd__clkbuf_16)
     4    0.03                           clknet_0_SCK (net)
                  0.05    0.00    0.17 ^ clkbuf_2_2__f_SCK/A (sky130_fd_sc_hd__clkbuf_16)
                  0.04    0.13    0.30 ^ clkbuf_2_2__f_SCK/X (sky130_fd_sc_hd__clkbuf_16)
     9    0.02                           clknet_2_2__leaf_SCK (net)
                  0.04    0.00    0.30 ^ _460_/CLK (sky130_fd_sc_hd__dfrtp_4)
                          0.25    0.55   clock uncertainty
                         -0.03    0.52   clock reconvergence pessimism
                         -0.03    0.49   library hold time
                                  0.49   data required time
-----------------------------------------------------------------------------
                                  0.49   data required time
                                 -0.86   data arrival time
-----------------------------------------------------------------------------
                                  0.37   slack (MET)


Startpoint: _461_ (rising edge-triggered flip-flop clocked by SCK)
Endpoint: _461_ (rising edge-triggered flip-flop clocked by SCK)
Path Group: SCK
Path Type: min

Fanout     Cap    Slew   Delay    Time   Description
-----------------------------------------------------------------------------
                          0.00    0.00   clock SCK (rise edge)
                          0.00    0.00   clock source latency
                  0.04    0.03    0.03 ^ SCK (in)
     1    0.01                           SCK (net)
                  0.04    0.00    0.03 ^ clkbuf_0_SCK/A (sky130_fd_sc_hd__clkbuf_16)
                  0.05    0.13    0.15 ^ clkbuf_0_SCK/X (sky130_fd_sc_hd__clkbuf_16)
     4    0.03                           clknet_0_SCK (net)
                  0.05    0.00    0.15 ^ clkbuf_2_2__f_SCK/A (sky130_fd_sc_hd__clkbuf_16)
                  0.04    0.12    0.27 ^ clkbuf_2_2__f_SCK/X (sky130_fd_sc_hd__clkbuf_16)
     9    0.02                           clknet_2_2__leaf_SCK (net)
                  0.04    0.00    0.27 ^ _461_/CLK (sky130_fd_sc_hd__dfrtp_4)
                  0.08    0.40    0.68 ^ _461_/Q (sky130_fd_sc_hd__dfrtp_4)
     8    0.02                           addr[2] (net)
                  0.08    0.00    0.68 ^ _356_/A0 (sky130_fd_sc_hd__mux2_1)
                  0.04    0.12    0.79 ^ _356_/X (sky130_fd_sc_hd__mux2_1)
     1    0.00                           _192_ (net)
                  0.04    0.00    0.79 ^ _357_/A (sky130_fd_sc_hd__clkbuf_1)
                  0.04    0.07    0.86 ^ _357_/X (sky130_fd_sc_hd__clkbuf_1)
     1    0.00                           _068_ (net)
                  0.04    0.00    0.86 ^ _461_/D (sky130_fd_sc_hd__dfrtp_4)
                                  0.86   data arrival time

                          0.00    0.00   clock SCK (rise edge)
                          0.00    0.00   clock source latency
                  0.04    0.03    0.03 ^ SCK (in)
     1    0.01                           SCK (net)
                  0.04    0.00    0.03 ^ clkbuf_0_SCK/A (sky130_fd_sc_hd__clkbuf_16)
                  0.05    0.14    0.17 ^ clkbuf_0_SCK/X (sky130_fd_sc_hd__clkbuf_16)
     4    0.03                           clknet_0_SCK (net)
                  0.05    0.00    0.17 ^ clkbuf_2_2__f_SCK/A (sky130_fd_sc_hd__clkbuf_16)
                  0.04    0.13    0.30 ^ clkbuf_2_2__f_SCK/X (sky130_fd_sc_hd__clkbuf_16)
     9    0.02                           clknet_2_2__leaf_SCK (net)
                  0.04    0.00    0.30 ^ _461_/CLK (sky130_fd_sc_hd__dfrtp_4)
                          0.25    0.55   clock uncertainty
                         -0.03    0.52   clock reconvergence pessimism
                         -0.03    0.49   library hold time
                                  0.49   data required time
-----------------------------------------------------------------------------
                                  0.49   data required time
                                 -0.86   data arrival time
-----------------------------------------------------------------------------
                                  0.37   slack (MET)


Startpoint: _463_ (rising edge-triggered flip-flop clocked by SCK)
Endpoint: _463_ (rising edge-triggered flip-flop clocked by SCK)
Path Group: SCK
Path Type: min

Fanout     Cap    Slew   Delay    Time   Description
-----------------------------------------------------------------------------
                          0.00    0.00   clock SCK (rise edge)
                          0.00    0.00   clock source latency
                  0.04    0.03    0.03 ^ SCK (in)
     1    0.01                           SCK (net)
                  0.04    0.00    0.03 ^ clkbuf_0_SCK/A (sky130_fd_sc_hd__clkbuf_16)
                  0.05    0.13    0.15 ^ clkbuf_0_SCK/X (sky130_fd_sc_hd__clkbuf_16)
     4    0.03                           clknet_0_SCK (net)
                  0.05    0.00    0.15 ^ clkbuf_2_2__f_SCK/A (sky130_fd_sc_hd__clkbuf_16)
                  0.04    0.12    0.27 ^ clkbuf_2_2__f_SCK/X (sky130_fd_sc_hd__clkbuf_16)
     9    0.02                           clknet_2_2__leaf_SCK (net)
                  0.04    0.00    0.27 ^ _463_/CLK (sky130_fd_sc_hd__dfrtp_4)
                  0.09    0.41    0.68 ^ _463_/Q (sky130_fd_sc_hd__dfrtp_4)
    10    0.02                           addr[4] (net)
                  0.09    0.00    0.68 ^ _346_/A0 (sky130_fd_sc_hd__mux2_1)
                  0.04    0.12    0.80 ^ _346_/X (sky130_fd_sc_hd__mux2_1)
     1    0.00                           _184_ (net)
                  0.04    0.00    0.80 ^ _347_/A (sky130_fd_sc_hd__clkbuf_1)
                  0.04    0.07    0.87 ^ _347_/X (sky130_fd_sc_hd__clkbuf_1)
     1    0.00                           _070_ (net)
                  0.04    0.00    0.87 ^ _463_/D (sky130_fd_sc_hd__dfrtp_4)
                                  0.87   data arrival time

                          0.00    0.00   clock SCK (rise edge)
                          0.00    0.00   clock source latency
                  0.04    0.03    0.03 ^ SCK (in)
     1    0.01                           SCK (net)
                  0.04    0.00    0.03 ^ clkbuf_0_SCK/A (sky130_fd_sc_hd__clkbuf_16)
                  0.05    0.14    0.17 ^ clkbuf_0_SCK/X (sky130_fd_sc_hd__clkbuf_16)
     4    0.03                           clknet_0_SCK (net)
                  0.05    0.00    0.17 ^ clkbuf_2_2__f_SCK/A (sky130_fd_sc_hd__clkbuf_16)
                  0.04    0.13    0.30 ^ clkbuf_2_2__f_SCK/X (sky130_fd_sc_hd__clkbuf_16)
     9    0.02                           clknet_2_2__leaf_SCK (net)
                  0.04    0.00    0.30 ^ _463_/CLK (sky130_fd_sc_hd__dfrtp_4)
                          0.25    0.55   clock uncertainty
                         -0.03    0.52   clock reconvergence pessimism
                         -0.03    0.49   library hold time
                                  0.49   data required time
-----------------------------------------------------------------------------
                                  0.49   data required time
                                 -0.87   data arrival time
-----------------------------------------------------------------------------
                                  0.38   slack (MET)


Startpoint: _459_ (rising edge-triggered flip-flop clocked by SCK)
Endpoint: _459_ (rising edge-triggered flip-flop clocked by SCK)
Path Group: SCK
Path Type: min

Fanout     Cap    Slew   Delay    Time   Description
-----------------------------------------------------------------------------
                          0.00    0.00   clock SCK (rise edge)
                          0.00    0.00   clock source latency
                  0.04    0.03    0.03 ^ SCK (in)
     1    0.01                           SCK (net)
                  0.04    0.00    0.03 ^ clkbuf_0_SCK/A (sky130_fd_sc_hd__clkbuf_16)
                  0.05    0.13    0.15 ^ clkbuf_0_SCK/X (sky130_fd_sc_hd__clkbuf_16)
     4    0.03                           clknet_0_SCK (net)
                  0.05    0.00    0.15 ^ clkbuf_2_2__f_SCK/A (sky130_fd_sc_hd__clkbuf_16)
                  0.04    0.12    0.27 ^ clkbuf_2_2__f_SCK/X (sky130_fd_sc_hd__clkbuf_16)
     9    0.02                           clknet_2_2__leaf_SCK (net)
                  0.04    0.00    0.27 ^ _459_/CLK (sky130_fd_sc_hd__dfrtp_4)
                  0.10    0.41    0.69 ^ _459_/Q (sky130_fd_sc_hd__dfrtp_4)
     8    0.02                           addr[0] (net)
                  0.10    0.00    0.69 ^ _364_/A0 (sky130_fd_sc_hd__mux2_1)
                  0.04    0.12    0.81 ^ _364_/X (sky130_fd_sc_hd__mux2_1)
     1    0.00                           _198_ (net)
                  0.04    0.00    0.81 ^ _365_/A (sky130_fd_sc_hd__clkbuf_1)
                  0.04    0.07    0.88 ^ _365_/X (sky130_fd_sc_hd__clkbuf_1)
     1    0.00                           _066_ (net)
                  0.04    0.00    0.88 ^ _459_/D (sky130_fd_sc_hd__dfrtp_4)
                                  0.88   data arrival time

                          0.00    0.00   clock SCK (rise edge)
                          0.00    0.00   clock source latency
                  0.04    0.03    0.03 ^ SCK (in)
     1    0.01                           SCK (net)
                  0.04    0.00    0.03 ^ clkbuf_0_SCK/A (sky130_fd_sc_hd__clkbuf_16)
                  0.05    0.14    0.17 ^ clkbuf_0_SCK/X (sky130_fd_sc_hd__clkbuf_16)
     4    0.03                           clknet_0_SCK (net)
                  0.05    0.00    0.17 ^ clkbuf_2_2__f_SCK/A (sky130_fd_sc_hd__clkbuf_16)
                  0.04    0.13    0.30 ^ clkbuf_2_2__f_SCK/X (sky130_fd_sc_hd__clkbuf_16)
     9    0.02                           clknet_2_2__leaf_SCK (net)
                  0.04    0.00    0.30 ^ _459_/CLK (sky130_fd_sc_hd__dfrtp_4)
                          0.25    0.55   clock uncertainty
                         -0.03    0.52   clock reconvergence pessimism
                         -0.03    0.49   library hold time
                                  0.49   data required time
-----------------------------------------------------------------------------
                                  0.49   data required time
                                 -0.88   data arrival time
-----------------------------------------------------------------------------
                                  0.39   slack (MET)


Startpoint: _482_ (rising edge-triggered flip-flop clocked by SCK)
Endpoint: _484_ (rising edge-triggered flip-flop clocked by SCK)
Path Group: SCK
Path Type: min

Fanout     Cap    Slew   Delay    Time   Description
-----------------------------------------------------------------------------
                          0.00    0.00   clock SCK (rise edge)
                          0.00    0.00   clock source latency
                  0.04    0.03    0.03 ^ SCK (in)
     1    0.01                           SCK (net)
                  0.04    0.00    0.03 ^ clkbuf_0_SCK/A (sky130_fd_sc_hd__clkbuf_16)
                  0.05    0.13    0.15 ^ clkbuf_0_SCK/X (sky130_fd_sc_hd__clkbuf_16)
     4    0.03                           clknet_0_SCK (net)
                  0.05    0.00    0.15 ^ clkbuf_2_1__f_SCK/A (sky130_fd_sc_hd__clkbuf_16)
                  0.05    0.12    0.28 ^ clkbuf_2_1__f_SCK/X (sky130_fd_sc_hd__clkbuf_16)
    12    0.02                           clknet_2_1__leaf_SCK (net)
                  0.05    0.00    0.28 ^ _482_/CLK (sky130_fd_sc_hd__dfrtp_4)
                  0.08    0.40    0.68 ^ _482_/Q (sky130_fd_sc_hd__dfrtp_4)
     6    0.02                           pre_pass_thru_mgmt (net)
                  0.08    0.00    0.68 ^ _269_/A1 (sky130_fd_sc_hd__a211o_1)
                  0.04    0.11    0.79 ^ _269_/X (sky130_fd_sc_hd__a211o_1)
     1    0.00                           _129_ (net)
                  0.04    0.00    0.79 ^ _270_/B1 (sky130_fd_sc_hd__a32o_1)
                  0.04    0.10    0.89 ^ _270_/X (sky130_fd_sc_hd__a32o_1)
     1    0.00                           _090_ (net)
                  0.04    0.00    0.89 ^ _484_/D (sky130_fd_sc_hd__dfrtp_1)
                                  0.89   data arrival time

                          0.00    0.00   clock SCK (rise edge)
                          0.00    0.00   clock source latency
                  0.04    0.03    0.03 ^ SCK (in)
     1    0.01                           SCK (net)
                  0.04    0.00    0.03 ^ clkbuf_0_SCK/A (sky130_fd_sc_hd__clkbuf_16)
                  0.05    0.14    0.17 ^ clkbuf_0_SCK/X (sky130_fd_sc_hd__clkbuf_16)
     4    0.03                           clknet_0_SCK (net)
                  0.05    0.00    0.17 ^ clkbuf_2_1__f_SCK/A (sky130_fd_sc_hd__clkbuf_16)
                  0.05    0.14    0.31 ^ clkbuf_2_1__f_SCK/X (sky130_fd_sc_hd__clkbuf_16)
    12    0.02                           clknet_2_1__leaf_SCK (net)
                  0.05    0.00    0.31 ^ _484_/CLK (sky130_fd_sc_hd__dfrtp_1)
                          0.25    0.56   clock uncertainty
                         -0.03    0.53   clock reconvergence pessimism
                         -0.03    0.49   library hold time
                                  0.49   data required time
-----------------------------------------------------------------------------
                                  0.49   data required time
                                 -0.89   data arrival time
-----------------------------------------------------------------------------
                                  0.39   slack (MET)


Startpoint: _468_ (rising edge-triggered flip-flop clocked by SCK)
Endpoint: _468_ (rising edge-triggered flip-flop clocked by SCK)
Path Group: SCK
Path Type: min

Fanout     Cap    Slew   Delay    Time   Description
-----------------------------------------------------------------------------
                          0.00    0.00   clock SCK (rise edge)
                          0.00    0.00   clock source latency
                  0.04    0.03    0.03 ^ SCK (in)
     1    0.01                           SCK (net)
                  0.04    0.00    0.03 ^ clkbuf_0_SCK/A (sky130_fd_sc_hd__clkbuf_16)
                  0.05    0.13    0.15 ^ clkbuf_0_SCK/X (sky130_fd_sc_hd__clkbuf_16)
     4    0.03                           clknet_0_SCK (net)
                  0.05    0.00    0.15 ^ clkbuf_2_1__f_SCK/A (sky130_fd_sc_hd__clkbuf_16)
                  0.05    0.12    0.28 ^ clkbuf_2_1__f_SCK/X (sky130_fd_sc_hd__clkbuf_16)
    12    0.02                           clknet_2_1__leaf_SCK (net)
                  0.05    0.00    0.28 ^ _468_/CLK (sky130_fd_sc_hd__dfrtp_4)
                  0.09    0.41    0.69 ^ _468_/Q (sky130_fd_sc_hd__dfrtp_4)
     9    0.02                           count[1] (net)
                  0.09    0.00    0.69 ^ _272_/A_N (sky130_fd_sc_hd__nand2b_2)
                  0.11    0.16    0.85 ^ _272_/Y (sky130_fd_sc_hd__nand2b_2)
     6    0.02                           _130_ (net)
                  0.11    0.00    0.85 ^ _319_/A1 (sky130_fd_sc_hd__o21ai_1)
                  0.03    0.07    0.92 v _319_/Y (sky130_fd_sc_hd__o21ai_1)
     1    0.00                           _075_ (net)
                  0.03    0.00    0.92 v _468_/D (sky130_fd_sc_hd__dfrtp_4)
                                  0.92   data arrival time

                          0.00    0.00   clock SCK (rise edge)
                          0.00    0.00   clock source latency
                  0.04    0.03    0.03 ^ SCK (in)
     1    0.01                           SCK (net)
                  0.04    0.00    0.03 ^ clkbuf_0_SCK/A (sky130_fd_sc_hd__clkbuf_16)
                  0.05    0.14    0.17 ^ clkbuf_0_SCK/X (sky130_fd_sc_hd__clkbuf_16)
     4    0.03                           clknet_0_SCK (net)
                  0.05    0.00    0.17 ^ clkbuf_2_1__f_SCK/A (sky130_fd_sc_hd__clkbuf_16)
                  0.05    0.14    0.31 ^ clkbuf_2_1__f_SCK/X (sky130_fd_sc_hd__clkbuf_16)
    12    0.02                           clknet_2_1__leaf_SCK (net)
                  0.05    0.00    0.31 ^ _468_/CLK (sky130_fd_sc_hd__dfrtp_4)
                          0.25    0.56   clock uncertainty
                         -0.03    0.53   clock reconvergence pessimism
                         -0.04    0.49   library hold time
                                  0.49   data required time
-----------------------------------------------------------------------------
                                  0.49   data required time
                                 -0.92   data arrival time
-----------------------------------------------------------------------------
                                  0.43   slack (MET)


Startpoint: _469_ (rising edge-triggered flip-flop clocked by SCK)
Endpoint: _486_ (rising edge-triggered flip-flop clocked by SCK)
Path Group: SCK
Path Type: min

Fanout     Cap    Slew   Delay    Time   Description
-----------------------------------------------------------------------------
                          0.00    0.00   clock SCK (rise edge)
                          0.00    0.00   clock source latency
                  0.04    0.03    0.03 ^ SCK (in)
     1    0.01                           SCK (net)
                  0.04    0.00    0.03 ^ clkbuf_0_SCK/A (sky130_fd_sc_hd__clkbuf_16)
                  0.05    0.13    0.15 ^ clkbuf_0_SCK/X (sky130_fd_sc_hd__clkbuf_16)
     4    0.03                           clknet_0_SCK (net)
                  0.05    0.00    0.15 ^ clkbuf_2_1__f_SCK/A (sky130_fd_sc_hd__clkbuf_16)
                  0.05    0.12    0.28 ^ clkbuf_2_1__f_SCK/X (sky130_fd_sc_hd__clkbuf_16)
    12    0.02                           clknet_2_1__leaf_SCK (net)
                  0.05    0.00    0.28 ^ _469_/CLK (sky130_fd_sc_hd__dfrtp_4)
                  0.08    0.47    0.75 v _469_/Q (sky130_fd_sc_hd__dfrtp_4)
     9    0.02                           count[2] (net)
                  0.08    0.00    0.75 v _380_/A (sky130_fd_sc_hd__nand3_1)
                  0.05    0.08    0.83 ^ _380_/Y (sky130_fd_sc_hd__nand3_1)
     2    0.00                           _205_ (net)
                  0.05    0.00    0.83 ^ _383_/B1 (sky130_fd_sc_hd__a2bb2o_1)
                  0.04    0.12    0.94 ^ _383_/X (sky130_fd_sc_hd__a2bb2o_1)
     1    0.00                           _001_ (net)
                  0.04    0.00    0.94 ^ _486_/D (sky130_fd_sc_hd__dfstp_2)
                                  0.94   data arrival time

                          0.00    0.00   clock SCK (rise edge)
                          0.00    0.00   clock source latency
                  0.04    0.03    0.03 ^ SCK (in)
     1    0.01                           SCK (net)
                  0.04    0.00    0.03 ^ clkbuf_0_SCK/A (sky130_fd_sc_hd__clkbuf_16)
                  0.05    0.14    0.17 ^ clkbuf_0_SCK/X (sky130_fd_sc_hd__clkbuf_16)
     4    0.03                           clknet_0_SCK (net)
                  0.05    0.00    0.17 ^ clkbuf_2_0__f_SCK/A (sky130_fd_sc_hd__clkbuf_16)
                  0.04    0.13    0.30 ^ clkbuf_2_0__f_SCK/X (sky130_fd_sc_hd__clkbuf_16)
     9    0.02                           clknet_2_0__leaf_SCK (net)
                  0.04    0.00    0.30 ^ _486_/CLK (sky130_fd_sc_hd__dfstp_2)
                          0.25    0.55   clock uncertainty
                         -0.02    0.54   clock reconvergence pessimism
                         -0.03    0.50   library hold time
                                  0.50   data required time
-----------------------------------------------------------------------------
                                  0.50   data required time
                                 -0.94   data arrival time
-----------------------------------------------------------------------------
                                  0.44   slack (MET)


Startpoint: _468_ (rising edge-triggered flip-flop clocked by SCK)
Endpoint: _469_ (rising edge-triggered flip-flop clocked by SCK)
Path Group: SCK
Path Type: min

Fanout     Cap    Slew   Delay    Time   Description
-----------------------------------------------------------------------------
                          0.00    0.00   clock SCK (rise edge)
                          0.00    0.00   clock source latency
                  0.04    0.03    0.03 ^ SCK (in)
     1    0.01                           SCK (net)
                  0.04    0.00    0.03 ^ clkbuf_0_SCK/A (sky130_fd_sc_hd__clkbuf_16)
                  0.05    0.13    0.15 ^ clkbuf_0_SCK/X (sky130_fd_sc_hd__clkbuf_16)
     4    0.03                           clknet_0_SCK (net)
                  0.05    0.00    0.15 ^ clkbuf_2_1__f_SCK/A (sky130_fd_sc_hd__clkbuf_16)
                  0.05    0.12    0.28 ^ clkbuf_2_1__f_SCK/X (sky130_fd_sc_hd__clkbuf_16)
    12    0.02                           clknet_2_1__leaf_SCK (net)
                  0.05    0.00    0.28 ^ _468_/CLK (sky130_fd_sc_hd__dfrtp_4)
                  0.09    0.41    0.69 ^ _468_/Q (sky130_fd_sc_hd__dfrtp_4)
     9    0.02                           count[1] (net)
                  0.09    0.00    0.69 ^ _313_/B (sky130_fd_sc_hd__or2_1)
                  0.03    0.09    0.78 ^ _313_/X (sky130_fd_sc_hd__or2_1)
     1    0.00                           _158_ (net)
                  0.03    0.00    0.78 ^ _314_/A (sky130_fd_sc_hd__and2_1)
                  0.06    0.11    0.89 ^ _314_/X (sky130_fd_sc_hd__and2_1)
     1    0.00                           _159_ (net)
                  0.06    0.00    0.89 ^ _315_/B (sky130_fd_sc_hd__xnor2_1)
                  0.03    0.05    0.94 v _315_/Y (sky130_fd_sc_hd__xnor2_1)
     1    0.00                           _076_ (net)
                  0.03    0.00    0.94 v _469_/D (sky130_fd_sc_hd__dfrtp_4)
                                  0.94   data arrival time

                          0.00    0.00   clock SCK (rise edge)
                          0.00    0.00   clock source latency
                  0.04    0.03    0.03 ^ SCK (in)
     1    0.01                           SCK (net)
                  0.04    0.00    0.03 ^ clkbuf_0_SCK/A (sky130_fd_sc_hd__clkbuf_16)
                  0.05    0.14    0.17 ^ clkbuf_0_SCK/X (sky130_fd_sc_hd__clkbuf_16)
     4    0.03                           clknet_0_SCK (net)
                  0.05    0.00    0.17 ^ clkbuf_2_1__f_SCK/A (sky130_fd_sc_hd__clkbuf_16)
                  0.05    0.14    0.31 ^ clkbuf_2_1__f_SCK/X (sky130_fd_sc_hd__clkbuf_16)
    12    0.02                           clknet_2_1__leaf_SCK (net)
                  0.05    0.00    0.31 ^ _469_/CLK (sky130_fd_sc_hd__dfrtp_4)
                          0.25    0.56   clock uncertainty
                         -0.03    0.53   clock reconvergence pessimism
                         -0.04    0.49   library hold time
                                  0.49   data required time
-----------------------------------------------------------------------------
                                  0.49   data required time
                                 -0.94   data arrival time
-----------------------------------------------------------------------------
                                  0.45   slack (MET)


Startpoint: _489_ (rising edge-triggered flip-flop clocked by SCK)
Endpoint: _466_ (rising edge-triggered flip-flop clocked by SCK)
Path Group: SCK
Path Type: min

Fanout     Cap    Slew   Delay    Time   Description
-----------------------------------------------------------------------------
                          0.00    0.00   clock SCK (rise edge)
                          0.00    0.00   clock source latency
                  0.04    0.03    0.03 ^ SCK (in)
     1    0.01                           SCK (net)
                  0.04    0.00    0.03 ^ clkbuf_0_SCK/A (sky130_fd_sc_hd__clkbuf_16)
                  0.05    0.13    0.15 ^ clkbuf_0_SCK/X (sky130_fd_sc_hd__clkbuf_16)
     4    0.03                           clknet_0_SCK (net)
                  0.05    0.00    0.15 ^ clkbuf_2_2__f_SCK/A (sky130_fd_sc_hd__clkbuf_16)
                  0.04    0.12    0.27 ^ clkbuf_2_2__f_SCK/X (sky130_fd_sc_hd__clkbuf_16)
     9    0.02                           clknet_2_2__leaf_SCK (net)
                  0.04    0.00    0.27 ^ _489_/CLK (sky130_fd_sc_hd__dfrtp_1)
                  0.11    0.35    0.63 ^ _489_/Q (sky130_fd_sc_hd__dfrtp_1)
     4    0.01                           state[3] (net)
                  0.11    0.00    0.63 ^ _321_/A (sky130_fd_sc_hd__or2b_1)
                  0.05    0.11    0.74 ^ _321_/X (sky130_fd_sc_hd__or2b_1)
     2    0.00                           _163_ (net)
                  0.05    0.00    0.74 ^ _327_/A1 (sky130_fd_sc_hd__mux2_1)
                  0.04    0.11    0.84 ^ _327_/X (sky130_fd_sc_hd__mux2_1)
     1    0.00                           _168_ (net)
                  0.04    0.00    0.84 ^ _330_/A1 (sky130_fd_sc_hd__mux2_1)
                  0.04    0.10    0.94 ^ _330_/X (sky130_fd_sc_hd__mux2_1)
     1    0.00                           _171_ (net)
                  0.04    0.00    0.94 ^ _331_/A (sky130_fd_sc_hd__clkbuf_1)
                  0.04    0.07    1.01 ^ _331_/X (sky130_fd_sc_hd__clkbuf_1)
     1    0.00                           _073_ (net)
                  0.04    0.00    1.01 ^ _466_/D (sky130_fd_sc_hd__dfrtp_1)
                                  1.01   data arrival time

                          0.00    0.00   clock SCK (rise edge)
                          0.00    0.00   clock source latency
                  0.04    0.03    0.03 ^ SCK (in)
     1    0.01                           SCK (net)
                  0.04    0.00    0.03 ^ clkbuf_0_SCK/A (sky130_fd_sc_hd__clkbuf_16)
                  0.05    0.14    0.17 ^ clkbuf_0_SCK/X (sky130_fd_sc_hd__clkbuf_16)
     4    0.03                           clknet_0_SCK (net)
                  0.05    0.00    0.17 ^ clkbuf_2_0__f_SCK/A (sky130_fd_sc_hd__clkbuf_16)
                  0.04    0.13    0.30 ^ clkbuf_2_0__f_SCK/X (sky130_fd_sc_hd__clkbuf_16)
     9    0.02                           clknet_2_0__leaf_SCK (net)
                  0.04    0.00    0.30 ^ _466_/CLK (sky130_fd_sc_hd__dfrtp_1)
                          0.25    0.55   clock uncertainty
                         -0.02    0.54   clock reconvergence pessimism
                         -0.03    0.50   library hold time
                                  0.50   data required time
-----------------------------------------------------------------------------
                                  0.50   data required time
                                 -1.01   data arrival time
-----------------------------------------------------------------------------
                                  0.51   slack (MET)


Startpoint: _491_ (rising edge-triggered flip-flop clocked by SCK')
Endpoint: _491_ (rising edge-triggered flip-flop clocked by SCK')
Path Group: SCK
Path Type: min

Fanout     Cap    Slew   Delay    Time   Description
-----------------------------------------------------------------------------
                          5.00    5.00   clock SCK' (rise edge)
                          0.00    5.00   clock source latency
                  0.02    0.01    5.01 v SCK (in)
     1    0.01                           SCK (net)
                  0.02    0.00    5.01 v clkbuf_0_SCK/A (sky130_fd_sc_hd__clkbuf_16)
                  0.04    0.13    5.14 v clkbuf_0_SCK/X (sky130_fd_sc_hd__clkbuf_16)
     4    0.03                           clknet_0_SCK (net)
                  0.04    0.00    5.14 v clkbuf_2_3__f_SCK/A (sky130_fd_sc_hd__clkbuf_16)
                  0.03    0.13    5.28 v clkbuf_2_3__f_SCK/X (sky130_fd_sc_hd__clkbuf_16)
     6    0.01                           clknet_2_3__leaf_SCK (net)
                  0.03    0.00    5.28 v _437_/A (sky130_fd_sc_hd__buf_1)
                  0.05    0.10    5.37 v _437_/X (sky130_fd_sc_hd__buf_1)
     1    0.01                           _221_ (net)
                  0.05    0.00    5.37 v clkbuf_0__221_/A (sky130_fd_sc_hd__clkbuf_16)
                  0.03    0.14    5.51 v clkbuf_0__221_/X (sky130_fd_sc_hd__clkbuf_16)
     2    0.01                           clknet_0__221_ (net)
                  0.03    0.00    5.51 v clkbuf_1_1__f__221_/A (sky130_fd_sc_hd__clkbuf_16)
                  0.04    0.14    5.65 v clkbuf_1_1__f__221_/X (sky130_fd_sc_hd__clkbuf_16)
     6    0.03                           clknet_1_1__leaf__221_ (net)
                  0.04    0.00    5.65 v _446__3/A (sky130_fd_sc_hd__inv_2)
                  0.02    0.03    5.68 ^ _446__3/Y (sky130_fd_sc_hd__inv_2)
     1    0.00                           net41 (net)
                  0.02    0.00    5.68 ^ _491_/CLK (sky130_fd_sc_hd__dfrtp_1)
                  0.05    0.30    5.98 ^ _491_/Q (sky130_fd_sc_hd__dfrtp_1)
     2    0.00                           ldata[0] (net)
                  0.05    0.00    5.98 ^ hold5/A (sky130_fd_sc_hd__dlygate4sd3_1)
                  0.05    0.51    6.48 ^ hold5/X (sky130_fd_sc_hd__dlygate4sd3_1)
     1    0.00                           net53 (net)
                  0.05    0.00    6.48 ^ _259_/A1 (sky130_fd_sc_hd__a22o_1)
                  0.04    0.11    6.59 ^ _259_/X (sky130_fd_sc_hd__a22o_1)
     1    0.00                           _092_ (net)
                  0.04    0.00    6.59 ^ _491_/D (sky130_fd_sc_hd__dfrtp_1)
                                  6.59   data arrival time

                          5.00    5.00   clock SCK' (rise edge)
                          0.00    5.00   clock source latency
                  0.02    0.01    5.01 v SCK (in)
     1    0.01                           SCK (net)
                  0.02    0.00    5.01 v clkbuf_0_SCK/A (sky130_fd_sc_hd__clkbuf_16)
                  0.04    0.15    5.16 v clkbuf_0_SCK/X (sky130_fd_sc_hd__clkbuf_16)
     4    0.03                           clknet_0_SCK (net)
                  0.04    0.00    5.16 v clkbuf_2_3__f_SCK/A (sky130_fd_sc_hd__clkbuf_16)
                  0.03    0.14    5.30 v clkbuf_2_3__f_SCK/X (sky130_fd_sc_hd__clkbuf_16)
     6    0.01                           clknet_2_3__leaf_SCK (net)
                  0.03    0.00    5.30 v _437_/A (sky130_fd_sc_hd__buf_1)
                  0.05    0.11    5.41 v _437_/X (sky130_fd_sc_hd__buf_1)
     1    0.01                           _221_ (net)
                  0.05    0.00    5.41 v clkbuf_0__221_/A (sky130_fd_sc_hd__clkbuf_16)
                  0.03    0.15    5.56 v clkbuf_0__221_/X (sky130_fd_sc_hd__clkbuf_16)
     2    0.01                           clknet_0__221_ (net)
                  0.03    0.00    5.56 v clkbuf_1_1__f__221_/A (sky130_fd_sc_hd__clkbuf_16)
                  0.04    0.15    5.71 v clkbuf_1_1__f__221_/X (sky130_fd_sc_hd__clkbuf_16)
     6    0.03                           clknet_1_1__leaf__221_ (net)
                  0.04    0.00    5.71 v _446__3/A (sky130_fd_sc_hd__inv_2)
                  0.02    0.04    5.75 ^ _446__3/Y (sky130_fd_sc_hd__inv_2)
     1    0.00                           net41 (net)
                  0.02    0.00    5.75 ^ _491_/CLK (sky130_fd_sc_hd__dfrtp_1)
                          0.25    6.00   clock uncertainty
                         -0.07    5.93   clock reconvergence pessimism
                         -0.04    5.89   library hold time
                                  5.89   data required time
-----------------------------------------------------------------------------
                                  5.89   data required time
                                 -6.59   data arrival time
-----------------------------------------------------------------------------
                                  0.70   slack (MET)


Startpoint: _485_ (rising edge-triggered flip-flop clocked by SCK')
Endpoint: _485_ (rising edge-triggered flip-flop clocked by SCK')
Path Group: SCK
Path Type: min

Fanout     Cap    Slew   Delay    Time   Description
-----------------------------------------------------------------------------
                          5.00    5.00   clock SCK' (rise edge)
                          0.00    5.00   clock source latency
                  0.02    0.01    5.01 v SCK (in)
     1    0.01                           SCK (net)
                  0.02    0.00    5.01 v clkbuf_0_SCK/A (sky130_fd_sc_hd__clkbuf_16)
                  0.04    0.13    5.14 v clkbuf_0_SCK/X (sky130_fd_sc_hd__clkbuf_16)
     4    0.03                           clknet_0_SCK (net)
                  0.04    0.00    5.14 v clkbuf_2_3__f_SCK/A (sky130_fd_sc_hd__clkbuf_16)
                  0.03    0.13    5.28 v clkbuf_2_3__f_SCK/X (sky130_fd_sc_hd__clkbuf_16)
     6    0.01                           clknet_2_3__leaf_SCK (net)
                  0.03    0.00    5.28 v _437_/A (sky130_fd_sc_hd__buf_1)
                  0.05    0.10    5.37 v _437_/X (sky130_fd_sc_hd__buf_1)
     1    0.01                           _221_ (net)
                  0.05    0.00    5.37 v clkbuf_0__221_/A (sky130_fd_sc_hd__clkbuf_16)
                  0.03    0.14    5.51 v clkbuf_0__221_/X (sky130_fd_sc_hd__clkbuf_16)
     2    0.01                           clknet_0__221_ (net)
                  0.03    0.00    5.51 v clkbuf_1_0__f__221_/A (sky130_fd_sc_hd__clkbuf_16)
                  0.03    0.13    5.64 v clkbuf_1_0__f__221_/X (sky130_fd_sc_hd__clkbuf_16)
     4    0.02                           clknet_1_0__leaf__221_ (net)
                  0.03    0.00    5.64 v _440__2/A (sky130_fd_sc_hd__inv_2)
                  0.02    0.03    5.67 ^ _440__2/Y (sky130_fd_sc_hd__inv_2)
     1    0.00                           net40 (net)
                  0.02    0.00    5.67 ^ _485_/CLK (sky130_fd_sc_hd__dfrtp_1)
                  0.05    0.29    5.97 ^ _485_/Q (sky130_fd_sc_hd__dfrtp_1)
     2    0.00                           net37 (net)
                  0.05    0.00    5.97 ^ hold9/A (sky130_fd_sc_hd__dlygate4sd3_1)
                  0.05    0.51    6.47 ^ hold9/X (sky130_fd_sc_hd__dlygate4sd3_1)
     1    0.00                           net57 (net)
                  0.05    0.00    6.47 ^ _263_/A1 (sky130_fd_sc_hd__o211a_1)
                  0.04    0.13    6.61 ^ _263_/X (sky130_fd_sc_hd__o211a_1)
     1    0.00                           _091_ (net)
                  0.04    0.00    6.61 ^ _485_/D (sky130_fd_sc_hd__dfrtp_1)
                                  6.61   data arrival time

                          5.00    5.00   clock SCK' (rise edge)
                          0.00    5.00   clock source latency
                  0.02    0.01    5.01 v SCK (in)
     1    0.01                           SCK (net)
                  0.02    0.00    5.01 v clkbuf_0_SCK/A (sky130_fd_sc_hd__clkbuf_16)
                  0.04    0.15    5.16 v clkbuf_0_SCK/X (sky130_fd_sc_hd__clkbuf_16)
     4    0.03                           clknet_0_SCK (net)
                  0.04    0.00    5.16 v clkbuf_2_3__f_SCK/A (sky130_fd_sc_hd__clkbuf_16)
                  0.03    0.14    5.30 v clkbuf_2_3__f_SCK/X (sky130_fd_sc_hd__clkbuf_16)
     6    0.01                           clknet_2_3__leaf_SCK (net)
                  0.03    0.00    5.30 v _437_/A (sky130_fd_sc_hd__buf_1)
                  0.05    0.11    5.41 v _437_/X (sky130_fd_sc_hd__buf_1)
     1    0.01                           _221_ (net)
                  0.05    0.00    5.41 v clkbuf_0__221_/A (sky130_fd_sc_hd__clkbuf_16)
                  0.03    0.15    5.56 v clkbuf_0__221_/X (sky130_fd_sc_hd__clkbuf_16)
     2    0.01                           clknet_0__221_ (net)
                  0.03    0.00    5.56 v clkbuf_1_0__f__221_/A (sky130_fd_sc_hd__clkbuf_16)
                  0.03    0.15    5.71 v clkbuf_1_0__f__221_/X (sky130_fd_sc_hd__clkbuf_16)
     4    0.02                           clknet_1_0__leaf__221_ (net)
                  0.03    0.00    5.71 v _440__2/A (sky130_fd_sc_hd__inv_2)
                  0.02    0.03    5.74 ^ _440__2/Y (sky130_fd_sc_hd__inv_2)
     1    0.00                           net40 (net)
                  0.02    0.00    5.74 ^ _485_/CLK (sky130_fd_sc_hd__dfrtp_1)
                          0.25    5.99   clock uncertainty
                         -0.07    5.92   clock reconvergence pessimism
                         -0.04    5.88   library hold time
                                  5.88   data required time
-----------------------------------------------------------------------------
                                  5.88   data required time
                                 -6.61   data arrival time
-----------------------------------------------------------------------------
                                  0.72   slack (MET)


Startpoint: _487_ (rising edge-triggered flip-flop clocked by SCK)
Endpoint: _457_ (rising edge-triggered flip-flop clocked by SCK)
Path Group: SCK
Path Type: min

Fanout     Cap    Slew   Delay    Time   Description
-----------------------------------------------------------------------------
                          0.00    0.00   clock SCK (rise edge)
                          0.00    0.00   clock source latency
                  0.04    0.03    0.03 ^ SCK (in)
     1    0.01                           SCK (net)
                  0.04    0.00    0.03 ^ clkbuf_0_SCK/A (sky130_fd_sc_hd__clkbuf_16)
                  0.05    0.13    0.15 ^ clkbuf_0_SCK/X (sky130_fd_sc_hd__clkbuf_16)
     4    0.03                           clknet_0_SCK (net)
                  0.05    0.00    0.15 ^ clkbuf_2_2__f_SCK/A (sky130_fd_sc_hd__clkbuf_16)
                  0.04    0.12    0.27 ^ clkbuf_2_2__f_SCK/X (sky130_fd_sc_hd__clkbuf_16)
     9    0.02                           clknet_2_2__leaf_SCK (net)
                  0.04    0.00    0.27 ^ _487_/CLK (sky130_fd_sc_hd__dfrtp_1)
                  0.08    0.32    0.60 ^ _487_/Q (sky130_fd_sc_hd__dfrtp_1)
     3    0.01                           state[1] (net)
                  0.08    0.00    0.60 ^ _370_/A2 (sky130_fd_sc_hd__a31o_1)
                  0.03    0.12    0.72 ^ _370_/X (sky130_fd_sc_hd__a31o_1)
     1    0.00                           _064_ (net)
                  0.03    0.00    0.72 ^ hold2/A (sky130_fd_sc_hd__dlygate4sd3_1)
                  0.05    0.50    1.22 ^ hold2/X (sky130_fd_sc_hd__dlygate4sd3_1)
     1    0.00                           net50 (net)
                  0.05    0.00    1.22 ^ _457_/D (sky130_fd_sc_hd__dfrtp_1)
                                  1.22   data arrival time

                          0.00    0.00   clock SCK (rise edge)
                          0.00    0.00   clock source latency
                  0.04    0.03    0.03 ^ SCK (in)
     1    0.01                           SCK (net)
                  0.04    0.00    0.03 ^ clkbuf_0_SCK/A (sky130_fd_sc_hd__clkbuf_16)
                  0.05    0.14    0.17 ^ clkbuf_0_SCK/X (sky130_fd_sc_hd__clkbuf_16)
     4    0.03                           clknet_0_SCK (net)
                  0.05    0.00    0.17 ^ clkbuf_2_3__f_SCK/A (sky130_fd_sc_hd__clkbuf_16)
                  0.04    0.13    0.30 ^ clkbuf_2_3__f_SCK/X (sky130_fd_sc_hd__clkbuf_16)
     6    0.01                           clknet_2_3__leaf_SCK (net)
                  0.04    0.00    0.30 ^ _457_/CLK (sky130_fd_sc_hd__dfrtp_1)
                          0.25    0.55   clock uncertainty
                         -0.02    0.53   clock reconvergence pessimism
                         -0.04    0.49   library hold time
                                  0.49   data required time
-----------------------------------------------------------------------------
                                  0.49   data required time
                                 -1.22   data arrival time
-----------------------------------------------------------------------------
                                  0.72   slack (MET)


Startpoint: _490_ (rising edge-triggered flip-flop clocked by SCK)
Endpoint: _455_ (rising edge-triggered flip-flop clocked by SCK)
Path Group: SCK
Path Type: min

Fanout     Cap    Slew   Delay    Time   Description
-----------------------------------------------------------------------------
                          0.00    0.00   clock SCK (rise edge)
                          0.00    0.00   clock source latency
                  0.04    0.03    0.03 ^ SCK (in)
     1    0.01                           SCK (net)
                  0.04    0.00    0.03 ^ clkbuf_0_SCK/A (sky130_fd_sc_hd__clkbuf_16)
                  0.05    0.13    0.15 ^ clkbuf_0_SCK/X (sky130_fd_sc_hd__clkbuf_16)
     4    0.03                           clknet_0_SCK (net)
                  0.05    0.00    0.15 ^ clkbuf_2_3__f_SCK/A (sky130_fd_sc_hd__clkbuf_16)
                  0.04    0.11    0.27 ^ clkbuf_2_3__f_SCK/X (sky130_fd_sc_hd__clkbuf_16)
     6    0.01                           clknet_2_3__leaf_SCK (net)
                  0.04    0.00    0.27 ^ _490_/CLK (sky130_fd_sc_hd__dfrtp_1)
                  0.11    0.35    0.62 ^ _490_/Q (sky130_fd_sc_hd__dfrtp_1)
     4    0.01                           state[4] (net)
                  0.11    0.00    0.62 ^ _373_/A1 (sky130_fd_sc_hd__a21o_1)
                  0.03    0.11    0.73 ^ _373_/X (sky130_fd_sc_hd__a21o_1)
     1    0.00                           _062_ (net)
                  0.03    0.00    0.73 ^ hold4/A (sky130_fd_sc_hd__dlygate4sd3_1)
                  0.05    0.50    1.22 ^ hold4/X (sky130_fd_sc_hd__dlygate4sd3_1)
     1    0.00                           net52 (net)
                  0.05    0.00    1.22 ^ _455_/D (sky130_fd_sc_hd__dfrtp_1)
                                  1.22   data arrival time

                          0.00    0.00   clock SCK (rise edge)
                          0.00    0.00   clock source latency
                  0.04    0.03    0.03 ^ SCK (in)
     1    0.01                           SCK (net)
                  0.04    0.00    0.03 ^ clkbuf_0_SCK/A (sky130_fd_sc_hd__clkbuf_16)
                  0.05    0.14    0.17 ^ clkbuf_0_SCK/X (sky130_fd_sc_hd__clkbuf_16)
     4    0.03                           clknet_0_SCK (net)
                  0.05    0.00    0.17 ^ clkbuf_2_3__f_SCK/A (sky130_fd_sc_hd__clkbuf_16)
                  0.04    0.13    0.30 ^ clkbuf_2_3__f_SCK/X (sky130_fd_sc_hd__clkbuf_16)
     6    0.01                           clknet_2_3__leaf_SCK (net)
                  0.04    0.00    0.30 ^ _455_/CLK (sky130_fd_sc_hd__dfrtp_1)
                          0.25    0.55   clock uncertainty
                         -0.03    0.52   clock reconvergence pessimism
                         -0.04    0.48   library hold time
                                  0.48   data required time
-----------------------------------------------------------------------------
                                  0.48   data required time
                                 -1.22   data arrival time
-----------------------------------------------------------------------------
                                  0.74   slack (MET)


Startpoint: _484_ (rising edge-triggered flip-flop clocked by SCK)
Endpoint: _487_ (rising edge-triggered flip-flop clocked by SCK)
Path Group: SCK
Path Type: min

Fanout     Cap    Slew   Delay    Time   Description
-----------------------------------------------------------------------------
                          0.00    0.00   clock SCK (rise edge)
                          0.00    0.00   clock source latency
                  0.04    0.03    0.03 ^ SCK (in)
     1    0.01                           SCK (net)
                  0.04    0.00    0.03 ^ clkbuf_0_SCK/A (sky130_fd_sc_hd__clkbuf_16)
                  0.05    0.13    0.15 ^ clkbuf_0_SCK/X (sky130_fd_sc_hd__clkbuf_16)
     4    0.03                           clknet_0_SCK (net)
                  0.05    0.00    0.15 ^ clkbuf_2_1__f_SCK/A (sky130_fd_sc_hd__clkbuf_16)
                  0.05    0.12    0.28 ^ clkbuf_2_1__f_SCK/X (sky130_fd_sc_hd__clkbuf_16)
    12    0.02                           clknet_2_1__leaf_SCK (net)
                  0.05    0.00    0.28 ^ _484_/CLK (sky130_fd_sc_hd__dfrtp_1)
                  0.10    0.34    0.62 ^ _484_/Q (sky130_fd_sc_hd__dfrtp_1)
     5    0.01                           pre_pass_thru_user (net)
                  0.10    0.00    0.62 ^ _377_/A1 (sky130_fd_sc_hd__a41o_1)
                  0.03    0.14    0.76 ^ _377_/X (sky130_fd_sc_hd__a41o_1)
     1    0.00                           _002_ (net)
                  0.03    0.00    0.76 ^ hold8/A (sky130_fd_sc_hd__dlygate4sd3_1)
                  0.05    0.50    1.26 ^ hold8/X (sky130_fd_sc_hd__dlygate4sd3_1)
     1    0.00                           net56 (net)
                  0.05    0.00    1.26 ^ _487_/D (sky130_fd_sc_hd__dfrtp_1)
                                  1.26   data arrival time

                          0.00    0.00   clock SCK (rise edge)
                          0.00    0.00   clock source latency
                  0.04    0.03    0.03 ^ SCK (in)
     1    0.01                           SCK (net)
                  0.04    0.00    0.03 ^ clkbuf_0_SCK/A (sky130_fd_sc_hd__clkbuf_16)
                  0.05    0.14    0.17 ^ clkbuf_0_SCK/X (sky130_fd_sc_hd__clkbuf_16)
     4    0.03                           clknet_0_SCK (net)
                  0.05    0.00    0.17 ^ clkbuf_2_2__f_SCK/A (sky130_fd_sc_hd__clkbuf_16)
                  0.04    0.13    0.30 ^ clkbuf_2_2__f_SCK/X (sky130_fd_sc_hd__clkbuf_16)
     9    0.02                           clknet_2_2__leaf_SCK (net)
                  0.04    0.00    0.30 ^ _487_/CLK (sky130_fd_sc_hd__dfrtp_1)
                          0.25    0.55   clock uncertainty
                         -0.02    0.54   clock reconvergence pessimism
                         -0.04    0.50   library hold time
                                  0.50   data required time
-----------------------------------------------------------------------------
                                  0.50   data required time
                                 -1.26   data arrival time
-----------------------------------------------------------------------------
                                  0.76   slack (MET)


Startpoint: _480_ (rising edge-triggered flip-flop clocked by SCK)
Endpoint: _481_ (rising edge-triggered flip-flop clocked by SCK)
Path Group: SCK
Path Type: min

Fanout     Cap    Slew   Delay    Time   Description
-----------------------------------------------------------------------------
                          0.00    0.00   clock SCK (rise edge)
                          0.00    0.00   clock source latency
                  0.04    0.03    0.03 ^ SCK (in)
     1    0.01                           SCK (net)
                  0.04    0.00    0.03 ^ clkbuf_0_SCK/A (sky130_fd_sc_hd__clkbuf_16)
                  0.05    0.13    0.15 ^ clkbuf_0_SCK/X (sky130_fd_sc_hd__clkbuf_16)
     4    0.03                           clknet_0_SCK (net)
                  0.05    0.00    0.15 ^ clkbuf_2_0__f_SCK/A (sky130_fd_sc_hd__clkbuf_16)
                  0.04    0.12    0.27 ^ clkbuf_2_0__f_SCK/X (sky130_fd_sc_hd__clkbuf_16)
     9    0.02                           clknet_2_0__leaf_SCK (net)
                  0.04    0.00    0.27 ^ _480_/CLK (sky130_fd_sc_hd__dfrtp_1)
                  0.07    0.32    0.59 ^ _480_/Q (sky130_fd_sc_hd__dfrtp_1)
     3    0.01                           net27 (net)
                  0.07    0.00    0.59 ^ _278_/A1 (sky130_fd_sc_hd__mux2_1)
                  0.03    0.11    0.70 ^ _278_/X (sky130_fd_sc_hd__mux2_1)
     1    0.00                           _135_ (net)
                  0.03    0.00    0.70 ^ hold20/A (sky130_fd_sc_hd__dlygate4sd3_1)
                  0.05    0.50    1.20 ^ hold20/X (sky130_fd_sc_hd__dlygate4sd3_1)
     1    0.00                           net68 (net)
                  0.05    0.00    1.20 ^ _279_/A (sky130_fd_sc_hd__clkbuf_1)
                  0.04    0.07    1.27 ^ _279_/X (sky130_fd_sc_hd__clkbuf_1)
     1    0.00                           _088_ (net)
                  0.04    0.00    1.27 ^ _481_/D (sky130_fd_sc_hd__dfrtp_1)
                                  1.27   data arrival time

                          0.00    0.00   clock SCK (rise edge)
                          0.00    0.00   clock source latency
                  0.04    0.03    0.03 ^ SCK (in)
     1    0.01                           SCK (net)
                  0.04    0.00    0.03 ^ clkbuf_0_SCK/A (sky130_fd_sc_hd__clkbuf_16)
                  0.05    0.14    0.17 ^ clkbuf_0_SCK/X (sky130_fd_sc_hd__clkbuf_16)
     4    0.03                           clknet_0_SCK (net)
                  0.05    0.00    0.17 ^ clkbuf_2_0__f_SCK/A (sky130_fd_sc_hd__clkbuf_16)
                  0.04    0.13    0.30 ^ clkbuf_2_0__f_SCK/X (sky130_fd_sc_hd__clkbuf_16)
     9    0.02                           clknet_2_0__leaf_SCK (net)
                  0.04    0.00    0.30 ^ _481_/CLK (sky130_fd_sc_hd__dfrtp_1)
                          0.25    0.55   clock uncertainty
                         -0.03    0.52   clock reconvergence pessimism
                         -0.03    0.49   library hold time
                                  0.49   data required time
-----------------------------------------------------------------------------
                                  0.49   data required time
                                 -1.27   data arrival time
-----------------------------------------------------------------------------
                                  0.78   slack (MET)


Startpoint: _482_ (rising edge-triggered flip-flop clocked by SCK)
Endpoint: _490_ (rising edge-triggered flip-flop clocked by SCK)
Path Group: SCK
Path Type: min

Fanout     Cap    Slew   Delay    Time   Description
-----------------------------------------------------------------------------
                          0.00    0.00   clock SCK (rise edge)
                          0.00    0.00   clock source latency
                  0.04    0.03    0.03 ^ SCK (in)
     1    0.01                           SCK (net)
                  0.04    0.00    0.03 ^ clkbuf_0_SCK/A (sky130_fd_sc_hd__clkbuf_16)
                  0.05    0.13    0.15 ^ clkbuf_0_SCK/X (sky130_fd_sc_hd__clkbuf_16)
     4    0.03                           clknet_0_SCK (net)
                  0.05    0.00    0.15 ^ clkbuf_2_1__f_SCK/A (sky130_fd_sc_hd__clkbuf_16)
                  0.05    0.12    0.28 ^ clkbuf_2_1__f_SCK/X (sky130_fd_sc_hd__clkbuf_16)
    12    0.02                           clknet_2_1__leaf_SCK (net)
                  0.05    0.00    0.28 ^ _482_/CLK (sky130_fd_sc_hd__dfrtp_4)
                  0.08    0.40    0.68 ^ _482_/Q (sky130_fd_sc_hd__dfrtp_4)
     6    0.02                           pre_pass_thru_mgmt (net)
                  0.08    0.00    0.68 ^ _376_/A1 (sky130_fd_sc_hd__a31o_1)
                  0.03    0.12    0.80 ^ _376_/X (sky130_fd_sc_hd__a31o_1)
     1    0.00                           _005_ (net)
                  0.03    0.00    0.80 ^ hold11/A (sky130_fd_sc_hd__dlygate4sd3_1)
                  0.05    0.50    1.30 ^ hold11/X (sky130_fd_sc_hd__dlygate4sd3_1)
     1    0.00                           net59 (net)
                  0.05    0.00    1.30 ^ _490_/D (sky130_fd_sc_hd__dfrtp_1)
                                  1.30   data arrival time

                          0.00    0.00   clock SCK (rise edge)
                          0.00    0.00   clock source latency
                  0.04    0.03    0.03 ^ SCK (in)
     1    0.01                           SCK (net)
                  0.04    0.00    0.03 ^ clkbuf_0_SCK/A (sky130_fd_sc_hd__clkbuf_16)
                  0.05    0.14    0.17 ^ clkbuf_0_SCK/X (sky130_fd_sc_hd__clkbuf_16)
     4    0.03                           clknet_0_SCK (net)
                  0.05    0.00    0.17 ^ clkbuf_2_3__f_SCK/A (sky130_fd_sc_hd__clkbuf_16)
                  0.04    0.13    0.30 ^ clkbuf_2_3__f_SCK/X (sky130_fd_sc_hd__clkbuf_16)
     6    0.01                           clknet_2_3__leaf_SCK (net)
                  0.04    0.00    0.30 ^ _490_/CLK (sky130_fd_sc_hd__dfrtp_1)
                          0.25    0.55   clock uncertainty
                         -0.02    0.53   clock reconvergence pessimism
                         -0.04    0.49   library hold time
                                  0.49   data required time
-----------------------------------------------------------------------------
                                  0.49   data required time
                                 -1.30   data arrival time
-----------------------------------------------------------------------------
                                  0.80   slack (MET)


Startpoint: CSB (input port clocked by SCK)
Endpoint: _488_ (removal check against rising-edge clock SCK)
Path Group: asynchronous
Path Type: min

Fanout     Cap    Slew   Delay    Time   Description
-----------------------------------------------------------------------------
                          0.00    0.00   clock SCK (rise edge)
                          0.00    0.00   clock network delay (propagated)
                          2.00    2.00 v input external delay
                  0.01    0.00    2.00 v CSB (in)
     1    0.00                           CSB (net)
                  0.01    0.00    2.00 v input1/A (sky130_fd_sc_hd__clkbuf_1)
                  0.02    0.06    2.06 v input1/X (sky130_fd_sc_hd__clkbuf_1)
     1    0.00                           net1 (net)
                  0.02    0.00    2.06 v _224_/A (sky130_fd_sc_hd__buf_2)
                  0.06    0.13    2.20 v _224_/X (sky130_fd_sc_hd__buf_2)
     9    0.02                           _102_ (net)
                  0.06    0.00    2.20 v _443_/B (sky130_fd_sc_hd__nor2_1)
                  0.09    0.09    2.29 ^ _443_/Y (sky130_fd_sc_hd__nor2_1)
     1    0.00                           _042_ (net)
                  0.09    0.00    2.29 ^ _488_/RESET_B (sky130_fd_sc_hd__dfrtp_4)
                                  2.29   data arrival time

                          0.00    0.00   clock SCK (rise edge)
                          0.00    0.00   clock source latency
                  0.04    0.03    0.03 ^ SCK (in)
     1    0.01                           SCK (net)
                  0.04    0.00    0.03 ^ clkbuf_0_SCK/A (sky130_fd_sc_hd__clkbuf_16)
                  0.05    0.14    0.17 ^ clkbuf_0_SCK/X (sky130_fd_sc_hd__clkbuf_16)
     4    0.03                           clknet_0_SCK (net)
                  0.05    0.00    0.17 ^ clkbuf_2_2__f_SCK/A (sky130_fd_sc_hd__clkbuf_16)
                  0.04    0.13    0.30 ^ clkbuf_2_2__f_SCK/X (sky130_fd_sc_hd__clkbuf_16)
     9    0.02                           clknet_2_2__leaf_SCK (net)
                  0.04    0.00    0.30 ^ _488_/CLK (sky130_fd_sc_hd__dfrtp_4)
                          0.25    0.55   clock uncertainty
                          0.00    0.55   clock reconvergence pessimism
                          0.33    0.88   library removal time
                                  0.88   data required time
-----------------------------------------------------------------------------
                                  0.88   data required time
                                 -2.29   data arrival time
-----------------------------------------------------------------------------
                                  1.41   slack (MET)


Startpoint: CSB (input port clocked by SCK)
Endpoint: _487_ (removal check against rising-edge clock SCK)
Path Group: asynchronous
Path Type: min

Fanout     Cap    Slew   Delay    Time   Description
-----------------------------------------------------------------------------
                          0.00    0.00   clock SCK (rise edge)
                          0.00    0.00   clock network delay (propagated)
                          2.00    2.00 v input external delay
                  0.01    0.00    2.00 v CSB (in)
     1    0.00                           CSB (net)
                  0.01    0.00    2.00 v input1/A (sky130_fd_sc_hd__clkbuf_1)
                  0.02    0.06    2.06 v input1/X (sky130_fd_sc_hd__clkbuf_1)
     1    0.00                           net1 (net)
                  0.02    0.00    2.06 v _224_/A (sky130_fd_sc_hd__buf_2)
                  0.06    0.13    2.20 v _224_/X (sky130_fd_sc_hd__buf_2)
     9    0.02                           _102_ (net)
                  0.06    0.00    2.20 v _442_/B (sky130_fd_sc_hd__nor2_1)
                  0.09    0.09    2.29 ^ _442_/Y (sky130_fd_sc_hd__nor2_1)
     1    0.00                           _041_ (net)
                  0.09    0.00    2.29 ^ _487_/RESET_B (sky130_fd_sc_hd__dfrtp_1)
                                  2.29   data arrival time

                          0.00    0.00   clock SCK (rise edge)
                          0.00    0.00   clock source latency
                  0.04    0.03    0.03 ^ SCK (in)
     1    0.01                           SCK (net)
                  0.04    0.00    0.03 ^ clkbuf_0_SCK/A (sky130_fd_sc_hd__clkbuf_16)
                  0.05    0.14    0.17 ^ clkbuf_0_SCK/X (sky130_fd_sc_hd__clkbuf_16)
     4    0.03                           clknet_0_SCK (net)
                  0.05    0.00    0.17 ^ clkbuf_2_2__f_SCK/A (sky130_fd_sc_hd__clkbuf_16)
                  0.04    0.13    0.30 ^ clkbuf_2_2__f_SCK/X (sky130_fd_sc_hd__clkbuf_16)
     9    0.02                           clknet_2_2__leaf_SCK (net)
                  0.04    0.00    0.30 ^ _487_/CLK (sky130_fd_sc_hd__dfrtp_1)
                          0.25    0.55   clock uncertainty
                          0.00    0.55   clock reconvergence pessimism
                          0.33    0.88   library removal time
                                  0.88   data required time
-----------------------------------------------------------------------------
                                  0.88   data required time
                                 -2.29   data arrival time
-----------------------------------------------------------------------------
                                  1.41   slack (MET)


Startpoint: CSB (input port clocked by SCK)
Endpoint: _489_ (removal check against rising-edge clock SCK)
Path Group: asynchronous
Path Type: min

Fanout     Cap    Slew   Delay    Time   Description
-----------------------------------------------------------------------------
                          0.00    0.00   clock SCK (rise edge)
                          0.00    0.00   clock network delay (propagated)
                          2.00    2.00 v input external delay
                  0.01    0.00    2.00 v CSB (in)
     1    0.00                           CSB (net)
                  0.01    0.00    2.00 v input1/A (sky130_fd_sc_hd__clkbuf_1)
                  0.02    0.06    2.06 v input1/X (sky130_fd_sc_hd__clkbuf_1)
     1    0.00                           net1 (net)
                  0.02    0.00    2.06 v _224_/A (sky130_fd_sc_hd__buf_2)
                  0.06    0.13    2.20 v _224_/X (sky130_fd_sc_hd__buf_2)
     9    0.02                           _102_ (net)
                  0.06    0.00    2.20 v _444_/B (sky130_fd_sc_hd__nor2_1)
                  0.09    0.09    2.29 ^ _444_/Y (sky130_fd_sc_hd__nor2_1)
     1    0.00                           _043_ (net)
                  0.09    0.00    2.29 ^ _489_/RESET_B (sky130_fd_sc_hd__dfrtp_1)
                                  2.29   data arrival time

                          0.00    0.00   clock SCK (rise edge)
                          0.00    0.00   clock source latency
                  0.04    0.03    0.03 ^ SCK (in)
     1    0.01                           SCK (net)
                  0.04    0.00    0.03 ^ clkbuf_0_SCK/A (sky130_fd_sc_hd__clkbuf_16)
                  0.05    0.14    0.17 ^ clkbuf_0_SCK/X (sky130_fd_sc_hd__clkbuf_16)
     4    0.03                           clknet_0_SCK (net)
                  0.05    0.00    0.17 ^ clkbuf_2_2__f_SCK/A (sky130_fd_sc_hd__clkbuf_16)
                  0.04    0.13    0.30 ^ clkbuf_2_2__f_SCK/X (sky130_fd_sc_hd__clkbuf_16)
     9    0.02                           clknet_2_2__leaf_SCK (net)
                  0.04    0.00    0.30 ^ _489_/CLK (sky130_fd_sc_hd__dfrtp_1)
                          0.25    0.55   clock uncertainty
                          0.00    0.55   clock reconvergence pessimism
                          0.33    0.88   library removal time
                                  0.88   data required time
-----------------------------------------------------------------------------
                                  0.88   data required time
                                 -2.29   data arrival time
-----------------------------------------------------------------------------
                                  1.41   slack (MET)


Startpoint: CSB (input port clocked by SCK)
Endpoint: _490_ (removal check against rising-edge clock SCK)
Path Group: asynchronous
Path Type: min

Fanout     Cap    Slew   Delay    Time   Description
-----------------------------------------------------------------------------
                          0.00    0.00   clock SCK (rise edge)
                          0.00    0.00   clock network delay (propagated)
                          2.00    2.00 v input external delay
                  0.01    0.00    2.00 v CSB (in)
     1    0.00                           CSB (net)
                  0.01    0.00    2.00 v input1/A (sky130_fd_sc_hd__clkbuf_1)
                  0.02    0.06    2.06 v input1/X (sky130_fd_sc_hd__clkbuf_1)
     1    0.00                           net1 (net)
                  0.02    0.00    2.06 v _224_/A (sky130_fd_sc_hd__buf_2)
                  0.06    0.13    2.20 v _224_/X (sky130_fd_sc_hd__buf_2)
     9    0.02                           _102_ (net)
                  0.06    0.00    2.20 v _445_/B (sky130_fd_sc_hd__nor2_1)
                  0.09    0.09    2.29 ^ _445_/Y (sky130_fd_sc_hd__nor2_1)
     1    0.00                           _044_ (net)
                  0.09    0.00    2.29 ^ _490_/RESET_B (sky130_fd_sc_hd__dfrtp_1)
                                  2.29   data arrival time

                          0.00    0.00   clock SCK (rise edge)
                          0.00    0.00   clock source latency
                  0.04    0.03    0.03 ^ SCK (in)
     1    0.01                           SCK (net)
                  0.04    0.00    0.03 ^ clkbuf_0_SCK/A (sky130_fd_sc_hd__clkbuf_16)
                  0.05    0.14    0.17 ^ clkbuf_0_SCK/X (sky130_fd_sc_hd__clkbuf_16)
     4    0.03                           clknet_0_SCK (net)
                  0.05    0.00    0.17 ^ clkbuf_2_3__f_SCK/A (sky130_fd_sc_hd__clkbuf_16)
                  0.04    0.13    0.30 ^ clkbuf_2_3__f_SCK/X (sky130_fd_sc_hd__clkbuf_16)
     6    0.01                           clknet_2_3__leaf_SCK (net)
                  0.04    0.00    0.30 ^ _490_/CLK (sky130_fd_sc_hd__dfrtp_1)
                          0.25    0.55   clock uncertainty
                          0.00    0.55   clock reconvergence pessimism
                          0.33    0.88   library removal time
                                  0.88   data required time
-----------------------------------------------------------------------------
                                  0.88   data required time
                                 -2.29   data arrival time
-----------------------------------------------------------------------------
                                  1.41   slack (MET)


Startpoint: CSB (input port clocked by SCK)
Endpoint: _468_ (removal check against rising-edge clock SCK)
Path Group: asynchronous
Path Type: min

Fanout     Cap    Slew   Delay    Time   Description
-----------------------------------------------------------------------------
                          0.00    0.00   clock SCK (rise edge)
                          0.00    0.00   clock network delay (propagated)
                          2.00    2.00 v input external delay
                  0.01    0.00    2.00 v CSB (in)
     1    0.00                           CSB (net)
                  0.01    0.00    2.00 v input1/A (sky130_fd_sc_hd__clkbuf_1)
                  0.02    0.06    2.06 v input1/X (sky130_fd_sc_hd__clkbuf_1)
     1    0.00                           net1 (net)
                  0.02    0.00    2.06 v _224_/A (sky130_fd_sc_hd__buf_2)
                  0.06    0.13    2.20 v _224_/X (sky130_fd_sc_hd__buf_2)
     9    0.02                           _102_ (net)
                  0.06    0.00    2.20 v _415_/A (sky130_fd_sc_hd__clkbuf_4)
                  0.06    0.16    2.36 v _415_/X (sky130_fd_sc_hd__clkbuf_4)
    10    0.02                           _218_ (net)
                  0.06    0.00    2.36 v _420_/B (sky130_fd_sc_hd__nor2_1)
                  0.09    0.09    2.45 ^ _420_/Y (sky130_fd_sc_hd__nor2_1)
     1    0.00                           _020_ (net)
                  0.09    0.00    2.45 ^ _468_/RESET_B (sky130_fd_sc_hd__dfrtp_4)
                                  2.45   data arrival time

                          0.00    0.00   clock SCK (rise edge)
                          0.00    0.00   clock source latency
                  0.04    0.03    0.03 ^ SCK (in)
     1    0.01                           SCK (net)
                  0.04    0.00    0.03 ^ clkbuf_0_SCK/A (sky130_fd_sc_hd__clkbuf_16)
                  0.05    0.14    0.17 ^ clkbuf_0_SCK/X (sky130_fd_sc_hd__clkbuf_16)
     4    0.03                           clknet_0_SCK (net)
                  0.05    0.00    0.17 ^ clkbuf_2_1__f_SCK/A (sky130_fd_sc_hd__clkbuf_16)
                  0.05    0.14    0.31 ^ clkbuf_2_1__f_SCK/X (sky130_fd_sc_hd__clkbuf_16)
    12    0.02                           clknet_2_1__leaf_SCK (net)
                  0.05    0.00    0.31 ^ _468_/CLK (sky130_fd_sc_hd__dfrtp_4)
                          0.25    0.56   clock uncertainty
                          0.00    0.56   clock reconvergence pessimism
                          0.33    0.89   library removal time
                                  0.89   data required time
-----------------------------------------------------------------------------
                                  0.89   data required time
                                 -2.45   data arrival time
-----------------------------------------------------------------------------
                                  1.56   slack (MET)


Startpoint: CSB (input port clocked by SCK)
Endpoint: _469_ (removal check against rising-edge clock SCK)
Path Group: asynchronous
Path Type: min

Fanout     Cap    Slew   Delay    Time   Description
-----------------------------------------------------------------------------
                          0.00    0.00   clock SCK (rise edge)
                          0.00    0.00   clock network delay (propagated)
                          2.00    2.00 v input external delay
                  0.01    0.00    2.00 v CSB (in)
     1    0.00                           CSB (net)
                  0.01    0.00    2.00 v input1/A (sky130_fd_sc_hd__clkbuf_1)
                  0.02    0.06    2.06 v input1/X (sky130_fd_sc_hd__clkbuf_1)
     1    0.00                           net1 (net)
                  0.02    0.00    2.06 v _224_/A (sky130_fd_sc_hd__buf_2)
                  0.06    0.13    2.20 v _224_/X (sky130_fd_sc_hd__buf_2)
     9    0.02                           _102_ (net)
                  0.06    0.00    2.20 v _415_/A (sky130_fd_sc_hd__clkbuf_4)
                  0.06    0.16    2.36 v _415_/X (sky130_fd_sc_hd__clkbuf_4)
    10    0.02                           _218_ (net)
                  0.06    0.00    2.36 v _421_/B (sky130_fd_sc_hd__nor2_1)
                  0.09    0.09    2.45 ^ _421_/Y (sky130_fd_sc_hd__nor2_1)
     1    0.00                           _021_ (net)
                  0.09    0.00    2.45 ^ _469_/RESET_B (sky130_fd_sc_hd__dfrtp_4)
                                  2.45   data arrival time

                          0.00    0.00   clock SCK (rise edge)
                          0.00    0.00   clock source latency
                  0.04    0.03    0.03 ^ SCK (in)
     1    0.01                           SCK (net)
                  0.04    0.00    0.03 ^ clkbuf_0_SCK/A (sky130_fd_sc_hd__clkbuf_16)
                  0.05    0.14    0.17 ^ clkbuf_0_SCK/X (sky130_fd_sc_hd__clkbuf_16)
     4    0.03                           clknet_0_SCK (net)
                  0.05    0.00    0.17 ^ clkbuf_2_1__f_SCK/A (sky130_fd_sc_hd__clkbuf_16)
                  0.05    0.14    0.31 ^ clkbuf_2_1__f_SCK/X (sky130_fd_sc_hd__clkbuf_16)
    12    0.02                           clknet_2_1__leaf_SCK (net)
                  0.05    0.00    0.31 ^ _469_/CLK (sky130_fd_sc_hd__dfrtp_4)
                          0.25    0.56   clock uncertainty
                          0.00    0.56   clock reconvergence pessimism
                          0.33    0.89   library removal time
                                  0.89   data required time
-----------------------------------------------------------------------------
                                  0.89   data required time
                                 -2.45   data arrival time
-----------------------------------------------------------------------------
                                  1.56   slack (MET)


Startpoint: CSB (input port clocked by SCK)
Endpoint: _482_ (removal check against rising-edge clock SCK)
Path Group: asynchronous
Path Type: min

Fanout     Cap    Slew   Delay    Time   Description
-----------------------------------------------------------------------------
                          0.00    0.00   clock SCK (rise edge)
                          0.00    0.00   clock network delay (propagated)
                          2.00    2.00 v input external delay
                  0.01    0.00    2.00 v CSB (in)
     1    0.00                           CSB (net)
                  0.01    0.00    2.00 v input1/A (sky130_fd_sc_hd__clkbuf_1)
                  0.02    0.06    2.06 v input1/X (sky130_fd_sc_hd__clkbuf_1)
     1    0.00                           net1 (net)
                  0.02    0.00    2.06 v _224_/A (sky130_fd_sc_hd__buf_2)
                  0.06    0.13    2.20 v _224_/X (sky130_fd_sc_hd__buf_2)
     9    0.02                           _102_ (net)
                  0.06    0.00    2.20 v _427_/A (sky130_fd_sc_hd__clkbuf_4)
                  0.06    0.16    2.36 v _427_/X (sky130_fd_sc_hd__clkbuf_4)
    10    0.02                           _220_ (net)
                  0.06    0.00    2.36 v _436_/B (sky130_fd_sc_hd__nor2_1)
                  0.09    0.09    2.45 ^ _436_/Y (sky130_fd_sc_hd__nor2_1)
     1    0.00                           _034_ (net)
                  0.09    0.00    2.45 ^ _482_/RESET_B (sky130_fd_sc_hd__dfrtp_4)
                                  2.45   data arrival time

                          0.00    0.00   clock SCK (rise edge)
                          0.00    0.00   clock source latency
                  0.04    0.03    0.03 ^ SCK (in)
     1    0.01                           SCK (net)
                  0.04    0.00    0.03 ^ clkbuf_0_SCK/A (sky130_fd_sc_hd__clkbuf_16)
                  0.05    0.14    0.17 ^ clkbuf_0_SCK/X (sky130_fd_sc_hd__clkbuf_16)
     4    0.03                           clknet_0_SCK (net)
                  0.05    0.00    0.17 ^ clkbuf_2_1__f_SCK/A (sky130_fd_sc_hd__clkbuf_16)
                  0.05    0.14    0.31 ^ clkbuf_2_1__f_SCK/X (sky130_fd_sc_hd__clkbuf_16)
    12    0.02                           clknet_2_1__leaf_SCK (net)
                  0.05    0.00    0.31 ^ _482_/CLK (sky130_fd_sc_hd__dfrtp_4)
                          0.25    0.56   clock uncertainty
                          0.00    0.56   clock reconvergence pessimism
                          0.33    0.89   library removal time
                                  0.89   data required time
-----------------------------------------------------------------------------
                                  0.89   data required time
                                 -2.45   data arrival time
-----------------------------------------------------------------------------
                                  1.56   slack (MET)


Startpoint: CSB (input port clocked by SCK)
Endpoint: _467_ (removal check against rising-edge clock SCK)
Path Group: asynchronous
Path Type: min

Fanout     Cap    Slew   Delay    Time   Description
-----------------------------------------------------------------------------
                          0.00    0.00   clock SCK (rise edge)
                          0.00    0.00   clock network delay (propagated)
                          2.00    2.00 v input external delay
                  0.01    0.00    2.00 v CSB (in)
     1    0.00                           CSB (net)
                  0.01    0.00    2.00 v input1/A (sky130_fd_sc_hd__clkbuf_1)
                  0.02    0.06    2.06 v input1/X (sky130_fd_sc_hd__clkbuf_1)
     1    0.00                           net1 (net)
                  0.02    0.00    2.06 v _224_/A (sky130_fd_sc_hd__buf_2)
                  0.06    0.13    2.20 v _224_/X (sky130_fd_sc_hd__buf_2)
     9    0.02                           _102_ (net)
                  0.06    0.00    2.20 v _415_/A (sky130_fd_sc_hd__clkbuf_4)
                  0.06    0.16    2.36 v _415_/X (sky130_fd_sc_hd__clkbuf_4)
    10    0.02                           _218_ (net)
                  0.06    0.00    2.36 v _419_/B (sky130_fd_sc_hd__nor2_1)
                  0.09    0.09    2.45 ^ _419_/Y (sky130_fd_sc_hd__nor2_1)
     1    0.00                           _019_ (net)
                  0.09    0.00    2.45 ^ _467_/RESET_B (sky130_fd_sc_hd__dfrtp_1)
                                  2.45   data arrival time

                          0.00    0.00   clock SCK (rise edge)
                          0.00    0.00   clock source latency
                  0.04    0.03    0.03 ^ SCK (in)
     1    0.01                           SCK (net)
                  0.04    0.00    0.03 ^ clkbuf_0_SCK/A (sky130_fd_sc_hd__clkbuf_16)
                  0.05    0.14    0.17 ^ clkbuf_0_SCK/X (sky130_fd_sc_hd__clkbuf_16)
     4    0.03                           clknet_0_SCK (net)
                  0.05    0.00    0.17 ^ clkbuf_2_1__f_SCK/A (sky130_fd_sc_hd__clkbuf_16)
                  0.05    0.14    0.31 ^ clkbuf_2_1__f_SCK/X (sky130_fd_sc_hd__clkbuf_16)
    12    0.02                           clknet_2_1__leaf_SCK (net)
                  0.05    0.00    0.31 ^ _467_/CLK (sky130_fd_sc_hd__dfrtp_1)
                          0.25    0.56   clock uncertainty
                          0.00    0.56   clock reconvergence pessimism
                          0.33    0.89   library removal time
                                  0.89   data required time
-----------------------------------------------------------------------------
                                  0.89   data required time
                                 -2.45   data arrival time
-----------------------------------------------------------------------------
                                  1.56   slack (MET)


Startpoint: CSB (input port clocked by SCK)
Endpoint: _470_ (removal check against rising-edge clock SCK)
Path Group: asynchronous
Path Type: min

Fanout     Cap    Slew   Delay    Time   Description
-----------------------------------------------------------------------------
                          0.00    0.00   clock SCK (rise edge)
                          0.00    0.00   clock network delay (propagated)
                          2.00    2.00 v input external delay
                  0.01    0.00    2.00 v CSB (in)
     1    0.00                           CSB (net)
                  0.01    0.00    2.00 v input1/A (sky130_fd_sc_hd__clkbuf_1)
                  0.02    0.06    2.06 v input1/X (sky130_fd_sc_hd__clkbuf_1)
     1    0.00                           net1 (net)
                  0.02    0.00    2.06 v _224_/A (sky130_fd_sc_hd__buf_2)
                  0.06    0.13    2.20 v _224_/X (sky130_fd_sc_hd__buf_2)
     9    0.02                           _102_ (net)
                  0.06    0.00    2.20 v _415_/A (sky130_fd_sc_hd__clkbuf_4)
                  0.06    0.16    2.36 v _415_/X (sky130_fd_sc_hd__clkbuf_4)
    10    0.02                           _218_ (net)
                  0.06    0.00    2.36 v _422_/B (sky130_fd_sc_hd__nor2_1)
                  0.09    0.09    2.45 ^ _422_/Y (sky130_fd_sc_hd__nor2_1)
     1    0.00                           _022_ (net)
                  0.09    0.00    2.45 ^ _470_/RESET_B (sky130_fd_sc_hd__dfrtp_1)
                                  2.45   data arrival time

                          0.00    0.00   clock SCK (rise edge)
                          0.00    0.00   clock source latency
                  0.04    0.03    0.03 ^ SCK (in)
     1    0.01                           SCK (net)
                  0.04    0.00    0.03 ^ clkbuf_0_SCK/A (sky130_fd_sc_hd__clkbuf_16)
                  0.05    0.14    0.17 ^ clkbuf_0_SCK/X (sky130_fd_sc_hd__clkbuf_16)
     4    0.03                           clknet_0_SCK (net)
                  0.05    0.00    0.17 ^ clkbuf_2_1__f_SCK/A (sky130_fd_sc_hd__clkbuf_16)
                  0.05    0.14    0.31 ^ clkbuf_2_1__f_SCK/X (sky130_fd_sc_hd__clkbuf_16)
    12    0.02                           clknet_2_1__leaf_SCK (net)
                  0.05    0.00    0.31 ^ _470_/CLK (sky130_fd_sc_hd__dfrtp_1)
                          0.25    0.56   clock uncertainty
                          0.00    0.56   clock reconvergence pessimism
                          0.33    0.89   library removal time
                                  0.89   data required time
-----------------------------------------------------------------------------
                                  0.89   data required time
                                 -2.45   data arrival time
-----------------------------------------------------------------------------
                                  1.56   slack (MET)


Startpoint: CSB (input port clocked by SCK)
Endpoint: _471_ (removal check against rising-edge clock SCK)
Path Group: asynchronous
Path Type: min

Fanout     Cap    Slew   Delay    Time   Description
-----------------------------------------------------------------------------
                          0.00    0.00   clock SCK (rise edge)
                          0.00    0.00   clock network delay (propagated)
                          2.00    2.00 v input external delay
                  0.01    0.00    2.00 v CSB (in)
     1    0.00                           CSB (net)
                  0.01    0.00    2.00 v input1/A (sky130_fd_sc_hd__clkbuf_1)
                  0.02    0.06    2.06 v input1/X (sky130_fd_sc_hd__clkbuf_1)
     1    0.00                           net1 (net)
                  0.02    0.00    2.06 v _224_/A (sky130_fd_sc_hd__buf_2)
                  0.06    0.13    2.20 v _224_/X (sky130_fd_sc_hd__buf_2)
     9    0.02                           _102_ (net)
                  0.06    0.00    2.20 v _415_/A (sky130_fd_sc_hd__clkbuf_4)
                  0.06    0.16    2.36 v _415_/X (sky130_fd_sc_hd__clkbuf_4)
    10    0.02                           _218_ (net)
                  0.06    0.00    2.36 v _423_/B (sky130_fd_sc_hd__nor2_1)
                  0.09    0.09    2.45 ^ _423_/Y (sky130_fd_sc_hd__nor2_1)
     1    0.00                           _023_ (net)
                  0.09    0.00    2.45 ^ _471_/RESET_B (sky130_fd_sc_hd__dfrtp_1)
                                  2.45   data arrival time

                          0.00    0.00   clock SCK (rise edge)
                          0.00    0.00   clock source latency
                  0.04    0.03    0.03 ^ SCK (in)
     1    0.01                           SCK (net)
                  0.04    0.00    0.03 ^ clkbuf_0_SCK/A (sky130_fd_sc_hd__clkbuf_16)
                  0.05    0.14    0.17 ^ clkbuf_0_SCK/X (sky130_fd_sc_hd__clkbuf_16)
     4    0.03                           clknet_0_SCK (net)
                  0.05    0.00    0.17 ^ clkbuf_2_1__f_SCK/A (sky130_fd_sc_hd__clkbuf_16)
                  0.05    0.14    0.31 ^ clkbuf_2_1__f_SCK/X (sky130_fd_sc_hd__clkbuf_16)
    12    0.02                           clknet_2_1__leaf_SCK (net)
                  0.05    0.00    0.31 ^ _471_/CLK (sky130_fd_sc_hd__dfrtp_1)
                          0.25    0.56   clock uncertainty
                          0.00    0.56   clock reconvergence pessimism
                          0.33    0.89   library removal time
                                  0.89   data required time
-----------------------------------------------------------------------------
                                  0.89   data required time
                                 -2.45   data arrival time
-----------------------------------------------------------------------------
                                  1.56   slack (MET)


Startpoint: CSB (input port clocked by SCK)
Endpoint: _475_ (removal check against rising-edge clock SCK)
Path Group: asynchronous
Path Type: min

Fanout     Cap    Slew   Delay    Time   Description
-----------------------------------------------------------------------------
                          0.00    0.00   clock SCK (rise edge)
                          0.00    0.00   clock network delay (propagated)
                          2.00    2.00 v input external delay
                  0.01    0.00    2.00 v CSB (in)
     1    0.00                           CSB (net)
                  0.01    0.00    2.00 v input1/A (sky130_fd_sc_hd__clkbuf_1)
                  0.02    0.06    2.06 v input1/X (sky130_fd_sc_hd__clkbuf_1)
     1    0.00                           net1 (net)
                  0.02    0.00    2.06 v _224_/A (sky130_fd_sc_hd__buf_2)
                  0.06    0.13    2.20 v _224_/X (sky130_fd_sc_hd__buf_2)
     9    0.02                           _102_ (net)
                  0.06    0.00    2.20 v _427_/A (sky130_fd_sc_hd__clkbuf_4)
                  0.06    0.16    2.36 v _427_/X (sky130_fd_sc_hd__clkbuf_4)
    10    0.02                           _220_ (net)
                  0.06    0.00    2.36 v _429_/B (sky130_fd_sc_hd__nor2_1)
                  0.09    0.09    2.45 ^ _429_/Y (sky130_fd_sc_hd__nor2_1)
     1    0.00                           _027_ (net)
                  0.09    0.00    2.45 ^ _475_/RESET_B (sky130_fd_sc_hd__dfrtp_1)
                                  2.45   data arrival time

                          0.00    0.00   clock SCK (rise edge)
                          0.00    0.00   clock source latency
                  0.04    0.03    0.03 ^ SCK (in)
     1    0.01                           SCK (net)
                  0.04    0.00    0.03 ^ clkbuf_0_SCK/A (sky130_fd_sc_hd__clkbuf_16)
                  0.05    0.14    0.17 ^ clkbuf_0_SCK/X (sky130_fd_sc_hd__clkbuf_16)
     4    0.03                           clknet_0_SCK (net)
                  0.05    0.00    0.17 ^ clkbuf_2_1__f_SCK/A (sky130_fd_sc_hd__clkbuf_16)
                  0.05    0.14    0.31 ^ clkbuf_2_1__f_SCK/X (sky130_fd_sc_hd__clkbuf_16)
    12    0.02                           clknet_2_1__leaf_SCK (net)
                  0.05    0.00    0.31 ^ _475_/CLK (sky130_fd_sc_hd__dfrtp_1)
                          0.25    0.56   clock uncertainty
                          0.00    0.56   clock reconvergence pessimism
                          0.33    0.89   library removal time
                                  0.89   data required time
-----------------------------------------------------------------------------
                                  0.89   data required time
                                 -2.45   data arrival time
-----------------------------------------------------------------------------
                                  1.56   slack (MET)


Startpoint: CSB (input port clocked by SCK)
Endpoint: _476_ (removal check against rising-edge clock SCK)
Path Group: asynchronous
Path Type: min

Fanout     Cap    Slew   Delay    Time   Description
-----------------------------------------------------------------------------
                          0.00    0.00   clock SCK (rise edge)
                          0.00    0.00   clock network delay (propagated)
                          2.00    2.00 v input external delay
                  0.01    0.00    2.00 v CSB (in)
     1    0.00                           CSB (net)
                  0.01    0.00    2.00 v input1/A (sky130_fd_sc_hd__clkbuf_1)
                  0.02    0.06    2.06 v input1/X (sky130_fd_sc_hd__clkbuf_1)
     1    0.00                           net1 (net)
                  0.02    0.00    2.06 v _224_/A (sky130_fd_sc_hd__buf_2)
                  0.06    0.13    2.20 v _224_/X (sky130_fd_sc_hd__buf_2)
     9    0.02                           _102_ (net)
                  0.06    0.00    2.20 v _427_/A (sky130_fd_sc_hd__clkbuf_4)
                  0.06    0.16    2.36 v _427_/X (sky130_fd_sc_hd__clkbuf_4)
    10    0.02                           _220_ (net)
                  0.06    0.00    2.36 v _430_/B (sky130_fd_sc_hd__nor2_1)
                  0.09    0.09    2.45 ^ _430_/Y (sky130_fd_sc_hd__nor2_1)
     1    0.00                           _028_ (net)
                  0.09    0.00    2.45 ^ _476_/RESET_B (sky130_fd_sc_hd__dfrtp_1)
                                  2.45   data arrival time

                          0.00    0.00   clock SCK (rise edge)
                          0.00    0.00   clock source latency
                  0.04    0.03    0.03 ^ SCK (in)
     1    0.01                           SCK (net)
                  0.04    0.00    0.03 ^ clkbuf_0_SCK/A (sky130_fd_sc_hd__clkbuf_16)
                  0.05    0.14    0.17 ^ clkbuf_0_SCK/X (sky130_fd_sc_hd__clkbuf_16)
     4    0.03                           clknet_0_SCK (net)
                  0.05    0.00    0.17 ^ clkbuf_2_1__f_SCK/A (sky130_fd_sc_hd__clkbuf_16)
                  0.05    0.14    0.31 ^ clkbuf_2_1__f_SCK/X (sky130_fd_sc_hd__clkbuf_16)
    12    0.02                           clknet_2_1__leaf_SCK (net)
                  0.05    0.00    0.31 ^ _476_/CLK (sky130_fd_sc_hd__dfrtp_1)
                          0.25    0.56   clock uncertainty
                          0.00    0.56   clock reconvergence pessimism
                          0.33    0.89   library removal time
                                  0.89   data required time
-----------------------------------------------------------------------------
                                  0.89   data required time
                                 -2.45   data arrival time
-----------------------------------------------------------------------------
                                  1.56   slack (MET)


Startpoint: CSB (input port clocked by SCK)
Endpoint: _477_ (removal check against rising-edge clock SCK)
Path Group: asynchronous
Path Type: min

Fanout     Cap    Slew   Delay    Time   Description
-----------------------------------------------------------------------------
                          0.00    0.00   clock SCK (rise edge)
                          0.00    0.00   clock network delay (propagated)
                          2.00    2.00 v input external delay
                  0.01    0.00    2.00 v CSB (in)
     1    0.00                           CSB (net)
                  0.01    0.00    2.00 v input1/A (sky130_fd_sc_hd__clkbuf_1)
                  0.02    0.06    2.06 v input1/X (sky130_fd_sc_hd__clkbuf_1)
     1    0.00                           net1 (net)
                  0.02    0.00    2.06 v _224_/A (sky130_fd_sc_hd__buf_2)
                  0.06    0.13    2.20 v _224_/X (sky130_fd_sc_hd__buf_2)
     9    0.02                           _102_ (net)
                  0.06    0.00    2.20 v _427_/A (sky130_fd_sc_hd__clkbuf_4)
                  0.06    0.16    2.36 v _427_/X (sky130_fd_sc_hd__clkbuf_4)
    10    0.02                           _220_ (net)
                  0.06    0.00    2.36 v _431_/B (sky130_fd_sc_hd__nor2_1)
                  0.09    0.09    2.45 ^ _431_/Y (sky130_fd_sc_hd__nor2_1)
     1    0.00                           _029_ (net)
                  0.09    0.00    2.45 ^ _477_/RESET_B (sky130_fd_sc_hd__dfrtp_1)
                                  2.45   data arrival time

                          0.00    0.00   clock SCK (rise edge)
                          0.00    0.00   clock source latency
                  0.04    0.03    0.03 ^ SCK (in)
     1    0.01                           SCK (net)
                  0.04    0.00    0.03 ^ clkbuf_0_SCK/A (sky130_fd_sc_hd__clkbuf_16)
                  0.05    0.14    0.17 ^ clkbuf_0_SCK/X (sky130_fd_sc_hd__clkbuf_16)
     4    0.03                           clknet_0_SCK (net)
                  0.05    0.00    0.17 ^ clkbuf_2_1__f_SCK/A (sky130_fd_sc_hd__clkbuf_16)
                  0.05    0.14    0.31 ^ clkbuf_2_1__f_SCK/X (sky130_fd_sc_hd__clkbuf_16)
    12    0.02                           clknet_2_1__leaf_SCK (net)
                  0.05    0.00    0.31 ^ _477_/CLK (sky130_fd_sc_hd__dfrtp_1)
                          0.25    0.56   clock uncertainty
                          0.00    0.56   clock reconvergence pessimism
                          0.33    0.89   library removal time
                                  0.89   data required time
-----------------------------------------------------------------------------
                                  0.89   data required time
                                 -2.45   data arrival time
-----------------------------------------------------------------------------
                                  1.56   slack (MET)


Startpoint: CSB (input port clocked by SCK)
Endpoint: _478_ (removal check against rising-edge clock SCK)
Path Group: asynchronous
Path Type: min

Fanout     Cap    Slew   Delay    Time   Description
-----------------------------------------------------------------------------
                          0.00    0.00   clock SCK (rise edge)
                          0.00    0.00   clock network delay (propagated)
                          2.00    2.00 v input external delay
                  0.01    0.00    2.00 v CSB (in)
     1    0.00                           CSB (net)
                  0.01    0.00    2.00 v input1/A (sky130_fd_sc_hd__clkbuf_1)
                  0.02    0.06    2.06 v input1/X (sky130_fd_sc_hd__clkbuf_1)
     1    0.00                           net1 (net)
                  0.02    0.00    2.06 v _224_/A (sky130_fd_sc_hd__buf_2)
                  0.06    0.13    2.20 v _224_/X (sky130_fd_sc_hd__buf_2)
     9    0.02                           _102_ (net)
                  0.06    0.00    2.20 v _427_/A (sky130_fd_sc_hd__clkbuf_4)
                  0.06    0.16    2.36 v _427_/X (sky130_fd_sc_hd__clkbuf_4)
    10    0.02                           _220_ (net)
                  0.06    0.00    2.36 v _432_/B (sky130_fd_sc_hd__nor2_1)
                  0.09    0.09    2.45 ^ _432_/Y (sky130_fd_sc_hd__nor2_1)
     1    0.00                           _030_ (net)
                  0.09    0.00    2.45 ^ _478_/RESET_B (sky130_fd_sc_hd__dfrtp_1)
                                  2.45   data arrival time

                          0.00    0.00   clock SCK (rise edge)
                          0.00    0.00   clock source latency
                  0.04    0.03    0.03 ^ SCK (in)
     1    0.01                           SCK (net)
                  0.04    0.00    0.03 ^ clkbuf_0_SCK/A (sky130_fd_sc_hd__clkbuf_16)
                  0.05    0.14    0.17 ^ clkbuf_0_SCK/X (sky130_fd_sc_hd__clkbuf_16)
     4    0.03                           clknet_0_SCK (net)
                  0.05    0.00    0.17 ^ clkbuf_2_1__f_SCK/A (sky130_fd_sc_hd__clkbuf_16)
                  0.05    0.14    0.31 ^ clkbuf_2_1__f_SCK/X (sky130_fd_sc_hd__clkbuf_16)
    12    0.02                           clknet_2_1__leaf_SCK (net)
                  0.05    0.00    0.31 ^ _478_/CLK (sky130_fd_sc_hd__dfrtp_1)
                          0.25    0.56   clock uncertainty
                          0.00    0.56   clock reconvergence pessimism
                          0.33    0.89   library removal time
                                  0.89   data required time
-----------------------------------------------------------------------------
                                  0.89   data required time
                                 -2.45   data arrival time
-----------------------------------------------------------------------------
                                  1.56   slack (MET)


Startpoint: CSB (input port clocked by SCK)
Endpoint: _479_ (removal check against rising-edge clock SCK)
Path Group: asynchronous
Path Type: min

Fanout     Cap    Slew   Delay    Time   Description
-----------------------------------------------------------------------------
                          0.00    0.00   clock SCK (rise edge)
                          0.00    0.00   clock network delay (propagated)
                          2.00    2.00 v input external delay
                  0.01    0.00    2.00 v CSB (in)
     1    0.00                           CSB (net)
                  0.01    0.00    2.00 v input1/A (sky130_fd_sc_hd__clkbuf_1)
                  0.02    0.06    2.06 v input1/X (sky130_fd_sc_hd__clkbuf_1)
     1    0.00                           net1 (net)
                  0.02    0.00    2.06 v _224_/A (sky130_fd_sc_hd__buf_2)
                  0.06    0.13    2.20 v _224_/X (sky130_fd_sc_hd__buf_2)
     9    0.02                           _102_ (net)
                  0.06    0.00    2.20 v _427_/A (sky130_fd_sc_hd__clkbuf_4)
                  0.06    0.16    2.36 v _427_/X (sky130_fd_sc_hd__clkbuf_4)
    10    0.02                           _220_ (net)
                  0.06    0.00    2.36 v _433_/B (sky130_fd_sc_hd__nor2_1)
                  0.09    0.09    2.45 ^ _433_/Y (sky130_fd_sc_hd__nor2_1)
     1    0.00                           _031_ (net)
                  0.09    0.00    2.45 ^ _479_/RESET_B (sky130_fd_sc_hd__dfrtp_1)
                                  2.45   data arrival time

                          0.00    0.00   clock SCK (rise edge)
                          0.00    0.00   clock source latency
                  0.04    0.03    0.03 ^ SCK (in)
     1    0.01                           SCK (net)
                  0.04    0.00    0.03 ^ clkbuf_0_SCK/A (sky130_fd_sc_hd__clkbuf_16)
                  0.05    0.14    0.17 ^ clkbuf_0_SCK/X (sky130_fd_sc_hd__clkbuf_16)
     4    0.03                           clknet_0_SCK (net)
                  0.05    0.00    0.17 ^ clkbuf_2_1__f_SCK/A (sky130_fd_sc_hd__clkbuf_16)
                  0.05    0.14    0.31 ^ clkbuf_2_1__f_SCK/X (sky130_fd_sc_hd__clkbuf_16)
    12    0.02                           clknet_2_1__leaf_SCK (net)
                  0.05    0.00    0.31 ^ _479_/CLK (sky130_fd_sc_hd__dfrtp_1)
                          0.25    0.56   clock uncertainty
                          0.00    0.56   clock reconvergence pessimism
                          0.33    0.89   library removal time
                                  0.89   data required time
-----------------------------------------------------------------------------
                                  0.89   data required time
                                 -2.45   data arrival time
-----------------------------------------------------------------------------
                                  1.56   slack (MET)


Startpoint: CSB (input port clocked by SCK)
Endpoint: _484_ (removal check against rising-edge clock SCK)
Path Group: asynchronous
Path Type: min

Fanout     Cap    Slew   Delay    Time   Description
-----------------------------------------------------------------------------
                          0.00    0.00   clock SCK (rise edge)
                          0.00    0.00   clock network delay (propagated)
                          2.00    2.00 v input external delay
                  0.01    0.00    2.00 v CSB (in)
     1    0.00                           CSB (net)
                  0.01    0.00    2.00 v input1/A (sky130_fd_sc_hd__clkbuf_1)
                  0.02    0.06    2.06 v input1/X (sky130_fd_sc_hd__clkbuf_1)
     1    0.00                           net1 (net)
                  0.02    0.00    2.06 v _224_/A (sky130_fd_sc_hd__buf_2)
                  0.06    0.13    2.20 v _224_/X (sky130_fd_sc_hd__buf_2)
     9    0.02                           _102_ (net)
                  0.06    0.00    2.20 v _427_/A (sky130_fd_sc_hd__clkbuf_4)
                  0.06    0.16    2.36 v _427_/X (sky130_fd_sc_hd__clkbuf_4)
    10    0.02                           _220_ (net)
                  0.06    0.00    2.36 v _439_/B (sky130_fd_sc_hd__nor2_1)
                  0.09    0.09    2.45 ^ _439_/Y (sky130_fd_sc_hd__nor2_1)
     1    0.00                           _037_ (net)
                  0.09    0.00    2.45 ^ _484_/RESET_B (sky130_fd_sc_hd__dfrtp_1)
                                  2.45   data arrival time

                          0.00    0.00   clock SCK (rise edge)
                          0.00    0.00   clock source latency
                  0.04    0.03    0.03 ^ SCK (in)
     1    0.01                           SCK (net)
                  0.04    0.00    0.03 ^ clkbuf_0_SCK/A (sky130_fd_sc_hd__clkbuf_16)
                  0.05    0.14    0.17 ^ clkbuf_0_SCK/X (sky130_fd_sc_hd__clkbuf_16)
     4    0.03                           clknet_0_SCK (net)
                  0.05    0.00    0.17 ^ clkbuf_2_1__f_SCK/A (sky130_fd_sc_hd__clkbuf_16)
                  0.05    0.14    0.31 ^ clkbuf_2_1__f_SCK/X (sky130_fd_sc_hd__clkbuf_16)
    12    0.02                           clknet_2_1__leaf_SCK (net)
                  0.05    0.00    0.31 ^ _484_/CLK (sky130_fd_sc_hd__dfrtp_1)
                          0.25    0.56   clock uncertainty
                          0.00    0.56   clock reconvergence pessimism
                          0.33    0.89   library removal time
                                  0.89   data required time
-----------------------------------------------------------------------------
                                  0.89   data required time
                                 -2.45   data arrival time
-----------------------------------------------------------------------------
                                  1.56   slack (MET)


Startpoint: CSB (input port clocked by SCK)
Endpoint: _464_ (removal check against rising-edge clock SCK)
Path Group: asynchronous
Path Type: min

Fanout     Cap    Slew   Delay    Time   Description
-----------------------------------------------------------------------------
                          0.00    0.00   clock SCK (rise edge)
                          0.00    0.00   clock network delay (propagated)
                          2.00    2.00 v input external delay
                  0.01    0.00    2.00 v CSB (in)
     1    0.00                           CSB (net)
                  0.01    0.00    2.00 v input1/A (sky130_fd_sc_hd__clkbuf_1)
                  0.02    0.06    2.06 v input1/X (sky130_fd_sc_hd__clkbuf_1)
     1    0.00                           net1 (net)
                  0.02    0.00    2.06 v _224_/A (sky130_fd_sc_hd__buf_2)
                  0.06    0.13    2.20 v _224_/X (sky130_fd_sc_hd__buf_2)
     9    0.02                           _102_ (net)
                  0.06    0.00    2.20 v _415_/A (sky130_fd_sc_hd__clkbuf_4)
                  0.06    0.16    2.36 v _415_/X (sky130_fd_sc_hd__clkbuf_4)
    10    0.02                           _218_ (net)
                  0.06    0.00    2.36 v _416_/B (sky130_fd_sc_hd__nor2_1)
                  0.09    0.09    2.45 ^ _416_/Y (sky130_fd_sc_hd__nor2_1)
     1    0.00                           _016_ (net)
                  0.09    0.00    2.45 ^ _464_/RESET_B (sky130_fd_sc_hd__dfrtp_2)
                                  2.45   data arrival time

                          0.00    0.00   clock SCK (rise edge)
                          0.00    0.00   clock source latency
                  0.04    0.03    0.03 ^ SCK (in)
     1    0.01                           SCK (net)
                  0.04    0.00    0.03 ^ clkbuf_0_SCK/A (sky130_fd_sc_hd__clkbuf_16)
                  0.05    0.14    0.17 ^ clkbuf_0_SCK/X (sky130_fd_sc_hd__clkbuf_16)
     4    0.03                           clknet_0_SCK (net)
                  0.05    0.00    0.17 ^ clkbuf_2_0__f_SCK/A (sky130_fd_sc_hd__clkbuf_16)
                  0.04    0.13    0.30 ^ clkbuf_2_0__f_SCK/X (sky130_fd_sc_hd__clkbuf_16)
     9    0.02                           clknet_2_0__leaf_SCK (net)
                  0.04    0.00    0.30 ^ _464_/CLK (sky130_fd_sc_hd__dfrtp_2)
                          0.25    0.55   clock uncertainty
                          0.00    0.55   clock reconvergence pessimism
                          0.33    0.88   library removal time
                                  0.88   data required time
-----------------------------------------------------------------------------
                                  0.88   data required time
                                 -2.45   data arrival time
-----------------------------------------------------------------------------
                                  1.57   slack (MET)


Startpoint: CSB (input port clocked by SCK)
Endpoint: _473_ (removal check against rising-edge clock SCK)
Path Group: asynchronous
Path Type: min

Fanout     Cap    Slew   Delay    Time   Description
-----------------------------------------------------------------------------
                          0.00    0.00   clock SCK (rise edge)
                          0.00    0.00   clock network delay (propagated)
                          2.00    2.00 v input external delay
                  0.01    0.00    2.00 v CSB (in)
     1    0.00                           CSB (net)
                  0.01    0.00    2.00 v input1/A (sky130_fd_sc_hd__clkbuf_1)
                  0.02    0.06    2.06 v input1/X (sky130_fd_sc_hd__clkbuf_1)
     1    0.00                           net1 (net)
                  0.02    0.00    2.06 v _224_/A (sky130_fd_sc_hd__buf_2)
                  0.06    0.13    2.20 v _224_/X (sky130_fd_sc_hd__buf_2)
     9    0.02                           _102_ (net)
                  0.06    0.00    2.20 v _415_/A (sky130_fd_sc_hd__clkbuf_4)
                  0.06    0.16    2.36 v _415_/X (sky130_fd_sc_hd__clkbuf_4)
    10    0.02                           _218_ (net)
                  0.06    0.00    2.36 v _425_/B (sky130_fd_sc_hd__nor2_1)
                  0.09    0.09    2.45 ^ _425_/Y (sky130_fd_sc_hd__nor2_1)
     1    0.00                           _025_ (net)
                  0.09    0.00    2.45 ^ _473_/RESET_B (sky130_fd_sc_hd__dfrtp_2)
                                  2.45   data arrival time

                          0.00    0.00   clock SCK (rise edge)
                          0.00    0.00   clock source latency
                  0.04    0.03    0.03 ^ SCK (in)
     1    0.01                           SCK (net)
                  0.04    0.00    0.03 ^ clkbuf_0_SCK/A (sky130_fd_sc_hd__clkbuf_16)
                  0.05    0.14    0.17 ^ clkbuf_0_SCK/X (sky130_fd_sc_hd__clkbuf_16)
     4    0.03                           clknet_0_SCK (net)
                  0.05    0.00    0.17 ^ clkbuf_2_0__f_SCK/A (sky130_fd_sc_hd__clkbuf_16)
                  0.04    0.13    0.30 ^ clkbuf_2_0__f_SCK/X (sky130_fd_sc_hd__clkbuf_16)
     9    0.02                           clknet_2_0__leaf_SCK (net)
                  0.04    0.00    0.30 ^ _473_/CLK (sky130_fd_sc_hd__dfrtp_2)
                          0.25    0.55   clock uncertainty
                          0.00    0.55   clock reconvergence pessimism
                          0.33    0.88   library removal time
                                  0.88   data required time
-----------------------------------------------------------------------------
                                  0.88   data required time
                                 -2.45   data arrival time
-----------------------------------------------------------------------------
                                  1.57   slack (MET)


Startpoint: CSB (input port clocked by SCK)
Endpoint: _459_ (removal check against rising-edge clock SCK)
Path Group: asynchronous
Path Type: min

Fanout     Cap    Slew   Delay    Time   Description
-----------------------------------------------------------------------------
                          0.00    0.00   clock SCK (rise edge)
                          0.00    0.00   clock network delay (propagated)
                          2.00    2.00 v input external delay
                  0.01    0.00    2.00 v CSB (in)
     1    0.00                           CSB (net)
                  0.01    0.00    2.00 v input1/A (sky130_fd_sc_hd__clkbuf_1)
                  0.02    0.06    2.06 v input1/X (sky130_fd_sc_hd__clkbuf_1)
     1    0.00                           net1 (net)
                  0.02    0.00    2.06 v _224_/A (sky130_fd_sc_hd__buf_2)
                  0.06    0.13    2.20 v _224_/X (sky130_fd_sc_hd__buf_2)
     9    0.02                           _102_ (net)
                  0.06    0.00    2.20 v _403_/A (sky130_fd_sc_hd__clkbuf_4)
                  0.06    0.16    2.36 v _403_/X (sky130_fd_sc_hd__clkbuf_4)
    10    0.02                           _216_ (net)
                  0.06    0.00    2.36 v _409_/B (sky130_fd_sc_hd__nor2_1)
                  0.09    0.09    2.45 ^ _409_/Y (sky130_fd_sc_hd__nor2_1)
     1    0.00                           _011_ (net)
                  0.09    0.00    2.45 ^ _459_/RESET_B (sky130_fd_sc_hd__dfrtp_4)
                                  2.45   data arrival time

                          0.00    0.00   clock SCK (rise edge)
                          0.00    0.00   clock source latency
                  0.04    0.03    0.03 ^ SCK (in)
     1    0.01                           SCK (net)
                  0.04    0.00    0.03 ^ clkbuf_0_SCK/A (sky130_fd_sc_hd__clkbuf_16)
                  0.05    0.14    0.17 ^ clkbuf_0_SCK/X (sky130_fd_sc_hd__clkbuf_16)
     4    0.03                           clknet_0_SCK (net)
                  0.05    0.00    0.17 ^ clkbuf_2_2__f_SCK/A (sky130_fd_sc_hd__clkbuf_16)
                  0.04    0.13    0.30 ^ clkbuf_2_2__f_SCK/X (sky130_fd_sc_hd__clkbuf_16)
     9    0.02                           clknet_2_2__leaf_SCK (net)
                  0.04    0.00    0.30 ^ _459_/CLK (sky130_fd_sc_hd__dfrtp_4)
                          0.25    0.55   clock uncertainty
                          0.00    0.55   clock reconvergence pessimism
                          0.33    0.88   library removal time
                                  0.88   data required time
-----------------------------------------------------------------------------
                                  0.88   data required time
                                 -2.45   data arrival time
-----------------------------------------------------------------------------
                                  1.57   slack (MET)


Startpoint: CSB (input port clocked by SCK)
Endpoint: _460_ (removal check against rising-edge clock SCK)
Path Group: asynchronous
Path Type: min

Fanout     Cap    Slew   Delay    Time   Description
-----------------------------------------------------------------------------
                          0.00    0.00   clock SCK (rise edge)
                          0.00    0.00   clock network delay (propagated)
                          2.00    2.00 v input external delay
                  0.01    0.00    2.00 v CSB (in)
     1    0.00                           CSB (net)
                  0.01    0.00    2.00 v input1/A (sky130_fd_sc_hd__clkbuf_1)
                  0.02    0.06    2.06 v input1/X (sky130_fd_sc_hd__clkbuf_1)
     1    0.00                           net1 (net)
                  0.02    0.00    2.06 v _224_/A (sky130_fd_sc_hd__buf_2)
                  0.06    0.13    2.20 v _224_/X (sky130_fd_sc_hd__buf_2)
     9    0.02                           _102_ (net)
                  0.06    0.00    2.20 v _403_/A (sky130_fd_sc_hd__clkbuf_4)
                  0.06    0.16    2.36 v _403_/X (sky130_fd_sc_hd__clkbuf_4)
    10    0.02                           _216_ (net)
                  0.06    0.00    2.36 v _410_/B (sky130_fd_sc_hd__nor2_1)
                  0.09    0.09    2.45 ^ _410_/Y (sky130_fd_sc_hd__nor2_1)
     1    0.00                           _012_ (net)
                  0.09    0.00    2.45 ^ _460_/RESET_B (sky130_fd_sc_hd__dfrtp_4)
                                  2.45   data arrival time

                          0.00    0.00   clock SCK (rise edge)
                          0.00    0.00   clock source latency
                  0.04    0.03    0.03 ^ SCK (in)
     1    0.01                           SCK (net)
                  0.04    0.00    0.03 ^ clkbuf_0_SCK/A (sky130_fd_sc_hd__clkbuf_16)
                  0.05    0.14    0.17 ^ clkbuf_0_SCK/X (sky130_fd_sc_hd__clkbuf_16)
     4    0.03                           clknet_0_SCK (net)
                  0.05    0.00    0.17 ^ clkbuf_2_2__f_SCK/A (sky130_fd_sc_hd__clkbuf_16)
                  0.04    0.13    0.30 ^ clkbuf_2_2__f_SCK/X (sky130_fd_sc_hd__clkbuf_16)
     9    0.02                           clknet_2_2__leaf_SCK (net)
                  0.04    0.00    0.30 ^ _460_/CLK (sky130_fd_sc_hd__dfrtp_4)
                          0.25    0.55   clock uncertainty
                          0.00    0.55   clock reconvergence pessimism
                          0.33    0.88   library removal time
                                  0.88   data required time
-----------------------------------------------------------------------------
                                  0.88   data required time
                                 -2.45   data arrival time
-----------------------------------------------------------------------------
                                  1.57   slack (MET)


Startpoint: CSB (input port clocked by SCK)
Endpoint: _461_ (removal check against rising-edge clock SCK)
Path Group: asynchronous
Path Type: min

Fanout     Cap    Slew   Delay    Time   Description
-----------------------------------------------------------------------------
                          0.00    0.00   clock SCK (rise edge)
                          0.00    0.00   clock network delay (propagated)
                          2.00    2.00 v input external delay
                  0.01    0.00    2.00 v CSB (in)
     1    0.00                           CSB (net)
                  0.01    0.00    2.00 v input1/A (sky130_fd_sc_hd__clkbuf_1)
                  0.02    0.06    2.06 v input1/X (sky130_fd_sc_hd__clkbuf_1)
     1    0.00                           net1 (net)
                  0.02    0.00    2.06 v _224_/A (sky130_fd_sc_hd__buf_2)
                  0.06    0.13    2.20 v _224_/X (sky130_fd_sc_hd__buf_2)
     9    0.02                           _102_ (net)
                  0.06    0.00    2.20 v _403_/A (sky130_fd_sc_hd__clkbuf_4)
                  0.06    0.16    2.36 v _403_/X (sky130_fd_sc_hd__clkbuf_4)
    10    0.02                           _216_ (net)
                  0.06    0.00    2.36 v _411_/B (sky130_fd_sc_hd__nor2_1)
                  0.09    0.09    2.45 ^ _411_/Y (sky130_fd_sc_hd__nor2_1)
     1    0.00                           _013_ (net)
                  0.09    0.00    2.45 ^ _461_/RESET_B (sky130_fd_sc_hd__dfrtp_4)
                                  2.45   data arrival time

                          0.00    0.00   clock SCK (rise edge)
                          0.00    0.00   clock source latency
                  0.04    0.03    0.03 ^ SCK (in)
     1    0.01                           SCK (net)
                  0.04    0.00    0.03 ^ clkbuf_0_SCK/A (sky130_fd_sc_hd__clkbuf_16)
                  0.05    0.14    0.17 ^ clkbuf_0_SCK/X (sky130_fd_sc_hd__clkbuf_16)
     4    0.03                           clknet_0_SCK (net)
                  0.05    0.00    0.17 ^ clkbuf_2_2__f_SCK/A (sky130_fd_sc_hd__clkbuf_16)
                  0.04    0.13    0.30 ^ clkbuf_2_2__f_SCK/X (sky130_fd_sc_hd__clkbuf_16)
     9    0.02                           clknet_2_2__leaf_SCK (net)
                  0.04    0.00    0.30 ^ _461_/CLK (sky130_fd_sc_hd__dfrtp_4)
                          0.25    0.55   clock uncertainty
                          0.00    0.55   clock reconvergence pessimism
                          0.33    0.88   library removal time
                                  0.88   data required time
-----------------------------------------------------------------------------
                                  0.88   data required time
                                 -2.45   data arrival time
-----------------------------------------------------------------------------
                                  1.57   slack (MET)


Startpoint: CSB (input port clocked by SCK)
Endpoint: _463_ (removal check against rising-edge clock SCK)
Path Group: asynchronous
Path Type: min

Fanout     Cap    Slew   Delay    Time   Description
-----------------------------------------------------------------------------
                          0.00    0.00   clock SCK (rise edge)
                          0.00    0.00   clock network delay (propagated)
                          2.00    2.00 v input external delay
                  0.01    0.00    2.00 v CSB (in)
     1    0.00                           CSB (net)
                  0.01    0.00    2.00 v input1/A (sky130_fd_sc_hd__clkbuf_1)
                  0.02    0.06    2.06 v input1/X (sky130_fd_sc_hd__clkbuf_1)
     1    0.00                           net1 (net)
                  0.02    0.00    2.06 v _224_/A (sky130_fd_sc_hd__buf_2)
                  0.06    0.13    2.20 v _224_/X (sky130_fd_sc_hd__buf_2)
     9    0.02                           _102_ (net)
                  0.06    0.00    2.20 v _403_/A (sky130_fd_sc_hd__clkbuf_4)
                  0.06    0.16    2.36 v _403_/X (sky130_fd_sc_hd__clkbuf_4)
    10    0.02                           _216_ (net)
                  0.06    0.00    2.36 v _413_/B (sky130_fd_sc_hd__nor2_1)
                  0.09    0.09    2.45 ^ _413_/Y (sky130_fd_sc_hd__nor2_1)
     1    0.00                           _015_ (net)
                  0.09    0.00    2.45 ^ _463_/RESET_B (sky130_fd_sc_hd__dfrtp_4)
                                  2.45   data arrival time

                          0.00    0.00   clock SCK (rise edge)
                          0.00    0.00   clock source latency
                  0.04    0.03    0.03 ^ SCK (in)
     1    0.01                           SCK (net)
                  0.04    0.00    0.03 ^ clkbuf_0_SCK/A (sky130_fd_sc_hd__clkbuf_16)
                  0.05    0.14    0.17 ^ clkbuf_0_SCK/X (sky130_fd_sc_hd__clkbuf_16)
     4    0.03                           clknet_0_SCK (net)
                  0.05    0.00    0.17 ^ clkbuf_2_2__f_SCK/A (sky130_fd_sc_hd__clkbuf_16)
                  0.04    0.13    0.30 ^ clkbuf_2_2__f_SCK/X (sky130_fd_sc_hd__clkbuf_16)
     9    0.02                           clknet_2_2__leaf_SCK (net)
                  0.04    0.00    0.30 ^ _463_/CLK (sky130_fd_sc_hd__dfrtp_4)
                          0.25    0.55   clock uncertainty
                          0.00    0.55   clock reconvergence pessimism
                          0.33    0.88   library removal time
                                  0.88   data required time
-----------------------------------------------------------------------------
                                  0.88   data required time
                                 -2.45   data arrival time
-----------------------------------------------------------------------------
                                  1.57   slack (MET)


Startpoint: CSB (input port clocked by SCK)
Endpoint: _462_ (removal check against rising-edge clock SCK)
Path Group: asynchronous
Path Type: min

Fanout     Cap    Slew   Delay    Time   Description
-----------------------------------------------------------------------------
                          0.00    0.00   clock SCK (rise edge)
                          0.00    0.00   clock network delay (propagated)
                          2.00    2.00 v input external delay
                  0.01    0.00    2.00 v CSB (in)
     1    0.00                           CSB (net)
                  0.01    0.00    2.00 v input1/A (sky130_fd_sc_hd__clkbuf_1)
                  0.02    0.06    2.06 v input1/X (sky130_fd_sc_hd__clkbuf_1)
     1    0.00                           net1 (net)
                  0.02    0.00    2.06 v _224_/A (sky130_fd_sc_hd__buf_2)
                  0.06    0.13    2.20 v _224_/X (sky130_fd_sc_hd__buf_2)
     9    0.02                           _102_ (net)
                  0.06    0.00    2.20 v _403_/A (sky130_fd_sc_hd__clkbuf_4)
                  0.06    0.16    2.36 v _403_/X (sky130_fd_sc_hd__clkbuf_4)
    10    0.02                           _216_ (net)
                  0.06    0.00    2.36 v _412_/B (sky130_fd_sc_hd__nor2_1)
                  0.09    0.09    2.45 ^ _412_/Y (sky130_fd_sc_hd__nor2_1)
     1    0.00                           _014_ (net)
                  0.09    0.00    2.45 ^ _462_/RESET_B (sky130_fd_sc_hd__dfrtp_2)
                                  2.45   data arrival time

                          0.00    0.00   clock SCK (rise edge)
                          0.00    0.00   clock source latency
                  0.04    0.03    0.03 ^ SCK (in)
     1    0.01                           SCK (net)
                  0.04    0.00    0.03 ^ clkbuf_0_SCK/A (sky130_fd_sc_hd__clkbuf_16)
                  0.05    0.14    0.17 ^ clkbuf_0_SCK/X (sky130_fd_sc_hd__clkbuf_16)
     4    0.03                           clknet_0_SCK (net)
                  0.05    0.00    0.17 ^ clkbuf_2_2__f_SCK/A (sky130_fd_sc_hd__clkbuf_16)
                  0.04    0.13    0.30 ^ clkbuf_2_2__f_SCK/X (sky130_fd_sc_hd__clkbuf_16)
     9    0.02                           clknet_2_2__leaf_SCK (net)
                  0.04    0.00    0.30 ^ _462_/CLK (sky130_fd_sc_hd__dfrtp_2)
                          0.25    0.55   clock uncertainty
                          0.00    0.55   clock reconvergence pessimism
                          0.33    0.88   library removal time
                                  0.88   data required time
-----------------------------------------------------------------------------
                                  0.88   data required time
                                 -2.45   data arrival time
-----------------------------------------------------------------------------
                                  1.57   slack (MET)


Startpoint: CSB (input port clocked by SCK)
Endpoint: _465_ (removal check against rising-edge clock SCK)
Path Group: asynchronous
Path Type: min

Fanout     Cap    Slew   Delay    Time   Description
-----------------------------------------------------------------------------
                          0.00    0.00   clock SCK (rise edge)
                          0.00    0.00   clock network delay (propagated)
                          2.00    2.00 v input external delay
                  0.01    0.00    2.00 v CSB (in)
     1    0.00                           CSB (net)
                  0.01    0.00    2.00 v input1/A (sky130_fd_sc_hd__clkbuf_1)
                  0.02    0.06    2.06 v input1/X (sky130_fd_sc_hd__clkbuf_1)
     1    0.00                           net1 (net)
                  0.02    0.00    2.06 v _224_/A (sky130_fd_sc_hd__buf_2)
                  0.06    0.13    2.20 v _224_/X (sky130_fd_sc_hd__buf_2)
     9    0.02                           _102_ (net)
                  0.06    0.00    2.20 v _415_/A (sky130_fd_sc_hd__clkbuf_4)
                  0.06    0.16    2.36 v _415_/X (sky130_fd_sc_hd__clkbuf_4)
    10    0.02                           _218_ (net)
                  0.06    0.00    2.36 v _417_/B (sky130_fd_sc_hd__nor2_1)
                  0.09    0.09    2.45 ^ _417_/Y (sky130_fd_sc_hd__nor2_1)
     1    0.00                           _017_ (net)
                  0.09    0.00    2.45 ^ _465_/RESET_B (sky130_fd_sc_hd__dfrtp_1)
                                  2.45   data arrival time

                          0.00    0.00   clock SCK (rise edge)
                          0.00    0.00   clock source latency
                  0.04    0.03    0.03 ^ SCK (in)
     1    0.01                           SCK (net)
                  0.04    0.00    0.03 ^ clkbuf_0_SCK/A (sky130_fd_sc_hd__clkbuf_16)
                  0.05    0.14    0.17 ^ clkbuf_0_SCK/X (sky130_fd_sc_hd__clkbuf_16)
     4    0.03                           clknet_0_SCK (net)
                  0.05    0.00    0.17 ^ clkbuf_2_0__f_SCK/A (sky130_fd_sc_hd__clkbuf_16)
                  0.04    0.13    0.30 ^ clkbuf_2_0__f_SCK/X (sky130_fd_sc_hd__clkbuf_16)
     9    0.02                           clknet_2_0__leaf_SCK (net)
                  0.04    0.00    0.30 ^ _465_/CLK (sky130_fd_sc_hd__dfrtp_1)
                          0.25    0.55   clock uncertainty
                          0.00    0.55   clock reconvergence pessimism
                          0.33    0.88   library removal time
                                  0.88   data required time
-----------------------------------------------------------------------------
                                  0.88   data required time
                                 -2.45   data arrival time
-----------------------------------------------------------------------------
                                  1.57   slack (MET)


Startpoint: CSB (input port clocked by SCK)
Endpoint: _466_ (removal check against rising-edge clock SCK)
Path Group: asynchronous
Path Type: min

Fanout     Cap    Slew   Delay    Time   Description
-----------------------------------------------------------------------------
                          0.00    0.00   clock SCK (rise edge)
                          0.00    0.00   clock network delay (propagated)
                          2.00    2.00 v input external delay
                  0.01    0.00    2.00 v CSB (in)
     1    0.00                           CSB (net)
                  0.01    0.00    2.00 v input1/A (sky130_fd_sc_hd__clkbuf_1)
                  0.02    0.06    2.06 v input1/X (sky130_fd_sc_hd__clkbuf_1)
     1    0.00                           net1 (net)
                  0.02    0.00    2.06 v _224_/A (sky130_fd_sc_hd__buf_2)
                  0.06    0.13    2.20 v _224_/X (sky130_fd_sc_hd__buf_2)
     9    0.02                           _102_ (net)
                  0.06    0.00    2.20 v _415_/A (sky130_fd_sc_hd__clkbuf_4)
                  0.06    0.16    2.36 v _415_/X (sky130_fd_sc_hd__clkbuf_4)
    10    0.02                           _218_ (net)
                  0.06    0.00    2.36 v _418_/B (sky130_fd_sc_hd__nor2_1)
                  0.09    0.09    2.45 ^ _418_/Y (sky130_fd_sc_hd__nor2_1)
     1    0.00                           _018_ (net)
                  0.09    0.00    2.45 ^ _466_/RESET_B (sky130_fd_sc_hd__dfrtp_1)
                                  2.45   data arrival time

                          0.00    0.00   clock SCK (rise edge)
                          0.00    0.00   clock source latency
                  0.04    0.03    0.03 ^ SCK (in)
     1    0.01                           SCK (net)
                  0.04    0.00    0.03 ^ clkbuf_0_SCK/A (sky130_fd_sc_hd__clkbuf_16)
                  0.05    0.14    0.17 ^ clkbuf_0_SCK/X (sky130_fd_sc_hd__clkbuf_16)
     4    0.03                           clknet_0_SCK (net)
                  0.05    0.00    0.17 ^ clkbuf_2_0__f_SCK/A (sky130_fd_sc_hd__clkbuf_16)
                  0.04    0.13    0.30 ^ clkbuf_2_0__f_SCK/X (sky130_fd_sc_hd__clkbuf_16)
     9    0.02                           clknet_2_0__leaf_SCK (net)
                  0.04    0.00    0.30 ^ _466_/CLK (sky130_fd_sc_hd__dfrtp_1)
                          0.25    0.55   clock uncertainty
                          0.00    0.55   clock reconvergence pessimism
                          0.33    0.88   library removal time
                                  0.88   data required time
-----------------------------------------------------------------------------
                                  0.88   data required time
                                 -2.45   data arrival time
-----------------------------------------------------------------------------
                                  1.57   slack (MET)


Startpoint: CSB (input port clocked by SCK)
Endpoint: _472_ (removal check against rising-edge clock SCK)
Path Group: asynchronous
Path Type: min

Fanout     Cap    Slew   Delay    Time   Description
-----------------------------------------------------------------------------
                          0.00    0.00   clock SCK (rise edge)
                          0.00    0.00   clock network delay (propagated)
                          2.00    2.00 v input external delay
                  0.01    0.00    2.00 v CSB (in)
     1    0.00                           CSB (net)
                  0.01    0.00    2.00 v input1/A (sky130_fd_sc_hd__clkbuf_1)
                  0.02    0.06    2.06 v input1/X (sky130_fd_sc_hd__clkbuf_1)
     1    0.00                           net1 (net)
                  0.02    0.00    2.06 v _224_/A (sky130_fd_sc_hd__buf_2)
                  0.06    0.13    2.20 v _224_/X (sky130_fd_sc_hd__buf_2)
     9    0.02                           _102_ (net)
                  0.06    0.00    2.20 v _415_/A (sky130_fd_sc_hd__clkbuf_4)
                  0.06    0.16    2.36 v _415_/X (sky130_fd_sc_hd__clkbuf_4)
    10    0.02                           _218_ (net)
                  0.06    0.00    2.36 v _424_/B (sky130_fd_sc_hd__nor2_1)
                  0.09    0.09    2.45 ^ _424_/Y (sky130_fd_sc_hd__nor2_1)
     1    0.00                           _024_ (net)
                  0.09    0.00    2.45 ^ _472_/RESET_B (sky130_fd_sc_hd__dfrtp_1)
                                  2.45   data arrival time

                          0.00    0.00   clock SCK (rise edge)
                          0.00    0.00   clock source latency
                  0.04    0.03    0.03 ^ SCK (in)
     1    0.01                           SCK (net)
                  0.04    0.00    0.03 ^ clkbuf_0_SCK/A (sky130_fd_sc_hd__clkbuf_16)
                  0.05    0.14    0.17 ^ clkbuf_0_SCK/X (sky130_fd_sc_hd__clkbuf_16)
     4    0.03                           clknet_0_SCK (net)
                  0.05    0.00    0.17 ^ clkbuf_2_0__f_SCK/A (sky130_fd_sc_hd__clkbuf_16)
                  0.04    0.13    0.30 ^ clkbuf_2_0__f_SCK/X (sky130_fd_sc_hd__clkbuf_16)
     9    0.02                           clknet_2_0__leaf_SCK (net)
                  0.04    0.00    0.30 ^ _472_/CLK (sky130_fd_sc_hd__dfrtp_1)
                          0.25    0.55   clock uncertainty
                          0.00    0.55   clock reconvergence pessimism
                          0.33    0.88   library removal time
                                  0.88   data required time
-----------------------------------------------------------------------------
                                  0.88   data required time
                                 -2.45   data arrival time
-----------------------------------------------------------------------------
                                  1.57   slack (MET)


Startpoint: CSB (input port clocked by SCK)
Endpoint: _474_ (removal check against rising-edge clock SCK)
Path Group: asynchronous
Path Type: min

Fanout     Cap    Slew   Delay    Time   Description
-----------------------------------------------------------------------------
                          0.00    0.00   clock SCK (rise edge)
                          0.00    0.00   clock network delay (propagated)
                          2.00    2.00 v input external delay
                  0.01    0.00    2.00 v CSB (in)
     1    0.00                           CSB (net)
                  0.01    0.00    2.00 v input1/A (sky130_fd_sc_hd__clkbuf_1)
                  0.02    0.06    2.06 v input1/X (sky130_fd_sc_hd__clkbuf_1)
     1    0.00                           net1 (net)
                  0.02    0.00    2.06 v _224_/A (sky130_fd_sc_hd__buf_2)
                  0.06    0.13    2.20 v _224_/X (sky130_fd_sc_hd__buf_2)
     9    0.02                           _102_ (net)
                  0.06    0.00    2.20 v _427_/A (sky130_fd_sc_hd__clkbuf_4)
                  0.06    0.16    2.36 v _427_/X (sky130_fd_sc_hd__clkbuf_4)
    10    0.02                           _220_ (net)
                  0.06    0.00    2.36 v _428_/B (sky130_fd_sc_hd__nor2_1)
                  0.09    0.09    2.45 ^ _428_/Y (sky130_fd_sc_hd__nor2_1)
     1    0.00                           _026_ (net)
                  0.09    0.00    2.45 ^ _474_/RESET_B (sky130_fd_sc_hd__dfrtp_1)
                                  2.45   data arrival time

                          0.00    0.00   clock SCK (rise edge)
                          0.00    0.00   clock source latency
                  0.04    0.03    0.03 ^ SCK (in)
     1    0.01                           SCK (net)
                  0.04    0.00    0.03 ^ clkbuf_0_SCK/A (sky130_fd_sc_hd__clkbuf_16)
                  0.05    0.14    0.17 ^ clkbuf_0_SCK/X (sky130_fd_sc_hd__clkbuf_16)
     4    0.03                           clknet_0_SCK (net)
                  0.05    0.00    0.17 ^ clkbuf_2_0__f_SCK/A (sky130_fd_sc_hd__clkbuf_16)
                  0.04    0.13    0.30 ^ clkbuf_2_0__f_SCK/X (sky130_fd_sc_hd__clkbuf_16)
     9    0.02                           clknet_2_0__leaf_SCK (net)
                  0.04    0.00    0.30 ^ _474_/CLK (sky130_fd_sc_hd__dfrtp_1)
                          0.25    0.55   clock uncertainty
                          0.00    0.55   clock reconvergence pessimism
                          0.33    0.88   library removal time
                                  0.88   data required time
-----------------------------------------------------------------------------
                                  0.88   data required time
                                 -2.45   data arrival time
-----------------------------------------------------------------------------
                                  1.57   slack (MET)


Startpoint: CSB (input port clocked by SCK)
Endpoint: _480_ (removal check against rising-edge clock SCK)
Path Group: asynchronous
Path Type: min

Fanout     Cap    Slew   Delay    Time   Description
-----------------------------------------------------------------------------
                          0.00    0.00   clock SCK (rise edge)
                          0.00    0.00   clock network delay (propagated)
                          2.00    2.00 v input external delay
                  0.01    0.00    2.00 v CSB (in)
     1    0.00                           CSB (net)
                  0.01    0.00    2.00 v input1/A (sky130_fd_sc_hd__clkbuf_1)
                  0.02    0.06    2.06 v input1/X (sky130_fd_sc_hd__clkbuf_1)
     1    0.00                           net1 (net)
                  0.02    0.00    2.06 v _224_/A (sky130_fd_sc_hd__buf_2)
                  0.06    0.13    2.20 v _224_/X (sky130_fd_sc_hd__buf_2)
     9    0.02                           _102_ (net)
                  0.06    0.00    2.20 v _427_/A (sky130_fd_sc_hd__clkbuf_4)
                  0.06    0.16    2.36 v _427_/X (sky130_fd_sc_hd__clkbuf_4)
    10    0.02                           _220_ (net)
                  0.06    0.00    2.36 v _434_/B (sky130_fd_sc_hd__nor2_1)
                  0.09    0.09    2.45 ^ _434_/Y (sky130_fd_sc_hd__nor2_1)
     1    0.00                           _032_ (net)
                  0.09    0.00    2.45 ^ _480_/RESET_B (sky130_fd_sc_hd__dfrtp_1)
                                  2.45   data arrival time

                          0.00    0.00   clock SCK (rise edge)
                          0.00    0.00   clock source latency
                  0.04    0.03    0.03 ^ SCK (in)
     1    0.01                           SCK (net)
                  0.04    0.00    0.03 ^ clkbuf_0_SCK/A (sky130_fd_sc_hd__clkbuf_16)
                  0.05    0.14    0.17 ^ clkbuf_0_SCK/X (sky130_fd_sc_hd__clkbuf_16)
     4    0.03                           clknet_0_SCK (net)
                  0.05    0.00    0.17 ^ clkbuf_2_0__f_SCK/A (sky130_fd_sc_hd__clkbuf_16)
                  0.04    0.13    0.30 ^ clkbuf_2_0__f_SCK/X (sky130_fd_sc_hd__clkbuf_16)
     9    0.02                           clknet_2_0__leaf_SCK (net)
                  0.04    0.00    0.30 ^ _480_/CLK (sky130_fd_sc_hd__dfrtp_1)
                          0.25    0.55   clock uncertainty
                          0.00    0.55   clock reconvergence pessimism
                          0.33    0.88   library removal time
                                  0.88   data required time
-----------------------------------------------------------------------------
                                  0.88   data required time
                                 -2.45   data arrival time
-----------------------------------------------------------------------------
                                  1.57   slack (MET)


Startpoint: CSB (input port clocked by SCK)
Endpoint: _481_ (removal check against rising-edge clock SCK)
Path Group: asynchronous
Path Type: min

Fanout     Cap    Slew   Delay    Time   Description
-----------------------------------------------------------------------------
                          0.00    0.00   clock SCK (rise edge)
                          0.00    0.00   clock network delay (propagated)
                          2.00    2.00 v input external delay
                  0.01    0.00    2.00 v CSB (in)
     1    0.00                           CSB (net)
                  0.01    0.00    2.00 v input1/A (sky130_fd_sc_hd__clkbuf_1)
                  0.02    0.06    2.06 v input1/X (sky130_fd_sc_hd__clkbuf_1)
     1    0.00                           net1 (net)
                  0.02    0.00    2.06 v _224_/A (sky130_fd_sc_hd__buf_2)
                  0.06    0.13    2.20 v _224_/X (sky130_fd_sc_hd__buf_2)
     9    0.02                           _102_ (net)
                  0.06    0.00    2.20 v _427_/A (sky130_fd_sc_hd__clkbuf_4)
                  0.06    0.16    2.36 v _427_/X (sky130_fd_sc_hd__clkbuf_4)
    10    0.02                           _220_ (net)
                  0.06    0.00    2.36 v _435_/B (sky130_fd_sc_hd__nor2_1)
                  0.09    0.09    2.45 ^ _435_/Y (sky130_fd_sc_hd__nor2_1)
     1    0.00                           _033_ (net)
                  0.09    0.00    2.45 ^ _481_/RESET_B (sky130_fd_sc_hd__dfrtp_1)
                                  2.45   data arrival time

                          0.00    0.00   clock SCK (rise edge)
                          0.00    0.00   clock source latency
                  0.04    0.03    0.03 ^ SCK (in)
     1    0.01                           SCK (net)
                  0.04    0.00    0.03 ^ clkbuf_0_SCK/A (sky130_fd_sc_hd__clkbuf_16)
                  0.05    0.14    0.17 ^ clkbuf_0_SCK/X (sky130_fd_sc_hd__clkbuf_16)
     4    0.03                           clknet_0_SCK (net)
                  0.05    0.00    0.17 ^ clkbuf_2_0__f_SCK/A (sky130_fd_sc_hd__clkbuf_16)
                  0.04    0.13    0.30 ^ clkbuf_2_0__f_SCK/X (sky130_fd_sc_hd__clkbuf_16)
     9    0.02                           clknet_2_0__leaf_SCK (net)
                  0.04    0.00    0.30 ^ _481_/CLK (sky130_fd_sc_hd__dfrtp_1)
                          0.25    0.55   clock uncertainty
                          0.00    0.55   clock reconvergence pessimism
                          0.33    0.88   library removal time
                                  0.88   data required time
-----------------------------------------------------------------------------
                                  0.88   data required time
                                 -2.45   data arrival time
-----------------------------------------------------------------------------
                                  1.57   slack (MET)


Startpoint: CSB (input port clocked by SCK)
Endpoint: _458_ (removal check against rising-edge clock SCK)
Path Group: asynchronous
Path Type: min

Fanout     Cap    Slew   Delay    Time   Description
-----------------------------------------------------------------------------
                          0.00    0.00   clock SCK (rise edge)
                          0.00    0.00   clock network delay (propagated)
                          2.00    2.00 v input external delay
                  0.01    0.00    2.00 v CSB (in)
     1    0.00                           CSB (net)
                  0.01    0.00    2.00 v input1/A (sky130_fd_sc_hd__clkbuf_1)
                  0.02    0.06    2.06 v input1/X (sky130_fd_sc_hd__clkbuf_1)
     1    0.00                           net1 (net)
                  0.02    0.00    2.06 v _224_/A (sky130_fd_sc_hd__buf_2)
                  0.06    0.13    2.20 v _224_/X (sky130_fd_sc_hd__buf_2)
     9    0.02                           _102_ (net)
                  0.06    0.00    2.20 v _403_/A (sky130_fd_sc_hd__clkbuf_4)
                  0.06    0.16    2.36 v _403_/X (sky130_fd_sc_hd__clkbuf_4)
    10    0.02                           _216_ (net)
                  0.06    0.00    2.36 v _408_/B (sky130_fd_sc_hd__nor2_1)
                  0.09    0.09    2.45 ^ _408_/Y (sky130_fd_sc_hd__nor2_1)
     1    0.00                           _010_ (net)
                  0.09    0.00    2.45 ^ _458_/RESET_B (sky130_fd_sc_hd__dfrtp_1)
                                  2.45   data arrival time

                          0.00    0.00   clock SCK (rise edge)
                          0.00    0.00   clock source latency
                  0.04    0.03    0.03 ^ SCK (in)
     1    0.01                           SCK (net)
                  0.04    0.00    0.03 ^ clkbuf_0_SCK/A (sky130_fd_sc_hd__clkbuf_16)
                  0.05    0.14    0.17 ^ clkbuf_0_SCK/X (sky130_fd_sc_hd__clkbuf_16)
     4    0.03                           clknet_0_SCK (net)
                  0.05    0.00    0.17 ^ clkbuf_2_2__f_SCK/A (sky130_fd_sc_hd__clkbuf_16)
                  0.04    0.13    0.30 ^ clkbuf_2_2__f_SCK/X (sky130_fd_sc_hd__clkbuf_16)
     9    0.02                           clknet_2_2__leaf_SCK (net)
                  0.04    0.00    0.30 ^ _458_/CLK (sky130_fd_sc_hd__dfrtp_1)
                          0.25    0.55   clock uncertainty
                          0.00    0.55   clock reconvergence pessimism
                          0.33    0.88   library removal time
                                  0.88   data required time
-----------------------------------------------------------------------------
                                  0.88   data required time
                                 -2.45   data arrival time
-----------------------------------------------------------------------------
                                  1.57   slack (MET)


Startpoint: CSB (input port clocked by SCK)
Endpoint: _454_ (removal check against rising-edge clock SCK)
Path Group: asynchronous
Path Type: min

Fanout     Cap    Slew   Delay    Time   Description
-----------------------------------------------------------------------------
                          0.00    0.00   clock SCK (rise edge)
                          0.00    0.00   clock network delay (propagated)
                          2.00    2.00 v input external delay
                  0.01    0.00    2.00 v CSB (in)
     1    0.00                           CSB (net)
                  0.01    0.00    2.00 v input1/A (sky130_fd_sc_hd__clkbuf_1)
                  0.02    0.06    2.06 v input1/X (sky130_fd_sc_hd__clkbuf_1)
     1    0.00                           net1 (net)
                  0.02    0.00    2.06 v _224_/A (sky130_fd_sc_hd__buf_2)
                  0.06    0.13    2.20 v _224_/X (sky130_fd_sc_hd__buf_2)
     9    0.02                           _102_ (net)
                  0.06    0.00    2.20 v _403_/A (sky130_fd_sc_hd__clkbuf_4)
                  0.06    0.16    2.36 v _403_/X (sky130_fd_sc_hd__clkbuf_4)
    10    0.02                           _216_ (net)
                  0.06    0.00    2.36 v _404_/B (sky130_fd_sc_hd__nor2_1)
                  0.09    0.09    2.45 ^ _404_/Y (sky130_fd_sc_hd__nor2_1)
     1    0.00                           _006_ (net)
                  0.09    0.00    2.45 ^ _454_/RESET_B (sky130_fd_sc_hd__dfrtp_1)
                                  2.45   data arrival time

                          0.00    0.00   clock SCK (rise edge)
                          0.00    0.00   clock source latency
                  0.04    0.03    0.03 ^ SCK (in)
     1    0.01                           SCK (net)
                  0.04    0.00    0.03 ^ clkbuf_0_SCK/A (sky130_fd_sc_hd__clkbuf_16)
                  0.05    0.14    0.17 ^ clkbuf_0_SCK/X (sky130_fd_sc_hd__clkbuf_16)
     4    0.03                           clknet_0_SCK (net)
                  0.05    0.00    0.17 ^ clkbuf_2_3__f_SCK/A (sky130_fd_sc_hd__clkbuf_16)
                  0.04    0.13    0.30 ^ clkbuf_2_3__f_SCK/X (sky130_fd_sc_hd__clkbuf_16)
     6    0.01                           clknet_2_3__leaf_SCK (net)
                  0.04    0.00    0.30 ^ _454_/CLK (sky130_fd_sc_hd__dfrtp_1)
                          0.25    0.55   clock uncertainty
                          0.00    0.55   clock reconvergence pessimism
                          0.33    0.88   library removal time
                                  0.88   data required time
-----------------------------------------------------------------------------
                                  0.88   data required time
                                 -2.45   data arrival time
-----------------------------------------------------------------------------
                                  1.58   slack (MET)


Startpoint: CSB (input port clocked by SCK)
Endpoint: _455_ (removal check against rising-edge clock SCK)
Path Group: asynchronous
Path Type: min

Fanout     Cap    Slew   Delay    Time   Description
-----------------------------------------------------------------------------
                          0.00    0.00   clock SCK (rise edge)
                          0.00    0.00   clock network delay (propagated)
                          2.00    2.00 v input external delay
                  0.01    0.00    2.00 v CSB (in)
     1    0.00                           CSB (net)
                  0.01    0.00    2.00 v input1/A (sky130_fd_sc_hd__clkbuf_1)
                  0.02    0.06    2.06 v input1/X (sky130_fd_sc_hd__clkbuf_1)
     1    0.00                           net1 (net)
                  0.02    0.00    2.06 v _224_/A (sky130_fd_sc_hd__buf_2)
                  0.06    0.13    2.20 v _224_/X (sky130_fd_sc_hd__buf_2)
     9    0.02                           _102_ (net)
                  0.06    0.00    2.20 v _403_/A (sky130_fd_sc_hd__clkbuf_4)
                  0.06    0.16    2.36 v _403_/X (sky130_fd_sc_hd__clkbuf_4)
    10    0.02                           _216_ (net)
                  0.06    0.00    2.36 v _405_/B (sky130_fd_sc_hd__nor2_1)
                  0.09    0.09    2.45 ^ _405_/Y (sky130_fd_sc_hd__nor2_1)
     1    0.00                           _007_ (net)
                  0.09    0.00    2.45 ^ _455_/RESET_B (sky130_fd_sc_hd__dfrtp_1)
                                  2.45   data arrival time

                          0.00    0.00   clock SCK (rise edge)
                          0.00    0.00   clock source latency
                  0.04    0.03    0.03 ^ SCK (in)
     1    0.01                           SCK (net)
                  0.04    0.00    0.03 ^ clkbuf_0_SCK/A (sky130_fd_sc_hd__clkbuf_16)
                  0.05    0.14    0.17 ^ clkbuf_0_SCK/X (sky130_fd_sc_hd__clkbuf_16)
     4    0.03                           clknet_0_SCK (net)
                  0.05    0.00    0.17 ^ clkbuf_2_3__f_SCK/A (sky130_fd_sc_hd__clkbuf_16)
                  0.04    0.13    0.30 ^ clkbuf_2_3__f_SCK/X (sky130_fd_sc_hd__clkbuf_16)
     6    0.01                           clknet_2_3__leaf_SCK (net)
                  0.04    0.00    0.30 ^ _455_/CLK (sky130_fd_sc_hd__dfrtp_1)
                          0.25    0.55   clock uncertainty
                          0.00    0.55   clock reconvergence pessimism
                          0.33    0.88   library removal time
                                  0.88   data required time
-----------------------------------------------------------------------------
                                  0.88   data required time
                                 -2.45   data arrival time
-----------------------------------------------------------------------------
                                  1.58   slack (MET)


Startpoint: CSB (input port clocked by SCK)
Endpoint: _456_ (removal check against rising-edge clock SCK)
Path Group: asynchronous
Path Type: min

Fanout     Cap    Slew   Delay    Time   Description
-----------------------------------------------------------------------------
                          0.00    0.00   clock SCK (rise edge)
                          0.00    0.00   clock network delay (propagated)
                          2.00    2.00 v input external delay
                  0.01    0.00    2.00 v CSB (in)
     1    0.00                           CSB (net)
                  0.01    0.00    2.00 v input1/A (sky130_fd_sc_hd__clkbuf_1)
                  0.02    0.06    2.06 v input1/X (sky130_fd_sc_hd__clkbuf_1)
     1    0.00                           net1 (net)
                  0.02    0.00    2.06 v _224_/A (sky130_fd_sc_hd__buf_2)
                  0.06    0.13    2.20 v _224_/X (sky130_fd_sc_hd__buf_2)
     9    0.02                           _102_ (net)
                  0.06    0.00    2.20 v _403_/A (sky130_fd_sc_hd__clkbuf_4)
                  0.06    0.16    2.36 v _403_/X (sky130_fd_sc_hd__clkbuf_4)
    10    0.02                           _216_ (net)
                  0.06    0.00    2.36 v _406_/B (sky130_fd_sc_hd__nor2_1)
                  0.09    0.09    2.45 ^ _406_/Y (sky130_fd_sc_hd__nor2_1)
     1    0.00                           _008_ (net)
                  0.09    0.00    2.45 ^ _456_/RESET_B (sky130_fd_sc_hd__dfrtp_1)
                                  2.45   data arrival time

                          0.00    0.00   clock SCK (rise edge)
                          0.00    0.00   clock source latency
                  0.04    0.03    0.03 ^ SCK (in)
     1    0.01                           SCK (net)
                  0.04    0.00    0.03 ^ clkbuf_0_SCK/A (sky130_fd_sc_hd__clkbuf_16)
                  0.05    0.14    0.17 ^ clkbuf_0_SCK/X (sky130_fd_sc_hd__clkbuf_16)
     4    0.03                           clknet_0_SCK (net)
                  0.05    0.00    0.17 ^ clkbuf_2_3__f_SCK/A (sky130_fd_sc_hd__clkbuf_16)
                  0.04    0.13    0.30 ^ clkbuf_2_3__f_SCK/X (sky130_fd_sc_hd__clkbuf_16)
     6    0.01                           clknet_2_3__leaf_SCK (net)
                  0.04    0.00    0.30 ^ _456_/CLK (sky130_fd_sc_hd__dfrtp_1)
                          0.25    0.55   clock uncertainty
                          0.00    0.55   clock reconvergence pessimism
                          0.33    0.88   library removal time
                                  0.88   data required time
-----------------------------------------------------------------------------
                                  0.88   data required time
                                 -2.45   data arrival time
-----------------------------------------------------------------------------
                                  1.58   slack (MET)


Startpoint: CSB (input port clocked by SCK)
Endpoint: _457_ (removal check against rising-edge clock SCK)
Path Group: asynchronous
Path Type: min

Fanout     Cap    Slew   Delay    Time   Description
-----------------------------------------------------------------------------
                          0.00    0.00   clock SCK (rise edge)
                          0.00    0.00   clock network delay (propagated)
                          2.00    2.00 v input external delay
                  0.01    0.00    2.00 v CSB (in)
     1    0.00                           CSB (net)
                  0.01    0.00    2.00 v input1/A (sky130_fd_sc_hd__clkbuf_1)
                  0.02    0.06    2.06 v input1/X (sky130_fd_sc_hd__clkbuf_1)
     1    0.00                           net1 (net)
                  0.02    0.00    2.06 v _224_/A (sky130_fd_sc_hd__buf_2)
                  0.06    0.13    2.20 v _224_/X (sky130_fd_sc_hd__buf_2)
     9    0.02                           _102_ (net)
                  0.06    0.00    2.20 v _403_/A (sky130_fd_sc_hd__clkbuf_4)
                  0.06    0.16    2.36 v _403_/X (sky130_fd_sc_hd__clkbuf_4)
    10    0.02                           _216_ (net)
                  0.06    0.00    2.36 v _407_/B (sky130_fd_sc_hd__nor2_1)
                  0.09    0.09    2.45 ^ _407_/Y (sky130_fd_sc_hd__nor2_1)
     1    0.00                           _009_ (net)
                  0.09    0.00    2.45 ^ _457_/RESET_B (sky130_fd_sc_hd__dfrtp_1)
                                  2.45   data arrival time

                          0.00    0.00   clock SCK (rise edge)
                          0.00    0.00   clock source latency
                  0.04    0.03    0.03 ^ SCK (in)
     1    0.01                           SCK (net)
                  0.04    0.00    0.03 ^ clkbuf_0_SCK/A (sky130_fd_sc_hd__clkbuf_16)
                  0.05    0.14    0.17 ^ clkbuf_0_SCK/X (sky130_fd_sc_hd__clkbuf_16)
     4    0.03                           clknet_0_SCK (net)
                  0.05    0.00    0.17 ^ clkbuf_2_3__f_SCK/A (sky130_fd_sc_hd__clkbuf_16)
                  0.04    0.13    0.30 ^ clkbuf_2_3__f_SCK/X (sky130_fd_sc_hd__clkbuf_16)
     6    0.01                           clknet_2_3__leaf_SCK (net)
                  0.04    0.00    0.30 ^ _457_/CLK (sky130_fd_sc_hd__dfrtp_1)
                          0.25    0.55   clock uncertainty
                          0.00    0.55   clock reconvergence pessimism
                          0.33    0.88   library removal time
                                  0.88   data required time
-----------------------------------------------------------------------------
                                  0.88   data required time
                                 -2.45   data arrival time
-----------------------------------------------------------------------------
                                  1.58   slack (MET)


Startpoint: CSB (input port clocked by SCK)
Endpoint: _486_ (removal check against rising-edge clock SCK)
Path Group: asynchronous
Path Type: min

Fanout     Cap    Slew   Delay    Time   Description
-----------------------------------------------------------------------------
                          0.00    0.00   clock SCK (rise edge)
                          0.00    0.00   clock network delay (propagated)
                          2.00    2.00 v input external delay
                  0.01    0.00    2.00 v CSB (in)
     1    0.00                           CSB (net)
                  0.01    0.00    2.00 v input1/A (sky130_fd_sc_hd__clkbuf_1)
                  0.02    0.06    2.06 v input1/X (sky130_fd_sc_hd__clkbuf_1)
     1    0.00                           net1 (net)
                  0.02    0.00    2.06 v _224_/A (sky130_fd_sc_hd__buf_2)
                  0.06    0.13    2.20 v _224_/X (sky130_fd_sc_hd__buf_2)
     9    0.02                           _102_ (net)
                  0.06    0.00    2.20 v _441_/B (sky130_fd_sc_hd__nor2_1)
                  0.09    0.09    2.29 ^ _441_/Y (sky130_fd_sc_hd__nor2_1)
     1    0.00                           _040_ (net)
                  0.09    0.00    2.29 ^ _486_/SET_B (sky130_fd_sc_hd__dfstp_2)
                                  2.29   data arrival time

                          0.00    0.00   clock SCK (rise edge)
                          0.00    0.00   clock source latency
                  0.04    0.03    0.03 ^ SCK (in)
     1    0.01                           SCK (net)
                  0.04    0.00    0.03 ^ clkbuf_0_SCK/A (sky130_fd_sc_hd__clkbuf_16)
                  0.05    0.14    0.17 ^ clkbuf_0_SCK/X (sky130_fd_sc_hd__clkbuf_16)
     4    0.03                           clknet_0_SCK (net)
                  0.05    0.00    0.17 ^ clkbuf_2_0__f_SCK/A (sky130_fd_sc_hd__clkbuf_16)
                  0.04    0.13    0.30 ^ clkbuf_2_0__f_SCK/X (sky130_fd_sc_hd__clkbuf_16)
     9    0.02                           clknet_2_0__leaf_SCK (net)
                  0.04    0.00    0.30 ^ _486_/CLK (sky130_fd_sc_hd__dfstp_2)
                          0.25    0.55   clock uncertainty
                          0.00    0.55   clock reconvergence pessimism
                          0.15    0.70   library removal time
                                  0.70   data required time
-----------------------------------------------------------------------------
                                  0.70   data required time
                                 -2.29   data arrival time
-----------------------------------------------------------------------------
                                  1.59   slack (MET)


Startpoint: _457_ (rising edge-triggered flip-flop clocked by SCK)
Endpoint: pass_thru_user (output port clocked by SCK)
Path Group: SCK
Path Type: min

Fanout     Cap    Slew   Delay    Time   Description
-----------------------------------------------------------------------------
                          0.00    0.00   clock SCK (rise edge)
                          0.00    0.00   clock source latency
                  0.04    0.03    0.03 ^ SCK (in)
     1    0.01                           SCK (net)
                  0.04    0.00    0.03 ^ clkbuf_0_SCK/A (sky130_fd_sc_hd__clkbuf_16)
                  0.05    0.13    0.15 ^ clkbuf_0_SCK/X (sky130_fd_sc_hd__clkbuf_16)
     4    0.03                           clknet_0_SCK (net)
                  0.05    0.00    0.15 ^ clkbuf_2_3__f_SCK/A (sky130_fd_sc_hd__clkbuf_16)
                  0.04    0.11    0.27 ^ clkbuf_2_3__f_SCK/X (sky130_fd_sc_hd__clkbuf_16)
     6    0.01                           clknet_2_3__leaf_SCK (net)
                  0.04    0.00    0.27 ^ _457_/CLK (sky130_fd_sc_hd__dfrtp_1)
                  0.06    0.30    0.57 ^ _457_/Q (sky130_fd_sc_hd__dfrtp_1)
     2    0.00                           net32 (net)
                  0.06    0.00    0.57 ^ output32/A (sky130_fd_sc_hd__clkbuf_4)
                  0.11    0.18    0.75 ^ output32/X (sky130_fd_sc_hd__clkbuf_4)
     1    0.03                           pass_thru_user (net)
                  0.11    0.00    0.75 ^ pass_thru_user (out)
                                  0.75   data arrival time

                          0.00    0.00   clock SCK (rise edge)
                          0.00    0.00   clock network delay (propagated)
                          0.25    0.25   clock uncertainty
                          0.00    0.25   clock reconvergence pessimism
                         -2.00   -1.75   output external delay
                                 -1.75   data required time
-----------------------------------------------------------------------------
                                 -1.75   data required time
                                 -0.75   data arrival time
-----------------------------------------------------------------------------
                                  2.50   slack (MET)


Startpoint: _481_ (rising edge-triggered flip-flop clocked by SCK)
Endpoint: odata[7] (output port clocked by SCK)
Path Group: SCK
Path Type: min

Fanout     Cap    Slew   Delay    Time   Description
-----------------------------------------------------------------------------
                          0.00    0.00   clock SCK (rise edge)
                          0.00    0.00   clock source latency
                  0.04    0.03    0.03 ^ SCK (in)
     1    0.01                           SCK (net)
                  0.04    0.00    0.03 ^ clkbuf_0_SCK/A (sky130_fd_sc_hd__clkbuf_16)
                  0.05    0.13    0.15 ^ clkbuf_0_SCK/X (sky130_fd_sc_hd__clkbuf_16)
     4    0.03                           clknet_0_SCK (net)
                  0.05    0.00    0.15 ^ clkbuf_2_0__f_SCK/A (sky130_fd_sc_hd__clkbuf_16)
                  0.04    0.12    0.27 ^ clkbuf_2_0__f_SCK/X (sky130_fd_sc_hd__clkbuf_16)
     9    0.02                           clknet_2_0__leaf_SCK (net)
                  0.04    0.00    0.27 ^ _481_/CLK (sky130_fd_sc_hd__dfrtp_1)
                  0.06    0.30    0.58 ^ _481_/Q (sky130_fd_sc_hd__dfrtp_1)
     2    0.00                           net28 (net)
                  0.06    0.00    0.58 ^ output28/A (sky130_fd_sc_hd__clkbuf_4)
                  0.11    0.18    0.76 ^ output28/X (sky130_fd_sc_hd__clkbuf_4)
     1    0.03                           odata[7] (net)
                  0.11    0.00    0.76 ^ odata[7] (out)
                                  0.76   data arrival time

                          0.00    0.00   clock SCK (rise edge)
                          0.00    0.00   clock network delay (propagated)
                          0.25    0.25   clock uncertainty
                          0.00    0.25   clock reconvergence pessimism
                         -2.00   -1.75   output external delay
                                 -1.75   data required time
-----------------------------------------------------------------------------
                                 -1.75   data required time
                                 -0.76   data arrival time
-----------------------------------------------------------------------------
                                  2.51   slack (MET)


Startpoint: _455_ (rising edge-triggered flip-flop clocked by SCK)
Endpoint: pass_thru_mgmt (output port clocked by SCK)
Path Group: SCK
Path Type: min

Fanout     Cap    Slew   Delay    Time   Description
-----------------------------------------------------------------------------
                          0.00    0.00   clock SCK (rise edge)
                          0.00    0.00   clock source latency
                  0.04    0.03    0.03 ^ SCK (in)
     1    0.01                           SCK (net)
                  0.04    0.00    0.03 ^ clkbuf_0_SCK/A (sky130_fd_sc_hd__clkbuf_16)
                  0.05    0.13    0.15 ^ clkbuf_0_SCK/X (sky130_fd_sc_hd__clkbuf_16)
     4    0.03                           clknet_0_SCK (net)
                  0.05    0.00    0.15 ^ clkbuf_2_3__f_SCK/A (sky130_fd_sc_hd__clkbuf_16)
                  0.04    0.11    0.27 ^ clkbuf_2_3__f_SCK/X (sky130_fd_sc_hd__clkbuf_16)
     6    0.01                           clknet_2_3__leaf_SCK (net)
                  0.04    0.00    0.27 ^ _455_/CLK (sky130_fd_sc_hd__dfrtp_1)
                  0.05    0.30    0.57 ^ _455_/Q (sky130_fd_sc_hd__dfrtp_1)
     2    0.00                           net29 (net)
                  0.05    0.00    0.57 ^ output29/A (sky130_fd_sc_hd__buf_2)
                  0.17    0.19    0.76 ^ output29/X (sky130_fd_sc_hd__buf_2)
     1    0.03                           pass_thru_mgmt (net)
                  0.17    0.00    0.76 ^ pass_thru_mgmt (out)
                                  0.76   data arrival time

                          0.00    0.00   clock SCK (rise edge)
                          0.00    0.00   clock network delay (propagated)
                          0.25    0.25   clock uncertainty
                          0.00    0.25   clock reconvergence pessimism
                         -2.00   -1.75   output external delay
                                 -1.75   data required time
-----------------------------------------------------------------------------
                                 -1.75   data required time
                                 -0.76   data arrival time
-----------------------------------------------------------------------------
                                  2.51   slack (MET)


Startpoint: _456_ (rising edge-triggered flip-flop clocked by SCK)
Endpoint: pass_thru_mgmt_delay (output port clocked by SCK)
Path Group: SCK
Path Type: min

Fanout     Cap    Slew   Delay    Time   Description
-----------------------------------------------------------------------------
                          0.00    0.00   clock SCK (rise edge)
                          0.00    0.00   clock source latency
                  0.04    0.03    0.03 ^ SCK (in)
     1    0.01                           SCK (net)
                  0.04    0.00    0.03 ^ clkbuf_0_SCK/A (sky130_fd_sc_hd__clkbuf_16)
                  0.05    0.13    0.15 ^ clkbuf_0_SCK/X (sky130_fd_sc_hd__clkbuf_16)
     4    0.03                           clknet_0_SCK (net)
                  0.05    0.00    0.15 ^ clkbuf_2_3__f_SCK/A (sky130_fd_sc_hd__clkbuf_16)
                  0.04    0.11    0.27 ^ clkbuf_2_3__f_SCK/X (sky130_fd_sc_hd__clkbuf_16)
     6    0.01                           clknet_2_3__leaf_SCK (net)
                  0.04    0.00    0.27 ^ _456_/CLK (sky130_fd_sc_hd__dfrtp_1)
                  0.07    0.32    0.59 ^ _456_/Q (sky130_fd_sc_hd__dfrtp_1)
     3    0.01                           net30 (net)
                  0.07    0.00    0.59 ^ output30/A (sky130_fd_sc_hd__clkbuf_4)
                  0.11    0.18    0.77 ^ output30/X (sky130_fd_sc_hd__clkbuf_4)
     1    0.03                           pass_thru_mgmt_delay (net)
                  0.11    0.00    0.77 ^ pass_thru_mgmt_delay (out)
                                  0.77   data arrival time

                          0.00    0.00   clock SCK (rise edge)
                          0.00    0.00   clock network delay (propagated)
                          0.25    0.25   clock uncertainty
                          0.00    0.25   clock reconvergence pessimism
                         -2.00   -1.75   output external delay
                                 -1.75   data required time
-----------------------------------------------------------------------------
                                 -1.75   data required time
                                 -0.77   data arrival time
-----------------------------------------------------------------------------
                                  2.52   slack (MET)


Startpoint: _458_ (rising edge-triggered flip-flop clocked by SCK)
Endpoint: pass_thru_user_delay (output port clocked by SCK)
Path Group: SCK
Path Type: min

Fanout     Cap    Slew   Delay    Time   Description
-----------------------------------------------------------------------------
                          0.00    0.00   clock SCK (rise edge)
                          0.00    0.00   clock source latency
                  0.04    0.03    0.03 ^ SCK (in)
     1    0.01                           SCK (net)
                  0.04    0.00    0.03 ^ clkbuf_0_SCK/A (sky130_fd_sc_hd__clkbuf_16)
                  0.05    0.13    0.15 ^ clkbuf_0_SCK/X (sky130_fd_sc_hd__clkbuf_16)
     4    0.03                           clknet_0_SCK (net)
                  0.05    0.00    0.15 ^ clkbuf_2_2__f_SCK/A (sky130_fd_sc_hd__clkbuf_16)
                  0.04    0.12    0.27 ^ clkbuf_2_2__f_SCK/X (sky130_fd_sc_hd__clkbuf_16)
     9    0.02                           clknet_2_2__leaf_SCK (net)
                  0.04    0.00    0.27 ^ _458_/CLK (sky130_fd_sc_hd__dfrtp_1)
                  0.07    0.32    0.59 ^ _458_/Q (sky130_fd_sc_hd__dfrtp_1)
     3    0.01                           net33 (net)
                  0.07    0.00    0.59 ^ output33/A (sky130_fd_sc_hd__clkbuf_4)
                  0.11    0.18    0.77 ^ output33/X (sky130_fd_sc_hd__clkbuf_4)
     1    0.03                           pass_thru_user_delay (net)
                  0.11    0.00    0.77 ^ pass_thru_user_delay (out)
                                  0.77   data arrival time

                          0.00    0.00   clock SCK (rise edge)
                          0.00    0.00   clock network delay (propagated)
                          0.25    0.25   clock uncertainty
                          0.00    0.25   clock reconvergence pessimism
                         -2.00   -1.75   output external delay
                                 -1.75   data required time
-----------------------------------------------------------------------------
                                 -1.75   data required time
                                 -0.77   data arrival time
-----------------------------------------------------------------------------
                                  2.52   slack (MET)


Startpoint: _454_ (rising edge-triggered flip-flop clocked by SCK)
Endpoint: rdstb (output port clocked by SCK)
Path Group: SCK
Path Type: min

Fanout     Cap    Slew   Delay    Time   Description
-----------------------------------------------------------------------------
                          0.00    0.00   clock SCK (rise edge)
                          0.00    0.00   clock source latency
                  0.04    0.03    0.03 ^ SCK (in)
     1    0.01                           SCK (net)
                  0.04    0.00    0.03 ^ clkbuf_0_SCK/A (sky130_fd_sc_hd__clkbuf_16)
                  0.05    0.13    0.15 ^ clkbuf_0_SCK/X (sky130_fd_sc_hd__clkbuf_16)
     4    0.03                           clknet_0_SCK (net)
                  0.05    0.00    0.15 ^ clkbuf_2_3__f_SCK/A (sky130_fd_sc_hd__clkbuf_16)
                  0.04    0.11    0.27 ^ clkbuf_2_3__f_SCK/X (sky130_fd_sc_hd__clkbuf_16)
     6    0.01                           clknet_2_3__leaf_SCK (net)
                  0.04    0.00    0.27 ^ _454_/CLK (sky130_fd_sc_hd__dfrtp_1)
                  0.08    0.32    0.59 ^ _454_/Q (sky130_fd_sc_hd__dfrtp_1)
     3    0.01                           net35 (net)
                  0.08    0.00    0.59 ^ output35/A (sky130_fd_sc_hd__clkbuf_4)
                  0.11    0.18    0.77 ^ output35/X (sky130_fd_sc_hd__clkbuf_4)
     1    0.03                           rdstb (net)
                  0.11    0.00    0.77 ^ rdstb (out)
                                  0.77   data arrival time

                          0.00    0.00   clock SCK (rise edge)
                          0.00    0.00   clock network delay (propagated)
                          0.25    0.25   clock uncertainty
                          0.00    0.25   clock reconvergence pessimism
                         -2.00   -1.75   output external delay
                                 -1.75   data required time
-----------------------------------------------------------------------------
                                 -1.75   data required time
                                 -0.77   data arrival time
-----------------------------------------------------------------------------
                                  2.52   slack (MET)


Startpoint: _480_ (rising edge-triggered flip-flop clocked by SCK)
Endpoint: odata[6] (output port clocked by SCK)
Path Group: SCK
Path Type: min

Fanout     Cap    Slew   Delay    Time   Description
-----------------------------------------------------------------------------
                          0.00    0.00   clock SCK (rise edge)
                          0.00    0.00   clock source latency
                  0.04    0.03    0.03 ^ SCK (in)
     1    0.01                           SCK (net)
                  0.04    0.00    0.03 ^ clkbuf_0_SCK/A (sky130_fd_sc_hd__clkbuf_16)
                  0.05    0.13    0.15 ^ clkbuf_0_SCK/X (sky130_fd_sc_hd__clkbuf_16)
     4    0.03                           clknet_0_SCK (net)
                  0.05    0.00    0.15 ^ clkbuf_2_0__f_SCK/A (sky130_fd_sc_hd__clkbuf_16)
                  0.04    0.12    0.27 ^ clkbuf_2_0__f_SCK/X (sky130_fd_sc_hd__clkbuf_16)
     9    0.02                           clknet_2_0__leaf_SCK (net)
                  0.04    0.00    0.27 ^ _480_/CLK (sky130_fd_sc_hd__dfrtp_1)
                  0.07    0.32    0.59 ^ _480_/Q (sky130_fd_sc_hd__dfrtp_1)
     3    0.01                           net27 (net)
                  0.07    0.00    0.59 ^ output27/A (sky130_fd_sc_hd__clkbuf_4)
                  0.11    0.18    0.77 ^ output27/X (sky130_fd_sc_hd__clkbuf_4)
     1    0.03                           odata[6] (net)
                  0.11    0.00    0.77 ^ odata[6] (out)
                                  0.77   data arrival time

                          0.00    0.00   clock SCK (rise edge)
                          0.00    0.00   clock network delay (propagated)
                          0.25    0.25   clock uncertainty
                          0.00    0.25   clock reconvergence pessimism
                         -2.00   -1.75   output external delay
                                 -1.75   data required time
-----------------------------------------------------------------------------
                                 -1.75   data required time
                                 -0.77   data arrival time
-----------------------------------------------------------------------------
                                  2.52   slack (MET)


Startpoint: _475_ (rising edge-triggered flip-flop clocked by SCK)
Endpoint: odata[1] (output port clocked by SCK)
Path Group: SCK
Path Type: min

Fanout     Cap    Slew   Delay    Time   Description
-----------------------------------------------------------------------------
                          0.00    0.00   clock SCK (rise edge)
                          0.00    0.00   clock source latency
                  0.04    0.03    0.03 ^ SCK (in)
     1    0.01                           SCK (net)
                  0.04    0.00    0.03 ^ clkbuf_0_SCK/A (sky130_fd_sc_hd__clkbuf_16)
                  0.05    0.13    0.15 ^ clkbuf_0_SCK/X (sky130_fd_sc_hd__clkbuf_16)
     4    0.03                           clknet_0_SCK (net)
                  0.05    0.00    0.15 ^ clkbuf_2_1__f_SCK/A (sky130_fd_sc_hd__clkbuf_16)
                  0.05    0.12    0.28 ^ clkbuf_2_1__f_SCK/X (sky130_fd_sc_hd__clkbuf_16)
    12    0.02                           clknet_2_1__leaf_SCK (net)
                  0.05    0.00    0.28 ^ _475_/CLK (sky130_fd_sc_hd__dfrtp_1)
                  0.07    0.32    0.60 ^ _475_/Q (sky130_fd_sc_hd__dfrtp_1)
     3    0.01                           net22 (net)
                  0.07    0.00    0.60 ^ output22/A (sky130_fd_sc_hd__clkbuf_4)
                  0.11    0.18    0.78 ^ output22/X (sky130_fd_sc_hd__clkbuf_4)
     1    0.03                           odata[1] (net)
                  0.11    0.00    0.78 ^ odata[1] (out)
                                  0.78   data arrival time

                          0.00    0.00   clock SCK (rise edge)
                          0.00    0.00   clock network delay (propagated)
                          0.25    0.25   clock uncertainty
                          0.00    0.25   clock reconvergence pessimism
                         -2.00   -1.75   output external delay
                                 -1.75   data required time
-----------------------------------------------------------------------------
                                 -1.75   data required time
                                 -0.78   data arrival time
-----------------------------------------------------------------------------
                                  2.53   slack (MET)


Startpoint: _476_ (rising edge-triggered flip-flop clocked by SCK)
Endpoint: odata[2] (output port clocked by SCK)
Path Group: SCK
Path Type: min

Fanout     Cap    Slew   Delay    Time   Description
-----------------------------------------------------------------------------
                          0.00    0.00   clock SCK (rise edge)
                          0.00    0.00   clock source latency
                  0.04    0.03    0.03 ^ SCK (in)
     1    0.01                           SCK (net)
                  0.04    0.00    0.03 ^ clkbuf_0_SCK/A (sky130_fd_sc_hd__clkbuf_16)
                  0.05    0.13    0.15 ^ clkbuf_0_SCK/X (sky130_fd_sc_hd__clkbuf_16)
     4    0.03                           clknet_0_SCK (net)
                  0.05    0.00    0.15 ^ clkbuf_2_1__f_SCK/A (sky130_fd_sc_hd__clkbuf_16)
                  0.05    0.12    0.28 ^ clkbuf_2_1__f_SCK/X (sky130_fd_sc_hd__clkbuf_16)
    12    0.02                           clknet_2_1__leaf_SCK (net)
                  0.05    0.00    0.28 ^ _476_/CLK (sky130_fd_sc_hd__dfrtp_1)
                  0.07    0.32    0.60 ^ _476_/Q (sky130_fd_sc_hd__dfrtp_1)
     3    0.01                           net23 (net)
                  0.07    0.00    0.60 ^ output23/A (sky130_fd_sc_hd__clkbuf_4)
                  0.11    0.18    0.78 ^ output23/X (sky130_fd_sc_hd__clkbuf_4)
     1    0.03                           odata[2] (net)
                  0.11    0.00    0.78 ^ odata[2] (out)
                                  0.78   data arrival time

                          0.00    0.00   clock SCK (rise edge)
                          0.00    0.00   clock network delay (propagated)
                          0.25    0.25   clock uncertainty
                          0.00    0.25   clock reconvergence pessimism
                         -2.00   -1.75   output external delay
                                 -1.75   data required time
-----------------------------------------------------------------------------
                                 -1.75   data required time
                                 -0.78   data arrival time
-----------------------------------------------------------------------------
                                  2.53   slack (MET)


Startpoint: _477_ (rising edge-triggered flip-flop clocked by SCK)
Endpoint: odata[3] (output port clocked by SCK)
Path Group: SCK
Path Type: min

Fanout     Cap    Slew   Delay    Time   Description
-----------------------------------------------------------------------------
                          0.00    0.00   clock SCK (rise edge)
                          0.00    0.00   clock source latency
                  0.04    0.03    0.03 ^ SCK (in)
     1    0.01                           SCK (net)
                  0.04    0.00    0.03 ^ clkbuf_0_SCK/A (sky130_fd_sc_hd__clkbuf_16)
                  0.05    0.13    0.15 ^ clkbuf_0_SCK/X (sky130_fd_sc_hd__clkbuf_16)
     4    0.03                           clknet_0_SCK (net)
                  0.05    0.00    0.15 ^ clkbuf_2_1__f_SCK/A (sky130_fd_sc_hd__clkbuf_16)
                  0.05    0.12    0.28 ^ clkbuf_2_1__f_SCK/X (sky130_fd_sc_hd__clkbuf_16)
    12    0.02                           clknet_2_1__leaf_SCK (net)
                  0.05    0.00    0.28 ^ _477_/CLK (sky130_fd_sc_hd__dfrtp_1)
                  0.07    0.32    0.60 ^ _477_/Q (sky130_fd_sc_hd__dfrtp_1)
     3    0.01                           net24 (net)
                  0.07    0.00    0.60 ^ output24/A (sky130_fd_sc_hd__clkbuf_4)
                  0.11    0.18    0.78 ^ output24/X (sky130_fd_sc_hd__clkbuf_4)
     1    0.03                           odata[3] (net)
                  0.11    0.00    0.78 ^ odata[3] (out)
                                  0.78   data arrival time

                          0.00    0.00   clock SCK (rise edge)
                          0.00    0.00   clock network delay (propagated)
                          0.25    0.25   clock uncertainty
                          0.00    0.25   clock reconvergence pessimism
                         -2.00   -1.75   output external delay
                                 -1.75   data required time
-----------------------------------------------------------------------------
                                 -1.75   data required time
                                 -0.78   data arrival time
-----------------------------------------------------------------------------
                                  2.53   slack (MET)


Startpoint: _479_ (rising edge-triggered flip-flop clocked by SCK)
Endpoint: odata[5] (output port clocked by SCK)
Path Group: SCK
Path Type: min

Fanout     Cap    Slew   Delay    Time   Description
-----------------------------------------------------------------------------
                          0.00    0.00   clock SCK (rise edge)
                          0.00    0.00   clock source latency
                  0.04    0.03    0.03 ^ SCK (in)
     1    0.01                           SCK (net)
                  0.04    0.00    0.03 ^ clkbuf_0_SCK/A (sky130_fd_sc_hd__clkbuf_16)
                  0.05    0.13    0.15 ^ clkbuf_0_SCK/X (sky130_fd_sc_hd__clkbuf_16)
     4    0.03                           clknet_0_SCK (net)
                  0.05    0.00    0.15 ^ clkbuf_2_1__f_SCK/A (sky130_fd_sc_hd__clkbuf_16)
                  0.05    0.12    0.28 ^ clkbuf_2_1__f_SCK/X (sky130_fd_sc_hd__clkbuf_16)
    12    0.02                           clknet_2_1__leaf_SCK (net)
                  0.05    0.00    0.28 ^ _479_/CLK (sky130_fd_sc_hd__dfrtp_1)
                  0.07    0.32    0.60 ^ _479_/Q (sky130_fd_sc_hd__dfrtp_1)
     3    0.01                           net26 (net)
                  0.07    0.00    0.60 ^ output26/A (sky130_fd_sc_hd__clkbuf_4)
                  0.11    0.18    0.78 ^ output26/X (sky130_fd_sc_hd__clkbuf_4)
     1    0.03                           odata[5] (net)
                  0.11    0.00    0.78 ^ odata[5] (out)
                                  0.78   data arrival time

                          0.00    0.00   clock SCK (rise edge)
                          0.00    0.00   clock network delay (propagated)
                          0.25    0.25   clock uncertainty
                          0.00    0.25   clock reconvergence pessimism
                         -2.00   -1.75   output external delay
                                 -1.75   data required time
-----------------------------------------------------------------------------
                                 -1.75   data required time
                                 -0.78   data arrival time
-----------------------------------------------------------------------------
                                  2.53   slack (MET)


Startpoint: _478_ (rising edge-triggered flip-flop clocked by SCK)
Endpoint: odata[4] (output port clocked by SCK)
Path Group: SCK
Path Type: min

Fanout     Cap    Slew   Delay    Time   Description
-----------------------------------------------------------------------------
                          0.00    0.00   clock SCK (rise edge)
                          0.00    0.00   clock source latency
                  0.04    0.03    0.03 ^ SCK (in)
     1    0.01                           SCK (net)
                  0.04    0.00    0.03 ^ clkbuf_0_SCK/A (sky130_fd_sc_hd__clkbuf_16)
                  0.05    0.13    0.15 ^ clkbuf_0_SCK/X (sky130_fd_sc_hd__clkbuf_16)
     4    0.03                           clknet_0_SCK (net)
                  0.05    0.00    0.15 ^ clkbuf_2_1__f_SCK/A (sky130_fd_sc_hd__clkbuf_16)
                  0.05    0.12    0.28 ^ clkbuf_2_1__f_SCK/X (sky130_fd_sc_hd__clkbuf_16)
    12    0.02                           clknet_2_1__leaf_SCK (net)
                  0.05    0.00    0.28 ^ _478_/CLK (sky130_fd_sc_hd__dfrtp_1)
                  0.07    0.32    0.59 ^ _478_/Q (sky130_fd_sc_hd__dfrtp_1)
     3    0.01                           net25 (net)
                  0.07    0.00    0.59 ^ output25/A (sky130_fd_sc_hd__buf_2)
                  0.17    0.19    0.79 ^ output25/X (sky130_fd_sc_hd__buf_2)
     1    0.03                           odata[4] (net)
                  0.17    0.00    0.79 ^ odata[4] (out)
                                  0.79   data arrival time

                          0.00    0.00   clock SCK (rise edge)
                          0.00    0.00   clock network delay (propagated)
                          0.25    0.25   clock uncertainty
                          0.00    0.25   clock reconvergence pessimism
                         -2.00   -1.75   output external delay
                                 -1.75   data required time
-----------------------------------------------------------------------------
                                 -1.75   data required time
                                 -0.79   data arrival time
-----------------------------------------------------------------------------
                                  2.54   slack (MET)


Startpoint: _465_ (rising edge-triggered flip-flop clocked by SCK)
Endpoint: oaddr[6] (output port clocked by SCK)
Path Group: SCK
Path Type: min

Fanout     Cap    Slew   Delay    Time   Description
-----------------------------------------------------------------------------
                          0.00    0.00   clock SCK (rise edge)
                          0.00    0.00   clock source latency
                  0.04    0.03    0.03 ^ SCK (in)
     1    0.01                           SCK (net)
                  0.04    0.00    0.03 ^ clkbuf_0_SCK/A (sky130_fd_sc_hd__clkbuf_16)
                  0.05    0.13    0.15 ^ clkbuf_0_SCK/X (sky130_fd_sc_hd__clkbuf_16)
     4    0.03                           clknet_0_SCK (net)
                  0.05    0.00    0.15 ^ clkbuf_2_0__f_SCK/A (sky130_fd_sc_hd__clkbuf_16)
                  0.04    0.12    0.27 ^ clkbuf_2_0__f_SCK/X (sky130_fd_sc_hd__clkbuf_16)
     9    0.02                           clknet_2_0__leaf_SCK (net)
                  0.04    0.00    0.27 ^ _465_/CLK (sky130_fd_sc_hd__dfrtp_1)
                  0.11    0.35    0.62 ^ _465_/Q (sky130_fd_sc_hd__dfrtp_1)
     5    0.01                           addr[6] (net)
                  0.11    0.00    0.62 ^ _397_/A1 (sky130_fd_sc_hd__a21bo_1)
                  0.03    0.11    0.73 ^ _397_/X (sky130_fd_sc_hd__a21bo_1)
     1    0.00                           net19 (net)
                  0.03    0.00    0.73 ^ output19/A (sky130_fd_sc_hd__clkbuf_4)
                  0.11    0.17    0.90 ^ output19/X (sky130_fd_sc_hd__clkbuf_4)
     1    0.03                           oaddr[6] (net)
                  0.11    0.00    0.90 ^ oaddr[6] (out)
                                  0.90   data arrival time

                          0.00    0.00   clock SCK (rise edge)
                          0.00    0.00   clock network delay (propagated)
                          0.25    0.25   clock uncertainty
                          0.00    0.25   clock reconvergence pessimism
                         -2.00   -1.75   output external delay
                                 -1.75   data required time
-----------------------------------------------------------------------------
                                 -1.75   data required time
                                 -0.90   data arrival time
-----------------------------------------------------------------------------
                                  2.65   slack (MET)


Startpoint: _456_ (rising edge-triggered flip-flop clocked by SCK)
Endpoint: pass_thru_mgmt_reset (output port clocked by SCK)
Path Group: SCK
Path Type: min

Fanout     Cap    Slew   Delay    Time   Description
-----------------------------------------------------------------------------
                          0.00    0.00   clock SCK (rise edge)
                          0.00    0.00   clock source latency
                  0.04    0.03    0.03 ^ SCK (in)
     1    0.01                           SCK (net)
                  0.04    0.00    0.03 ^ clkbuf_0_SCK/A (sky130_fd_sc_hd__clkbuf_16)
                  0.05    0.13    0.15 ^ clkbuf_0_SCK/X (sky130_fd_sc_hd__clkbuf_16)
     4    0.03                           clknet_0_SCK (net)
                  0.05    0.00    0.15 ^ clkbuf_2_3__f_SCK/A (sky130_fd_sc_hd__clkbuf_16)
                  0.04    0.11    0.27 ^ clkbuf_2_3__f_SCK/X (sky130_fd_sc_hd__clkbuf_16)
     6    0.01                           clknet_2_3__leaf_SCK (net)
                  0.04    0.00    0.27 ^ _456_/CLK (sky130_fd_sc_hd__dfrtp_1)
                  0.07    0.32    0.59 ^ _456_/Q (sky130_fd_sc_hd__dfrtp_1)
     3    0.01                           net30 (net)
                  0.07    0.00    0.59 ^ _398_/B (sky130_fd_sc_hd__or2_1)
                  0.04    0.09    0.68 ^ _398_/X (sky130_fd_sc_hd__or2_1)
     1    0.00                           _213_ (net)
                  0.04    0.00    0.68 ^ _399_/A (sky130_fd_sc_hd__clkbuf_1)
                  0.04    0.07    0.74 ^ _399_/X (sky130_fd_sc_hd__clkbuf_1)
     1    0.00                           net31 (net)
                  0.04    0.00    0.74 ^ output31/A (sky130_fd_sc_hd__clkbuf_4)
                  0.11    0.17    0.92 ^ output31/X (sky130_fd_sc_hd__clkbuf_4)
     1    0.03                           pass_thru_mgmt_reset (net)
                  0.11    0.00    0.92 ^ pass_thru_mgmt_reset (out)
                                  0.92   data arrival time

                          0.00    0.00   clock SCK (rise edge)
                          0.00    0.00   clock network delay (propagated)
                          0.25    0.25   clock uncertainty
                          0.00    0.25   clock reconvergence pessimism
                         -2.00   -1.75   output external delay
                                 -1.75   data required time
-----------------------------------------------------------------------------
                                 -1.75   data required time
                                 -0.92   data arrival time
-----------------------------------------------------------------------------
                                  2.67   slack (MET)


Startpoint: _458_ (rising edge-triggered flip-flop clocked by SCK)
Endpoint: pass_thru_user_reset (output port clocked by SCK)
Path Group: SCK
Path Type: min

Fanout     Cap    Slew   Delay    Time   Description
-----------------------------------------------------------------------------
                          0.00    0.00   clock SCK (rise edge)
                          0.00    0.00   clock source latency
                  0.04    0.03    0.03 ^ SCK (in)
     1    0.01                           SCK (net)
                  0.04    0.00    0.03 ^ clkbuf_0_SCK/A (sky130_fd_sc_hd__clkbuf_16)
                  0.05    0.13    0.15 ^ clkbuf_0_SCK/X (sky130_fd_sc_hd__clkbuf_16)
     4    0.03                           clknet_0_SCK (net)
                  0.05    0.00    0.15 ^ clkbuf_2_2__f_SCK/A (sky130_fd_sc_hd__clkbuf_16)
                  0.04    0.12    0.27 ^ clkbuf_2_2__f_SCK/X (sky130_fd_sc_hd__clkbuf_16)
     9    0.02                           clknet_2_2__leaf_SCK (net)
                  0.04    0.00    0.27 ^ _458_/CLK (sky130_fd_sc_hd__dfrtp_1)
                  0.07    0.32    0.59 ^ _458_/Q (sky130_fd_sc_hd__dfrtp_1)
     3    0.01                           net33 (net)
                  0.07    0.00    0.59 ^ _400_/B (sky130_fd_sc_hd__or2_1)
                  0.04    0.09    0.68 ^ _400_/X (sky130_fd_sc_hd__or2_1)
     1    0.00                           _214_ (net)
                  0.04    0.00    0.68 ^ _401_/A (sky130_fd_sc_hd__clkbuf_1)
                  0.04    0.07    0.75 ^ _401_/X (sky130_fd_sc_hd__clkbuf_1)
     1    0.00                           net34 (net)
                  0.04    0.00    0.75 ^ output34/A (sky130_fd_sc_hd__clkbuf_4)
                  0.11    0.17    0.92 ^ output34/X (sky130_fd_sc_hd__clkbuf_4)
     1    0.03                           pass_thru_user_reset (net)
                  0.11    0.00    0.92 ^ pass_thru_user_reset (out)
                                  0.92   data arrival time

                          0.00    0.00   clock SCK (rise edge)
                          0.00    0.00   clock network delay (propagated)
                          0.25    0.25   clock uncertainty
                          0.00    0.25   clock reconvergence pessimism
                         -2.00   -1.75   output external delay
                                 -1.75   data required time
-----------------------------------------------------------------------------
                                 -1.75   data required time
                                 -0.92   data arrival time
-----------------------------------------------------------------------------
                                  2.67   slack (MET)


Startpoint: _462_ (rising edge-triggered flip-flop clocked by SCK)
Endpoint: oaddr[3] (output port clocked by SCK)
Path Group: SCK
Path Type: min

Fanout     Cap    Slew   Delay    Time   Description
-----------------------------------------------------------------------------
                          0.00    0.00   clock SCK (rise edge)
                          0.00    0.00   clock source latency
                  0.04    0.03    0.03 ^ SCK (in)
     1    0.01                           SCK (net)
                  0.04    0.00    0.03 ^ clkbuf_0_SCK/A (sky130_fd_sc_hd__clkbuf_16)
                  0.05    0.13    0.15 ^ clkbuf_0_SCK/X (sky130_fd_sc_hd__clkbuf_16)
     4    0.03                           clknet_0_SCK (net)
                  0.05    0.00    0.15 ^ clkbuf_2_2__f_SCK/A (sky130_fd_sc_hd__clkbuf_16)
                  0.04    0.12    0.27 ^ clkbuf_2_2__f_SCK/X (sky130_fd_sc_hd__clkbuf_16)
     9    0.02                           clknet_2_2__leaf_SCK (net)
                  0.04    0.00    0.27 ^ _462_/CLK (sky130_fd_sc_hd__dfrtp_2)
                  0.08    0.35    0.62 ^ _462_/Q (sky130_fd_sc_hd__dfrtp_2)
     6    0.01                           addr[3] (net)
                  0.08    0.00    0.62 ^ _391_/A0 (sky130_fd_sc_hd__mux2_1)
                  0.04    0.11    0.74 ^ _391_/X (sky130_fd_sc_hd__mux2_1)
     1    0.00                           _210_ (net)
                  0.04    0.00    0.74 ^ _392_/A (sky130_fd_sc_hd__clkbuf_1)
                  0.04    0.07    0.81 ^ _392_/X (sky130_fd_sc_hd__clkbuf_1)
     1    0.00                           net16 (net)
                  0.04    0.00    0.81 ^ output16/A (sky130_fd_sc_hd__clkbuf_4)
                  0.11    0.17    0.98 ^ output16/X (sky130_fd_sc_hd__clkbuf_4)
     1    0.03                           oaddr[3] (net)
                  0.11    0.00    0.98 ^ oaddr[3] (out)
                                  0.98   data arrival time

                          0.00    0.00   clock SCK (rise edge)
                          0.00    0.00   clock network delay (propagated)
                          0.25    0.25   clock uncertainty
                          0.00    0.25   clock reconvergence pessimism
                         -2.00   -1.75   output external delay
                                 -1.75   data required time
-----------------------------------------------------------------------------
                                 -1.75   data required time
                                 -0.98   data arrival time
-----------------------------------------------------------------------------
                                  2.73   slack (MET)


Startpoint: _465_ (rising edge-triggered flip-flop clocked by SCK)
Endpoint: oaddr[7] (output port clocked by SCK)
Path Group: SCK
Path Type: min

Fanout     Cap    Slew   Delay    Time   Description
-----------------------------------------------------------------------------
                          0.00    0.00   clock SCK (rise edge)
                          0.00    0.00   clock source latency
                  0.04    0.03    0.03 ^ SCK (in)
     1    0.01                           SCK (net)
                  0.04    0.00    0.03 ^ clkbuf_0_SCK/A (sky130_fd_sc_hd__clkbuf_16)
                  0.05    0.13    0.15 ^ clkbuf_0_SCK/X (sky130_fd_sc_hd__clkbuf_16)
     4    0.03                           clknet_0_SCK (net)
                  0.05    0.00    0.15 ^ clkbuf_2_0__f_SCK/A (sky130_fd_sc_hd__clkbuf_16)
                  0.04    0.12    0.27 ^ clkbuf_2_0__f_SCK/X (sky130_fd_sc_hd__clkbuf_16)
     9    0.02                           clknet_2_0__leaf_SCK (net)
                  0.04    0.00    0.27 ^ _465_/CLK (sky130_fd_sc_hd__dfrtp_1)
                  0.11    0.35    0.62 ^ _465_/Q (sky130_fd_sc_hd__dfrtp_1)
     5    0.01                           addr[6] (net)
                  0.11    0.00    0.62 ^ _322_/A1 (sky130_fd_sc_hd__a21bo_1)
                  0.03    0.11    0.73 ^ _322_/X (sky130_fd_sc_hd__a21bo_1)
     1    0.00                           _164_ (net)
                  0.03    0.00    0.73 ^ _323_/A (sky130_fd_sc_hd__buf_1)
                  0.06    0.08    0.81 ^ _323_/X (sky130_fd_sc_hd__buf_1)
     2    0.00                           net20 (net)
                  0.06    0.00    0.81 ^ output20/A (sky130_fd_sc_hd__clkbuf_4)
                  0.11    0.18    0.99 ^ output20/X (sky130_fd_sc_hd__clkbuf_4)
     1    0.03                           oaddr[7] (net)
                  0.11    0.00    0.99 ^ oaddr[7] (out)
                                  0.99   data arrival time

                          0.00    0.00   clock SCK (rise edge)
                          0.00    0.00   clock network delay (propagated)
                          0.25    0.25   clock uncertainty
                          0.00    0.25   clock reconvergence pessimism
                         -2.00   -1.75   output external delay
                                 -1.75   data required time
-----------------------------------------------------------------------------
                                 -1.75   data required time
                                 -0.99   data arrival time
-----------------------------------------------------------------------------
                                  2.74   slack (MET)


Startpoint: _462_ (rising edge-triggered flip-flop clocked by SCK)
Endpoint: oaddr[4] (output port clocked by SCK)
Path Group: SCK
Path Type: min

Fanout     Cap    Slew   Delay    Time   Description
-----------------------------------------------------------------------------
                          0.00    0.00   clock SCK (rise edge)
                          0.00    0.00   clock source latency
                  0.04    0.03    0.03 ^ SCK (in)
     1    0.01                           SCK (net)
                  0.04    0.00    0.03 ^ clkbuf_0_SCK/A (sky130_fd_sc_hd__clkbuf_16)
                  0.05    0.13    0.15 ^ clkbuf_0_SCK/X (sky130_fd_sc_hd__clkbuf_16)
     4    0.03                           clknet_0_SCK (net)
                  0.05    0.00    0.15 ^ clkbuf_2_2__f_SCK/A (sky130_fd_sc_hd__clkbuf_16)
                  0.04    0.12    0.27 ^ clkbuf_2_2__f_SCK/X (sky130_fd_sc_hd__clkbuf_16)
     9    0.02                           clknet_2_2__leaf_SCK (net)
                  0.04    0.00    0.27 ^ _462_/CLK (sky130_fd_sc_hd__dfrtp_2)
                  0.08    0.35    0.62 ^ _462_/Q (sky130_fd_sc_hd__dfrtp_2)
     6    0.01                           addr[3] (net)
                  0.08    0.00    0.62 ^ _393_/A1 (sky130_fd_sc_hd__mux2_1)
                  0.04    0.12    0.74 ^ _393_/X (sky130_fd_sc_hd__mux2_1)
     1    0.00                           _211_ (net)
                  0.04    0.00    0.74 ^ _394_/A (sky130_fd_sc_hd__clkbuf_1)
                  0.03    0.07    0.81 ^ _394_/X (sky130_fd_sc_hd__clkbuf_1)
     1    0.00                           net17 (net)
                  0.03    0.00    0.81 ^ output17/A (sky130_fd_sc_hd__buf_2)
                  0.17    0.18    0.99 ^ output17/X (sky130_fd_sc_hd__buf_2)
     1    0.03                           oaddr[4] (net)
                  0.17    0.00    0.99 ^ oaddr[4] (out)
                                  0.99   data arrival time

                          0.00    0.00   clock SCK (rise edge)
                          0.00    0.00   clock network delay (propagated)
                          0.25    0.25   clock uncertainty
                          0.00    0.25   clock reconvergence pessimism
                         -2.00   -1.75   output external delay
                                 -1.75   data required time
-----------------------------------------------------------------------------
                                 -1.75   data required time
                                 -0.99   data arrival time
-----------------------------------------------------------------------------
                                  2.74   slack (MET)


Startpoint: _464_ (rising edge-triggered flip-flop clocked by SCK)
Endpoint: oaddr[5] (output port clocked by SCK)
Path Group: SCK
Path Type: min

Fanout     Cap    Slew   Delay    Time   Description
-----------------------------------------------------------------------------
                          0.00    0.00   clock SCK (rise edge)
                          0.00    0.00   clock source latency
                  0.04    0.03    0.03 ^ SCK (in)
     1    0.01                           SCK (net)
                  0.04    0.00    0.03 ^ clkbuf_0_SCK/A (sky130_fd_sc_hd__clkbuf_16)
                  0.05    0.13    0.15 ^ clkbuf_0_SCK/X (sky130_fd_sc_hd__clkbuf_16)
     4    0.03                           clknet_0_SCK (net)
                  0.05    0.00    0.15 ^ clkbuf_2_0__f_SCK/A (sky130_fd_sc_hd__clkbuf_16)
                  0.04    0.12    0.27 ^ clkbuf_2_0__f_SCK/X (sky130_fd_sc_hd__clkbuf_16)
     9    0.02                           clknet_2_0__leaf_SCK (net)
                  0.04    0.00    0.27 ^ _464_/CLK (sky130_fd_sc_hd__dfrtp_2)
                  0.09    0.36    0.63 ^ _464_/Q (sky130_fd_sc_hd__dfrtp_2)
     7    0.01                           addr[5] (net)
                  0.09    0.00    0.63 ^ _395_/A0 (sky130_fd_sc_hd__mux2_1)
                  0.04    0.12    0.75 ^ _395_/X (sky130_fd_sc_hd__mux2_1)
     1    0.00                           _212_ (net)
                  0.04    0.00    0.75 ^ _396_/A (sky130_fd_sc_hd__clkbuf_1)
                  0.04    0.07    0.82 ^ _396_/X (sky130_fd_sc_hd__clkbuf_1)
     1    0.00                           net18 (net)
                  0.04    0.00    0.82 ^ output18/A (sky130_fd_sc_hd__clkbuf_4)
                  0.11    0.17    0.99 ^ output18/X (sky130_fd_sc_hd__clkbuf_4)
     1    0.03                           oaddr[5] (net)
                  0.11    0.00    0.99 ^ oaddr[5] (out)
                                  0.99   data arrival time

                          0.00    0.00   clock SCK (rise edge)
                          0.00    0.00   clock network delay (propagated)
                          0.25    0.25   clock uncertainty
                          0.00    0.25   clock reconvergence pessimism
                         -2.00   -1.75   output external delay
                                 -1.75   data required time
-----------------------------------------------------------------------------
                                 -1.75   data required time
                                 -0.99   data arrival time
-----------------------------------------------------------------------------
                                  2.74   slack (MET)


Startpoint: _460_ (rising edge-triggered flip-flop clocked by SCK)
Endpoint: oaddr[1] (output port clocked by SCK)
Path Group: SCK
Path Type: min

Fanout     Cap    Slew   Delay    Time   Description
-----------------------------------------------------------------------------
                          0.00    0.00   clock SCK (rise edge)
                          0.00    0.00   clock source latency
                  0.04    0.03    0.03 ^ SCK (in)
     1    0.01                           SCK (net)
                  0.04    0.00    0.03 ^ clkbuf_0_SCK/A (sky130_fd_sc_hd__clkbuf_16)
                  0.05    0.13    0.15 ^ clkbuf_0_SCK/X (sky130_fd_sc_hd__clkbuf_16)
     4    0.03                           clknet_0_SCK (net)
                  0.05    0.00    0.15 ^ clkbuf_2_2__f_SCK/A (sky130_fd_sc_hd__clkbuf_16)
                  0.04    0.12    0.27 ^ clkbuf_2_2__f_SCK/X (sky130_fd_sc_hd__clkbuf_16)
     9    0.02                           clknet_2_2__leaf_SCK (net)
                  0.04    0.00    0.27 ^ _460_/CLK (sky130_fd_sc_hd__dfrtp_4)
                  0.08    0.40    0.68 ^ _460_/Q (sky130_fd_sc_hd__dfrtp_4)
     8    0.02                           addr[1] (net)
                  0.08    0.00    0.68 ^ _358_/A (sky130_fd_sc_hd__nand2_1)
                  0.06    0.07    0.75 v _358_/Y (sky130_fd_sc_hd__nand2_1)
     2    0.01                           _193_ (net)
                  0.06    0.00    0.75 v _388_/B1 (sky130_fd_sc_hd__o21ai_1)
                  0.07    0.06    0.81 ^ _388_/Y (sky130_fd_sc_hd__o21ai_1)
     1    0.00                           net14 (net)
                  0.07    0.00    0.81 ^ output14/A (sky130_fd_sc_hd__clkbuf_4)
                  0.11    0.18    1.00 ^ output14/X (sky130_fd_sc_hd__clkbuf_4)
     1    0.03                           oaddr[1] (net)
                  0.11    0.00    1.00 ^ oaddr[1] (out)
                                  1.00   data arrival time

                          0.00    0.00   clock SCK (rise edge)
                          0.00    0.00   clock network delay (propagated)
                          0.25    0.25   clock uncertainty
                          0.00    0.25   clock reconvergence pessimism
                         -2.00   -1.75   output external delay
                                 -1.75   data required time
-----------------------------------------------------------------------------
                                 -1.75   data required time
                                 -1.00   data arrival time
-----------------------------------------------------------------------------
                                  2.75   slack (MET)


Startpoint: _461_ (rising edge-triggered flip-flop clocked by SCK)
Endpoint: oaddr[2] (output port clocked by SCK)
Path Group: SCK
Path Type: min

Fanout     Cap    Slew   Delay    Time   Description
-----------------------------------------------------------------------------
                          0.00    0.00   clock SCK (rise edge)
                          0.00    0.00   clock source latency
                  0.04    0.03    0.03 ^ SCK (in)
     1    0.01                           SCK (net)
                  0.04    0.00    0.03 ^ clkbuf_0_SCK/A (sky130_fd_sc_hd__clkbuf_16)
                  0.05    0.13    0.15 ^ clkbuf_0_SCK/X (sky130_fd_sc_hd__clkbuf_16)
     4    0.03                           clknet_0_SCK (net)
                  0.05    0.00    0.15 ^ clkbuf_2_2__f_SCK/A (sky130_fd_sc_hd__clkbuf_16)
                  0.04    0.12    0.27 ^ clkbuf_2_2__f_SCK/X (sky130_fd_sc_hd__clkbuf_16)
     9    0.02                           clknet_2_2__leaf_SCK (net)
                  0.04    0.00    0.27 ^ _461_/CLK (sky130_fd_sc_hd__dfrtp_4)
                  0.08    0.40    0.68 ^ _461_/Q (sky130_fd_sc_hd__dfrtp_4)
     8    0.02                           addr[2] (net)
                  0.08    0.00    0.68 ^ _389_/A0 (sky130_fd_sc_hd__mux2_1)
                  0.04    0.12    0.79 ^ _389_/X (sky130_fd_sc_hd__mux2_1)
     1    0.00                           _209_ (net)
                  0.04    0.00    0.79 ^ _390_/A (sky130_fd_sc_hd__buf_1)
                  0.04    0.07    0.86 ^ _390_/X (sky130_fd_sc_hd__buf_1)
     1    0.00                           net15 (net)
                  0.04    0.00    0.86 ^ output15/A (sky130_fd_sc_hd__clkbuf_4)
                  0.11    0.17    1.04 ^ output15/X (sky130_fd_sc_hd__clkbuf_4)
     1    0.03                           oaddr[2] (net)
                  0.11    0.00    1.04 ^ oaddr[2] (out)
                                  1.04   data arrival time

                          0.00    0.00   clock SCK (rise edge)
                          0.00    0.00   clock network delay (propagated)
                          0.25    0.25   clock uncertainty
                          0.00    0.25   clock reconvergence pessimism
                         -2.00   -1.75   output external delay
                                 -1.75   data required time
-----------------------------------------------------------------------------
                                 -1.75   data required time
                                 -1.04   data arrival time
-----------------------------------------------------------------------------
                                  2.79   slack (MET)


Startpoint: _459_ (rising edge-triggered flip-flop clocked by SCK)
Endpoint: oaddr[0] (output port clocked by SCK)
Path Group: SCK
Path Type: min

Fanout     Cap    Slew   Delay    Time   Description
-----------------------------------------------------------------------------
                          0.00    0.00   clock SCK (rise edge)
                          0.00    0.00   clock source latency
                  0.04    0.03    0.03 ^ SCK (in)
     1    0.01                           SCK (net)
                  0.04    0.00    0.03 ^ clkbuf_0_SCK/A (sky130_fd_sc_hd__clkbuf_16)
                  0.05    0.13    0.15 ^ clkbuf_0_SCK/X (sky130_fd_sc_hd__clkbuf_16)
     4    0.03                           clknet_0_SCK (net)
                  0.05    0.00    0.15 ^ clkbuf_2_2__f_SCK/A (sky130_fd_sc_hd__clkbuf_16)
                  0.04    0.12    0.27 ^ clkbuf_2_2__f_SCK/X (sky130_fd_sc_hd__clkbuf_16)
     9    0.02                           clknet_2_2__leaf_SCK (net)
                  0.04    0.00    0.27 ^ _459_/CLK (sky130_fd_sc_hd__dfrtp_4)
                  0.10    0.41    0.69 ^ _459_/Q (sky130_fd_sc_hd__dfrtp_4)
     8    0.02                           addr[0] (net)
                  0.10    0.00    0.69 ^ _386_/A0 (sky130_fd_sc_hd__mux2_1)
                  0.04    0.12    0.81 ^ _386_/X (sky130_fd_sc_hd__mux2_1)
     1    0.00                           _208_ (net)
                  0.04    0.00    0.81 ^ _387_/A (sky130_fd_sc_hd__clkbuf_1)
                  0.04    0.07    0.88 ^ _387_/X (sky130_fd_sc_hd__clkbuf_1)
     1    0.00                           net13 (net)
                  0.04    0.00    0.88 ^ output13/A (sky130_fd_sc_hd__clkbuf_4)
                  0.11    0.17    1.05 ^ output13/X (sky130_fd_sc_hd__clkbuf_4)
     1    0.03                           oaddr[0] (net)
                  0.11    0.00    1.05 ^ oaddr[0] (out)
                                  1.05   data arrival time

                          0.00    0.00   clock SCK (rise edge)
                          0.00    0.00   clock network delay (propagated)
                          0.25    0.25   clock uncertainty
                          0.00    0.25   clock reconvergence pessimism
                         -2.00   -1.75   output external delay
                                 -1.75   data required time
-----------------------------------------------------------------------------
                                 -1.75   data required time
                                 -1.05   data arrival time
-----------------------------------------------------------------------------
                                  2.80   slack (MET)


Startpoint: SDI (input port clocked by SCK)
Endpoint: odata[0] (output port clocked by SCK)
Path Group: SCK
Path Type: min

Fanout     Cap    Slew   Delay    Time   Description
-----------------------------------------------------------------------------
                          0.00    0.00   clock SCK (rise edge)
                          0.00    0.00   clock network delay (propagated)
                          2.00    2.00 v input external delay
                  0.01    0.00    2.00 v SDI (in)
     1    0.00                           SDI (net)
                  0.01    0.00    2.00 v input2/A (sky130_fd_sc_hd__buf_2)
                  0.05    0.12    2.12 v input2/X (sky130_fd_sc_hd__buf_2)
     8    0.02                           net2 (net)
                  0.05    0.00    2.12 v _499_/A (sky130_fd_sc_hd__clkbuf_1)
                  0.02    0.08    2.21 v _499_/X (sky130_fd_sc_hd__clkbuf_1)
     1    0.00                           net21 (net)
                  0.02    0.00    2.21 v output21/A (sky130_fd_sc_hd__clkbuf_4)
                  0.08    0.16    2.37 v output21/X (sky130_fd_sc_hd__clkbuf_4)
     1    0.03                           odata[0] (net)
                  0.08    0.00    2.37 v odata[0] (out)
                                  2.37   data arrival time

                          0.00    0.00   clock SCK (rise edge)
                          0.00    0.00   clock network delay (propagated)
                          0.25    0.25   clock uncertainty
                          0.00    0.25   clock reconvergence pessimism
                         -2.00   -1.75   output external delay
                                 -1.75   data required time
-----------------------------------------------------------------------------
                                 -1.75   data required time
                                 -2.37   data arrival time
-----------------------------------------------------------------------------
                                  4.12   slack (MET)


Startpoint: _487_ (rising edge-triggered flip-flop clocked by SCK)
Endpoint: _483_ (rising edge-triggered flip-flop clocked by SCK')
Path Group: SCK
Path Type: min

Fanout     Cap    Slew   Delay    Time   Description
-----------------------------------------------------------------------------
                         10.00   10.00   clock SCK (rise edge)
                          0.00   10.00   clock source latency
                  0.04    0.03   10.03 ^ SCK (in)
     1    0.01                           SCK (net)
                  0.04    0.00   10.03 ^ clkbuf_0_SCK/A (sky130_fd_sc_hd__clkbuf_16)
                  0.05    0.13   10.15 ^ clkbuf_0_SCK/X (sky130_fd_sc_hd__clkbuf_16)
     4    0.03                           clknet_0_SCK (net)
                  0.05    0.00   10.15 ^ clkbuf_2_2__f_SCK/A (sky130_fd_sc_hd__clkbuf_16)
                  0.04    0.12   10.27 ^ clkbuf_2_2__f_SCK/X (sky130_fd_sc_hd__clkbuf_16)
     9    0.02                           clknet_2_2__leaf_SCK (net)
                  0.04    0.00   10.27 ^ _487_/CLK (sky130_fd_sc_hd__dfrtp_1)
                  0.08    0.32   10.60 ^ _487_/Q (sky130_fd_sc_hd__dfrtp_1)
     3    0.01                           state[1] (net)
                  0.08    0.00   10.60 ^ _384_/B (sky130_fd_sc_hd__nor2_1)
                  0.03    0.04   10.64 v _384_/Y (sky130_fd_sc_hd__nor2_1)
     1    0.00                           _207_ (net)
                  0.03    0.00   10.64 v _385_/A2 (sky130_fd_sc_hd__o21a_1)
                  0.03    0.14   10.78 v _385_/X (sky130_fd_sc_hd__o21a_1)
     1    0.00                           _000_ (net)
                  0.03    0.00   10.78 v _483_/D (sky130_fd_sc_hd__dfstp_1)
                                 10.78   data arrival time

                          5.00    5.00   clock SCK' (rise edge)
                          0.00    5.00   clock source latency
                  0.02    0.01    5.01 v SCK (in)
     1    0.01                           SCK (net)
                  0.02    0.00    5.01 v clkbuf_0_SCK/A (sky130_fd_sc_hd__clkbuf_16)
                  0.04    0.15    5.16 v clkbuf_0_SCK/X (sky130_fd_sc_hd__clkbuf_16)
     4    0.03                           clknet_0_SCK (net)
                  0.04    0.00    5.16 v clkbuf_2_3__f_SCK/A (sky130_fd_sc_hd__clkbuf_16)
                  0.03    0.14    5.30 v clkbuf_2_3__f_SCK/X (sky130_fd_sc_hd__clkbuf_16)
     6    0.01                           clknet_2_3__leaf_SCK (net)
                  0.03    0.00    5.30 v _437_/A (sky130_fd_sc_hd__buf_1)
                  0.05    0.11    5.41 v _437_/X (sky130_fd_sc_hd__buf_1)
     1    0.01                           _221_ (net)
                  0.05    0.00    5.41 v clkbuf_0__221_/A (sky130_fd_sc_hd__clkbuf_16)
                  0.03    0.15    5.56 v clkbuf_0__221_/X (sky130_fd_sc_hd__clkbuf_16)
     2    0.01                           clknet_0__221_ (net)
                  0.03    0.00    5.56 v clkbuf_1_1__f__221_/A (sky130_fd_sc_hd__clkbuf_16)
                  0.04    0.15    5.71 v clkbuf_1_1__f__221_/X (sky130_fd_sc_hd__clkbuf_16)
     6    0.03                           clknet_1_1__leaf__221_ (net)
                  0.04    0.00    5.71 v _438__1/A (sky130_fd_sc_hd__inv_2)
                  0.02    0.04    5.75 ^ _438__1/Y (sky130_fd_sc_hd__inv_2)
     1    0.00                           net39 (net)
                  0.02    0.00    5.75 ^ _483_/CLK (sky130_fd_sc_hd__dfstp_1)
                          0.25    6.00   clock uncertainty
                         -0.02    5.99   clock reconvergence pessimism
                         -0.01    5.97   library hold time
                                  5.97   data required time
-----------------------------------------------------------------------------
                                  5.97   data required time
                                -10.78   data arrival time
-----------------------------------------------------------------------------
                                  4.81   slack (MET)


Startpoint: CSB (input port clocked by SCK)
Endpoint: _491_ (removal check against rising-edge clock SCK')
Path Group: asynchronous
Path Type: min

Fanout     Cap    Slew   Delay    Time   Description
-----------------------------------------------------------------------------
                         10.00   10.00   clock SCK (rise edge)
                          0.00   10.00   clock network delay (propagated)
                          2.00   12.00 v input external delay
                  0.01    0.00   12.00 v CSB (in)
     1    0.00                           CSB (net)
                  0.01    0.00   12.00 v input1/A (sky130_fd_sc_hd__clkbuf_1)
                  0.02    0.06   12.06 v input1/X (sky130_fd_sc_hd__clkbuf_1)
     1    0.00                           net1 (net)
                  0.02    0.00   12.06 v _224_/A (sky130_fd_sc_hd__buf_2)
                  0.06    0.13   12.20 v _224_/X (sky130_fd_sc_hd__buf_2)
     9    0.02                           _102_ (net)
                  0.06    0.00   12.20 v _225_/A (sky130_fd_sc_hd__clkbuf_4)
                  0.06    0.16   12.36 v _225_/X (sky130_fd_sc_hd__clkbuf_4)
    10    0.02                           _103_ (net)
                  0.06    0.00   12.36 v _257_/B (sky130_fd_sc_hd__nor2_1)
                  0.09    0.09   12.45 ^ _257_/Y (sky130_fd_sc_hd__nor2_1)
     1    0.00                           _045_ (net)
                  0.09    0.00   12.45 ^ _491_/RESET_B (sky130_fd_sc_hd__dfrtp_1)
                                 12.45   data arrival time

                          5.00    5.00   clock SCK' (rise edge)
                          0.00    5.00   clock source latency
                  0.02    0.01    5.01 v SCK (in)
     1    0.01                           SCK (net)
                  0.02    0.00    5.01 v clkbuf_0_SCK/A (sky130_fd_sc_hd__clkbuf_16)
                  0.04    0.15    5.16 v clkbuf_0_SCK/X (sky130_fd_sc_hd__clkbuf_16)
     4    0.03                           clknet_0_SCK (net)
                  0.04    0.00    5.16 v clkbuf_2_3__f_SCK/A (sky130_fd_sc_hd__clkbuf_16)
                  0.03    0.14    5.30 v clkbuf_2_3__f_SCK/X (sky130_fd_sc_hd__clkbuf_16)
     6    0.01                           clknet_2_3__leaf_SCK (net)
                  0.03    0.00    5.30 v _437_/A (sky130_fd_sc_hd__buf_1)
                  0.05    0.11    5.41 v _437_/X (sky130_fd_sc_hd__buf_1)
     1    0.01                           _221_ (net)
                  0.05    0.00    5.41 v clkbuf_0__221_/A (sky130_fd_sc_hd__clkbuf_16)
                  0.03    0.15    5.56 v clkbuf_0__221_/X (sky130_fd_sc_hd__clkbuf_16)
     2    0.01                           clknet_0__221_ (net)
                  0.03    0.00    5.56 v clkbuf_1_1__f__221_/A (sky130_fd_sc_hd__clkbuf_16)
                  0.04    0.15    5.71 v clkbuf_1_1__f__221_/X (sky130_fd_sc_hd__clkbuf_16)
     6    0.03                           clknet_1_1__leaf__221_ (net)
                  0.04    0.00    5.71 v _446__3/A (sky130_fd_sc_hd__inv_2)
                  0.02    0.04    5.75 ^ _446__3/Y (sky130_fd_sc_hd__inv_2)
     1    0.00                           net41 (net)
                  0.02    0.00    5.75 ^ _491_/CLK (sky130_fd_sc_hd__dfrtp_1)
                          0.25    6.00   clock uncertainty
                          0.00    6.00   clock reconvergence pessimism
                          0.33    6.33   library removal time
                                  6.33   data required time
-----------------------------------------------------------------------------
                                  6.33   data required time
                                -12.45   data arrival time
-----------------------------------------------------------------------------
                                  6.13   slack (MET)


Startpoint: CSB (input port clocked by SCK)
Endpoint: _492_ (removal check against rising-edge clock SCK')
Path Group: asynchronous
Path Type: min

Fanout     Cap    Slew   Delay    Time   Description
-----------------------------------------------------------------------------
                         10.00   10.00   clock SCK (rise edge)
                          0.00   10.00   clock network delay (propagated)
                          2.00   12.00 v input external delay
                  0.01    0.00   12.00 v CSB (in)
     1    0.00                           CSB (net)
                  0.01    0.00   12.00 v input1/A (sky130_fd_sc_hd__clkbuf_1)
                  0.02    0.06   12.06 v input1/X (sky130_fd_sc_hd__clkbuf_1)
     1    0.00                           net1 (net)
                  0.02    0.00   12.06 v _224_/A (sky130_fd_sc_hd__buf_2)
                  0.06    0.13   12.20 v _224_/X (sky130_fd_sc_hd__buf_2)
     9    0.02                           _102_ (net)
                  0.06    0.00   12.20 v _225_/A (sky130_fd_sc_hd__clkbuf_4)
                  0.06    0.16   12.36 v _225_/X (sky130_fd_sc_hd__clkbuf_4)
    10    0.02                           _103_ (net)
                  0.06    0.00   12.36 v _253_/B (sky130_fd_sc_hd__nor2_1)
                  0.09    0.09   12.45 ^ _253_/Y (sky130_fd_sc_hd__nor2_1)
     1    0.00                           _047_ (net)
                  0.09    0.00   12.45 ^ _492_/RESET_B (sky130_fd_sc_hd__dfrtp_1)
                                 12.45   data arrival time

                          5.00    5.00   clock SCK' (rise edge)
                          0.00    5.00   clock source latency
                  0.02    0.01    5.01 v SCK (in)
     1    0.01                           SCK (net)
                  0.02    0.00    5.01 v clkbuf_0_SCK/A (sky130_fd_sc_hd__clkbuf_16)
                  0.04    0.15    5.16 v clkbuf_0_SCK/X (sky130_fd_sc_hd__clkbuf_16)
     4    0.03                           clknet_0_SCK (net)
                  0.04    0.00    5.16 v clkbuf_2_3__f_SCK/A (sky130_fd_sc_hd__clkbuf_16)
                  0.03    0.14    5.30 v clkbuf_2_3__f_SCK/X (sky130_fd_sc_hd__clkbuf_16)
     6    0.01                           clknet_2_3__leaf_SCK (net)
                  0.03    0.00    5.30 v _437_/A (sky130_fd_sc_hd__buf_1)
                  0.05    0.11    5.41 v _437_/X (sky130_fd_sc_hd__buf_1)
     1    0.01                           _221_ (net)
                  0.05    0.00    5.41 v clkbuf_0__221_/A (sky130_fd_sc_hd__clkbuf_16)
                  0.03    0.15    5.56 v clkbuf_0__221_/X (sky130_fd_sc_hd__clkbuf_16)
     2    0.01                           clknet_0__221_ (net)
                  0.03    0.00    5.56 v clkbuf_1_1__f__221_/A (sky130_fd_sc_hd__clkbuf_16)
                  0.04    0.15    5.71 v clkbuf_1_1__f__221_/X (sky130_fd_sc_hd__clkbuf_16)
     6    0.03                           clknet_1_1__leaf__221_ (net)
                  0.04    0.00    5.71 v _447__4/A (sky130_fd_sc_hd__inv_2)
                  0.02    0.04    5.75 ^ _447__4/Y (sky130_fd_sc_hd__inv_2)
     1    0.00                           net42 (net)
                  0.02    0.00    5.75 ^ _492_/CLK (sky130_fd_sc_hd__dfrtp_1)
                          0.25    6.00   clock uncertainty
                          0.00    6.00   clock reconvergence pessimism
                          0.33    6.33   library removal time
                                  6.33   data required time
-----------------------------------------------------------------------------
                                  6.33   data required time
                                -12.45   data arrival time
-----------------------------------------------------------------------------
                                  6.13   slack (MET)


Startpoint: CSB (input port clocked by SCK)
Endpoint: _493_ (removal check against rising-edge clock SCK')
Path Group: asynchronous
Path Type: min

Fanout     Cap    Slew   Delay    Time   Description
-----------------------------------------------------------------------------
                         10.00   10.00   clock SCK (rise edge)
                          0.00   10.00   clock network delay (propagated)
                          2.00   12.00 v input external delay
                  0.01    0.00   12.00 v CSB (in)
     1    0.00                           CSB (net)
                  0.01    0.00   12.00 v input1/A (sky130_fd_sc_hd__clkbuf_1)
                  0.02    0.06   12.06 v input1/X (sky130_fd_sc_hd__clkbuf_1)
     1    0.00                           net1 (net)
                  0.02    0.00   12.06 v _224_/A (sky130_fd_sc_hd__buf_2)
                  0.06    0.13   12.20 v _224_/X (sky130_fd_sc_hd__buf_2)
     9    0.02                           _102_ (net)
                  0.06    0.00   12.20 v _225_/A (sky130_fd_sc_hd__clkbuf_4)
                  0.06    0.16   12.36 v _225_/X (sky130_fd_sc_hd__clkbuf_4)
    10    0.02                           _103_ (net)
                  0.06    0.00   12.36 v _249_/B (sky130_fd_sc_hd__nor2_1)
                  0.09    0.09   12.45 ^ _249_/Y (sky130_fd_sc_hd__nor2_1)
     1    0.00                           _049_ (net)
                  0.09    0.00   12.45 ^ _493_/RESET_B (sky130_fd_sc_hd__dfrtp_1)
                                 12.45   data arrival time

                          5.00    5.00   clock SCK' (rise edge)
                          0.00    5.00   clock source latency
                  0.02    0.01    5.01 v SCK (in)
     1    0.01                           SCK (net)
                  0.02    0.00    5.01 v clkbuf_0_SCK/A (sky130_fd_sc_hd__clkbuf_16)
                  0.04    0.15    5.16 v clkbuf_0_SCK/X (sky130_fd_sc_hd__clkbuf_16)
     4    0.03                           clknet_0_SCK (net)
                  0.04    0.00    5.16 v clkbuf_2_3__f_SCK/A (sky130_fd_sc_hd__clkbuf_16)
                  0.03    0.14    5.30 v clkbuf_2_3__f_SCK/X (sky130_fd_sc_hd__clkbuf_16)
     6    0.01                           clknet_2_3__leaf_SCK (net)
                  0.03    0.00    5.30 v _437_/A (sky130_fd_sc_hd__buf_1)
                  0.05    0.11    5.41 v _437_/X (sky130_fd_sc_hd__buf_1)
     1    0.01                           _221_ (net)
                  0.05    0.00    5.41 v clkbuf_0__221_/A (sky130_fd_sc_hd__clkbuf_16)
                  0.03    0.15    5.56 v clkbuf_0__221_/X (sky130_fd_sc_hd__clkbuf_16)
     2    0.01                           clknet_0__221_ (net)
                  0.03    0.00    5.56 v clkbuf_1_1__f__221_/A (sky130_fd_sc_hd__clkbuf_16)
                  0.04    0.15    5.71 v clkbuf_1_1__f__221_/X (sky130_fd_sc_hd__clkbuf_16)
     6    0.03                           clknet_1_1__leaf__221_ (net)
                  0.04    0.00    5.71 v _448__5/A (sky130_fd_sc_hd__inv_2)
                  0.02    0.04    5.75 ^ _448__5/Y (sky130_fd_sc_hd__inv_2)
     1    0.00                           net43 (net)
                  0.02    0.00    5.75 ^ _493_/CLK (sky130_fd_sc_hd__dfrtp_1)
                          0.25    6.00   clock uncertainty
                          0.00    6.00   clock reconvergence pessimism
                          0.33    6.33   library removal time
                                  6.33   data required time
-----------------------------------------------------------------------------
                                  6.33   data required time
                                -12.45   data arrival time
-----------------------------------------------------------------------------
                                  6.13   slack (MET)


Startpoint: CSB (input port clocked by SCK)
Endpoint: _497_ (removal check against rising-edge clock SCK')
Path Group: asynchronous
Path Type: min

Fanout     Cap    Slew   Delay    Time   Description
-----------------------------------------------------------------------------
                         10.00   10.00   clock SCK (rise edge)
                          0.00   10.00   clock network delay (propagated)
                          2.00   12.00 v input external delay
                  0.01    0.00   12.00 v CSB (in)
     1    0.00                           CSB (net)
                  0.01    0.00   12.00 v input1/A (sky130_fd_sc_hd__clkbuf_1)
                  0.02    0.06   12.06 v input1/X (sky130_fd_sc_hd__clkbuf_1)
     1    0.00                           net1 (net)
                  0.02    0.00   12.06 v _224_/A (sky130_fd_sc_hd__buf_2)
                  0.06    0.13   12.20 v _224_/X (sky130_fd_sc_hd__buf_2)
     9    0.02                           _102_ (net)
                  0.06    0.00   12.20 v _225_/A (sky130_fd_sc_hd__clkbuf_4)
                  0.06    0.16   12.36 v _225_/X (sky130_fd_sc_hd__clkbuf_4)
    10    0.02                           _103_ (net)
                  0.06    0.00   12.36 v _233_/B (sky130_fd_sc_hd__nor2_1)
                  0.09    0.09   12.45 ^ _233_/Y (sky130_fd_sc_hd__nor2_1)
     1    0.00                           _057_ (net)
                  0.09    0.00   12.45 ^ _497_/RESET_B (sky130_fd_sc_hd__dfrtp_1)
                                 12.45   data arrival time

                          5.00    5.00   clock SCK' (rise edge)
                          0.00    5.00   clock source latency
                  0.02    0.01    5.01 v SCK (in)
     1    0.01                           SCK (net)
                  0.02    0.00    5.01 v clkbuf_0_SCK/A (sky130_fd_sc_hd__clkbuf_16)
                  0.04    0.15    5.16 v clkbuf_0_SCK/X (sky130_fd_sc_hd__clkbuf_16)
     4    0.03                           clknet_0_SCK (net)
                  0.04    0.00    5.16 v clkbuf_2_3__f_SCK/A (sky130_fd_sc_hd__clkbuf_16)
                  0.03    0.14    5.30 v clkbuf_2_3__f_SCK/X (sky130_fd_sc_hd__clkbuf_16)
     6    0.01                           clknet_2_3__leaf_SCK (net)
                  0.03    0.00    5.30 v _437_/A (sky130_fd_sc_hd__buf_1)
                  0.05    0.11    5.41 v _437_/X (sky130_fd_sc_hd__buf_1)
     1    0.01                           _221_ (net)
                  0.05    0.00    5.41 v clkbuf_0__221_/A (sky130_fd_sc_hd__clkbuf_16)
                  0.03    0.15    5.56 v clkbuf_0__221_/X (sky130_fd_sc_hd__clkbuf_16)
     2    0.01                           clknet_0__221_ (net)
                  0.03    0.00    5.56 v clkbuf_1_1__f__221_/A (sky130_fd_sc_hd__clkbuf_16)
                  0.04    0.15    5.71 v clkbuf_1_1__f__221_/X (sky130_fd_sc_hd__clkbuf_16)
     6    0.03                           clknet_1_1__leaf__221_ (net)
                  0.04    0.00    5.71 v _452__9/A (sky130_fd_sc_hd__inv_2)
                  0.02    0.04    5.75 ^ _452__9/Y (sky130_fd_sc_hd__inv_2)
     1    0.00                           net47 (net)
                  0.02    0.00    5.75 ^ _497_/CLK (sky130_fd_sc_hd__dfrtp_1)
                          0.25    6.00   clock uncertainty
                          0.00    6.00   clock reconvergence pessimism
                          0.33    6.33   library removal time
                                  6.33   data required time
-----------------------------------------------------------------------------
                                  6.33   data required time
                                -12.45   data arrival time
-----------------------------------------------------------------------------
                                  6.13   slack (MET)


Startpoint: CSB (input port clocked by SCK)
Endpoint: _498_ (removal check against rising-edge clock SCK')
Path Group: asynchronous
Path Type: min

Fanout     Cap    Slew   Delay    Time   Description
-----------------------------------------------------------------------------
                         10.00   10.00   clock SCK (rise edge)
                          0.00   10.00   clock network delay (propagated)
                          2.00   12.00 v input external delay
                  0.01    0.00   12.00 v CSB (in)
     1    0.00                           CSB (net)
                  0.01    0.00   12.00 v input1/A (sky130_fd_sc_hd__clkbuf_1)
                  0.02    0.06   12.06 v input1/X (sky130_fd_sc_hd__clkbuf_1)
     1    0.00                           net1 (net)
                  0.02    0.00   12.06 v _224_/A (sky130_fd_sc_hd__buf_2)
                  0.06    0.13   12.20 v _224_/X (sky130_fd_sc_hd__buf_2)
     9    0.02                           _102_ (net)
                  0.06    0.00   12.20 v _225_/A (sky130_fd_sc_hd__clkbuf_4)
                  0.06    0.16   12.36 v _225_/X (sky130_fd_sc_hd__clkbuf_4)
    10    0.02                           _103_ (net)
                  0.06    0.00   12.36 v _226_/B (sky130_fd_sc_hd__nor2_1)
                  0.09    0.09   12.45 ^ _226_/Y (sky130_fd_sc_hd__nor2_1)
     1    0.00                           _059_ (net)
                  0.09    0.00   12.45 ^ _498_/RESET_B (sky130_fd_sc_hd__dfrtp_1)
                                 12.45   data arrival time

                          5.00    5.00   clock SCK' (rise edge)
                          0.00    5.00   clock source latency
                  0.02    0.01    5.01 v SCK (in)
     1    0.01                           SCK (net)
                  0.02    0.00    5.01 v clkbuf_0_SCK/A (sky130_fd_sc_hd__clkbuf_16)
                  0.04    0.15    5.16 v clkbuf_0_SCK/X (sky130_fd_sc_hd__clkbuf_16)
     4    0.03                           clknet_0_SCK (net)
                  0.04    0.00    5.16 v clkbuf_2_3__f_SCK/A (sky130_fd_sc_hd__clkbuf_16)
                  0.03    0.14    5.30 v clkbuf_2_3__f_SCK/X (sky130_fd_sc_hd__clkbuf_16)
     6    0.01                           clknet_2_3__leaf_SCK (net)
                  0.03    0.00    5.30 v _437_/A (sky130_fd_sc_hd__buf_1)
                  0.05    0.11    5.41 v _437_/X (sky130_fd_sc_hd__buf_1)
     1    0.01                           _221_ (net)
                  0.05    0.00    5.41 v clkbuf_0__221_/A (sky130_fd_sc_hd__clkbuf_16)
                  0.03    0.15    5.56 v clkbuf_0__221_/X (sky130_fd_sc_hd__clkbuf_16)
     2    0.01                           clknet_0__221_ (net)
                  0.03    0.00    5.56 v clkbuf_1_1__f__221_/A (sky130_fd_sc_hd__clkbuf_16)
                  0.04    0.15    5.71 v clkbuf_1_1__f__221_/X (sky130_fd_sc_hd__clkbuf_16)
     6    0.03                           clknet_1_1__leaf__221_ (net)
                  0.04    0.00    5.71 v _453__10/A (sky130_fd_sc_hd__inv_2)
                  0.02    0.04    5.75 ^ _453__10/Y (sky130_fd_sc_hd__inv_2)
     1    0.00                           net48 (net)
                  0.02    0.00    5.75 ^ _498_/CLK (sky130_fd_sc_hd__dfrtp_1)
                          0.25    6.00   clock uncertainty
                          0.00    6.00   clock reconvergence pessimism
                          0.33    6.33   library removal time
                                  6.33   data required time
-----------------------------------------------------------------------------
                                  6.33   data required time
                                -12.45   data arrival time
-----------------------------------------------------------------------------
                                  6.13   slack (MET)


Startpoint: CSB (input port clocked by SCK)
Endpoint: _485_ (removal check against rising-edge clock SCK')
Path Group: asynchronous
Path Type: min

Fanout     Cap    Slew   Delay    Time   Description
-----------------------------------------------------------------------------
                         10.00   10.00   clock SCK (rise edge)
                          0.00   10.00   clock network delay (propagated)
                          2.00   12.00 v input external delay
                  0.01    0.00   12.00 v CSB (in)
     1    0.00                           CSB (net)
                  0.01    0.00   12.00 v input1/A (sky130_fd_sc_hd__clkbuf_1)
                  0.02    0.06   12.06 v input1/X (sky130_fd_sc_hd__clkbuf_1)
     1    0.00                           net1 (net)
                  0.02    0.00   12.06 v _224_/A (sky130_fd_sc_hd__buf_2)
                  0.06    0.13   12.20 v _224_/X (sky130_fd_sc_hd__buf_2)
     9    0.02                           _102_ (net)
                  0.06    0.00   12.20 v _225_/A (sky130_fd_sc_hd__clkbuf_4)
                  0.06    0.16   12.36 v _225_/X (sky130_fd_sc_hd__clkbuf_4)
    10    0.02                           _103_ (net)
                  0.06    0.00   12.36 v _260_/B (sky130_fd_sc_hd__nor2_1)
                  0.09    0.09   12.45 ^ _260_/Y (sky130_fd_sc_hd__nor2_1)
     1    0.00                           _038_ (net)
                  0.09    0.00   12.45 ^ _485_/RESET_B (sky130_fd_sc_hd__dfrtp_1)
                                 12.45   data arrival time

                          5.00    5.00   clock SCK' (rise edge)
                          0.00    5.00   clock source latency
                  0.02    0.01    5.01 v SCK (in)
     1    0.01                           SCK (net)
                  0.02    0.00    5.01 v clkbuf_0_SCK/A (sky130_fd_sc_hd__clkbuf_16)
                  0.04    0.15    5.16 v clkbuf_0_SCK/X (sky130_fd_sc_hd__clkbuf_16)
     4    0.03                           clknet_0_SCK (net)
                  0.04    0.00    5.16 v clkbuf_2_3__f_SCK/A (sky130_fd_sc_hd__clkbuf_16)
                  0.03    0.14    5.30 v clkbuf_2_3__f_SCK/X (sky130_fd_sc_hd__clkbuf_16)
     6    0.01                           clknet_2_3__leaf_SCK (net)
                  0.03    0.00    5.30 v _437_/A (sky130_fd_sc_hd__buf_1)
                  0.05    0.11    5.41 v _437_/X (sky130_fd_sc_hd__buf_1)
     1    0.01                           _221_ (net)
                  0.05    0.00    5.41 v clkbuf_0__221_/A (sky130_fd_sc_hd__clkbuf_16)
                  0.03    0.15    5.56 v clkbuf_0__221_/X (sky130_fd_sc_hd__clkbuf_16)
     2    0.01                           clknet_0__221_ (net)
                  0.03    0.00    5.56 v clkbuf_1_0__f__221_/A (sky130_fd_sc_hd__clkbuf_16)
                  0.03    0.15    5.71 v clkbuf_1_0__f__221_/X (sky130_fd_sc_hd__clkbuf_16)
     4    0.02                           clknet_1_0__leaf__221_ (net)
                  0.03    0.00    5.71 v _440__2/A (sky130_fd_sc_hd__inv_2)
                  0.02    0.03    5.74 ^ _440__2/Y (sky130_fd_sc_hd__inv_2)
     1    0.00                           net40 (net)
                  0.02    0.00    5.74 ^ _485_/CLK (sky130_fd_sc_hd__dfrtp_1)
                          0.25    5.99   clock uncertainty
                          0.00    5.99   clock reconvergence pessimism
                          0.33    6.32   library removal time
                                  6.32   data required time
-----------------------------------------------------------------------------
                                  6.32   data required time
                                -12.45   data arrival time
-----------------------------------------------------------------------------
                                  6.14   slack (MET)


Startpoint: CSB (input port clocked by SCK)
Endpoint: _494_ (removal check against rising-edge clock SCK')
Path Group: asynchronous
Path Type: min

Fanout     Cap    Slew   Delay    Time   Description
-----------------------------------------------------------------------------
                         10.00   10.00   clock SCK (rise edge)
                          0.00   10.00   clock network delay (propagated)
                          2.00   12.00 v input external delay
                  0.01    0.00   12.00 v CSB (in)
     1    0.00                           CSB (net)
                  0.01    0.00   12.00 v input1/A (sky130_fd_sc_hd__clkbuf_1)
                  0.02    0.06   12.06 v input1/X (sky130_fd_sc_hd__clkbuf_1)
     1    0.00                           net1 (net)
                  0.02    0.00   12.06 v _224_/A (sky130_fd_sc_hd__buf_2)
                  0.06    0.13   12.20 v _224_/X (sky130_fd_sc_hd__buf_2)
     9    0.02                           _102_ (net)
                  0.06    0.00   12.20 v _225_/A (sky130_fd_sc_hd__clkbuf_4)
                  0.06    0.16   12.36 v _225_/X (sky130_fd_sc_hd__clkbuf_4)
    10    0.02                           _103_ (net)
                  0.06    0.00   12.36 v _245_/B (sky130_fd_sc_hd__nor2_1)
                  0.09    0.09   12.45 ^ _245_/Y (sky130_fd_sc_hd__nor2_1)
     1    0.00                           _051_ (net)
                  0.09    0.00   12.45 ^ _494_/RESET_B (sky130_fd_sc_hd__dfrtp_1)
                                 12.45   data arrival time

                          5.00    5.00   clock SCK' (rise edge)
                          0.00    5.00   clock source latency
                  0.02    0.01    5.01 v SCK (in)
     1    0.01                           SCK (net)
                  0.02    0.00    5.01 v clkbuf_0_SCK/A (sky130_fd_sc_hd__clkbuf_16)
                  0.04    0.15    5.16 v clkbuf_0_SCK/X (sky130_fd_sc_hd__clkbuf_16)
     4    0.03                           clknet_0_SCK (net)
                  0.04    0.00    5.16 v clkbuf_2_3__f_SCK/A (sky130_fd_sc_hd__clkbuf_16)
                  0.03    0.14    5.30 v clkbuf_2_3__f_SCK/X (sky130_fd_sc_hd__clkbuf_16)
     6    0.01                           clknet_2_3__leaf_SCK (net)
                  0.03    0.00    5.30 v _437_/A (sky130_fd_sc_hd__buf_1)
                  0.05    0.11    5.41 v _437_/X (sky130_fd_sc_hd__buf_1)
     1    0.01                           _221_ (net)
                  0.05    0.00    5.41 v clkbuf_0__221_/A (sky130_fd_sc_hd__clkbuf_16)
                  0.03    0.15    5.56 v clkbuf_0__221_/X (sky130_fd_sc_hd__clkbuf_16)
     2    0.01                           clknet_0__221_ (net)
                  0.03    0.00    5.56 v clkbuf_1_0__f__221_/A (sky130_fd_sc_hd__clkbuf_16)
                  0.03    0.15    5.71 v clkbuf_1_0__f__221_/X (sky130_fd_sc_hd__clkbuf_16)
     4    0.02                           clknet_1_0__leaf__221_ (net)
                  0.03    0.00    5.71 v _449__6/A (sky130_fd_sc_hd__inv_2)
                  0.02    0.03    5.74 ^ _449__6/Y (sky130_fd_sc_hd__inv_2)
     1    0.00                           net44 (net)
                  0.02    0.00    5.74 ^ _494_/CLK (sky130_fd_sc_hd__dfrtp_1)
                          0.25    5.99   clock uncertainty
                          0.00    5.99   clock reconvergence pessimism
                          0.33    6.32   library removal time
                                  6.32   data required time
-----------------------------------------------------------------------------
                                  6.32   data required time
                                -12.45   data arrival time
-----------------------------------------------------------------------------
                                  6.14   slack (MET)


Startpoint: CSB (input port clocked by SCK)
Endpoint: _495_ (removal check against rising-edge clock SCK')
Path Group: asynchronous
Path Type: min

Fanout     Cap    Slew   Delay    Time   Description
-----------------------------------------------------------------------------
                         10.00   10.00   clock SCK (rise edge)
                          0.00   10.00   clock network delay (propagated)
                          2.00   12.00 v input external delay
                  0.01    0.00   12.00 v CSB (in)
     1    0.00                           CSB (net)
                  0.01    0.00   12.00 v input1/A (sky130_fd_sc_hd__clkbuf_1)
                  0.02    0.06   12.06 v input1/X (sky130_fd_sc_hd__clkbuf_1)
     1    0.00                           net1 (net)
                  0.02    0.00   12.06 v _224_/A (sky130_fd_sc_hd__buf_2)
                  0.06    0.13   12.20 v _224_/X (sky130_fd_sc_hd__buf_2)
     9    0.02                           _102_ (net)
                  0.06    0.00   12.20 v _225_/A (sky130_fd_sc_hd__clkbuf_4)
                  0.06    0.16   12.36 v _225_/X (sky130_fd_sc_hd__clkbuf_4)
    10    0.02                           _103_ (net)
                  0.06    0.00   12.36 v _241_/B (sky130_fd_sc_hd__nor2_1)
                  0.09    0.09   12.45 ^ _241_/Y (sky130_fd_sc_hd__nor2_1)
     1    0.00                           _053_ (net)
                  0.09    0.00   12.45 ^ _495_/RESET_B (sky130_fd_sc_hd__dfrtp_1)
                                 12.45   data arrival time

                          5.00    5.00   clock SCK' (rise edge)
                          0.00    5.00   clock source latency
                  0.02    0.01    5.01 v SCK (in)
     1    0.01                           SCK (net)
                  0.02    0.00    5.01 v clkbuf_0_SCK/A (sky130_fd_sc_hd__clkbuf_16)
                  0.04    0.15    5.16 v clkbuf_0_SCK/X (sky130_fd_sc_hd__clkbuf_16)
     4    0.03                           clknet_0_SCK (net)
                  0.04    0.00    5.16 v clkbuf_2_3__f_SCK/A (sky130_fd_sc_hd__clkbuf_16)
                  0.03    0.14    5.30 v clkbuf_2_3__f_SCK/X (sky130_fd_sc_hd__clkbuf_16)
     6    0.01                           clknet_2_3__leaf_SCK (net)
                  0.03    0.00    5.30 v _437_/A (sky130_fd_sc_hd__buf_1)
                  0.05    0.11    5.41 v _437_/X (sky130_fd_sc_hd__buf_1)
     1    0.01                           _221_ (net)
                  0.05    0.00    5.41 v clkbuf_0__221_/A (sky130_fd_sc_hd__clkbuf_16)
                  0.03    0.15    5.56 v clkbuf_0__221_/X (sky130_fd_sc_hd__clkbuf_16)
     2    0.01                           clknet_0__221_ (net)
                  0.03    0.00    5.56 v clkbuf_1_0__f__221_/A (sky130_fd_sc_hd__clkbuf_16)
                  0.03    0.15    5.71 v clkbuf_1_0__f__221_/X (sky130_fd_sc_hd__clkbuf_16)
     4    0.02                           clknet_1_0__leaf__221_ (net)
                  0.03    0.00    5.71 v _450__7/A (sky130_fd_sc_hd__inv_2)
                  0.02    0.03    5.74 ^ _450__7/Y (sky130_fd_sc_hd__inv_2)
     1    0.00                           net45 (net)
                  0.02    0.00    5.74 ^ _495_/CLK (sky130_fd_sc_hd__dfrtp_1)
                          0.25    5.99   clock uncertainty
                          0.00    5.99   clock reconvergence pessimism
                          0.33    6.32   library removal time
                                  6.32   data required time
-----------------------------------------------------------------------------
                                  6.32   data required time
                                -12.45   data arrival time
-----------------------------------------------------------------------------
                                  6.14   slack (MET)


Startpoint: CSB (input port clocked by SCK)
Endpoint: _496_ (removal check against rising-edge clock SCK')
Path Group: asynchronous
Path Type: min

Fanout     Cap    Slew   Delay    Time   Description
-----------------------------------------------------------------------------
                         10.00   10.00   clock SCK (rise edge)
                          0.00   10.00   clock network delay (propagated)
                          2.00   12.00 v input external delay
                  0.01    0.00   12.00 v CSB (in)
     1    0.00                           CSB (net)
                  0.01    0.00   12.00 v input1/A (sky130_fd_sc_hd__clkbuf_1)
                  0.02    0.06   12.06 v input1/X (sky130_fd_sc_hd__clkbuf_1)
     1    0.00                           net1 (net)
                  0.02    0.00   12.06 v _224_/A (sky130_fd_sc_hd__buf_2)
                  0.06    0.13   12.20 v _224_/X (sky130_fd_sc_hd__buf_2)
     9    0.02                           _102_ (net)
                  0.06    0.00   12.20 v _225_/A (sky130_fd_sc_hd__clkbuf_4)
                  0.06    0.16   12.36 v _225_/X (sky130_fd_sc_hd__clkbuf_4)
    10    0.02                           _103_ (net)
                  0.06    0.00   12.36 v _237_/B (sky130_fd_sc_hd__nor2_1)
                  0.09    0.09   12.45 ^ _237_/Y (sky130_fd_sc_hd__nor2_1)
     1    0.00                           _055_ (net)
                  0.09    0.00   12.45 ^ _496_/RESET_B (sky130_fd_sc_hd__dfrtp_1)
                                 12.45   data arrival time

                          5.00    5.00   clock SCK' (rise edge)
                          0.00    5.00   clock source latency
                  0.02    0.01    5.01 v SCK (in)
     1    0.01                           SCK (net)
                  0.02    0.00    5.01 v clkbuf_0_SCK/A (sky130_fd_sc_hd__clkbuf_16)
                  0.04    0.15    5.16 v clkbuf_0_SCK/X (sky130_fd_sc_hd__clkbuf_16)
     4    0.03                           clknet_0_SCK (net)
                  0.04    0.00    5.16 v clkbuf_2_3__f_SCK/A (sky130_fd_sc_hd__clkbuf_16)
                  0.03    0.14    5.30 v clkbuf_2_3__f_SCK/X (sky130_fd_sc_hd__clkbuf_16)
     6    0.01                           clknet_2_3__leaf_SCK (net)
                  0.03    0.00    5.30 v _437_/A (sky130_fd_sc_hd__buf_1)
                  0.05    0.11    5.41 v _437_/X (sky130_fd_sc_hd__buf_1)
     1    0.01                           _221_ (net)
                  0.05    0.00    5.41 v clkbuf_0__221_/A (sky130_fd_sc_hd__clkbuf_16)
                  0.03    0.15    5.56 v clkbuf_0__221_/X (sky130_fd_sc_hd__clkbuf_16)
     2    0.01                           clknet_0__221_ (net)
                  0.03    0.00    5.56 v clkbuf_1_0__f__221_/A (sky130_fd_sc_hd__clkbuf_16)
                  0.03    0.15    5.71 v clkbuf_1_0__f__221_/X (sky130_fd_sc_hd__clkbuf_16)
     4    0.02                           clknet_1_0__leaf__221_ (net)
                  0.03    0.00    5.71 v _451__8/A (sky130_fd_sc_hd__inv_2)
                  0.02    0.03    5.74 ^ _451__8/Y (sky130_fd_sc_hd__inv_2)
     1    0.00                           net46 (net)
                  0.02    0.00    5.74 ^ _496_/CLK (sky130_fd_sc_hd__dfrtp_1)
                          0.25    5.99   clock uncertainty
                          0.00    5.99   clock reconvergence pessimism
                          0.33    6.32   library removal time
                                  6.32   data required time
-----------------------------------------------------------------------------
                                  6.32   data required time
                                -12.45   data arrival time
-----------------------------------------------------------------------------
                                  6.14   slack (MET)


Startpoint: CSB (input port clocked by SCK)
Endpoint: _483_ (removal check against rising-edge clock SCK')
Path Group: asynchronous
Path Type: min

Fanout     Cap    Slew   Delay    Time   Description
-----------------------------------------------------------------------------
                         10.00   10.00   clock SCK (rise edge)
                          0.00   10.00   clock network delay (propagated)
                          2.00   12.00 v input external delay
                  0.01    0.00   12.00 v CSB (in)
     1    0.00                           CSB (net)
                  0.01    0.00   12.00 v input1/A (sky130_fd_sc_hd__clkbuf_1)
                  0.02    0.06   12.06 v input1/X (sky130_fd_sc_hd__clkbuf_1)
     1    0.00                           net1 (net)
                  0.02    0.00   12.06 v _224_/A (sky130_fd_sc_hd__buf_2)
                  0.06    0.13   12.20 v _224_/X (sky130_fd_sc_hd__buf_2)
     9    0.02                           _102_ (net)
                  0.06    0.00   12.20 v _225_/A (sky130_fd_sc_hd__clkbuf_4)
                  0.06    0.16   12.36 v _225_/X (sky130_fd_sc_hd__clkbuf_4)
    10    0.02                           _103_ (net)
                  0.06    0.00   12.36 v _271_/B (sky130_fd_sc_hd__nor2_1)
                  0.09    0.09   12.45 ^ _271_/Y (sky130_fd_sc_hd__nor2_1)
     1    0.00                           _035_ (net)
                  0.09    0.00   12.45 ^ _483_/SET_B (sky130_fd_sc_hd__dfstp_1)
                                 12.45   data arrival time

                          5.00    5.00   clock SCK' (rise edge)
                          0.00    5.00   clock source latency
                  0.02    0.01    5.01 v SCK (in)
     1    0.01                           SCK (net)
                  0.02    0.00    5.01 v clkbuf_0_SCK/A (sky130_fd_sc_hd__clkbuf_16)
                  0.04    0.15    5.16 v clkbuf_0_SCK/X (sky130_fd_sc_hd__clkbuf_16)
     4    0.03                           clknet_0_SCK (net)
                  0.04    0.00    5.16 v clkbuf_2_3__f_SCK/A (sky130_fd_sc_hd__clkbuf_16)
                  0.03    0.14    5.30 v clkbuf_2_3__f_SCK/X (sky130_fd_sc_hd__clkbuf_16)
     6    0.01                           clknet_2_3__leaf_SCK (net)
                  0.03    0.00    5.30 v _437_/A (sky130_fd_sc_hd__buf_1)
                  0.05    0.11    5.41 v _437_/X (sky130_fd_sc_hd__buf_1)
     1    0.01                           _221_ (net)
                  0.05    0.00    5.41 v clkbuf_0__221_/A (sky130_fd_sc_hd__clkbuf_16)
                  0.03    0.15    5.56 v clkbuf_0__221_/X (sky130_fd_sc_hd__clkbuf_16)
     2    0.01                           clknet_0__221_ (net)
                  0.03    0.00    5.56 v clkbuf_1_1__f__221_/A (sky130_fd_sc_hd__clkbuf_16)
                  0.04    0.15    5.71 v clkbuf_1_1__f__221_/X (sky130_fd_sc_hd__clkbuf_16)
     6    0.03                           clknet_1_1__leaf__221_ (net)
                  0.04    0.00    5.71 v _438__1/A (sky130_fd_sc_hd__inv_2)
                  0.02    0.04    5.75 ^ _438__1/Y (sky130_fd_sc_hd__inv_2)
     1    0.00                           net39 (net)
                  0.02    0.00    5.75 ^ _483_/CLK (sky130_fd_sc_hd__dfstp_1)
                          0.25    6.00   clock uncertainty
                          0.00    6.00   clock reconvergence pessimism
                          0.14    6.14   library removal time
                                  6.14   data required time
-----------------------------------------------------------------------------
                                  6.14   data required time
                                -12.45   data arrival time
-----------------------------------------------------------------------------
                                  6.31   slack (MET)


Startpoint: _483_ (rising edge-triggered flip-flop clocked by SCK')
Endpoint: sdoenb (output port clocked by SCK)
Path Group: SCK
Path Type: min

Fanout     Cap    Slew   Delay    Time   Description
-----------------------------------------------------------------------------
                          5.00    5.00   clock SCK' (rise edge)
                          0.00    5.00   clock source latency
                  0.02    0.01    5.01 v SCK (in)
     1    0.01                           SCK (net)
                  0.02    0.00    5.01 v clkbuf_0_SCK/A (sky130_fd_sc_hd__clkbuf_16)
                  0.04    0.13    5.14 v clkbuf_0_SCK/X (sky130_fd_sc_hd__clkbuf_16)
     4    0.03                           clknet_0_SCK (net)
                  0.04    0.00    5.14 v clkbuf_2_3__f_SCK/A (sky130_fd_sc_hd__clkbuf_16)
                  0.03    0.13    5.28 v clkbuf_2_3__f_SCK/X (sky130_fd_sc_hd__clkbuf_16)
     6    0.01                           clknet_2_3__leaf_SCK (net)
                  0.03    0.00    5.28 v _437_/A (sky130_fd_sc_hd__buf_1)
                  0.05    0.10    5.37 v _437_/X (sky130_fd_sc_hd__buf_1)
     1    0.01                           _221_ (net)
                  0.05    0.00    5.37 v clkbuf_0__221_/A (sky130_fd_sc_hd__clkbuf_16)
                  0.03    0.14    5.51 v clkbuf_0__221_/X (sky130_fd_sc_hd__clkbuf_16)
     2    0.01                           clknet_0__221_ (net)
                  0.03    0.00    5.51 v clkbuf_1_1__f__221_/A (sky130_fd_sc_hd__clkbuf_16)
                  0.04    0.14    5.65 v clkbuf_1_1__f__221_/X (sky130_fd_sc_hd__clkbuf_16)
     6    0.03                           clknet_1_1__leaf__221_ (net)
                  0.04    0.00    5.65 v _438__1/A (sky130_fd_sc_hd__inv_2)
                  0.02    0.03    5.68 ^ _438__1/Y (sky130_fd_sc_hd__inv_2)
     1    0.00                           net39 (net)
                  0.02    0.00    5.68 ^ _483_/CLK (sky130_fd_sc_hd__dfstp_1)
                  0.04    0.33    6.01 v _483_/Q (sky130_fd_sc_hd__dfstp_1)
     1    0.00                           net36 (net)
                  0.04    0.00    6.01 v output36/A (sky130_fd_sc_hd__buf_6)
                  0.04    0.13    6.13 v output36/X (sky130_fd_sc_hd__buf_6)
     1    0.03                           sdoenb (net)
                  0.04    0.00    6.13 v sdoenb (out)
                                  6.13   data arrival time

                          0.00    0.00   clock SCK (rise edge)
                          0.00    0.00   clock network delay (propagated)
                          0.25    0.25   clock uncertainty
                          0.00    0.25   clock reconvergence pessimism
                         -2.00   -1.75   output external delay
                                 -1.75   data required time
-----------------------------------------------------------------------------
                                 -1.75   data required time
                                 -6.13   data arrival time
-----------------------------------------------------------------------------
                                  7.88   slack (MET)


Startpoint: _485_ (rising edge-triggered flip-flop clocked by SCK')
Endpoint: wrstb (output port clocked by SCK)
Path Group: SCK
Path Type: min

Fanout     Cap    Slew   Delay    Time   Description
-----------------------------------------------------------------------------
                          5.00    5.00   clock SCK' (rise edge)
                          0.00    5.00   clock source latency
                  0.02    0.01    5.01 v SCK (in)
     1    0.01                           SCK (net)
                  0.02    0.00    5.01 v clkbuf_0_SCK/A (sky130_fd_sc_hd__clkbuf_16)
                  0.04    0.13    5.14 v clkbuf_0_SCK/X (sky130_fd_sc_hd__clkbuf_16)
     4    0.03                           clknet_0_SCK (net)
                  0.04    0.00    5.14 v clkbuf_2_3__f_SCK/A (sky130_fd_sc_hd__clkbuf_16)
                  0.03    0.13    5.28 v clkbuf_2_3__f_SCK/X (sky130_fd_sc_hd__clkbuf_16)
     6    0.01                           clknet_2_3__leaf_SCK (net)
                  0.03    0.00    5.28 v _437_/A (sky130_fd_sc_hd__buf_1)
                  0.05    0.10    5.37 v _437_/X (sky130_fd_sc_hd__buf_1)
     1    0.01                           _221_ (net)
                  0.05    0.00    5.37 v clkbuf_0__221_/A (sky130_fd_sc_hd__clkbuf_16)
                  0.03    0.14    5.51 v clkbuf_0__221_/X (sky130_fd_sc_hd__clkbuf_16)
     2    0.01                           clknet_0__221_ (net)
                  0.03    0.00    5.51 v clkbuf_1_0__f__221_/A (sky130_fd_sc_hd__clkbuf_16)
                  0.03    0.13    5.64 v clkbuf_1_0__f__221_/X (sky130_fd_sc_hd__clkbuf_16)
     4    0.02                           clknet_1_0__leaf__221_ (net)
                  0.03    0.00    5.64 v _440__2/A (sky130_fd_sc_hd__inv_2)
                  0.02    0.03    5.67 ^ _440__2/Y (sky130_fd_sc_hd__inv_2)
     1    0.00                           net40 (net)
                  0.02    0.00    5.67 ^ _485_/CLK (sky130_fd_sc_hd__dfrtp_1)
                  0.05    0.29    5.97 ^ _485_/Q (sky130_fd_sc_hd__dfrtp_1)
     2    0.00                           net37 (net)
                  0.05    0.00    5.97 ^ output37/A (sky130_fd_sc_hd__buf_2)
                  0.17    0.19    6.15 ^ output37/X (sky130_fd_sc_hd__buf_2)
     1    0.03                           wrstb (net)
                  0.17    0.00    6.15 ^ wrstb (out)
                                  6.15   data arrival time

                          0.00    0.00   clock SCK (rise edge)
                          0.00    0.00   clock network delay (propagated)
                          0.25    0.25   clock uncertainty
                          0.00    0.25   clock reconvergence pessimism
                         -2.00   -1.75   output external delay
                                 -1.75   data required time
-----------------------------------------------------------------------------
                                 -1.75   data required time
                                 -6.15   data arrival time
-----------------------------------------------------------------------------
                                  7.90   slack (MET)


Startpoint: _498_ (rising edge-triggered flip-flop clocked by SCK')
Endpoint: SDO (output port clocked by SCK)
Path Group: SCK
Path Type: min

Fanout     Cap    Slew   Delay    Time   Description
-----------------------------------------------------------------------------
                          5.00    5.00   clock SCK' (rise edge)
                          0.00    5.00   clock source latency
                  0.02    0.01    5.01 v SCK (in)
     1    0.01                           SCK (net)
                  0.02    0.00    5.01 v clkbuf_0_SCK/A (sky130_fd_sc_hd__clkbuf_16)
                  0.04    0.13    5.14 v clkbuf_0_SCK/X (sky130_fd_sc_hd__clkbuf_16)
     4    0.03                           clknet_0_SCK (net)
                  0.04    0.00    5.14 v clkbuf_2_3__f_SCK/A (sky130_fd_sc_hd__clkbuf_16)
                  0.03    0.13    5.28 v clkbuf_2_3__f_SCK/X (sky130_fd_sc_hd__clkbuf_16)
     6    0.01                           clknet_2_3__leaf_SCK (net)
                  0.03    0.00    5.28 v _437_/A (sky130_fd_sc_hd__buf_1)
                  0.05    0.10    5.37 v _437_/X (sky130_fd_sc_hd__buf_1)
     1    0.01                           _221_ (net)
                  0.05    0.00    5.37 v clkbuf_0__221_/A (sky130_fd_sc_hd__clkbuf_16)
                  0.03    0.14    5.51 v clkbuf_0__221_/X (sky130_fd_sc_hd__clkbuf_16)
     2    0.01                           clknet_0__221_ (net)
                  0.03    0.00    5.51 v clkbuf_1_1__f__221_/A (sky130_fd_sc_hd__clkbuf_16)
                  0.04    0.14    5.65 v clkbuf_1_1__f__221_/X (sky130_fd_sc_hd__clkbuf_16)
     6    0.03                           clknet_1_1__leaf__221_ (net)
                  0.04    0.00    5.65 v _453__10/A (sky130_fd_sc_hd__inv_2)
                  0.02    0.03    5.68 ^ _453__10/Y (sky130_fd_sc_hd__inv_2)
     1    0.00                           net48 (net)
                  0.02    0.00    5.68 ^ _498_/CLK (sky130_fd_sc_hd__dfrtp_1)
                  0.06    0.30    5.98 ^ _498_/Q (sky130_fd_sc_hd__dfrtp_1)
     2    0.00                           net12 (net)
                  0.06    0.00    5.98 ^ output12/A (sky130_fd_sc_hd__clkbuf_4)
                  0.11    0.18    6.15 ^ output12/X (sky130_fd_sc_hd__clkbuf_4)
     1    0.03                           SDO (net)
                  0.11    0.00    6.15 ^ SDO (out)
                                  6.15   data arrival time

                          0.00    0.00   clock SCK (rise edge)
                          0.00    0.00   clock network delay (propagated)
                          0.25    0.25   clock uncertainty
                          0.00    0.25   clock reconvergence pessimism
                         -2.00   -1.75   output external delay
                                 -1.75   data required time
-----------------------------------------------------------------------------
                                 -1.75   data required time
                                 -6.15   data arrival time
-----------------------------------------------------------------------------
                                  7.90   slack (MET)



