
===========================================================================
report_checks -path_delay min (Hold)
============================================================================
======================= Typical Corner ===================================

Startpoint: _470_ (rising edge-triggered flip-flop clocked by SCK)
Endpoint: _470_ (rising edge-triggered flip-flop clocked by SCK)
Path Group: SCK
Path Type: min

Fanout     Cap    Slew   Delay    Time   Description
-----------------------------------------------------------------------------
                  0.15    0.00    0.00   clock SCK (rise edge)
                          0.00    0.00   clock network delay (ideal)
                  0.15    0.00    0.00 ^ _470_/CLK (sky130_fd_sc_hd__dfrtp_2)
                  0.06    0.38    0.38 ^ _470_/Q (sky130_fd_sc_hd__dfrtp_2)
     2    0.01                           writemode (net)
                  0.06    0.00    0.38 ^ _308_/B1 (sky130_fd_sc_hd__o21ai_2)
                  0.04    0.05    0.43 v _308_/Y (sky130_fd_sc_hd__o21ai_2)
     1    0.00                           _154_ (net)
                  0.04    0.00    0.43 v _309_/B1 (sky130_fd_sc_hd__o21ai_2)
                  0.03    0.04    0.47 ^ _309_/Y (sky130_fd_sc_hd__o21ai_2)
     1    0.00                           _077_ (net)
                  0.03    0.00    0.47 ^ _470_/D (sky130_fd_sc_hd__dfrtp_2)
                                  0.47   data arrival time

                  0.15    0.00    0.00   clock SCK (rise edge)
                          0.00    0.00   clock network delay (ideal)
                          0.25    0.25   clock uncertainty
                          0.00    0.25   clock reconvergence pessimism
                                  0.25 ^ _470_/CLK (sky130_fd_sc_hd__dfrtp_2)
                         -0.02    0.23   library hold time
                                  0.23   data required time
-----------------------------------------------------------------------------
                                  0.23   data required time
                                 -0.47   data arrival time
-----------------------------------------------------------------------------
                                  0.23   slack (MET)


Startpoint: _487_ (rising edge-triggered flip-flop clocked by SCK)
Endpoint: _487_ (rising edge-triggered flip-flop clocked by SCK)
Path Group: SCK
Path Type: min

Fanout     Cap    Slew   Delay    Time   Description
-----------------------------------------------------------------------------
                  0.15    0.00    0.00   clock SCK (rise edge)
                          0.00    0.00   clock network delay (ideal)
                  0.15    0.00    0.00 ^ _487_/CLK (sky130_fd_sc_hd__dfrtp_2)
                  0.08    0.39    0.39 ^ _487_/Q (sky130_fd_sc_hd__dfrtp_2)
     3    0.01                           state[1] (net)
                  0.08    0.00    0.39 ^ _377_/B1 (sky130_fd_sc_hd__a41o_2)
                  0.03    0.09    0.48 ^ _377_/X (sky130_fd_sc_hd__a41o_2)
     1    0.00                           _002_ (net)
                  0.03    0.00    0.48 ^ _487_/D (sky130_fd_sc_hd__dfrtp_2)
                                  0.48   data arrival time

                  0.15    0.00    0.00   clock SCK (rise edge)
                          0.00    0.00   clock network delay (ideal)
                          0.25    0.25   clock uncertainty
                          0.00    0.25   clock reconvergence pessimism
                                  0.25 ^ _487_/CLK (sky130_fd_sc_hd__dfrtp_2)
                         -0.02    0.23   library hold time
                                  0.23   data required time
-----------------------------------------------------------------------------
                                  0.23   data required time
                                 -0.48   data arrival time
-----------------------------------------------------------------------------
                                  0.24   slack (MET)


Startpoint: _491_ (rising edge-triggered flip-flop clocked by SCK')
Endpoint: _491_ (rising edge-triggered flip-flop clocked by SCK')
Path Group: SCK
Path Type: min

Fanout     Cap    Slew   Delay    Time   Description
-----------------------------------------------------------------------------
                  0.15    5.00    5.00   clock SCK' (rise edge)
                          0.00    5.00   clock network delay (ideal)
                  0.15    0.00    5.00 ^ _491_/CLK (sky130_fd_sc_hd__dfrtp_2)
                  0.05    0.36    5.36 ^ _491_/Q (sky130_fd_sc_hd__dfrtp_2)
     2    0.01                           ldata[0] (net)
                  0.05    0.00    5.36 ^ _259_/A1 (sky130_fd_sc_hd__a22o_2)
                  0.03    0.12    5.48 ^ _259_/X (sky130_fd_sc_hd__a22o_2)
     1    0.00                           _092_ (net)
                  0.03    0.00    5.48 ^ _491_/D (sky130_fd_sc_hd__dfrtp_2)
                                  5.48   data arrival time

                  0.15    5.00    5.00   clock SCK' (rise edge)
                          0.00    5.00   clock network delay (ideal)
                          0.25    5.25   clock uncertainty
                          0.00    5.25   clock reconvergence pessimism
                                  5.25 ^ _491_/CLK (sky130_fd_sc_hd__dfrtp_2)
                         -0.02    5.23   library hold time
                                  5.23   data required time
-----------------------------------------------------------------------------
                                  5.23   data required time
                                 -5.48   data arrival time
-----------------------------------------------------------------------------
                                  0.24   slack (MET)


Startpoint: _490_ (rising edge-triggered flip-flop clocked by SCK)
Endpoint: _490_ (rising edge-triggered flip-flop clocked by SCK)
Path Group: SCK
Path Type: min

Fanout     Cap    Slew   Delay    Time   Description
-----------------------------------------------------------------------------
                  0.15    0.00    0.00   clock SCK (rise edge)
                          0.00    0.00   clock network delay (ideal)
                  0.15    0.00    0.00 ^ _490_/CLK (sky130_fd_sc_hd__dfrtp_2)
                  0.09    0.40    0.40 ^ _490_/Q (sky130_fd_sc_hd__dfrtp_2)
     4    0.02                           state[4] (net)
                  0.09    0.00    0.40 ^ _376_/B1 (sky130_fd_sc_hd__a31o_2)
                  0.03    0.10    0.50 ^ _376_/X (sky130_fd_sc_hd__a31o_2)
     1    0.00                           _005_ (net)
                  0.03    0.00    0.50 ^ _490_/D (sky130_fd_sc_hd__dfrtp_2)
                                  0.50   data arrival time

                  0.15    0.00    0.00   clock SCK (rise edge)
                          0.00    0.00   clock network delay (ideal)
                          0.25    0.25   clock uncertainty
                          0.00    0.25   clock reconvergence pessimism
                                  0.25 ^ _490_/CLK (sky130_fd_sc_hd__dfrtp_2)
                         -0.02    0.23   library hold time
                                  0.23   data required time
-----------------------------------------------------------------------------
                                  0.23   data required time
                                 -0.50   data arrival time
-----------------------------------------------------------------------------
                                  0.27   slack (MET)


Startpoint: _490_ (rising edge-triggered flip-flop clocked by SCK)
Endpoint: _455_ (rising edge-triggered flip-flop clocked by SCK)
Path Group: SCK
Path Type: min

Fanout     Cap    Slew   Delay    Time   Description
-----------------------------------------------------------------------------
                  0.15    0.00    0.00   clock SCK (rise edge)
                          0.00    0.00   clock network delay (ideal)
                  0.15    0.00    0.00 ^ _490_/CLK (sky130_fd_sc_hd__dfrtp_2)
                  0.09    0.40    0.40 ^ _490_/Q (sky130_fd_sc_hd__dfrtp_2)
     4    0.02                           state[4] (net)
                  0.09    0.00    0.40 ^ _373_/A1 (sky130_fd_sc_hd__a21o_2)
                  0.03    0.11    0.51 ^ _373_/X (sky130_fd_sc_hd__a21o_2)
     1    0.00                           _062_ (net)
                  0.03    0.00    0.51 ^ _455_/D (sky130_fd_sc_hd__dfrtp_2)
                                  0.51   data arrival time

                  0.15    0.00    0.00   clock SCK (rise edge)
                          0.00    0.00   clock network delay (ideal)
                          0.25    0.25   clock uncertainty
                          0.00    0.25   clock reconvergence pessimism
                                  0.25 ^ _455_/CLK (sky130_fd_sc_hd__dfrtp_2)
                         -0.02    0.23   library hold time
                                  0.23   data required time
-----------------------------------------------------------------------------
                                  0.23   data required time
                                 -0.51   data arrival time
-----------------------------------------------------------------------------
                                  0.28   slack (MET)


Startpoint: _484_ (rising edge-triggered flip-flop clocked by SCK)
Endpoint: _484_ (rising edge-triggered flip-flop clocked by SCK)
Path Group: SCK
Path Type: min

Fanout     Cap    Slew   Delay    Time   Description
-----------------------------------------------------------------------------
                  0.15    0.00    0.00   clock SCK (rise edge)
                          0.00    0.00   clock network delay (ideal)
                  0.15    0.00    0.00 ^ _484_/CLK (sky130_fd_sc_hd__dfrtp_2)
                  0.09    0.40    0.40 ^ _484_/Q (sky130_fd_sc_hd__dfrtp_2)
     5    0.02                           pre_pass_thru_user (net)
                  0.09    0.00    0.40 ^ _270_/B2 (sky130_fd_sc_hd__a32o_2)
                  0.04    0.12    0.52 ^ _270_/X (sky130_fd_sc_hd__a32o_2)
     1    0.00                           _090_ (net)
                  0.04    0.00    0.52 ^ _484_/D (sky130_fd_sc_hd__dfrtp_2)
                                  0.52   data arrival time

                  0.15    0.00    0.00   clock SCK (rise edge)
                          0.00    0.00   clock network delay (ideal)
                          0.25    0.25   clock uncertainty
                          0.00    0.25   clock reconvergence pessimism
                                  0.25 ^ _484_/CLK (sky130_fd_sc_hd__dfrtp_2)
                         -0.02    0.23   library hold time
                                  0.23   data required time
-----------------------------------------------------------------------------
                                  0.23   data required time
                                 -0.52   data arrival time
-----------------------------------------------------------------------------
                                  0.29   slack (MET)


Startpoint: _487_ (rising edge-triggered flip-flop clocked by SCK)
Endpoint: _457_ (rising edge-triggered flip-flop clocked by SCK)
Path Group: SCK
Path Type: min

Fanout     Cap    Slew   Delay    Time   Description
-----------------------------------------------------------------------------
                  0.15    0.00    0.00   clock SCK (rise edge)
                          0.00    0.00   clock network delay (ideal)
                  0.15    0.00    0.00 ^ _487_/CLK (sky130_fd_sc_hd__dfrtp_2)
                  0.08    0.39    0.39 ^ _487_/Q (sky130_fd_sc_hd__dfrtp_2)
     3    0.01                           state[1] (net)
                  0.08    0.00    0.39 ^ _370_/A2 (sky130_fd_sc_hd__a31o_2)
                  0.03    0.14    0.52 ^ _370_/X (sky130_fd_sc_hd__a31o_2)
     1    0.00                           _064_ (net)
                  0.03    0.00    0.52 ^ _457_/D (sky130_fd_sc_hd__dfrtp_2)
                                  0.52   data arrival time

                  0.15    0.00    0.00   clock SCK (rise edge)
                          0.00    0.00   clock network delay (ideal)
                          0.25    0.25   clock uncertainty
                          0.00    0.25   clock reconvergence pessimism
                                  0.25 ^ _457_/CLK (sky130_fd_sc_hd__dfrtp_2)
                         -0.02    0.23   library hold time
                                  0.23   data required time
-----------------------------------------------------------------------------
                                  0.23   data required time
                                 -0.52   data arrival time
-----------------------------------------------------------------------------
                                  0.29   slack (MET)


Startpoint: _473_ (rising edge-triggered flip-flop clocked by SCK)
Endpoint: _474_ (rising edge-triggered flip-flop clocked by SCK)
Path Group: SCK
Path Type: min

Fanout     Cap    Slew   Delay    Time   Description
-----------------------------------------------------------------------------
                  0.15    0.00    0.00   clock SCK (rise edge)
                          0.00    0.00   clock network delay (ideal)
                  0.15    0.00    0.00 ^ _473_/CLK (sky130_fd_sc_hd__dfrtp_2)
                  0.09    0.40    0.40 ^ _473_/Q (sky130_fd_sc_hd__dfrtp_2)
     5    0.01                           fixed[1] (net)
                  0.09    0.00    0.40 ^ _298_/A1 (sky130_fd_sc_hd__o31a_2)
                  0.03    0.13    0.53 ^ _298_/X (sky130_fd_sc_hd__o31a_2)
     1    0.00                           _081_ (net)
                  0.03    0.00    0.53 ^ _474_/D (sky130_fd_sc_hd__dfrtp_2)
                                  0.53   data arrival time

                  0.15    0.00    0.00   clock SCK (rise edge)
                          0.00    0.00   clock network delay (ideal)
                          0.25    0.25   clock uncertainty
                          0.00    0.25   clock reconvergence pessimism
                                  0.25 ^ _474_/CLK (sky130_fd_sc_hd__dfrtp_2)
                         -0.02    0.23   library hold time
                                  0.23   data required time
-----------------------------------------------------------------------------
                                  0.23   data required time
                                 -0.53   data arrival time
-----------------------------------------------------------------------------
                                  0.30   slack (MET)


Startpoint: _494_ (rising edge-triggered flip-flop clocked by SCK')
Endpoint: _494_ (rising edge-triggered flip-flop clocked by SCK')
Path Group: SCK
Path Type: min

Fanout     Cap    Slew   Delay    Time   Description
-----------------------------------------------------------------------------
                  0.15    5.00    5.00   clock SCK' (rise edge)
                          0.00    5.00   clock network delay (ideal)
                  0.15    0.00    5.00 ^ _494_/CLK (sky130_fd_sc_hd__dfrtp_2)
                  0.04    0.35    5.35 ^ _494_/Q (sky130_fd_sc_hd__dfrtp_2)
     2    0.00                           ldata[3] (net)
                  0.04    0.00    5.35 ^ _247_/A1 (sky130_fd_sc_hd__mux2_2)
                  0.04    0.12    5.48 ^ _247_/X (sky130_fd_sc_hd__mux2_2)
     1    0.00                           _116_ (net)
                  0.04    0.00    5.48 ^ _248_/A (sky130_fd_sc_hd__buf_1)
                  0.04    0.07    5.55 ^ _248_/X (sky130_fd_sc_hd__buf_1)
     1    0.00                           _095_ (net)
                  0.04    0.00    5.55 ^ _494_/D (sky130_fd_sc_hd__dfrtp_2)
                                  5.55   data arrival time

                  0.15    5.00    5.00   clock SCK' (rise edge)
                          0.00    5.00   clock network delay (ideal)
                          0.25    5.25   clock uncertainty
                          0.00    5.25   clock reconvergence pessimism
                                  5.25 ^ _494_/CLK (sky130_fd_sc_hd__dfrtp_2)
                         -0.02    5.23   library hold time
                                  5.23   data required time
-----------------------------------------------------------------------------
                                  5.23   data required time
                                 -5.55   data arrival time
-----------------------------------------------------------------------------
                                  0.32   slack (MET)


Startpoint: _492_ (rising edge-triggered flip-flop clocked by SCK')
Endpoint: _492_ (rising edge-triggered flip-flop clocked by SCK')
Path Group: SCK
Path Type: min

Fanout     Cap    Slew   Delay    Time   Description
-----------------------------------------------------------------------------
                  0.15    5.00    5.00   clock SCK' (rise edge)
                          0.00    5.00   clock network delay (ideal)
                  0.15    0.00    5.00 ^ _492_/CLK (sky130_fd_sc_hd__dfrtp_2)
                  0.04    0.36    5.36 ^ _492_/Q (sky130_fd_sc_hd__dfrtp_2)
     2    0.00                           ldata[1] (net)
                  0.04    0.00    5.36 ^ _255_/A1 (sky130_fd_sc_hd__mux2_2)
                  0.04    0.13    5.48 ^ _255_/X (sky130_fd_sc_hd__mux2_2)
     1    0.00                           _120_ (net)
                  0.04    0.00    5.48 ^ _256_/A (sky130_fd_sc_hd__buf_1)
                  0.04    0.07    5.55 ^ _256_/X (sky130_fd_sc_hd__buf_1)
     1    0.00                           _093_ (net)
                  0.04    0.00    5.55 ^ _492_/D (sky130_fd_sc_hd__dfrtp_2)
                                  5.55   data arrival time

                  0.15    5.00    5.00   clock SCK' (rise edge)
                          0.00    5.00   clock network delay (ideal)
                          0.25    5.25   clock uncertainty
                          0.00    5.25   clock reconvergence pessimism
                                  5.25 ^ _492_/CLK (sky130_fd_sc_hd__dfrtp_2)
                         -0.02    5.23   library hold time
                                  5.23   data required time
-----------------------------------------------------------------------------
                                  5.23   data required time
                                 -5.55   data arrival time
-----------------------------------------------------------------------------
                                  0.32   slack (MET)


Startpoint: _466_ (rising edge-triggered flip-flop clocked by SCK)
Endpoint: _466_ (rising edge-triggered flip-flop clocked by SCK)
Path Group: SCK
Path Type: min

Fanout     Cap    Slew   Delay    Time   Description
-----------------------------------------------------------------------------
                  0.15    0.00    0.00   clock SCK (rise edge)
                          0.00    0.00   clock network delay (ideal)
                  0.15    0.00    0.00 ^ _466_/CLK (sky130_fd_sc_hd__dfrtp_2)
                  0.05    0.36    0.36 ^ _466_/Q (sky130_fd_sc_hd__dfrtp_2)
     2    0.00                           addr[7] (net)
                  0.05    0.00    0.36 ^ _330_/A0 (sky130_fd_sc_hd__mux2_2)
                  0.04    0.12    0.48 ^ _330_/X (sky130_fd_sc_hd__mux2_2)
     1    0.00                           _171_ (net)
                  0.04    0.00    0.48 ^ _331_/A (sky130_fd_sc_hd__buf_1)
                  0.04    0.07    0.55 ^ _331_/X (sky130_fd_sc_hd__buf_1)
     1    0.00                           _073_ (net)
                  0.04    0.00    0.55 ^ _466_/D (sky130_fd_sc_hd__dfrtp_2)
                                  0.55   data arrival time

                  0.15    0.00    0.00   clock SCK (rise edge)
                          0.00    0.00   clock network delay (ideal)
                          0.25    0.25   clock uncertainty
                          0.00    0.25   clock reconvergence pessimism
                                  0.25 ^ _466_/CLK (sky130_fd_sc_hd__dfrtp_2)
                         -0.02    0.23   library hold time
                                  0.23   data required time
-----------------------------------------------------------------------------
                                  0.23   data required time
                                 -0.55   data arrival time
-----------------------------------------------------------------------------
                                  0.32   slack (MET)


Startpoint: _496_ (rising edge-triggered flip-flop clocked by SCK')
Endpoint: _496_ (rising edge-triggered flip-flop clocked by SCK')
Path Group: SCK
Path Type: min

Fanout     Cap    Slew   Delay    Time   Description
-----------------------------------------------------------------------------
                  0.15    5.00    5.00   clock SCK' (rise edge)
                          0.00    5.00   clock network delay (ideal)
                  0.15    0.00    5.00 ^ _496_/CLK (sky130_fd_sc_hd__dfrtp_2)
                  0.05    0.36    5.36 ^ _496_/Q (sky130_fd_sc_hd__dfrtp_2)
     2    0.00                           ldata[5] (net)
                  0.05    0.00    5.36 ^ _239_/A1 (sky130_fd_sc_hd__mux2_2)
                  0.04    0.12    5.48 ^ _239_/X (sky130_fd_sc_hd__mux2_2)
     1    0.00                           _112_ (net)
                  0.04    0.00    5.48 ^ _240_/A (sky130_fd_sc_hd__buf_1)
                  0.04    0.07    5.55 ^ _240_/X (sky130_fd_sc_hd__buf_1)
     1    0.00                           _097_ (net)
                  0.04    0.00    5.55 ^ _496_/D (sky130_fd_sc_hd__dfrtp_2)
                                  5.55   data arrival time

                  0.15    5.00    5.00   clock SCK' (rise edge)
                          0.00    5.00   clock network delay (ideal)
                          0.25    5.25   clock uncertainty
                          0.00    5.25   clock reconvergence pessimism
                                  5.25 ^ _496_/CLK (sky130_fd_sc_hd__dfrtp_2)
                         -0.02    5.23   library hold time
                                  5.23   data required time
-----------------------------------------------------------------------------
                                  5.23   data required time
                                 -5.55   data arrival time
-----------------------------------------------------------------------------
                                  0.32   slack (MET)


Startpoint: _497_ (rising edge-triggered flip-flop clocked by SCK')
Endpoint: _497_ (rising edge-triggered flip-flop clocked by SCK')
Path Group: SCK
Path Type: min

Fanout     Cap    Slew   Delay    Time   Description
-----------------------------------------------------------------------------
                  0.15    5.00    5.00   clock SCK' (rise edge)
                          0.00    5.00   clock network delay (ideal)
                  0.15    0.00    5.00 ^ _497_/CLK (sky130_fd_sc_hd__dfrtp_2)
                  0.05    0.36    5.36 ^ _497_/Q (sky130_fd_sc_hd__dfrtp_2)
     2    0.00                           ldata[6] (net)
                  0.05    0.00    5.36 ^ _235_/A1 (sky130_fd_sc_hd__mux2_2)
                  0.04    0.13    5.48 ^ _235_/X (sky130_fd_sc_hd__mux2_2)
     1    0.00                           _110_ (net)
                  0.04    0.00    5.48 ^ _236_/A (sky130_fd_sc_hd__buf_1)
                  0.04    0.07    5.55 ^ _236_/X (sky130_fd_sc_hd__buf_1)
     1    0.00                           _098_ (net)
                  0.04    0.00    5.55 ^ _497_/D (sky130_fd_sc_hd__dfrtp_2)
                                  5.55   data arrival time

                  0.15    5.00    5.00   clock SCK' (rise edge)
                          0.00    5.00   clock network delay (ideal)
                          0.25    5.25   clock uncertainty
                          0.00    5.25   clock reconvergence pessimism
                                  5.25 ^ _497_/CLK (sky130_fd_sc_hd__dfrtp_2)
                         -0.02    5.23   library hold time
                                  5.23   data required time
-----------------------------------------------------------------------------
                                  5.23   data required time
                                 -5.55   data arrival time
-----------------------------------------------------------------------------
                                  0.32   slack (MET)


Startpoint: _495_ (rising edge-triggered flip-flop clocked by SCK')
Endpoint: _495_ (rising edge-triggered flip-flop clocked by SCK')
Path Group: SCK
Path Type: min

Fanout     Cap    Slew   Delay    Time   Description
-----------------------------------------------------------------------------
                  0.15    5.00    5.00   clock SCK' (rise edge)
                          0.00    5.00   clock network delay (ideal)
                  0.15    0.00    5.00 ^ _495_/CLK (sky130_fd_sc_hd__dfrtp_2)
                  0.05    0.36    5.36 ^ _495_/Q (sky130_fd_sc_hd__dfrtp_2)
     2    0.01                           ldata[4] (net)
                  0.05    0.00    5.36 ^ _243_/A1 (sky130_fd_sc_hd__mux2_2)
                  0.04    0.13    5.49 ^ _243_/X (sky130_fd_sc_hd__mux2_2)
     1    0.00                           _114_ (net)
                  0.04    0.00    5.49 ^ _244_/A (sky130_fd_sc_hd__buf_1)
                  0.04    0.07    5.56 ^ _244_/X (sky130_fd_sc_hd__buf_1)
     1    0.00                           _096_ (net)
                  0.04    0.00    5.56 ^ _495_/D (sky130_fd_sc_hd__dfrtp_2)
                                  5.56   data arrival time

                  0.15    5.00    5.00   clock SCK' (rise edge)
                          0.00    5.00   clock network delay (ideal)
                          0.25    5.25   clock uncertainty
                          0.00    5.25   clock reconvergence pessimism
                                  5.25 ^ _495_/CLK (sky130_fd_sc_hd__dfrtp_2)
                         -0.02    5.23   library hold time
                                  5.23   data required time
-----------------------------------------------------------------------------
                                  5.23   data required time
                                 -5.56   data arrival time
-----------------------------------------------------------------------------
                                  0.32   slack (MET)


Startpoint: _473_ (rising edge-triggered flip-flop clocked by SCK)
Endpoint: _473_ (rising edge-triggered flip-flop clocked by SCK)
Path Group: SCK
Path Type: min

Fanout     Cap    Slew   Delay    Time   Description
-----------------------------------------------------------------------------
                  0.15    0.00    0.00   clock SCK (rise edge)
                          0.00    0.00   clock network delay (ideal)
                  0.15    0.00    0.00 ^ _473_/CLK (sky130_fd_sc_hd__dfrtp_2)
                  0.09    0.40    0.40 ^ _473_/Q (sky130_fd_sc_hd__dfrtp_2)
     5    0.01                           fixed[1] (net)
                  0.09    0.00    0.40 ^ _300_/B1 (sky130_fd_sc_hd__a31o_2)
                  0.06    0.12    0.52 ^ _300_/X (sky130_fd_sc_hd__a31o_2)
     1    0.01                           _149_ (net)
                  0.06    0.00    0.52 ^ _301_/B (sky130_fd_sc_hd__xnor2_2)
                  0.03    0.05    0.57 v _301_/Y (sky130_fd_sc_hd__xnor2_2)
     1    0.00                           _080_ (net)
                  0.03    0.00    0.57 v _473_/D (sky130_fd_sc_hd__dfrtp_2)
                                  0.57   data arrival time

                  0.15    0.00    0.00   clock SCK (rise edge)
                          0.00    0.00   clock network delay (ideal)
                          0.25    0.25   clock uncertainty
                          0.00    0.25   clock reconvergence pessimism
                                  0.25 ^ _473_/CLK (sky130_fd_sc_hd__dfrtp_2)
                         -0.01    0.24   library hold time
                                  0.24   data required time
-----------------------------------------------------------------------------
                                  0.24   data required time
                                 -0.57   data arrival time
-----------------------------------------------------------------------------
                                  0.33   slack (MET)


Startpoint: _482_ (rising edge-triggered flip-flop clocked by SCK)
Endpoint: _456_ (rising edge-triggered flip-flop clocked by SCK)
Path Group: SCK
Path Type: min

Fanout     Cap    Slew   Delay    Time   Description
-----------------------------------------------------------------------------
                  0.15    0.00    0.00   clock SCK (rise edge)
                          0.00    0.00   clock network delay (ideal)
                  0.15    0.00    0.00 ^ _482_/CLK (sky130_fd_sc_hd__dfrtp_2)
                  0.12    0.42    0.42 ^ _482_/Q (sky130_fd_sc_hd__dfrtp_2)
     6    0.02                           pre_pass_thru_mgmt (net)
                  0.12    0.00    0.42 ^ _372_/A1 (sky130_fd_sc_hd__a31o_2)
                  0.03    0.15    0.57 ^ _372_/X (sky130_fd_sc_hd__a31o_2)
     1    0.00                           _063_ (net)
                  0.03    0.00    0.57 ^ _456_/D (sky130_fd_sc_hd__dfrtp_2)
                                  0.57   data arrival time

                  0.15    0.00    0.00   clock SCK (rise edge)
                          0.00    0.00   clock network delay (ideal)
                          0.25    0.25   clock uncertainty
                          0.00    0.25   clock reconvergence pessimism
                                  0.25 ^ _456_/CLK (sky130_fd_sc_hd__dfrtp_2)
                         -0.02    0.23   library hold time
                                  0.23   data required time
-----------------------------------------------------------------------------
                                  0.23   data required time
                                 -0.57   data arrival time
-----------------------------------------------------------------------------
                                  0.33   slack (MET)


Startpoint: _484_ (rising edge-triggered flip-flop clocked by SCK)
Endpoint: _489_ (rising edge-triggered flip-flop clocked by SCK)
Path Group: SCK
Path Type: min

Fanout     Cap    Slew   Delay    Time   Description
-----------------------------------------------------------------------------
                  0.15    0.00    0.00   clock SCK (rise edge)
                          0.00    0.00   clock network delay (ideal)
                  0.15    0.00    0.00 ^ _484_/CLK (sky130_fd_sc_hd__dfrtp_2)
                  0.09    0.40    0.40 ^ _484_/Q (sky130_fd_sc_hd__dfrtp_2)
     5    0.02                           pre_pass_thru_user (net)
                  0.09    0.00    0.40 ^ _378_/A1 (sky130_fd_sc_hd__o32a_2)
                  0.04    0.16    0.56 ^ _378_/X (sky130_fd_sc_hd__o32a_2)
     1    0.01                           _204_ (net)
                  0.04    0.00    0.56 ^ _379_/A (sky130_fd_sc_hd__inv_2)
                  0.01    0.02    0.58 v _379_/Y (sky130_fd_sc_hd__inv_2)
     1    0.00                           _004_ (net)
                  0.01    0.00    0.58 v _489_/D (sky130_fd_sc_hd__dfrtp_2)
                                  0.58   data arrival time

                  0.15    0.00    0.00   clock SCK (rise edge)
                          0.00    0.00   clock network delay (ideal)
                          0.25    0.25   clock uncertainty
                          0.00    0.25   clock reconvergence pessimism
                                  0.25 ^ _489_/CLK (sky130_fd_sc_hd__dfrtp_2)
                         -0.01    0.24   library hold time
                                  0.24   data required time
-----------------------------------------------------------------------------
                                  0.24   data required time
                                 -0.58   data arrival time
-----------------------------------------------------------------------------
                                  0.34   slack (MET)


Startpoint: _493_ (rising edge-triggered flip-flop clocked by SCK')
Endpoint: _493_ (rising edge-triggered flip-flop clocked by SCK')
Path Group: SCK
Path Type: min

Fanout     Cap    Slew   Delay    Time   Description
-----------------------------------------------------------------------------
                  0.15    5.00    5.00   clock SCK' (rise edge)
                          0.00    5.00   clock network delay (ideal)
                  0.15    0.00    5.00 ^ _493_/CLK (sky130_fd_sc_hd__dfrtp_2)
                  0.06    0.37    5.37 ^ _493_/Q (sky130_fd_sc_hd__dfrtp_2)
     2    0.01                           ldata[2] (net)
                  0.06    0.00    5.37 ^ _251_/A1 (sky130_fd_sc_hd__mux2_2)
                  0.04    0.13    5.50 ^ _251_/X (sky130_fd_sc_hd__mux2_2)
     1    0.00                           _118_ (net)
                  0.04    0.00    5.50 ^ _252_/A (sky130_fd_sc_hd__buf_1)
                  0.04    0.07    5.57 ^ _252_/X (sky130_fd_sc_hd__buf_1)
     1    0.00                           _094_ (net)
                  0.04    0.00    5.57 ^ _493_/D (sky130_fd_sc_hd__dfrtp_2)
                                  5.57   data arrival time

                  0.15    5.00    5.00   clock SCK' (rise edge)
                          0.00    5.00   clock network delay (ideal)
                          0.25    5.25   clock uncertainty
                          0.00    5.25   clock reconvergence pessimism
                                  5.25 ^ _493_/CLK (sky130_fd_sc_hd__dfrtp_2)
                         -0.02    5.23   library hold time
                                  5.23   data required time
-----------------------------------------------------------------------------
                                  5.23   data required time
                                 -5.57   data arrival time
-----------------------------------------------------------------------------
                                  0.34   slack (MET)


Startpoint: _488_ (rising edge-triggered flip-flop clocked by SCK)
Endpoint: _488_ (rising edge-triggered flip-flop clocked by SCK)
Path Group: SCK
Path Type: min

Fanout     Cap    Slew   Delay    Time   Description
-----------------------------------------------------------------------------
                  0.15    0.00    0.00   clock SCK (rise edge)
                          0.00    0.00   clock network delay (ideal)
                  0.15    0.00    0.00 ^ _488_/CLK (sky130_fd_sc_hd__dfrtp_2)
                  0.15    0.44    0.44 ^ _488_/Q (sky130_fd_sc_hd__dfrtp_2)
     8    0.03                           state[2] (net)
                  0.15    0.00    0.44 ^ _382_/B2 (sky130_fd_sc_hd__a22o_2)
                  0.03    0.14    0.58 ^ _382_/X (sky130_fd_sc_hd__a22o_2)
     1    0.00                           _003_ (net)
                  0.03    0.00    0.58 ^ _488_/D (sky130_fd_sc_hd__dfrtp_2)
                                  0.58   data arrival time

                  0.15    0.00    0.00   clock SCK (rise edge)
                          0.00    0.00   clock network delay (ideal)
                          0.25    0.25   clock uncertainty
                          0.00    0.25   clock reconvergence pessimism
                                  0.25 ^ _488_/CLK (sky130_fd_sc_hd__dfrtp_2)
                         -0.02    0.23   library hold time
                                  0.23   data required time
-----------------------------------------------------------------------------
                                  0.23   data required time
                                 -0.58   data arrival time
-----------------------------------------------------------------------------
                                  0.35   slack (MET)


Startpoint: _471_ (rising edge-triggered flip-flop clocked by SCK)
Endpoint: _471_ (rising edge-triggered flip-flop clocked by SCK)
Path Group: SCK
Path Type: min

Fanout     Cap    Slew   Delay    Time   Description
-----------------------------------------------------------------------------
                  0.15    0.00    0.00   clock SCK (rise edge)
                          0.00    0.00   clock network delay (ideal)
                  0.15    0.00    0.00 ^ _471_/CLK (sky130_fd_sc_hd__dfrtp_2)
                  0.07    0.38    0.38 ^ _471_/Q (sky130_fd_sc_hd__dfrtp_2)
     3    0.01                           readmode (net)
                  0.07    0.00    0.38 ^ _306_/A1 (sky130_fd_sc_hd__mux2_2)
                  0.04    0.13    0.51 ^ _306_/X (sky130_fd_sc_hd__mux2_2)
     1    0.00                           _153_ (net)
                  0.04    0.00    0.51 ^ _307_/A (sky130_fd_sc_hd__buf_1)
                  0.04    0.07    0.58 ^ _307_/X (sky130_fd_sc_hd__buf_1)
     1    0.00                           _078_ (net)
                  0.04    0.00    0.58 ^ _471_/D (sky130_fd_sc_hd__dfrtp_2)
                                  0.58   data arrival time

                  0.15    0.00    0.00   clock SCK (rise edge)
                          0.00    0.00   clock network delay (ideal)
                          0.25    0.25   clock uncertainty
                          0.00    0.25   clock reconvergence pessimism
                                  0.25 ^ _471_/CLK (sky130_fd_sc_hd__dfrtp_2)
                         -0.02    0.23   library hold time
                                  0.23   data required time
-----------------------------------------------------------------------------
                                  0.23   data required time
                                 -0.58   data arrival time
-----------------------------------------------------------------------------
                                  0.35   slack (MET)


Startpoint: _484_ (rising edge-triggered flip-flop clocked by SCK)
Endpoint: _458_ (rising edge-triggered flip-flop clocked by SCK)
Path Group: SCK
Path Type: min

Fanout     Cap    Slew   Delay    Time   Description
-----------------------------------------------------------------------------
                  0.15    0.00    0.00   clock SCK (rise edge)
                          0.00    0.00   clock network delay (ideal)
                  0.15    0.00    0.00 ^ _484_/CLK (sky130_fd_sc_hd__dfrtp_2)
                  0.09    0.40    0.40 ^ _484_/Q (sky130_fd_sc_hd__dfrtp_2)
     5    0.02                           pre_pass_thru_user (net)
                  0.09    0.00    0.40 ^ _367_/A0 (sky130_fd_sc_hd__mux2_2)
                  0.03    0.14    0.54 ^ _367_/X (sky130_fd_sc_hd__mux2_2)
     1    0.00                           _200_ (net)
                  0.03    0.00    0.54 ^ _368_/A (sky130_fd_sc_hd__buf_1)
                  0.04    0.07    0.61 ^ _368_/X (sky130_fd_sc_hd__buf_1)
     1    0.00                           _065_ (net)
                  0.04    0.00    0.61 ^ _458_/D (sky130_fd_sc_hd__dfrtp_2)
                                  0.61   data arrival time

                  0.15    0.00    0.00   clock SCK (rise edge)
                          0.00    0.00   clock network delay (ideal)
                          0.25    0.25   clock uncertainty
                          0.00    0.25   clock reconvergence pessimism
                                  0.25 ^ _458_/CLK (sky130_fd_sc_hd__dfrtp_2)
                         -0.02    0.23   library hold time
                                  0.23   data required time
-----------------------------------------------------------------------------
                                  0.23   data required time
                                 -0.61   data arrival time
-----------------------------------------------------------------------------
                                  0.38   slack (MET)


Startpoint: _462_ (rising edge-triggered flip-flop clocked by SCK)
Endpoint: _462_ (rising edge-triggered flip-flop clocked by SCK)
Path Group: SCK
Path Type: min

Fanout     Cap    Slew   Delay    Time   Description
-----------------------------------------------------------------------------
                  0.15    0.00    0.00   clock SCK (rise edge)
                          0.00    0.00   clock network delay (ideal)
                  0.15    0.00    0.00 ^ _462_/CLK (sky130_fd_sc_hd__dfrtp_2)
                  0.09    0.40    0.40 ^ _462_/Q (sky130_fd_sc_hd__dfrtp_2)
     6    0.02                           addr[3] (net)
                  0.09    0.00    0.40 ^ _351_/A0 (sky130_fd_sc_hd__mux2_2)
                  0.04    0.14    0.54 ^ _351_/X (sky130_fd_sc_hd__mux2_2)
     1    0.00                           _188_ (net)
                  0.04    0.00    0.54 ^ _352_/A (sky130_fd_sc_hd__buf_1)
                  0.04    0.07    0.61 ^ _352_/X (sky130_fd_sc_hd__buf_1)
     1    0.00                           _069_ (net)
                  0.04    0.00    0.61 ^ _462_/D (sky130_fd_sc_hd__dfrtp_2)
                                  0.61   data arrival time

                  0.15    0.00    0.00   clock SCK (rise edge)
                          0.00    0.00   clock network delay (ideal)
                          0.25    0.25   clock uncertainty
                          0.00    0.25   clock reconvergence pessimism
                                  0.25 ^ _462_/CLK (sky130_fd_sc_hd__dfrtp_2)
                         -0.02    0.23   library hold time
                                  0.23   data required time
-----------------------------------------------------------------------------
                                  0.23   data required time
                                 -0.61   data arrival time
-----------------------------------------------------------------------------
                                  0.38   slack (MET)


Startpoint: _465_ (rising edge-triggered flip-flop clocked by SCK)
Endpoint: _465_ (rising edge-triggered flip-flop clocked by SCK)
Path Group: SCK
Path Type: min

Fanout     Cap    Slew   Delay    Time   Description
-----------------------------------------------------------------------------
                  0.15    0.00    0.00   clock SCK (rise edge)
                          0.00    0.00   clock network delay (ideal)
                  0.15    0.00    0.00 ^ _465_/CLK (sky130_fd_sc_hd__dfrtp_2)
                  0.09    0.40    0.40 ^ _465_/Q (sky130_fd_sc_hd__dfrtp_2)
     5    0.02                           addr[6] (net)
                  0.09    0.00    0.40 ^ _336_/A0 (sky130_fd_sc_hd__mux2_2)
                  0.04    0.14    0.54 ^ _336_/X (sky130_fd_sc_hd__mux2_2)
     1    0.00                           _176_ (net)
                  0.04    0.00    0.54 ^ _337_/A (sky130_fd_sc_hd__buf_1)
                  0.04    0.07    0.61 ^ _337_/X (sky130_fd_sc_hd__buf_1)
     1    0.00                           _072_ (net)
                  0.04    0.00    0.61 ^ _465_/D (sky130_fd_sc_hd__dfrtp_2)
                                  0.61   data arrival time

                  0.15    0.00    0.00   clock SCK (rise edge)
                          0.00    0.00   clock network delay (ideal)
                          0.25    0.25   clock uncertainty
                          0.00    0.25   clock reconvergence pessimism
                                  0.25 ^ _465_/CLK (sky130_fd_sc_hd__dfrtp_2)
                         -0.02    0.23   library hold time
                                  0.23   data required time
-----------------------------------------------------------------------------
                                  0.23   data required time
                                 -0.61   data arrival time
-----------------------------------------------------------------------------
                                  0.38   slack (MET)


Startpoint: _472_ (rising edge-triggered flip-flop clocked by SCK)
Endpoint: _472_ (rising edge-triggered flip-flop clocked by SCK)
Path Group: SCK
Path Type: min

Fanout     Cap    Slew   Delay    Time   Description
-----------------------------------------------------------------------------
                  0.15    0.00    0.00   clock SCK (rise edge)
                          0.00    0.00   clock network delay (ideal)
                  0.15    0.00    0.00 ^ _472_/CLK (sky130_fd_sc_hd__dfrtp_2)
                  0.06    0.37    0.37 ^ _472_/Q (sky130_fd_sc_hd__dfrtp_2)
     2    0.01                           fixed[0] (net)
                  0.06    0.00    0.37 ^ _299_/A (sky130_fd_sc_hd__or3b_2)
                  0.10    0.15    0.52 ^ _299_/X (sky130_fd_sc_hd__or3b_2)
     2    0.02                           _148_ (net)
                  0.10    0.00    0.52 ^ _304_/B1 (sky130_fd_sc_hd__o221ai_2)
                  0.05    0.09    0.61 v _304_/Y (sky130_fd_sc_hd__o221ai_2)
     1    0.00                           _079_ (net)
                  0.05    0.00    0.61 v _472_/D (sky130_fd_sc_hd__dfrtp_2)
                                  0.61   data arrival time

                  0.15    0.00    0.00   clock SCK (rise edge)
                          0.00    0.00   clock network delay (ideal)
                          0.25    0.25   clock uncertainty
                          0.00    0.25   clock reconvergence pessimism
                                  0.25 ^ _472_/CLK (sky130_fd_sc_hd__dfrtp_2)
                         -0.02    0.23   library hold time
                                  0.23   data required time
-----------------------------------------------------------------------------
                                  0.23   data required time
                                 -0.61   data arrival time
-----------------------------------------------------------------------------
                                  0.38   slack (MET)


Startpoint: _469_ (rising edge-triggered flip-flop clocked by SCK)
Endpoint: _482_ (rising edge-triggered flip-flop clocked by SCK)
Path Group: SCK
Path Type: min

Fanout     Cap    Slew   Delay    Time   Description
-----------------------------------------------------------------------------
                  0.15    0.00    0.00   clock SCK (rise edge)
                          0.00    0.00   clock network delay (ideal)
                  0.15    0.00    0.00 ^ _469_/CLK (sky130_fd_sc_hd__dfrtp_2)
                  0.16    0.45    0.45 ^ _469_/Q (sky130_fd_sc_hd__dfrtp_2)
     9    0.03                           count[2] (net)
                  0.16    0.00    0.45 ^ _276_/A2 (sky130_fd_sc_hd__a41o_2)
                  0.03    0.19    0.64 ^ _276_/X (sky130_fd_sc_hd__a41o_2)
     1    0.00                           _089_ (net)
                  0.03    0.00    0.64 ^ _482_/D (sky130_fd_sc_hd__dfrtp_2)
                                  0.64   data arrival time

                  0.15    0.00    0.00   clock SCK (rise edge)
                          0.00    0.00   clock network delay (ideal)
                          0.25    0.25   clock uncertainty
                          0.00    0.25   clock reconvergence pessimism
                                  0.25 ^ _482_/CLK (sky130_fd_sc_hd__dfrtp_2)
                         -0.02    0.23   library hold time
                                  0.23   data required time
-----------------------------------------------------------------------------
                                  0.23   data required time
                                 -0.64   data arrival time
-----------------------------------------------------------------------------
                                  0.40   slack (MET)


Startpoint: _461_ (rising edge-triggered flip-flop clocked by SCK)
Endpoint: _461_ (rising edge-triggered flip-flop clocked by SCK)
Path Group: SCK
Path Type: min

Fanout     Cap    Slew   Delay    Time   Description
-----------------------------------------------------------------------------
                  0.15    0.00    0.00   clock SCK (rise edge)
                          0.00    0.00   clock network delay (ideal)
                  0.15    0.00    0.00 ^ _461_/CLK (sky130_fd_sc_hd__dfrtp_2)
                  0.12    0.43    0.43 ^ _461_/Q (sky130_fd_sc_hd__dfrtp_2)
     8    0.02                           addr[2] (net)
                  0.12    0.00    0.43 ^ _356_/A0 (sky130_fd_sc_hd__mux2_2)
                  0.04    0.15    0.58 ^ _356_/X (sky130_fd_sc_hd__mux2_2)
     1    0.00                           _192_ (net)
                  0.04    0.00    0.58 ^ _357_/A (sky130_fd_sc_hd__buf_1)
                  0.04    0.07    0.64 ^ _357_/X (sky130_fd_sc_hd__buf_1)
     1    0.00                           _068_ (net)
                  0.04    0.00    0.64 ^ _461_/D (sky130_fd_sc_hd__dfrtp_2)
                                  0.64   data arrival time

                  0.15    0.00    0.00   clock SCK (rise edge)
                          0.00    0.00   clock network delay (ideal)
                          0.25    0.25   clock uncertainty
                          0.00    0.25   clock reconvergence pessimism
                                  0.25 ^ _461_/CLK (sky130_fd_sc_hd__dfrtp_2)
                         -0.02    0.23   library hold time
                                  0.23   data required time
-----------------------------------------------------------------------------
                                  0.23   data required time
                                 -0.64   data arrival time
-----------------------------------------------------------------------------
                                  0.41   slack (MET)


Startpoint: _471_ (rising edge-triggered flip-flop clocked by SCK)
Endpoint: _454_ (rising edge-triggered flip-flop clocked by SCK)
Path Group: SCK
Path Type: min

Fanout     Cap    Slew   Delay    Time   Description
-----------------------------------------------------------------------------
                  0.15    0.00    0.00   clock SCK (rise edge)
                          0.00    0.00   clock network delay (ideal)
                  0.15    0.00    0.00 ^ _471_/CLK (sky130_fd_sc_hd__dfrtp_2)
                  0.07    0.38    0.38 ^ _471_/Q (sky130_fd_sc_hd__dfrtp_2)
     3    0.01                           readmode (net)
                  0.07    0.00    0.38 ^ _374_/A1 (sky130_fd_sc_hd__o211a_2)
                  0.04    0.16    0.55 ^ _374_/X (sky130_fd_sc_hd__o211a_2)
     1    0.00                           _203_ (net)
                  0.04    0.00    0.55 ^ _375_/B1 (sky130_fd_sc_hd__a22o_2)
                  0.03    0.11    0.65 ^ _375_/X (sky130_fd_sc_hd__a22o_2)
     1    0.00                           _061_ (net)
                  0.03    0.00    0.65 ^ _454_/D (sky130_fd_sc_hd__dfrtp_2)
                                  0.65   data arrival time

                  0.15    0.00    0.00   clock SCK (rise edge)
                          0.00    0.00   clock network delay (ideal)
                          0.25    0.25   clock uncertainty
                          0.00    0.25   clock reconvergence pessimism
                                  0.25 ^ _454_/CLK (sky130_fd_sc_hd__dfrtp_2)
                         -0.02    0.23   library hold time
                                  0.23   data required time
-----------------------------------------------------------------------------
                                  0.23   data required time
                                 -0.65   data arrival time
-----------------------------------------------------------------------------
                                  0.42   slack (MET)


Startpoint: _464_ (rising edge-triggered flip-flop clocked by SCK)
Endpoint: _464_ (rising edge-triggered flip-flop clocked by SCK)
Path Group: SCK
Path Type: min

Fanout     Cap    Slew   Delay    Time   Description
-----------------------------------------------------------------------------
                  0.15    0.00    0.00   clock SCK (rise edge)
                          0.00    0.00   clock network delay (ideal)
                  0.15    0.00    0.00 ^ _464_/CLK (sky130_fd_sc_hd__dfrtp_2)
                  0.13    0.43    0.43 ^ _464_/Q (sky130_fd_sc_hd__dfrtp_2)
     7    0.02                           addr[5] (net)
                  0.13    0.00    0.43 ^ _341_/A0 (sky130_fd_sc_hd__mux2_2)
                  0.04    0.15    0.58 ^ _341_/X (sky130_fd_sc_hd__mux2_2)
     1    0.00                           _180_ (net)
                  0.04    0.00    0.58 ^ _342_/A (sky130_fd_sc_hd__buf_1)
                  0.04    0.07    0.65 ^ _342_/X (sky130_fd_sc_hd__buf_1)
     1    0.00                           _071_ (net)
                  0.04    0.00    0.65 ^ _464_/D (sky130_fd_sc_hd__dfrtp_2)
                                  0.65   data arrival time

                  0.15    0.00    0.00   clock SCK (rise edge)
                          0.00    0.00   clock network delay (ideal)
                          0.25    0.25   clock uncertainty
                          0.00    0.25   clock reconvergence pessimism
                                  0.25 ^ _464_/CLK (sky130_fd_sc_hd__dfrtp_2)
                         -0.02    0.23   library hold time
                                  0.23   data required time
-----------------------------------------------------------------------------
                                  0.23   data required time
                                 -0.65   data arrival time
-----------------------------------------------------------------------------
                                  0.42   slack (MET)


Startpoint: _460_ (rising edge-triggered flip-flop clocked by SCK)
Endpoint: _460_ (rising edge-triggered flip-flop clocked by SCK)
Path Group: SCK
Path Type: min

Fanout     Cap    Slew   Delay    Time   Description
-----------------------------------------------------------------------------
                  0.15    0.00    0.00   clock SCK (rise edge)
                          0.00    0.00   clock network delay (ideal)
                  0.15    0.00    0.00 ^ _460_/CLK (sky130_fd_sc_hd__dfrtp_2)
                  0.13    0.43    0.43 ^ _460_/Q (sky130_fd_sc_hd__dfrtp_2)
     8    0.03                           addr[1] (net)
                  0.13    0.00    0.43 ^ _360_/A0 (sky130_fd_sc_hd__mux2_2)
                  0.04    0.15    0.59 ^ _360_/X (sky130_fd_sc_hd__mux2_2)
     1    0.00                           _195_ (net)
                  0.04    0.00    0.59 ^ _361_/A (sky130_fd_sc_hd__buf_1)
                  0.04    0.07    0.66 ^ _361_/X (sky130_fd_sc_hd__buf_1)
     1    0.00                           _067_ (net)
                  0.04    0.00    0.66 ^ _460_/D (sky130_fd_sc_hd__dfrtp_2)
                                  0.66   data arrival time

                  0.15    0.00    0.00   clock SCK (rise edge)
                          0.00    0.00   clock network delay (ideal)
                          0.25    0.25   clock uncertainty
                          0.00    0.25   clock reconvergence pessimism
                                  0.25 ^ _460_/CLK (sky130_fd_sc_hd__dfrtp_2)
                         -0.02    0.23   library hold time
                                  0.23   data required time
-----------------------------------------------------------------------------
                                  0.23   data required time
                                 -0.66   data arrival time
-----------------------------------------------------------------------------
                                  0.43   slack (MET)


Startpoint: _485_ (rising edge-triggered flip-flop clocked by SCK')
Endpoint: _485_ (rising edge-triggered flip-flop clocked by SCK')
Path Group: SCK
Path Type: min

Fanout     Cap    Slew   Delay    Time   Description
-----------------------------------------------------------------------------
                  0.15    5.00    5.00   clock SCK' (rise edge)
                          0.00    5.00   clock network delay (ideal)
                  0.15    0.00    5.00 ^ _485_/CLK (sky130_fd_sc_hd__dfrtp_2)
                  0.19    0.47    5.47 ^ _485_/Q (sky130_fd_sc_hd__dfrtp_2)
     2    0.04                           wrstb (net)
                  0.19    0.00    5.47 ^ _263_/A1 (sky130_fd_sc_hd__o211a_2)
                  0.04    0.18    5.66 ^ _263_/X (sky130_fd_sc_hd__o211a_2)
     1    0.00                           _091_ (net)
                  0.04    0.00    5.66 ^ _485_/D (sky130_fd_sc_hd__dfrtp_2)
                                  5.66   data arrival time

                  0.15    5.00    5.00   clock SCK' (rise edge)
                          0.00    5.00   clock network delay (ideal)
                          0.25    5.25   clock uncertainty
                          0.00    5.25   clock reconvergence pessimism
                                  5.25 ^ _485_/CLK (sky130_fd_sc_hd__dfrtp_2)
                         -0.02    5.23   library hold time
                                  5.23   data required time
-----------------------------------------------------------------------------
                                  5.23   data required time
                                 -5.66   data arrival time
-----------------------------------------------------------------------------
                                  0.43   slack (MET)


Startpoint: _497_ (rising edge-triggered flip-flop clocked by SCK')
Endpoint: _498_ (rising edge-triggered flip-flop clocked by SCK')
Path Group: SCK
Path Type: min

Fanout     Cap    Slew   Delay    Time   Description
-----------------------------------------------------------------------------
                  0.15    5.00    5.00   clock SCK' (rise edge)
                          0.00    5.00   clock network delay (ideal)
                  0.15    0.00    5.00 ^ _497_/CLK (sky130_fd_sc_hd__dfrtp_2)
                  0.05    0.36    5.36 ^ _497_/Q (sky130_fd_sc_hd__dfrtp_2)
     2    0.00                           ldata[6] (net)
                  0.05    0.00    5.36 ^ _229_/A1 (sky130_fd_sc_hd__mux2_2)
                  0.03    0.12    5.48 ^ _229_/X (sky130_fd_sc_hd__mux2_2)
     1    0.00                           _106_ (net)
                  0.03    0.00    5.48 ^ _231_/A0 (sky130_fd_sc_hd__mux2_2)
                  0.04    0.12    5.60 ^ _231_/X (sky130_fd_sc_hd__mux2_2)
     1    0.00                           _108_ (net)
                  0.04    0.00    5.60 ^ _232_/A (sky130_fd_sc_hd__buf_1)
                  0.04    0.07    5.67 ^ _232_/X (sky130_fd_sc_hd__buf_1)
     1    0.00                           _099_ (net)
                  0.04    0.00    5.67 ^ _498_/D (sky130_fd_sc_hd__dfrtp_2)
                                  5.67   data arrival time

                  0.15    5.00    5.00   clock SCK' (rise edge)
                          0.00    5.00   clock network delay (ideal)
                          0.25    5.25   clock uncertainty
                          0.00    5.25   clock reconvergence pessimism
                                  5.25 ^ _498_/CLK (sky130_fd_sc_hd__dfrtp_2)
                         -0.02    5.23   library hold time
                                  5.23   data required time
-----------------------------------------------------------------------------
                                  5.23   data required time
                                 -5.67   data arrival time
-----------------------------------------------------------------------------
                                  0.44   slack (MET)


Startpoint: _488_ (rising edge-triggered flip-flop clocked by SCK)
Endpoint: _467_ (rising edge-triggered flip-flop clocked by SCK)
Path Group: SCK
Path Type: min

Fanout     Cap    Slew   Delay    Time   Description
-----------------------------------------------------------------------------
                  0.15    0.00    0.00   clock SCK (rise edge)
                          0.00    0.00   clock network delay (ideal)
                  0.15    0.00    0.00 ^ _488_/CLK (sky130_fd_sc_hd__dfrtp_2)
                  0.15    0.44    0.44 ^ _488_/Q (sky130_fd_sc_hd__dfrtp_2)
     8    0.03                           state[2] (net)
                  0.15    0.00    0.44 ^ _311_/B (sky130_fd_sc_hd__or3_2)
                  0.09    0.18    0.62 ^ _311_/X (sky130_fd_sc_hd__or3_2)
     3    0.02                           _156_ (net)
                  0.09    0.00    0.62 ^ _320_/B (sky130_fd_sc_hd__xor2_2)
                  0.03    0.06    0.68 v _320_/X (sky130_fd_sc_hd__xor2_2)
     1    0.00                           _074_ (net)
                  0.03    0.00    0.68 v _467_/D (sky130_fd_sc_hd__dfrtp_2)
                                  0.68   data arrival time

                  0.15    0.00    0.00   clock SCK (rise edge)
                          0.00    0.00   clock network delay (ideal)
                          0.25    0.25   clock uncertainty
                          0.00    0.25   clock reconvergence pessimism
                                  0.25 ^ _467_/CLK (sky130_fd_sc_hd__dfrtp_2)
                         -0.01    0.24   library hold time
                                  0.24   data required time
-----------------------------------------------------------------------------
                                  0.24   data required time
                                 -0.68   data arrival time
-----------------------------------------------------------------------------
                                  0.44   slack (MET)


Startpoint: _468_ (rising edge-triggered flip-flop clocked by SCK)
Endpoint: _486_ (rising edge-triggered flip-flop clocked by SCK)
Path Group: SCK
Path Type: min

Fanout     Cap    Slew   Delay    Time   Description
-----------------------------------------------------------------------------
                  0.15    0.00    0.00   clock SCK (rise edge)
                          0.00    0.00   clock network delay (ideal)
                  0.15    0.00    0.00 ^ _468_/CLK (sky130_fd_sc_hd__dfrtp_2)
                  0.09    0.46    0.46 v _468_/Q (sky130_fd_sc_hd__dfrtp_2)
     9    0.02                           count[1] (net)
                  0.09    0.00    0.46 v _380_/B (sky130_fd_sc_hd__nand3_2)
                  0.05    0.08    0.54 ^ _380_/Y (sky130_fd_sc_hd__nand3_2)
     2    0.00                           _205_ (net)
                  0.05    0.00    0.54 ^ _383_/B1 (sky130_fd_sc_hd__a2bb2o_2)
                  0.03    0.14    0.68 ^ _383_/X (sky130_fd_sc_hd__a2bb2o_2)
     1    0.00                           _001_ (net)
                  0.03    0.00    0.68 ^ _486_/D (sky130_fd_sc_hd__dfstp_2)
                                  0.68   data arrival time

                  0.15    0.00    0.00   clock SCK (rise edge)
                          0.00    0.00   clock network delay (ideal)
                          0.25    0.25   clock uncertainty
                          0.00    0.25   clock reconvergence pessimism
                                  0.25 ^ _486_/CLK (sky130_fd_sc_hd__dfstp_2)
                         -0.02    0.23   library hold time
                                  0.23   data required time
-----------------------------------------------------------------------------
                                  0.23   data required time
                                 -0.68   data arrival time
-----------------------------------------------------------------------------
                                  0.45   slack (MET)


Startpoint: _463_ (rising edge-triggered flip-flop clocked by SCK)
Endpoint: _463_ (rising edge-triggered flip-flop clocked by SCK)
Path Group: SCK
Path Type: min

Fanout     Cap    Slew   Delay    Time   Description
-----------------------------------------------------------------------------
                  0.15    0.00    0.00   clock SCK (rise edge)
                          0.00    0.00   clock network delay (ideal)
                  0.15    0.00    0.00 ^ _463_/CLK (sky130_fd_sc_hd__dfrtp_2)
                  0.16    0.45    0.45 ^ _463_/Q (sky130_fd_sc_hd__dfrtp_2)
    10    0.03                           addr[4] (net)
                  0.16    0.00    0.45 ^ _346_/A0 (sky130_fd_sc_hd__mux2_2)
                  0.04    0.16    0.62 ^ _346_/X (sky130_fd_sc_hd__mux2_2)
     1    0.00                           _184_ (net)
                  0.04    0.00    0.62 ^ _347_/A (sky130_fd_sc_hd__buf_1)
                  0.04    0.07    0.69 ^ _347_/X (sky130_fd_sc_hd__buf_1)
     1    0.00                           _070_ (net)
                  0.04    0.00    0.69 ^ _463_/D (sky130_fd_sc_hd__dfrtp_2)
                                  0.69   data arrival time

                  0.15    0.00    0.00   clock SCK (rise edge)
                          0.00    0.00   clock network delay (ideal)
                          0.25    0.25   clock uncertainty
                          0.00    0.25   clock reconvergence pessimism
                                  0.25 ^ _463_/CLK (sky130_fd_sc_hd__dfrtp_2)
                         -0.02    0.23   library hold time
                                  0.23   data required time
-----------------------------------------------------------------------------
                                  0.23   data required time
                                 -0.69   data arrival time
-----------------------------------------------------------------------------
                                  0.46   slack (MET)


Startpoint: _459_ (rising edge-triggered flip-flop clocked by SCK)
Endpoint: _459_ (rising edge-triggered flip-flop clocked by SCK)
Path Group: SCK
Path Type: min

Fanout     Cap    Slew   Delay    Time   Description
-----------------------------------------------------------------------------
                  0.15    0.00    0.00   clock SCK (rise edge)
                          0.00    0.00   clock network delay (ideal)
                  0.15    0.00    0.00 ^ _459_/CLK (sky130_fd_sc_hd__dfrtp_2)
                  0.17    0.46    0.46 ^ _459_/Q (sky130_fd_sc_hd__dfrtp_2)
     8    0.03                           addr[0] (net)
                  0.17    0.00    0.46 ^ _364_/A0 (sky130_fd_sc_hd__mux2_2)
                  0.04    0.16    0.62 ^ _364_/X (sky130_fd_sc_hd__mux2_2)
     1    0.00                           _198_ (net)
                  0.04    0.00    0.62 ^ _365_/A (sky130_fd_sc_hd__buf_1)
                  0.04    0.07    0.69 ^ _365_/X (sky130_fd_sc_hd__buf_1)
     1    0.00                           _066_ (net)
                  0.04    0.00    0.69 ^ _459_/D (sky130_fd_sc_hd__dfrtp_2)
                                  0.69   data arrival time

                  0.15    0.00    0.00   clock SCK (rise edge)
                          0.00    0.00   clock network delay (ideal)
                          0.25    0.25   clock uncertainty
                          0.00    0.25   clock reconvergence pessimism
                                  0.25 ^ _459_/CLK (sky130_fd_sc_hd__dfrtp_2)
                         -0.02    0.23   library hold time
                                  0.23   data required time
-----------------------------------------------------------------------------
                                  0.23   data required time
                                 -0.69   data arrival time
-----------------------------------------------------------------------------
                                  0.46   slack (MET)


Startpoint: _468_ (rising edge-triggered flip-flop clocked by SCK)
Endpoint: _468_ (rising edge-triggered flip-flop clocked by SCK)
Path Group: SCK
Path Type: min

Fanout     Cap    Slew   Delay    Time   Description
-----------------------------------------------------------------------------
                  0.15    0.00    0.00   clock SCK (rise edge)
                          0.00    0.00   clock network delay (ideal)
                  0.15    0.00    0.00 ^ _468_/CLK (sky130_fd_sc_hd__dfrtp_2)
                  0.14    0.44    0.44 ^ _468_/Q (sky130_fd_sc_hd__dfrtp_2)
     9    0.03                           count[1] (net)
                  0.14    0.00    0.44 ^ _272_/A_N (sky130_fd_sc_hd__nand2b_2)
                  0.14    0.20    0.64 ^ _272_/Y (sky130_fd_sc_hd__nand2b_2)
     6    0.02                           _130_ (net)
                  0.14    0.00    0.64 ^ _319_/A1 (sky130_fd_sc_hd__o21ai_2)
                  0.03    0.07    0.71 v _319_/Y (sky130_fd_sc_hd__o21ai_2)
     1    0.00                           _075_ (net)
                  0.03    0.00    0.71 v _468_/D (sky130_fd_sc_hd__dfrtp_2)
                                  0.71   data arrival time

                  0.15    0.00    0.00   clock SCK (rise edge)
                          0.00    0.00   clock network delay (ideal)
                          0.25    0.25   clock uncertainty
                          0.00    0.25   clock reconvergence pessimism
                                  0.25 ^ _468_/CLK (sky130_fd_sc_hd__dfrtp_2)
                         -0.01    0.24   library hold time
                                  0.24   data required time
-----------------------------------------------------------------------------
                                  0.24   data required time
                                 -0.71   data arrival time
-----------------------------------------------------------------------------
                                  0.47   slack (MET)


Startpoint: _481_ (rising edge-triggered flip-flop clocked by SCK)
Endpoint: _481_ (rising edge-triggered flip-flop clocked by SCK)
Path Group: SCK
Path Type: min

Fanout     Cap    Slew   Delay    Time   Description
-----------------------------------------------------------------------------
                  0.15    0.00    0.00   clock SCK (rise edge)
                          0.00    0.00   clock network delay (ideal)
                  0.15    0.00    0.00 ^ _481_/CLK (sky130_fd_sc_hd__dfrtp_2)
                  0.18    0.47    0.47 ^ _481_/Q (sky130_fd_sc_hd__dfrtp_2)
     2    0.04                           odata[7] (net)
                  0.18    0.00    0.47 ^ _278_/A0 (sky130_fd_sc_hd__mux2_2)
                  0.04    0.17    0.64 ^ _278_/X (sky130_fd_sc_hd__mux2_2)
     1    0.00                           _135_ (net)
                  0.04    0.00    0.64 ^ _279_/A (sky130_fd_sc_hd__buf_1)
                  0.04    0.07    0.71 ^ _279_/X (sky130_fd_sc_hd__buf_1)
     1    0.00                           _088_ (net)
                  0.04    0.00    0.71 ^ _481_/D (sky130_fd_sc_hd__dfrtp_2)
                                  0.71   data arrival time

                  0.15    0.00    0.00   clock SCK (rise edge)
                          0.00    0.00   clock network delay (ideal)
                          0.25    0.25   clock uncertainty
                          0.00    0.25   clock reconvergence pessimism
                                  0.25 ^ _481_/CLK (sky130_fd_sc_hd__dfrtp_2)
                         -0.02    0.23   library hold time
                                  0.23   data required time
-----------------------------------------------------------------------------
                                  0.23   data required time
                                 -0.71   data arrival time
-----------------------------------------------------------------------------
                                  0.48   slack (MET)


Startpoint: _478_ (rising edge-triggered flip-flop clocked by SCK)
Endpoint: _478_ (rising edge-triggered flip-flop clocked by SCK)
Path Group: SCK
Path Type: min

Fanout     Cap    Slew   Delay    Time   Description
-----------------------------------------------------------------------------
                  0.15    0.00    0.00   clock SCK (rise edge)
                          0.00    0.00   clock network delay (ideal)
                  0.15    0.00    0.00 ^ _478_/CLK (sky130_fd_sc_hd__dfrtp_2)
                  0.19    0.48    0.48 ^ _478_/Q (sky130_fd_sc_hd__dfrtp_2)
     3    0.04                           odata[4] (net)
                  0.19    0.00    0.48 ^ _284_/A0 (sky130_fd_sc_hd__mux2_2)
                  0.03    0.17    0.65 ^ _284_/X (sky130_fd_sc_hd__mux2_2)
     1    0.00                           _138_ (net)
                  0.03    0.00    0.65 ^ _285_/A (sky130_fd_sc_hd__buf_1)
                  0.04    0.07    0.71 ^ _285_/X (sky130_fd_sc_hd__buf_1)
     1    0.00                           _085_ (net)
                  0.04    0.00    0.71 ^ _478_/D (sky130_fd_sc_hd__dfrtp_2)
                                  0.71   data arrival time

                  0.15    0.00    0.00   clock SCK (rise edge)
                          0.00    0.00   clock network delay (ideal)
                          0.25    0.25   clock uncertainty
                          0.00    0.25   clock reconvergence pessimism
                                  0.25 ^ _478_/CLK (sky130_fd_sc_hd__dfrtp_2)
                         -0.02    0.23   library hold time
                                  0.23   data required time
-----------------------------------------------------------------------------
                                  0.23   data required time
                                 -0.71   data arrival time
-----------------------------------------------------------------------------
                                  0.48   slack (MET)


Startpoint: _480_ (rising edge-triggered flip-flop clocked by SCK)
Endpoint: _480_ (rising edge-triggered flip-flop clocked by SCK)
Path Group: SCK
Path Type: min

Fanout     Cap    Slew   Delay    Time   Description
-----------------------------------------------------------------------------
                  0.15    0.00    0.00   clock SCK (rise edge)
                          0.00    0.00   clock network delay (ideal)
                  0.15    0.00    0.00 ^ _480_/CLK (sky130_fd_sc_hd__dfrtp_2)
                  0.19    0.48    0.48 ^ _480_/Q (sky130_fd_sc_hd__dfrtp_2)
     3    0.04                           odata[6] (net)
                  0.19    0.00    0.48 ^ _280_/A0 (sky130_fd_sc_hd__mux2_2)
                  0.03    0.17    0.65 ^ _280_/X (sky130_fd_sc_hd__mux2_2)
     1    0.00                           _136_ (net)
                  0.03    0.00    0.65 ^ _281_/A (sky130_fd_sc_hd__buf_1)
                  0.04    0.07    0.71 ^ _281_/X (sky130_fd_sc_hd__buf_1)
     1    0.00                           _087_ (net)
                  0.04    0.00    0.71 ^ _480_/D (sky130_fd_sc_hd__dfrtp_2)
                                  0.71   data arrival time

                  0.15    0.00    0.00   clock SCK (rise edge)
                          0.00    0.00   clock network delay (ideal)
                          0.25    0.25   clock uncertainty
                          0.00    0.25   clock reconvergence pessimism
                                  0.25 ^ _480_/CLK (sky130_fd_sc_hd__dfrtp_2)
                         -0.02    0.23   library hold time
                                  0.23   data required time
-----------------------------------------------------------------------------
                                  0.23   data required time
                                 -0.71   data arrival time
-----------------------------------------------------------------------------
                                  0.48   slack (MET)


Startpoint: _475_ (rising edge-triggered flip-flop clocked by SCK)
Endpoint: _475_ (rising edge-triggered flip-flop clocked by SCK)
Path Group: SCK
Path Type: min

Fanout     Cap    Slew   Delay    Time   Description
-----------------------------------------------------------------------------
                  0.15    0.00    0.00   clock SCK (rise edge)
                          0.00    0.00   clock network delay (ideal)
                  0.15    0.00    0.00 ^ _475_/CLK (sky130_fd_sc_hd__dfrtp_2)
                  0.20    0.48    0.48 ^ _475_/Q (sky130_fd_sc_hd__dfrtp_2)
     3    0.04                           odata[1] (net)
                  0.20    0.00    0.48 ^ _290_/A0 (sky130_fd_sc_hd__mux2_2)
                  0.04    0.17    0.65 ^ _290_/X (sky130_fd_sc_hd__mux2_2)
     1    0.00                           _141_ (net)
                  0.04    0.00    0.65 ^ _291_/A (sky130_fd_sc_hd__buf_1)
                  0.04    0.07    0.72 ^ _291_/X (sky130_fd_sc_hd__buf_1)
     1    0.00                           _082_ (net)
                  0.04    0.00    0.72 ^ _475_/D (sky130_fd_sc_hd__dfrtp_2)
                                  0.72   data arrival time

                  0.15    0.00    0.00   clock SCK (rise edge)
                          0.00    0.00   clock network delay (ideal)
                          0.25    0.25   clock uncertainty
                          0.00    0.25   clock reconvergence pessimism
                                  0.25 ^ _475_/CLK (sky130_fd_sc_hd__dfrtp_2)
                         -0.02    0.23   library hold time
                                  0.23   data required time
-----------------------------------------------------------------------------
                                  0.23   data required time
                                 -0.72   data arrival time
-----------------------------------------------------------------------------
                                  0.48   slack (MET)


Startpoint: _478_ (rising edge-triggered flip-flop clocked by SCK)
Endpoint: _479_ (rising edge-triggered flip-flop clocked by SCK)
Path Group: SCK
Path Type: min

Fanout     Cap    Slew   Delay    Time   Description
-----------------------------------------------------------------------------
                  0.15    0.00    0.00   clock SCK (rise edge)
                          0.00    0.00   clock network delay (ideal)
                  0.15    0.00    0.00 ^ _478_/CLK (sky130_fd_sc_hd__dfrtp_2)
                  0.19    0.48    0.48 ^ _478_/Q (sky130_fd_sc_hd__dfrtp_2)
     3    0.04                           odata[4] (net)
                  0.19    0.00    0.48 ^ _282_/A1 (sky130_fd_sc_hd__mux2_2)
                  0.04    0.17    0.65 ^ _282_/X (sky130_fd_sc_hd__mux2_2)
     1    0.00                           _137_ (net)
                  0.04    0.00    0.65 ^ _283_/A (sky130_fd_sc_hd__buf_1)
                  0.04    0.07    0.72 ^ _283_/X (sky130_fd_sc_hd__buf_1)
     1    0.00                           _086_ (net)
                  0.04    0.00    0.72 ^ _479_/D (sky130_fd_sc_hd__dfrtp_2)
                                  0.72   data arrival time

                  0.15    0.00    0.00   clock SCK (rise edge)
                          0.00    0.00   clock network delay (ideal)
                          0.25    0.25   clock uncertainty
                          0.00    0.25   clock reconvergence pessimism
                                  0.25 ^ _479_/CLK (sky130_fd_sc_hd__dfrtp_2)
                         -0.02    0.23   library hold time
                                  0.23   data required time
-----------------------------------------------------------------------------
                                  0.23   data required time
                                 -0.72   data arrival time
-----------------------------------------------------------------------------
                                  0.49   slack (MET)


Startpoint: _476_ (rising edge-triggered flip-flop clocked by SCK)
Endpoint: _477_ (rising edge-triggered flip-flop clocked by SCK)
Path Group: SCK
Path Type: min

Fanout     Cap    Slew   Delay    Time   Description
-----------------------------------------------------------------------------
                  0.15    0.00    0.00   clock SCK (rise edge)
                          0.00    0.00   clock network delay (ideal)
                  0.15    0.00    0.00 ^ _476_/CLK (sky130_fd_sc_hd__dfrtp_2)
                  0.20    0.48    0.48 ^ _476_/Q (sky130_fd_sc_hd__dfrtp_2)
     3    0.04                           odata[2] (net)
                  0.20    0.00    0.48 ^ _286_/A1 (sky130_fd_sc_hd__mux2_2)
                  0.04    0.17    0.65 ^ _286_/X (sky130_fd_sc_hd__mux2_2)
     1    0.00                           _139_ (net)
                  0.04    0.00    0.65 ^ _287_/A (sky130_fd_sc_hd__buf_1)
                  0.04    0.07    0.72 ^ _287_/X (sky130_fd_sc_hd__buf_1)
     1    0.00                           _084_ (net)
                  0.04    0.00    0.72 ^ _477_/D (sky130_fd_sc_hd__dfrtp_2)
                                  0.72   data arrival time

                  0.15    0.00    0.00   clock SCK (rise edge)
                          0.00    0.00   clock network delay (ideal)
                          0.25    0.25   clock uncertainty
                          0.00    0.25   clock reconvergence pessimism
                                  0.25 ^ _477_/CLK (sky130_fd_sc_hd__dfrtp_2)
                         -0.02    0.23   library hold time
                                  0.23   data required time
-----------------------------------------------------------------------------
                                  0.23   data required time
                                 -0.72   data arrival time
-----------------------------------------------------------------------------
                                  0.49   slack (MET)


Startpoint: _475_ (rising edge-triggered flip-flop clocked by SCK)
Endpoint: _476_ (rising edge-triggered flip-flop clocked by SCK)
Path Group: SCK
Path Type: min

Fanout     Cap    Slew   Delay    Time   Description
-----------------------------------------------------------------------------
                  0.15    0.00    0.00   clock SCK (rise edge)
                          0.00    0.00   clock network delay (ideal)
                  0.15    0.00    0.00 ^ _475_/CLK (sky130_fd_sc_hd__dfrtp_2)
                  0.20    0.48    0.48 ^ _475_/Q (sky130_fd_sc_hd__dfrtp_2)
     3    0.04                           odata[1] (net)
                  0.20    0.00    0.48 ^ _288_/A1 (sky130_fd_sc_hd__mux2_2)
                  0.04    0.17    0.65 ^ _288_/X (sky130_fd_sc_hd__mux2_2)
     1    0.00                           _140_ (net)
                  0.04    0.00    0.65 ^ _289_/A (sky130_fd_sc_hd__buf_1)
                  0.04    0.07    0.72 ^ _289_/X (sky130_fd_sc_hd__buf_1)
     1    0.00                           _083_ (net)
                  0.04    0.00    0.72 ^ _476_/D (sky130_fd_sc_hd__dfrtp_2)
                                  0.72   data arrival time

                  0.15    0.00    0.00   clock SCK (rise edge)
                          0.00    0.00   clock network delay (ideal)
                          0.25    0.25   clock uncertainty
                          0.00    0.25   clock reconvergence pessimism
                                  0.25 ^ _476_/CLK (sky130_fd_sc_hd__dfrtp_2)
                         -0.02    0.23   library hold time
                                  0.23   data required time
-----------------------------------------------------------------------------
                                  0.23   data required time
                                 -0.72   data arrival time
-----------------------------------------------------------------------------
                                  0.49   slack (MET)


Startpoint: _468_ (rising edge-triggered flip-flop clocked by SCK)
Endpoint: _469_ (rising edge-triggered flip-flop clocked by SCK)
Path Group: SCK
Path Type: min

Fanout     Cap    Slew   Delay    Time   Description
-----------------------------------------------------------------------------
                  0.15    0.00    0.00   clock SCK (rise edge)
                          0.00    0.00   clock network delay (ideal)
                  0.15    0.00    0.00 ^ _468_/CLK (sky130_fd_sc_hd__dfrtp_2)
                  0.14    0.44    0.44 ^ _468_/Q (sky130_fd_sc_hd__dfrtp_2)
     9    0.03                           count[1] (net)
                  0.14    0.00    0.44 ^ _313_/B (sky130_fd_sc_hd__or2_2)
                  0.02    0.11    0.55 ^ _313_/X (sky130_fd_sc_hd__or2_2)
     1    0.00                           _158_ (net)
                  0.02    0.00    0.55 ^ _314_/A (sky130_fd_sc_hd__and2_2)
                  0.06    0.13    0.68 ^ _314_/X (sky130_fd_sc_hd__and2_2)
     1    0.01                           _159_ (net)
                  0.06    0.00    0.68 ^ _315_/B (sky130_fd_sc_hd__xnor2_2)
                  0.03    0.05    0.73 v _315_/Y (sky130_fd_sc_hd__xnor2_2)
     1    0.00                           _076_ (net)
                  0.03    0.00    0.73 v _469_/D (sky130_fd_sc_hd__dfrtp_2)
                                  0.73   data arrival time

                  0.15    0.00    0.00   clock SCK (rise edge)
                          0.00    0.00   clock network delay (ideal)
                          0.25    0.25   clock uncertainty
                          0.00    0.25   clock reconvergence pessimism
                                  0.25 ^ _469_/CLK (sky130_fd_sc_hd__dfrtp_2)
                         -0.01    0.24   library hold time
                                  0.24   data required time
-----------------------------------------------------------------------------
                                  0.24   data required time
                                 -0.73   data arrival time
-----------------------------------------------------------------------------
                                  0.49   slack (MET)


Startpoint: CSB (input port clocked by SCK)
Endpoint: _489_ (removal check against rising-edge clock SCK)
Path Group: asynchronous
Path Type: min

Fanout     Cap    Slew   Delay    Time   Description
-----------------------------------------------------------------------------
                  0.15    0.00    0.00   clock SCK (rise edge)
                          0.00    0.00   clock network delay (ideal)
                          2.00    2.00 v input external delay
                  0.01    0.00    2.00 v CSB (in)
     1    0.00                           CSB (net)
                  0.01    0.00    2.00 v _224_/A (sky130_fd_sc_hd__buf_1)
                  0.22    0.21    2.21 v _224_/X (sky130_fd_sc_hd__buf_1)
     9    0.04                           _102_ (net)
                  0.22    0.00    2.21 v _444_/B (sky130_fd_sc_hd__nor2_2)
                  0.08    0.13    2.34 ^ _444_/Y (sky130_fd_sc_hd__nor2_2)
     1    0.00                           _043_ (net)
                  0.08    0.00    2.34 ^ _489_/RESET_B (sky130_fd_sc_hd__dfrtp_2)
                                  2.34   data arrival time

                  0.15    0.00    0.00   clock SCK (rise edge)
                          0.00    0.00   clock network delay (ideal)
                          0.25    0.25   clock uncertainty
                          0.00    0.25   clock reconvergence pessimism
                                  0.25 ^ _489_/CLK (sky130_fd_sc_hd__dfrtp_2)
                          0.36    0.61   library removal time
                                  0.61   data required time
-----------------------------------------------------------------------------
                                  0.61   data required time
                                 -2.34   data arrival time
-----------------------------------------------------------------------------
                                  1.73   slack (MET)


Startpoint: CSB (input port clocked by SCK)
Endpoint: _488_ (removal check against rising-edge clock SCK)
Path Group: asynchronous
Path Type: min

Fanout     Cap    Slew   Delay    Time   Description
-----------------------------------------------------------------------------
                  0.15    0.00    0.00   clock SCK (rise edge)
                          0.00    0.00   clock network delay (ideal)
                          2.00    2.00 v input external delay
                  0.01    0.00    2.00 v CSB (in)
     1    0.00                           CSB (net)
                  0.01    0.00    2.00 v _224_/A (sky130_fd_sc_hd__buf_1)
                  0.22    0.21    2.21 v _224_/X (sky130_fd_sc_hd__buf_1)
     9    0.04                           _102_ (net)
                  0.22    0.00    2.21 v _443_/B (sky130_fd_sc_hd__nor2_2)
                  0.08    0.13    2.34 ^ _443_/Y (sky130_fd_sc_hd__nor2_2)
     1    0.00                           _042_ (net)
                  0.08    0.00    2.34 ^ _488_/RESET_B (sky130_fd_sc_hd__dfrtp_2)
                                  2.34   data arrival time

                  0.15    0.00    0.00   clock SCK (rise edge)
                          0.00    0.00   clock network delay (ideal)
                          0.25    0.25   clock uncertainty
                          0.00    0.25   clock reconvergence pessimism
                                  0.25 ^ _488_/CLK (sky130_fd_sc_hd__dfrtp_2)
                          0.36    0.61   library removal time
                                  0.61   data required time
-----------------------------------------------------------------------------
                                  0.61   data required time
                                 -2.34   data arrival time
-----------------------------------------------------------------------------
                                  1.73   slack (MET)


Startpoint: CSB (input port clocked by SCK)
Endpoint: _487_ (removal check against rising-edge clock SCK)
Path Group: asynchronous
Path Type: min

Fanout     Cap    Slew   Delay    Time   Description
-----------------------------------------------------------------------------
                  0.15    0.00    0.00   clock SCK (rise edge)
                          0.00    0.00   clock network delay (ideal)
                          2.00    2.00 v input external delay
                  0.01    0.00    2.00 v CSB (in)
     1    0.00                           CSB (net)
                  0.01    0.00    2.00 v _224_/A (sky130_fd_sc_hd__buf_1)
                  0.22    0.21    2.21 v _224_/X (sky130_fd_sc_hd__buf_1)
     9    0.04                           _102_ (net)
                  0.22    0.00    2.21 v _442_/B (sky130_fd_sc_hd__nor2_2)
                  0.08    0.13    2.34 ^ _442_/Y (sky130_fd_sc_hd__nor2_2)
     1    0.00                           _041_ (net)
                  0.08    0.00    2.34 ^ _487_/RESET_B (sky130_fd_sc_hd__dfrtp_2)
                                  2.34   data arrival time

                  0.15    0.00    0.00   clock SCK (rise edge)
                          0.00    0.00   clock network delay (ideal)
                          0.25    0.25   clock uncertainty
                          0.00    0.25   clock reconvergence pessimism
                                  0.25 ^ _487_/CLK (sky130_fd_sc_hd__dfrtp_2)
                          0.36    0.61   library removal time
                                  0.61   data required time
-----------------------------------------------------------------------------
                                  0.61   data required time
                                 -2.34   data arrival time
-----------------------------------------------------------------------------
                                  1.74   slack (MET)


Startpoint: CSB (input port clocked by SCK)
Endpoint: _490_ (removal check against rising-edge clock SCK)
Path Group: asynchronous
Path Type: min

Fanout     Cap    Slew   Delay    Time   Description
-----------------------------------------------------------------------------
                  0.15    0.00    0.00   clock SCK (rise edge)
                          0.00    0.00   clock network delay (ideal)
                          2.00    2.00 v input external delay
                  0.01    0.00    2.00 v CSB (in)
     1    0.00                           CSB (net)
                  0.01    0.00    2.00 v _224_/A (sky130_fd_sc_hd__buf_1)
                  0.22    0.21    2.21 v _224_/X (sky130_fd_sc_hd__buf_1)
     9    0.04                           _102_ (net)
                  0.22    0.00    2.21 v _445_/B (sky130_fd_sc_hd__nor2_2)
                  0.09    0.13    2.35 ^ _445_/Y (sky130_fd_sc_hd__nor2_2)
     1    0.00                           _044_ (net)
                  0.09    0.00    2.35 ^ _490_/RESET_B (sky130_fd_sc_hd__dfrtp_2)
                                  2.35   data arrival time

                  0.15    0.00    0.00   clock SCK (rise edge)
                          0.00    0.00   clock network delay (ideal)
                          0.25    0.25   clock uncertainty
                          0.00    0.25   clock reconvergence pessimism
                                  0.25 ^ _490_/CLK (sky130_fd_sc_hd__dfrtp_2)
                          0.36    0.61   library removal time
                                  0.61   data required time
-----------------------------------------------------------------------------
                                  0.61   data required time
                                 -2.35   data arrival time
-----------------------------------------------------------------------------
                                  1.74   slack (MET)


Startpoint: CSB (input port clocked by SCK)
Endpoint: _486_ (removal check against rising-edge clock SCK)
Path Group: asynchronous
Path Type: min

Fanout     Cap    Slew   Delay    Time   Description
-----------------------------------------------------------------------------
                  0.15    0.00    0.00   clock SCK (rise edge)
                          0.00    0.00   clock network delay (ideal)
                          2.00    2.00 v input external delay
                  0.01    0.00    2.00 v CSB (in)
     1    0.00                           CSB (net)
                  0.01    0.00    2.00 v _224_/A (sky130_fd_sc_hd__buf_1)
                  0.22    0.21    2.21 v _224_/X (sky130_fd_sc_hd__buf_1)
     9    0.04                           _102_ (net)
                  0.22    0.00    2.21 v _441_/B (sky130_fd_sc_hd__nor2_2)
                  0.08    0.13    2.34 ^ _441_/Y (sky130_fd_sc_hd__nor2_2)
     1    0.00                           _040_ (net)
                  0.08    0.00    2.34 ^ _486_/SET_B (sky130_fd_sc_hd__dfstp_2)
                                  2.34   data arrival time

                  0.15    0.00    0.00   clock SCK (rise edge)
                          0.00    0.00   clock network delay (ideal)
                          0.25    0.25   clock uncertainty
                          0.00    0.25   clock reconvergence pessimism
                                  0.25 ^ _486_/CLK (sky130_fd_sc_hd__dfstp_2)
                          0.18    0.43   library removal time
                                  0.43   data required time
-----------------------------------------------------------------------------
                                  0.43   data required time
                                 -2.34   data arrival time
-----------------------------------------------------------------------------
                                  1.91   slack (MET)


Startpoint: CSB (input port clocked by SCK)
Endpoint: _472_ (removal check against rising-edge clock SCK)
Path Group: asynchronous
Path Type: min

Fanout     Cap    Slew   Delay    Time   Description
-----------------------------------------------------------------------------
                  0.15    0.00    0.00   clock SCK (rise edge)
                          0.00    0.00   clock network delay (ideal)
                          2.00    2.00 v input external delay
                  0.01    0.00    2.00 v CSB (in)
     1    0.00                           CSB (net)
                  0.01    0.00    2.00 v _224_/A (sky130_fd_sc_hd__buf_1)
                  0.22    0.21    2.21 v _224_/X (sky130_fd_sc_hd__buf_1)
     9    0.04                           _102_ (net)
                  0.22    0.00    2.21 v _415_/A (sky130_fd_sc_hd__buf_1)
                  0.29    0.34    2.55 v _415_/X (sky130_fd_sc_hd__buf_1)
    10    0.05                           _218_ (net)
                  0.29    0.00    2.55 v _424_/B (sky130_fd_sc_hd__nor2_2)
                  0.09    0.15    2.70 ^ _424_/Y (sky130_fd_sc_hd__nor2_2)
     1    0.00                           _024_ (net)
                  0.09    0.00    2.70 ^ _472_/RESET_B (sky130_fd_sc_hd__dfrtp_2)
                                  2.70   data arrival time

                  0.15    0.00    0.00   clock SCK (rise edge)
                          0.00    0.00   clock network delay (ideal)
                          0.25    0.25   clock uncertainty
                          0.00    0.25   clock reconvergence pessimism
                                  0.25 ^ _472_/CLK (sky130_fd_sc_hd__dfrtp_2)
                          0.36    0.61   library removal time
                                  0.61   data required time
-----------------------------------------------------------------------------
                                  0.61   data required time
                                 -2.70   data arrival time
-----------------------------------------------------------------------------
                                  2.09   slack (MET)


Startpoint: CSB (input port clocked by SCK)
Endpoint: _467_ (removal check against rising-edge clock SCK)
Path Group: asynchronous
Path Type: min

Fanout     Cap    Slew   Delay    Time   Description
-----------------------------------------------------------------------------
                  0.15    0.00    0.00   clock SCK (rise edge)
                          0.00    0.00   clock network delay (ideal)
                          2.00    2.00 v input external delay
                  0.01    0.00    2.00 v CSB (in)
     1    0.00                           CSB (net)
                  0.01    0.00    2.00 v _224_/A (sky130_fd_sc_hd__buf_1)
                  0.22    0.21    2.21 v _224_/X (sky130_fd_sc_hd__buf_1)
     9    0.04                           _102_ (net)
                  0.22    0.00    2.21 v _415_/A (sky130_fd_sc_hd__buf_1)
                  0.29    0.34    2.55 v _415_/X (sky130_fd_sc_hd__buf_1)
    10    0.05                           _218_ (net)
                  0.29    0.00    2.55 v _419_/B (sky130_fd_sc_hd__nor2_2)
                  0.09    0.15    2.70 ^ _419_/Y (sky130_fd_sc_hd__nor2_2)
     1    0.00                           _019_ (net)
                  0.09    0.00    2.70 ^ _467_/RESET_B (sky130_fd_sc_hd__dfrtp_2)
                                  2.70   data arrival time

                  0.15    0.00    0.00   clock SCK (rise edge)
                          0.00    0.00   clock network delay (ideal)
                          0.25    0.25   clock uncertainty
                          0.00    0.25   clock reconvergence pessimism
                                  0.25 ^ _467_/CLK (sky130_fd_sc_hd__dfrtp_2)
                          0.36    0.61   library removal time
                                  0.61   data required time
-----------------------------------------------------------------------------
                                  0.61   data required time
                                 -2.70   data arrival time
-----------------------------------------------------------------------------
                                  2.09   slack (MET)


Startpoint: CSB (input port clocked by SCK)
Endpoint: _473_ (removal check against rising-edge clock SCK)
Path Group: asynchronous
Path Type: min

Fanout     Cap    Slew   Delay    Time   Description
-----------------------------------------------------------------------------
                  0.15    0.00    0.00   clock SCK (rise edge)
                          0.00    0.00   clock network delay (ideal)
                          2.00    2.00 v input external delay
                  0.01    0.00    2.00 v CSB (in)
     1    0.00                           CSB (net)
                  0.01    0.00    2.00 v _224_/A (sky130_fd_sc_hd__buf_1)
                  0.22    0.21    2.21 v _224_/X (sky130_fd_sc_hd__buf_1)
     9    0.04                           _102_ (net)
                  0.22    0.00    2.21 v _415_/A (sky130_fd_sc_hd__buf_1)
                  0.29    0.34    2.55 v _415_/X (sky130_fd_sc_hd__buf_1)
    10    0.05                           _218_ (net)
                  0.29    0.00    2.55 v _425_/B (sky130_fd_sc_hd__nor2_2)
                  0.09    0.15    2.70 ^ _425_/Y (sky130_fd_sc_hd__nor2_2)
     1    0.00                           _025_ (net)
                  0.09    0.00    2.70 ^ _473_/RESET_B (sky130_fd_sc_hd__dfrtp_2)
                                  2.70   data arrival time

                  0.15    0.00    0.00   clock SCK (rise edge)
                          0.00    0.00   clock network delay (ideal)
                          0.25    0.25   clock uncertainty
                          0.00    0.25   clock reconvergence pessimism
                                  0.25 ^ _473_/CLK (sky130_fd_sc_hd__dfrtp_2)
                          0.36    0.61   library removal time
                                  0.61   data required time
-----------------------------------------------------------------------------
                                  0.61   data required time
                                 -2.70   data arrival time
-----------------------------------------------------------------------------
                                  2.09   slack (MET)


Startpoint: CSB (input port clocked by SCK)
Endpoint: _471_ (removal check against rising-edge clock SCK)
Path Group: asynchronous
Path Type: min

Fanout     Cap    Slew   Delay    Time   Description
-----------------------------------------------------------------------------
                  0.15    0.00    0.00   clock SCK (rise edge)
                          0.00    0.00   clock network delay (ideal)
                          2.00    2.00 v input external delay
                  0.01    0.00    2.00 v CSB (in)
     1    0.00                           CSB (net)
                  0.01    0.00    2.00 v _224_/A (sky130_fd_sc_hd__buf_1)
                  0.22    0.21    2.21 v _224_/X (sky130_fd_sc_hd__buf_1)
     9    0.04                           _102_ (net)
                  0.22    0.00    2.21 v _415_/A (sky130_fd_sc_hd__buf_1)
                  0.29    0.34    2.55 v _415_/X (sky130_fd_sc_hd__buf_1)
    10    0.05                           _218_ (net)
                  0.29    0.00    2.55 v _423_/B (sky130_fd_sc_hd__nor2_2)
                  0.09    0.15    2.70 ^ _423_/Y (sky130_fd_sc_hd__nor2_2)
     1    0.00                           _023_ (net)
                  0.09    0.00    2.70 ^ _471_/RESET_B (sky130_fd_sc_hd__dfrtp_2)
                                  2.70   data arrival time

                  0.15    0.00    0.00   clock SCK (rise edge)
                          0.00    0.00   clock network delay (ideal)
                          0.25    0.25   clock uncertainty
                          0.00    0.25   clock reconvergence pessimism
                                  0.25 ^ _471_/CLK (sky130_fd_sc_hd__dfrtp_2)
                          0.36    0.61   library removal time
                                  0.61   data required time
-----------------------------------------------------------------------------
                                  0.61   data required time
                                 -2.70   data arrival time
-----------------------------------------------------------------------------
                                  2.09   slack (MET)


Startpoint: CSB (input port clocked by SCK)
Endpoint: _468_ (removal check against rising-edge clock SCK)
Path Group: asynchronous
Path Type: min

Fanout     Cap    Slew   Delay    Time   Description
-----------------------------------------------------------------------------
                  0.15    0.00    0.00   clock SCK (rise edge)
                          0.00    0.00   clock network delay (ideal)
                          2.00    2.00 v input external delay
                  0.01    0.00    2.00 v CSB (in)
     1    0.00                           CSB (net)
                  0.01    0.00    2.00 v _224_/A (sky130_fd_sc_hd__buf_1)
                  0.22    0.21    2.21 v _224_/X (sky130_fd_sc_hd__buf_1)
     9    0.04                           _102_ (net)
                  0.22    0.00    2.21 v _415_/A (sky130_fd_sc_hd__buf_1)
                  0.29    0.34    2.55 v _415_/X (sky130_fd_sc_hd__buf_1)
    10    0.05                           _218_ (net)
                  0.29    0.00    2.55 v _420_/B (sky130_fd_sc_hd__nor2_2)
                  0.09    0.16    2.70 ^ _420_/Y (sky130_fd_sc_hd__nor2_2)
     1    0.00                           _020_ (net)
                  0.09    0.00    2.70 ^ _468_/RESET_B (sky130_fd_sc_hd__dfrtp_2)
                                  2.70   data arrival time

                  0.15    0.00    0.00   clock SCK (rise edge)
                          0.00    0.00   clock network delay (ideal)
                          0.25    0.25   clock uncertainty
                          0.00    0.25   clock reconvergence pessimism
                                  0.25 ^ _468_/CLK (sky130_fd_sc_hd__dfrtp_2)
                          0.36    0.61   library removal time
                                  0.61   data required time
-----------------------------------------------------------------------------
                                  0.61   data required time
                                 -2.70   data arrival time
-----------------------------------------------------------------------------
                                  2.09   slack (MET)


Startpoint: CSB (input port clocked by SCK)
Endpoint: _470_ (removal check against rising-edge clock SCK)
Path Group: asynchronous
Path Type: min

Fanout     Cap    Slew   Delay    Time   Description
-----------------------------------------------------------------------------
                  0.15    0.00    0.00   clock SCK (rise edge)
                          0.00    0.00   clock network delay (ideal)
                          2.00    2.00 v input external delay
                  0.01    0.00    2.00 v CSB (in)
     1    0.00                           CSB (net)
                  0.01    0.00    2.00 v _224_/A (sky130_fd_sc_hd__buf_1)
                  0.22    0.21    2.21 v _224_/X (sky130_fd_sc_hd__buf_1)
     9    0.04                           _102_ (net)
                  0.22    0.00    2.21 v _415_/A (sky130_fd_sc_hd__buf_1)
                  0.29    0.34    2.55 v _415_/X (sky130_fd_sc_hd__buf_1)
    10    0.05                           _218_ (net)
                  0.29    0.00    2.55 v _422_/B (sky130_fd_sc_hd__nor2_2)
                  0.09    0.16    2.70 ^ _422_/Y (sky130_fd_sc_hd__nor2_2)
     1    0.00                           _022_ (net)
                  0.09    0.00    2.70 ^ _470_/RESET_B (sky130_fd_sc_hd__dfrtp_2)
                                  2.70   data arrival time

                  0.15    0.00    0.00   clock SCK (rise edge)
                          0.00    0.00   clock network delay (ideal)
                          0.25    0.25   clock uncertainty
                          0.00    0.25   clock reconvergence pessimism
                                  0.25 ^ _470_/CLK (sky130_fd_sc_hd__dfrtp_2)
                          0.36    0.61   library removal time
                                  0.61   data required time
-----------------------------------------------------------------------------
                                  0.61   data required time
                                 -2.70   data arrival time
-----------------------------------------------------------------------------
                                  2.09   slack (MET)


Startpoint: CSB (input port clocked by SCK)
Endpoint: _469_ (removal check against rising-edge clock SCK)
Path Group: asynchronous
Path Type: min

Fanout     Cap    Slew   Delay    Time   Description
-----------------------------------------------------------------------------
                  0.15    0.00    0.00   clock SCK (rise edge)
                          0.00    0.00   clock network delay (ideal)
                          2.00    2.00 v input external delay
                  0.01    0.00    2.00 v CSB (in)
     1    0.00                           CSB (net)
                  0.01    0.00    2.00 v _224_/A (sky130_fd_sc_hd__buf_1)
                  0.22    0.21    2.21 v _224_/X (sky130_fd_sc_hd__buf_1)
     9    0.04                           _102_ (net)
                  0.22    0.00    2.21 v _415_/A (sky130_fd_sc_hd__buf_1)
                  0.29    0.34    2.55 v _415_/X (sky130_fd_sc_hd__buf_1)
    10    0.05                           _218_ (net)
                  0.29    0.00    2.55 v _421_/B (sky130_fd_sc_hd__nor2_2)
                  0.09    0.16    2.70 ^ _421_/Y (sky130_fd_sc_hd__nor2_2)
     1    0.00                           _021_ (net)
                  0.09    0.00    2.70 ^ _469_/RESET_B (sky130_fd_sc_hd__dfrtp_2)
                                  2.70   data arrival time

                  0.15    0.00    0.00   clock SCK (rise edge)
                          0.00    0.00   clock network delay (ideal)
                          0.25    0.25   clock uncertainty
                          0.00    0.25   clock reconvergence pessimism
                                  0.25 ^ _469_/CLK (sky130_fd_sc_hd__dfrtp_2)
                          0.36    0.61   library removal time
                                  0.61   data required time
-----------------------------------------------------------------------------
                                  0.61   data required time
                                 -2.70   data arrival time
-----------------------------------------------------------------------------
                                  2.09   slack (MET)


Startpoint: CSB (input port clocked by SCK)
Endpoint: _466_ (removal check against rising-edge clock SCK)
Path Group: asynchronous
Path Type: min

Fanout     Cap    Slew   Delay    Time   Description
-----------------------------------------------------------------------------
                  0.15    0.00    0.00   clock SCK (rise edge)
                          0.00    0.00   clock network delay (ideal)
                          2.00    2.00 v input external delay
                  0.01    0.00    2.00 v CSB (in)
     1    0.00                           CSB (net)
                  0.01    0.00    2.00 v _224_/A (sky130_fd_sc_hd__buf_1)
                  0.22    0.21    2.21 v _224_/X (sky130_fd_sc_hd__buf_1)
     9    0.04                           _102_ (net)
                  0.22    0.00    2.21 v _415_/A (sky130_fd_sc_hd__buf_1)
                  0.29    0.34    2.55 v _415_/X (sky130_fd_sc_hd__buf_1)
    10    0.05                           _218_ (net)
                  0.29    0.00    2.55 v _418_/B (sky130_fd_sc_hd__nor2_2)
                  0.09    0.16    2.71 ^ _418_/Y (sky130_fd_sc_hd__nor2_2)
     1    0.00                           _018_ (net)
                  0.09    0.00    2.71 ^ _466_/RESET_B (sky130_fd_sc_hd__dfrtp_2)
                                  2.71   data arrival time

                  0.15    0.00    0.00   clock SCK (rise edge)
                          0.00    0.00   clock network delay (ideal)
                          0.25    0.25   clock uncertainty
                          0.00    0.25   clock reconvergence pessimism
                                  0.25 ^ _466_/CLK (sky130_fd_sc_hd__dfrtp_2)
                          0.36    0.61   library removal time
                                  0.61   data required time
-----------------------------------------------------------------------------
                                  0.61   data required time
                                 -2.71   data arrival time
-----------------------------------------------------------------------------
                                  2.09   slack (MET)


Startpoint: CSB (input port clocked by SCK)
Endpoint: _464_ (removal check against rising-edge clock SCK)
Path Group: asynchronous
Path Type: min

Fanout     Cap    Slew   Delay    Time   Description
-----------------------------------------------------------------------------
                  0.15    0.00    0.00   clock SCK (rise edge)
                          0.00    0.00   clock network delay (ideal)
                          2.00    2.00 v input external delay
                  0.01    0.00    2.00 v CSB (in)
     1    0.00                           CSB (net)
                  0.01    0.00    2.00 v _224_/A (sky130_fd_sc_hd__buf_1)
                  0.22    0.21    2.21 v _224_/X (sky130_fd_sc_hd__buf_1)
     9    0.04                           _102_ (net)
                  0.22    0.00    2.21 v _415_/A (sky130_fd_sc_hd__buf_1)
                  0.29    0.34    2.55 v _415_/X (sky130_fd_sc_hd__buf_1)
    10    0.05                           _218_ (net)
                  0.29    0.00    2.55 v _416_/B (sky130_fd_sc_hd__nor2_2)
                  0.09    0.16    2.71 ^ _416_/Y (sky130_fd_sc_hd__nor2_2)
     1    0.00                           _016_ (net)
                  0.09    0.00    2.71 ^ _464_/RESET_B (sky130_fd_sc_hd__dfrtp_2)
                                  2.71   data arrival time

                  0.15    0.00    0.00   clock SCK (rise edge)
                          0.00    0.00   clock network delay (ideal)
                          0.25    0.25   clock uncertainty
                          0.00    0.25   clock reconvergence pessimism
                                  0.25 ^ _464_/CLK (sky130_fd_sc_hd__dfrtp_2)
                          0.36    0.61   library removal time
                                  0.61   data required time
-----------------------------------------------------------------------------
                                  0.61   data required time
                                 -2.71   data arrival time
-----------------------------------------------------------------------------
                                  2.09   slack (MET)


Startpoint: CSB (input port clocked by SCK)
Endpoint: _463_ (removal check against rising-edge clock SCK)
Path Group: asynchronous
Path Type: min

Fanout     Cap    Slew   Delay    Time   Description
-----------------------------------------------------------------------------
                  0.15    0.00    0.00   clock SCK (rise edge)
                          0.00    0.00   clock network delay (ideal)
                          2.00    2.00 v input external delay
                  0.01    0.00    2.00 v CSB (in)
     1    0.00                           CSB (net)
                  0.01    0.00    2.00 v _224_/A (sky130_fd_sc_hd__buf_1)
                  0.22    0.21    2.21 v _224_/X (sky130_fd_sc_hd__buf_1)
     9    0.04                           _102_ (net)
                  0.22    0.00    2.21 v _403_/A (sky130_fd_sc_hd__buf_1)
                  0.29    0.34    2.55 v _403_/X (sky130_fd_sc_hd__buf_1)
    10    0.05                           _216_ (net)
                  0.29    0.00    2.55 v _413_/B (sky130_fd_sc_hd__nor2_2)
                  0.09    0.15    2.71 ^ _413_/Y (sky130_fd_sc_hd__nor2_2)
     1    0.00                           _015_ (net)
                  0.09    0.00    2.71 ^ _463_/RESET_B (sky130_fd_sc_hd__dfrtp_2)
                                  2.71   data arrival time

                  0.15    0.00    0.00   clock SCK (rise edge)
                          0.00    0.00   clock network delay (ideal)
                          0.25    0.25   clock uncertainty
                          0.00    0.25   clock reconvergence pessimism
                                  0.25 ^ _463_/CLK (sky130_fd_sc_hd__dfrtp_2)
                          0.36    0.61   library removal time
                                  0.61   data required time
-----------------------------------------------------------------------------
                                  0.61   data required time
                                 -2.71   data arrival time
-----------------------------------------------------------------------------
                                  2.09   slack (MET)


Startpoint: CSB (input port clocked by SCK)
Endpoint: _456_ (removal check against rising-edge clock SCK)
Path Group: asynchronous
Path Type: min

Fanout     Cap    Slew   Delay    Time   Description
-----------------------------------------------------------------------------
                  0.15    0.00    0.00   clock SCK (rise edge)
                          0.00    0.00   clock network delay (ideal)
                          2.00    2.00 v input external delay
                  0.01    0.00    2.00 v CSB (in)
     1    0.00                           CSB (net)
                  0.01    0.00    2.00 v _224_/A (sky130_fd_sc_hd__buf_1)
                  0.22    0.21    2.21 v _224_/X (sky130_fd_sc_hd__buf_1)
     9    0.04                           _102_ (net)
                  0.22    0.00    2.21 v _403_/A (sky130_fd_sc_hd__buf_1)
                  0.29    0.34    2.55 v _403_/X (sky130_fd_sc_hd__buf_1)
    10    0.05                           _216_ (net)
                  0.29    0.00    2.55 v _406_/B (sky130_fd_sc_hd__nor2_2)
                  0.09    0.16    2.71 ^ _406_/Y (sky130_fd_sc_hd__nor2_2)
     1    0.00                           _008_ (net)
                  0.09    0.00    2.71 ^ _456_/RESET_B (sky130_fd_sc_hd__dfrtp_2)
                                  2.71   data arrival time

                  0.15    0.00    0.00   clock SCK (rise edge)
                          0.00    0.00   clock network delay (ideal)
                          0.25    0.25   clock uncertainty
                          0.00    0.25   clock reconvergence pessimism
                                  0.25 ^ _456_/CLK (sky130_fd_sc_hd__dfrtp_2)
                          0.36    0.61   library removal time
                                  0.61   data required time
-----------------------------------------------------------------------------
                                  0.61   data required time
                                 -2.71   data arrival time
-----------------------------------------------------------------------------
                                  2.09   slack (MET)


Startpoint: CSB (input port clocked by SCK)
Endpoint: _461_ (removal check against rising-edge clock SCK)
Path Group: asynchronous
Path Type: min

Fanout     Cap    Slew   Delay    Time   Description
-----------------------------------------------------------------------------
                  0.15    0.00    0.00   clock SCK (rise edge)
                          0.00    0.00   clock network delay (ideal)
                          2.00    2.00 v input external delay
                  0.01    0.00    2.00 v CSB (in)
     1    0.00                           CSB (net)
                  0.01    0.00    2.00 v _224_/A (sky130_fd_sc_hd__buf_1)
                  0.22    0.21    2.21 v _224_/X (sky130_fd_sc_hd__buf_1)
     9    0.04                           _102_ (net)
                  0.22    0.00    2.21 v _403_/A (sky130_fd_sc_hd__buf_1)
                  0.29    0.34    2.55 v _403_/X (sky130_fd_sc_hd__buf_1)
    10    0.05                           _216_ (net)
                  0.29    0.00    2.55 v _411_/B (sky130_fd_sc_hd__nor2_2)
                  0.09    0.15    2.71 ^ _411_/Y (sky130_fd_sc_hd__nor2_2)
     1    0.00                           _013_ (net)
                  0.09    0.00    2.71 ^ _461_/RESET_B (sky130_fd_sc_hd__dfrtp_2)
                                  2.71   data arrival time

                  0.15    0.00    0.00   clock SCK (rise edge)
                          0.00    0.00   clock network delay (ideal)
                          0.25    0.25   clock uncertainty
                          0.00    0.25   clock reconvergence pessimism
                                  0.25 ^ _461_/CLK (sky130_fd_sc_hd__dfrtp_2)
                          0.36    0.61   library removal time
                                  0.61   data required time
-----------------------------------------------------------------------------
                                  0.61   data required time
                                 -2.71   data arrival time
-----------------------------------------------------------------------------
                                  2.09   slack (MET)


Startpoint: CSB (input port clocked by SCK)
Endpoint: _465_ (removal check against rising-edge clock SCK)
Path Group: asynchronous
Path Type: min

Fanout     Cap    Slew   Delay    Time   Description
-----------------------------------------------------------------------------
                  0.15    0.00    0.00   clock SCK (rise edge)
                          0.00    0.00   clock network delay (ideal)
                          2.00    2.00 v input external delay
                  0.01    0.00    2.00 v CSB (in)
     1    0.00                           CSB (net)
                  0.01    0.00    2.00 v _224_/A (sky130_fd_sc_hd__buf_1)
                  0.22    0.21    2.21 v _224_/X (sky130_fd_sc_hd__buf_1)
     9    0.04                           _102_ (net)
                  0.22    0.00    2.21 v _415_/A (sky130_fd_sc_hd__buf_1)
                  0.29    0.34    2.55 v _415_/X (sky130_fd_sc_hd__buf_1)
    10    0.05                           _218_ (net)
                  0.29    0.00    2.55 v _417_/B (sky130_fd_sc_hd__nor2_2)
                  0.10    0.16    2.71 ^ _417_/Y (sky130_fd_sc_hd__nor2_2)
     1    0.00                           _017_ (net)
                  0.10    0.00    2.71 ^ _465_/RESET_B (sky130_fd_sc_hd__dfrtp_2)
                                  2.71   data arrival time

                  0.15    0.00    0.00   clock SCK (rise edge)
                          0.00    0.00   clock network delay (ideal)
                          0.25    0.25   clock uncertainty
                          0.00    0.25   clock reconvergence pessimism
                                  0.25 ^ _465_/CLK (sky130_fd_sc_hd__dfrtp_2)
                          0.36    0.61   library removal time
                                  0.61   data required time
-----------------------------------------------------------------------------
                                  0.61   data required time
                                 -2.71   data arrival time
-----------------------------------------------------------------------------
                                  2.09   slack (MET)


Startpoint: CSB (input port clocked by SCK)
Endpoint: _460_ (removal check against rising-edge clock SCK)
Path Group: asynchronous
Path Type: min

Fanout     Cap    Slew   Delay    Time   Description
-----------------------------------------------------------------------------
                  0.15    0.00    0.00   clock SCK (rise edge)
                          0.00    0.00   clock network delay (ideal)
                          2.00    2.00 v input external delay
                  0.01    0.00    2.00 v CSB (in)
     1    0.00                           CSB (net)
                  0.01    0.00    2.00 v _224_/A (sky130_fd_sc_hd__buf_1)
                  0.22    0.21    2.21 v _224_/X (sky130_fd_sc_hd__buf_1)
     9    0.04                           _102_ (net)
                  0.22    0.00    2.21 v _403_/A (sky130_fd_sc_hd__buf_1)
                  0.29    0.34    2.55 v _403_/X (sky130_fd_sc_hd__buf_1)
    10    0.05                           _216_ (net)
                  0.29    0.00    2.55 v _410_/B (sky130_fd_sc_hd__nor2_2)
                  0.09    0.15    2.71 ^ _410_/Y (sky130_fd_sc_hd__nor2_2)
     1    0.00                           _012_ (net)
                  0.09    0.00    2.71 ^ _460_/RESET_B (sky130_fd_sc_hd__dfrtp_2)
                                  2.71   data arrival time

                  0.15    0.00    0.00   clock SCK (rise edge)
                          0.00    0.00   clock network delay (ideal)
                          0.25    0.25   clock uncertainty
                          0.00    0.25   clock reconvergence pessimism
                                  0.25 ^ _460_/CLK (sky130_fd_sc_hd__dfrtp_2)
                          0.36    0.61   library removal time
                                  0.61   data required time
-----------------------------------------------------------------------------
                                  0.61   data required time
                                 -2.71   data arrival time
-----------------------------------------------------------------------------
                                  2.09   slack (MET)


Startpoint: CSB (input port clocked by SCK)
Endpoint: _462_ (removal check against rising-edge clock SCK)
Path Group: asynchronous
Path Type: min

Fanout     Cap    Slew   Delay    Time   Description
-----------------------------------------------------------------------------
                  0.15    0.00    0.00   clock SCK (rise edge)
                          0.00    0.00   clock network delay (ideal)
                          2.00    2.00 v input external delay
                  0.01    0.00    2.00 v CSB (in)
     1    0.00                           CSB (net)
                  0.01    0.00    2.00 v _224_/A (sky130_fd_sc_hd__buf_1)
                  0.22    0.21    2.21 v _224_/X (sky130_fd_sc_hd__buf_1)
     9    0.04                           _102_ (net)
                  0.22    0.00    2.21 v _403_/A (sky130_fd_sc_hd__buf_1)
                  0.29    0.34    2.55 v _403_/X (sky130_fd_sc_hd__buf_1)
    10    0.05                           _216_ (net)
                  0.29    0.00    2.55 v _412_/B (sky130_fd_sc_hd__nor2_2)
                  0.09    0.15    2.71 ^ _412_/Y (sky130_fd_sc_hd__nor2_2)
     1    0.00                           _014_ (net)
                  0.09    0.00    2.71 ^ _462_/RESET_B (sky130_fd_sc_hd__dfrtp_2)
                                  2.71   data arrival time

                  0.15    0.00    0.00   clock SCK (rise edge)
                          0.00    0.00   clock network delay (ideal)
                          0.25    0.25   clock uncertainty
                          0.00    0.25   clock reconvergence pessimism
                                  0.25 ^ _462_/CLK (sky130_fd_sc_hd__dfrtp_2)
                          0.36    0.61   library removal time
                                  0.61   data required time
-----------------------------------------------------------------------------
                                  0.61   data required time
                                 -2.71   data arrival time
-----------------------------------------------------------------------------
                                  2.09   slack (MET)


Startpoint: CSB (input port clocked by SCK)
Endpoint: _458_ (removal check against rising-edge clock SCK)
Path Group: asynchronous
Path Type: min

Fanout     Cap    Slew   Delay    Time   Description
-----------------------------------------------------------------------------
                  0.15    0.00    0.00   clock SCK (rise edge)
                          0.00    0.00   clock network delay (ideal)
                          2.00    2.00 v input external delay
                  0.01    0.00    2.00 v CSB (in)
     1    0.00                           CSB (net)
                  0.01    0.00    2.00 v _224_/A (sky130_fd_sc_hd__buf_1)
                  0.22    0.21    2.21 v _224_/X (sky130_fd_sc_hd__buf_1)
     9    0.04                           _102_ (net)
                  0.22    0.00    2.21 v _403_/A (sky130_fd_sc_hd__buf_1)
                  0.29    0.34    2.55 v _403_/X (sky130_fd_sc_hd__buf_1)
    10    0.05                           _216_ (net)
                  0.29    0.00    2.55 v _408_/B (sky130_fd_sc_hd__nor2_2)
                  0.09    0.16    2.71 ^ _408_/Y (sky130_fd_sc_hd__nor2_2)
     1    0.00                           _010_ (net)
                  0.09    0.00    2.71 ^ _458_/RESET_B (sky130_fd_sc_hd__dfrtp_2)
                                  2.71   data arrival time

                  0.15    0.00    0.00   clock SCK (rise edge)
                          0.00    0.00   clock network delay (ideal)
                          0.25    0.25   clock uncertainty
                          0.00    0.25   clock reconvergence pessimism
                                  0.25 ^ _458_/CLK (sky130_fd_sc_hd__dfrtp_2)
                          0.36    0.61   library removal time
                                  0.61   data required time
-----------------------------------------------------------------------------
                                  0.61   data required time
                                 -2.71   data arrival time
-----------------------------------------------------------------------------
                                  2.09   slack (MET)


Startpoint: CSB (input port clocked by SCK)
Endpoint: _455_ (removal check against rising-edge clock SCK)
Path Group: asynchronous
Path Type: min

Fanout     Cap    Slew   Delay    Time   Description
-----------------------------------------------------------------------------
                  0.15    0.00    0.00   clock SCK (rise edge)
                          0.00    0.00   clock network delay (ideal)
                          2.00    2.00 v input external delay
                  0.01    0.00    2.00 v CSB (in)
     1    0.00                           CSB (net)
                  0.01    0.00    2.00 v _224_/A (sky130_fd_sc_hd__buf_1)
                  0.22    0.21    2.21 v _224_/X (sky130_fd_sc_hd__buf_1)
     9    0.04                           _102_ (net)
                  0.22    0.00    2.21 v _403_/A (sky130_fd_sc_hd__buf_1)
                  0.29    0.34    2.55 v _403_/X (sky130_fd_sc_hd__buf_1)
    10    0.05                           _216_ (net)
                  0.29    0.00    2.55 v _405_/B (sky130_fd_sc_hd__nor2_2)
                  0.09    0.16    2.71 ^ _405_/Y (sky130_fd_sc_hd__nor2_2)
     1    0.00                           _007_ (net)
                  0.09    0.00    2.71 ^ _455_/RESET_B (sky130_fd_sc_hd__dfrtp_2)
                                  2.71   data arrival time

                  0.15    0.00    0.00   clock SCK (rise edge)
                          0.00    0.00   clock network delay (ideal)
                          0.25    0.25   clock uncertainty
                          0.00    0.25   clock reconvergence pessimism
                                  0.25 ^ _455_/CLK (sky130_fd_sc_hd__dfrtp_2)
                          0.36    0.61   library removal time
                                  0.61   data required time
-----------------------------------------------------------------------------
                                  0.61   data required time
                                 -2.71   data arrival time
-----------------------------------------------------------------------------
                                  2.09   slack (MET)


Startpoint: CSB (input port clocked by SCK)
Endpoint: _457_ (removal check against rising-edge clock SCK)
Path Group: asynchronous
Path Type: min

Fanout     Cap    Slew   Delay    Time   Description
-----------------------------------------------------------------------------
                  0.15    0.00    0.00   clock SCK (rise edge)
                          0.00    0.00   clock network delay (ideal)
                          2.00    2.00 v input external delay
                  0.01    0.00    2.00 v CSB (in)
     1    0.00                           CSB (net)
                  0.01    0.00    2.00 v _224_/A (sky130_fd_sc_hd__buf_1)
                  0.22    0.21    2.21 v _224_/X (sky130_fd_sc_hd__buf_1)
     9    0.04                           _102_ (net)
                  0.22    0.00    2.21 v _403_/A (sky130_fd_sc_hd__buf_1)
                  0.29    0.34    2.55 v _403_/X (sky130_fd_sc_hd__buf_1)
    10    0.05                           _216_ (net)
                  0.29    0.00    2.55 v _407_/B (sky130_fd_sc_hd__nor2_2)
                  0.09    0.16    2.71 ^ _407_/Y (sky130_fd_sc_hd__nor2_2)
     1    0.00                           _009_ (net)
                  0.09    0.00    2.71 ^ _457_/RESET_B (sky130_fd_sc_hd__dfrtp_2)
                                  2.71   data arrival time

                  0.15    0.00    0.00   clock SCK (rise edge)
                          0.00    0.00   clock network delay (ideal)
                          0.25    0.25   clock uncertainty
                          0.00    0.25   clock reconvergence pessimism
                                  0.25 ^ _457_/CLK (sky130_fd_sc_hd__dfrtp_2)
                          0.36    0.61   library removal time
                                  0.61   data required time
-----------------------------------------------------------------------------
                                  0.61   data required time
                                 -2.71   data arrival time
-----------------------------------------------------------------------------
                                  2.09   slack (MET)


Startpoint: CSB (input port clocked by SCK)
Endpoint: _454_ (removal check against rising-edge clock SCK)
Path Group: asynchronous
Path Type: min

Fanout     Cap    Slew   Delay    Time   Description
-----------------------------------------------------------------------------
                  0.15    0.00    0.00   clock SCK (rise edge)
                          0.00    0.00   clock network delay (ideal)
                          2.00    2.00 v input external delay
                  0.01    0.00    2.00 v CSB (in)
     1    0.00                           CSB (net)
                  0.01    0.00    2.00 v _224_/A (sky130_fd_sc_hd__buf_1)
                  0.22    0.21    2.21 v _224_/X (sky130_fd_sc_hd__buf_1)
     9    0.04                           _102_ (net)
                  0.22    0.00    2.21 v _403_/A (sky130_fd_sc_hd__buf_1)
                  0.29    0.34    2.55 v _403_/X (sky130_fd_sc_hd__buf_1)
    10    0.05                           _216_ (net)
                  0.29    0.00    2.55 v _404_/B (sky130_fd_sc_hd__nor2_2)
                  0.09    0.16    2.71 ^ _404_/Y (sky130_fd_sc_hd__nor2_2)
     1    0.00                           _006_ (net)
                  0.09    0.00    2.71 ^ _454_/RESET_B (sky130_fd_sc_hd__dfrtp_2)
                                  2.71   data arrival time

                  0.15    0.00    0.00   clock SCK (rise edge)
                          0.00    0.00   clock network delay (ideal)
                          0.25    0.25   clock uncertainty
                          0.00    0.25   clock reconvergence pessimism
                                  0.25 ^ _454_/CLK (sky130_fd_sc_hd__dfrtp_2)
                          0.36    0.61   library removal time
                                  0.61   data required time
-----------------------------------------------------------------------------
                                  0.61   data required time
                                 -2.71   data arrival time
-----------------------------------------------------------------------------
                                  2.09   slack (MET)


Startpoint: CSB (input port clocked by SCK)
Endpoint: _474_ (removal check against rising-edge clock SCK)
Path Group: asynchronous
Path Type: min

Fanout     Cap    Slew   Delay    Time   Description
-----------------------------------------------------------------------------
                  0.15    0.00    0.00   clock SCK (rise edge)
                          0.00    0.00   clock network delay (ideal)
                          2.00    2.00 v input external delay
                  0.01    0.00    2.00 v CSB (in)
     1    0.00                           CSB (net)
                  0.01    0.00    2.00 v _224_/A (sky130_fd_sc_hd__buf_1)
                  0.22    0.21    2.21 v _224_/X (sky130_fd_sc_hd__buf_1)
     9    0.04                           _102_ (net)
                  0.22    0.00    2.21 v _427_/A (sky130_fd_sc_hd__buf_1)
                  0.30    0.34    2.55 v _427_/X (sky130_fd_sc_hd__buf_1)
    10    0.05                           _220_ (net)
                  0.30    0.00    2.55 v _428_/B (sky130_fd_sc_hd__nor2_2)
                  0.09    0.16    2.71 ^ _428_/Y (sky130_fd_sc_hd__nor2_2)
     1    0.00                           _026_ (net)
                  0.09    0.00    2.71 ^ _474_/RESET_B (sky130_fd_sc_hd__dfrtp_2)
                                  2.71   data arrival time

                  0.15    0.00    0.00   clock SCK (rise edge)
                          0.00    0.00   clock network delay (ideal)
                          0.25    0.25   clock uncertainty
                          0.00    0.25   clock reconvergence pessimism
                                  0.25 ^ _474_/CLK (sky130_fd_sc_hd__dfrtp_2)
                          0.36    0.61   library removal time
                                  0.61   data required time
-----------------------------------------------------------------------------
                                  0.61   data required time
                                 -2.71   data arrival time
-----------------------------------------------------------------------------
                                  2.10   slack (MET)


Startpoint: CSB (input port clocked by SCK)
Endpoint: _482_ (removal check against rising-edge clock SCK)
Path Group: asynchronous
Path Type: min

Fanout     Cap    Slew   Delay    Time   Description
-----------------------------------------------------------------------------
                  0.15    0.00    0.00   clock SCK (rise edge)
                          0.00    0.00   clock network delay (ideal)
                          2.00    2.00 v input external delay
                  0.01    0.00    2.00 v CSB (in)
     1    0.00                           CSB (net)
                  0.01    0.00    2.00 v _224_/A (sky130_fd_sc_hd__buf_1)
                  0.22    0.21    2.21 v _224_/X (sky130_fd_sc_hd__buf_1)
     9    0.04                           _102_ (net)
                  0.22    0.00    2.21 v _427_/A (sky130_fd_sc_hd__buf_1)
                  0.30    0.34    2.55 v _427_/X (sky130_fd_sc_hd__buf_1)
    10    0.05                           _220_ (net)
                  0.30    0.00    2.55 v _436_/B (sky130_fd_sc_hd__nor2_2)
                  0.09    0.16    2.71 ^ _436_/Y (sky130_fd_sc_hd__nor2_2)
     1    0.00                           _034_ (net)
                  0.09    0.00    2.71 ^ _482_/RESET_B (sky130_fd_sc_hd__dfrtp_2)
                                  2.71   data arrival time

                  0.15    0.00    0.00   clock SCK (rise edge)
                          0.00    0.00   clock network delay (ideal)
                          0.25    0.25   clock uncertainty
                          0.00    0.25   clock reconvergence pessimism
                                  0.25 ^ _482_/CLK (sky130_fd_sc_hd__dfrtp_2)
                          0.36    0.61   library removal time
                                  0.61   data required time
-----------------------------------------------------------------------------
                                  0.61   data required time
                                 -2.71   data arrival time
-----------------------------------------------------------------------------
                                  2.10   slack (MET)


Startpoint: CSB (input port clocked by SCK)
Endpoint: _479_ (removal check against rising-edge clock SCK)
Path Group: asynchronous
Path Type: min

Fanout     Cap    Slew   Delay    Time   Description
-----------------------------------------------------------------------------
                  0.15    0.00    0.00   clock SCK (rise edge)
                          0.00    0.00   clock network delay (ideal)
                          2.00    2.00 v input external delay
                  0.01    0.00    2.00 v CSB (in)
     1    0.00                           CSB (net)
                  0.01    0.00    2.00 v _224_/A (sky130_fd_sc_hd__buf_1)
                  0.22    0.21    2.21 v _224_/X (sky130_fd_sc_hd__buf_1)
     9    0.04                           _102_ (net)
                  0.22    0.00    2.21 v _427_/A (sky130_fd_sc_hd__buf_1)
                  0.30    0.34    2.55 v _427_/X (sky130_fd_sc_hd__buf_1)
    10    0.05                           _220_ (net)
                  0.30    0.00    2.55 v _433_/B (sky130_fd_sc_hd__nor2_2)
                  0.09    0.16    2.71 ^ _433_/Y (sky130_fd_sc_hd__nor2_2)
     1    0.00                           _031_ (net)
                  0.09    0.00    2.71 ^ _479_/RESET_B (sky130_fd_sc_hd__dfrtp_2)
                                  2.71   data arrival time

                  0.15    0.00    0.00   clock SCK (rise edge)
                          0.00    0.00   clock network delay (ideal)
                          0.25    0.25   clock uncertainty
                          0.00    0.25   clock reconvergence pessimism
                                  0.25 ^ _479_/CLK (sky130_fd_sc_hd__dfrtp_2)
                          0.36    0.61   library removal time
                                  0.61   data required time
-----------------------------------------------------------------------------
                                  0.61   data required time
                                 -2.71   data arrival time
-----------------------------------------------------------------------------
                                  2.10   slack (MET)


Startpoint: CSB (input port clocked by SCK)
Endpoint: _475_ (removal check against rising-edge clock SCK)
Path Group: asynchronous
Path Type: min

Fanout     Cap    Slew   Delay    Time   Description
-----------------------------------------------------------------------------
                  0.15    0.00    0.00   clock SCK (rise edge)
                          0.00    0.00   clock network delay (ideal)
                          2.00    2.00 v input external delay
                  0.01    0.00    2.00 v CSB (in)
     1    0.00                           CSB (net)
                  0.01    0.00    2.00 v _224_/A (sky130_fd_sc_hd__buf_1)
                  0.22    0.21    2.21 v _224_/X (sky130_fd_sc_hd__buf_1)
     9    0.04                           _102_ (net)
                  0.22    0.00    2.21 v _427_/A (sky130_fd_sc_hd__buf_1)
                  0.30    0.34    2.55 v _427_/X (sky130_fd_sc_hd__buf_1)
    10    0.05                           _220_ (net)
                  0.30    0.00    2.55 v _429_/B (sky130_fd_sc_hd__nor2_2)
                  0.09    0.16    2.71 ^ _429_/Y (sky130_fd_sc_hd__nor2_2)
     1    0.00                           _027_ (net)
                  0.09    0.00    2.71 ^ _475_/RESET_B (sky130_fd_sc_hd__dfrtp_2)
                                  2.71   data arrival time

                  0.15    0.00    0.00   clock SCK (rise edge)
                          0.00    0.00   clock network delay (ideal)
                          0.25    0.25   clock uncertainty
                          0.00    0.25   clock reconvergence pessimism
                                  0.25 ^ _475_/CLK (sky130_fd_sc_hd__dfrtp_2)
                          0.36    0.61   library removal time
                                  0.61   data required time
-----------------------------------------------------------------------------
                                  0.61   data required time
                                 -2.71   data arrival time
-----------------------------------------------------------------------------
                                  2.10   slack (MET)


Startpoint: CSB (input port clocked by SCK)
Endpoint: _480_ (removal check against rising-edge clock SCK)
Path Group: asynchronous
Path Type: min

Fanout     Cap    Slew   Delay    Time   Description
-----------------------------------------------------------------------------
                  0.15    0.00    0.00   clock SCK (rise edge)
                          0.00    0.00   clock network delay (ideal)
                          2.00    2.00 v input external delay
                  0.01    0.00    2.00 v CSB (in)
     1    0.00                           CSB (net)
                  0.01    0.00    2.00 v _224_/A (sky130_fd_sc_hd__buf_1)
                  0.22    0.21    2.21 v _224_/X (sky130_fd_sc_hd__buf_1)
     9    0.04                           _102_ (net)
                  0.22    0.00    2.21 v _427_/A (sky130_fd_sc_hd__buf_1)
                  0.30    0.34    2.55 v _427_/X (sky130_fd_sc_hd__buf_1)
    10    0.05                           _220_ (net)
                  0.30    0.00    2.55 v _434_/B (sky130_fd_sc_hd__nor2_2)
                  0.10    0.16    2.71 ^ _434_/Y (sky130_fd_sc_hd__nor2_2)
     1    0.00                           _032_ (net)
                  0.10    0.00    2.71 ^ _480_/RESET_B (sky130_fd_sc_hd__dfrtp_2)
                                  2.71   data arrival time

                  0.15    0.00    0.00   clock SCK (rise edge)
                          0.00    0.00   clock network delay (ideal)
                          0.25    0.25   clock uncertainty
                          0.00    0.25   clock reconvergence pessimism
                                  0.25 ^ _480_/CLK (sky130_fd_sc_hd__dfrtp_2)
                          0.36    0.61   library removal time
                                  0.61   data required time
-----------------------------------------------------------------------------
                                  0.61   data required time
                                 -2.71   data arrival time
-----------------------------------------------------------------------------
                                  2.10   slack (MET)


Startpoint: CSB (input port clocked by SCK)
Endpoint: _476_ (removal check against rising-edge clock SCK)
Path Group: asynchronous
Path Type: min

Fanout     Cap    Slew   Delay    Time   Description
-----------------------------------------------------------------------------
                  0.15    0.00    0.00   clock SCK (rise edge)
                          0.00    0.00   clock network delay (ideal)
                          2.00    2.00 v input external delay
                  0.01    0.00    2.00 v CSB (in)
     1    0.00                           CSB (net)
                  0.01    0.00    2.00 v _224_/A (sky130_fd_sc_hd__buf_1)
                  0.22    0.21    2.21 v _224_/X (sky130_fd_sc_hd__buf_1)
     9    0.04                           _102_ (net)
                  0.22    0.00    2.21 v _427_/A (sky130_fd_sc_hd__buf_1)
                  0.30    0.34    2.55 v _427_/X (sky130_fd_sc_hd__buf_1)
    10    0.05                           _220_ (net)
                  0.30    0.00    2.55 v _430_/B (sky130_fd_sc_hd__nor2_2)
                  0.09    0.16    2.71 ^ _430_/Y (sky130_fd_sc_hd__nor2_2)
     1    0.00                           _028_ (net)
                  0.09    0.00    2.71 ^ _476_/RESET_B (sky130_fd_sc_hd__dfrtp_2)
                                  2.71   data arrival time

                  0.15    0.00    0.00   clock SCK (rise edge)
                          0.00    0.00   clock network delay (ideal)
                          0.25    0.25   clock uncertainty
                          0.00    0.25   clock reconvergence pessimism
                                  0.25 ^ _476_/CLK (sky130_fd_sc_hd__dfrtp_2)
                          0.36    0.61   library removal time
                                  0.61   data required time
-----------------------------------------------------------------------------
                                  0.61   data required time
                                 -2.71   data arrival time
-----------------------------------------------------------------------------
                                  2.10   slack (MET)


Startpoint: CSB (input port clocked by SCK)
Endpoint: _478_ (removal check against rising-edge clock SCK)
Path Group: asynchronous
Path Type: min

Fanout     Cap    Slew   Delay    Time   Description
-----------------------------------------------------------------------------
                  0.15    0.00    0.00   clock SCK (rise edge)
                          0.00    0.00   clock network delay (ideal)
                          2.00    2.00 v input external delay
                  0.01    0.00    2.00 v CSB (in)
     1    0.00                           CSB (net)
                  0.01    0.00    2.00 v _224_/A (sky130_fd_sc_hd__buf_1)
                  0.22    0.21    2.21 v _224_/X (sky130_fd_sc_hd__buf_1)
     9    0.04                           _102_ (net)
                  0.22    0.00    2.21 v _427_/A (sky130_fd_sc_hd__buf_1)
                  0.30    0.34    2.55 v _427_/X (sky130_fd_sc_hd__buf_1)
    10    0.05                           _220_ (net)
                  0.30    0.00    2.55 v _432_/B (sky130_fd_sc_hd__nor2_2)
                  0.09    0.16    2.71 ^ _432_/Y (sky130_fd_sc_hd__nor2_2)
     1    0.00                           _030_ (net)
                  0.09    0.00    2.71 ^ _478_/RESET_B (sky130_fd_sc_hd__dfrtp_2)
                                  2.71   data arrival time

                  0.15    0.00    0.00   clock SCK (rise edge)
                          0.00    0.00   clock network delay (ideal)
                          0.25    0.25   clock uncertainty
                          0.00    0.25   clock reconvergence pessimism
                                  0.25 ^ _478_/CLK (sky130_fd_sc_hd__dfrtp_2)
                          0.36    0.61   library removal time
                                  0.61   data required time
-----------------------------------------------------------------------------
                                  0.61   data required time
                                 -2.71   data arrival time
-----------------------------------------------------------------------------
                                  2.10   slack (MET)


Startpoint: CSB (input port clocked by SCK)
Endpoint: _477_ (removal check against rising-edge clock SCK)
Path Group: asynchronous
Path Type: min

Fanout     Cap    Slew   Delay    Time   Description
-----------------------------------------------------------------------------
                  0.15    0.00    0.00   clock SCK (rise edge)
                          0.00    0.00   clock network delay (ideal)
                          2.00    2.00 v input external delay
                  0.01    0.00    2.00 v CSB (in)
     1    0.00                           CSB (net)
                  0.01    0.00    2.00 v _224_/A (sky130_fd_sc_hd__buf_1)
                  0.22    0.21    2.21 v _224_/X (sky130_fd_sc_hd__buf_1)
     9    0.04                           _102_ (net)
                  0.22    0.00    2.21 v _427_/A (sky130_fd_sc_hd__buf_1)
                  0.30    0.34    2.55 v _427_/X (sky130_fd_sc_hd__buf_1)
    10    0.05                           _220_ (net)
                  0.30    0.00    2.55 v _431_/B (sky130_fd_sc_hd__nor2_2)
                  0.09    0.16    2.71 ^ _431_/Y (sky130_fd_sc_hd__nor2_2)
     1    0.00                           _029_ (net)
                  0.09    0.00    2.71 ^ _477_/RESET_B (sky130_fd_sc_hd__dfrtp_2)
                                  2.71   data arrival time

                  0.15    0.00    0.00   clock SCK (rise edge)
                          0.00    0.00   clock network delay (ideal)
                          0.25    0.25   clock uncertainty
                          0.00    0.25   clock reconvergence pessimism
                                  0.25 ^ _477_/CLK (sky130_fd_sc_hd__dfrtp_2)
                          0.36    0.61   library removal time
                                  0.61   data required time
-----------------------------------------------------------------------------
                                  0.61   data required time
                                 -2.71   data arrival time
-----------------------------------------------------------------------------
                                  2.10   slack (MET)


Startpoint: CSB (input port clocked by SCK)
Endpoint: _459_ (removal check against rising-edge clock SCK)
Path Group: asynchronous
Path Type: min

Fanout     Cap    Slew   Delay    Time   Description
-----------------------------------------------------------------------------
                  0.15    0.00    0.00   clock SCK (rise edge)
                          0.00    0.00   clock network delay (ideal)
                          2.00    2.00 v input external delay
                  0.01    0.00    2.00 v CSB (in)
     1    0.00                           CSB (net)
                  0.01    0.00    2.00 v _224_/A (sky130_fd_sc_hd__buf_1)
                  0.22    0.21    2.21 v _224_/X (sky130_fd_sc_hd__buf_1)
     9    0.04                           _102_ (net)
                  0.22    0.00    2.21 v _403_/A (sky130_fd_sc_hd__buf_1)
                  0.29    0.34    2.55 v _403_/X (sky130_fd_sc_hd__buf_1)
    10    0.05                           _216_ (net)
                  0.29    0.00    2.55 v _409_/B (sky130_fd_sc_hd__nor2_2)
                  0.10    0.16    2.71 ^ _409_/Y (sky130_fd_sc_hd__nor2_2)
     1    0.00                           _011_ (net)
                  0.10    0.00    2.71 ^ _459_/RESET_B (sky130_fd_sc_hd__dfrtp_2)
                                  2.71   data arrival time

                  0.15    0.00    0.00   clock SCK (rise edge)
                          0.00    0.00   clock network delay (ideal)
                          0.25    0.25   clock uncertainty
                          0.00    0.25   clock reconvergence pessimism
                                  0.25 ^ _459_/CLK (sky130_fd_sc_hd__dfrtp_2)
                          0.36    0.61   library removal time
                                  0.61   data required time
-----------------------------------------------------------------------------
                                  0.61   data required time
                                 -2.71   data arrival time
-----------------------------------------------------------------------------
                                  2.10   slack (MET)


Startpoint: CSB (input port clocked by SCK)
Endpoint: _481_ (removal check against rising-edge clock SCK)
Path Group: asynchronous
Path Type: min

Fanout     Cap    Slew   Delay    Time   Description
-----------------------------------------------------------------------------
                  0.15    0.00    0.00   clock SCK (rise edge)
                          0.00    0.00   clock network delay (ideal)
                          2.00    2.00 v input external delay
                  0.01    0.00    2.00 v CSB (in)
     1    0.00                           CSB (net)
                  0.01    0.00    2.00 v _224_/A (sky130_fd_sc_hd__buf_1)
                  0.22    0.21    2.21 v _224_/X (sky130_fd_sc_hd__buf_1)
     9    0.04                           _102_ (net)
                  0.22    0.00    2.21 v _427_/A (sky130_fd_sc_hd__buf_1)
                  0.30    0.34    2.55 v _427_/X (sky130_fd_sc_hd__buf_1)
    10    0.05                           _220_ (net)
                  0.30    0.00    2.55 v _435_/B (sky130_fd_sc_hd__nor2_2)
                  0.10    0.16    2.71 ^ _435_/Y (sky130_fd_sc_hd__nor2_2)
     1    0.00                           _033_ (net)
                  0.10    0.00    2.71 ^ _481_/RESET_B (sky130_fd_sc_hd__dfrtp_2)
                                  2.71   data arrival time

                  0.15    0.00    0.00   clock SCK (rise edge)
                          0.00    0.00   clock network delay (ideal)
                          0.25    0.25   clock uncertainty
                          0.00    0.25   clock reconvergence pessimism
                                  0.25 ^ _481_/CLK (sky130_fd_sc_hd__dfrtp_2)
                          0.36    0.61   library removal time
                                  0.61   data required time
-----------------------------------------------------------------------------
                                  0.61   data required time
                                 -2.71   data arrival time
-----------------------------------------------------------------------------
                                  2.10   slack (MET)


Startpoint: CSB (input port clocked by SCK)
Endpoint: _484_ (removal check against rising-edge clock SCK)
Path Group: asynchronous
Path Type: min

Fanout     Cap    Slew   Delay    Time   Description
-----------------------------------------------------------------------------
                  0.15    0.00    0.00   clock SCK (rise edge)
                          0.00    0.00   clock network delay (ideal)
                          2.00    2.00 v input external delay
                  0.01    0.00    2.00 v CSB (in)
     1    0.00                           CSB (net)
                  0.01    0.00    2.00 v _224_/A (sky130_fd_sc_hd__buf_1)
                  0.22    0.21    2.21 v _224_/X (sky130_fd_sc_hd__buf_1)
     9    0.04                           _102_ (net)
                  0.22    0.00    2.21 v _427_/A (sky130_fd_sc_hd__buf_1)
                  0.30    0.34    2.55 v _427_/X (sky130_fd_sc_hd__buf_1)
    10    0.05                           _220_ (net)
                  0.30    0.00    2.55 v _439_/B (sky130_fd_sc_hd__nor2_2)
                  0.10    0.16    2.72 ^ _439_/Y (sky130_fd_sc_hd__nor2_2)
     1    0.00                           _037_ (net)
                  0.10    0.00    2.72 ^ _484_/RESET_B (sky130_fd_sc_hd__dfrtp_2)
                                  2.72   data arrival time

                  0.15    0.00    0.00   clock SCK (rise edge)
                          0.00    0.00   clock network delay (ideal)
                          0.25    0.25   clock uncertainty
                          0.00    0.25   clock reconvergence pessimism
                                  0.25 ^ _484_/CLK (sky130_fd_sc_hd__dfrtp_2)
                          0.36    0.61   library removal time
                                  0.61   data required time
-----------------------------------------------------------------------------
                                  0.61   data required time
                                 -2.72   data arrival time
-----------------------------------------------------------------------------
                                  2.10   slack (MET)


Startpoint: _481_ (rising edge-triggered flip-flop clocked by SCK)
Endpoint: odata[7] (output port clocked by SCK)
Path Group: SCK
Path Type: min

Fanout     Cap    Slew   Delay    Time   Description
-----------------------------------------------------------------------------
                  0.15    0.00    0.00   clock SCK (rise edge)
                          0.00    0.00   clock network delay (ideal)
                  0.15    0.00    0.00 ^ _481_/CLK (sky130_fd_sc_hd__dfrtp_2)
                  0.18    0.47    0.47 ^ _481_/Q (sky130_fd_sc_hd__dfrtp_2)
     2    0.04                           odata[7] (net)
                  0.18    0.00    0.47 ^ odata[7] (out)
                                  0.47   data arrival time

                  0.15    0.00    0.00   clock SCK (rise edge)
                          0.00    0.00   clock network delay (ideal)
                          0.25    0.25   clock uncertainty
                          0.00    0.25   clock reconvergence pessimism
                         -2.00   -1.75   output external delay
                                 -1.75   data required time
-----------------------------------------------------------------------------
                                 -1.75   data required time
                                 -0.47   data arrival time
-----------------------------------------------------------------------------
                                  2.22   slack (MET)


Startpoint: _478_ (rising edge-triggered flip-flop clocked by SCK)
Endpoint: odata[4] (output port clocked by SCK)
Path Group: SCK
Path Type: min

Fanout     Cap    Slew   Delay    Time   Description
-----------------------------------------------------------------------------
                  0.15    0.00    0.00   clock SCK (rise edge)
                          0.00    0.00   clock network delay (ideal)
                  0.15    0.00    0.00 ^ _478_/CLK (sky130_fd_sc_hd__dfrtp_2)
                  0.19    0.48    0.48 ^ _478_/Q (sky130_fd_sc_hd__dfrtp_2)
     3    0.04                           odata[4] (net)
                  0.19    0.00    0.48 ^ odata[4] (out)
                                  0.48   data arrival time

                  0.15    0.00    0.00   clock SCK (rise edge)
                          0.00    0.00   clock network delay (ideal)
                          0.25    0.25   clock uncertainty
                          0.00    0.25   clock reconvergence pessimism
                         -2.00   -1.75   output external delay
                                 -1.75   data required time
-----------------------------------------------------------------------------
                                 -1.75   data required time
                                 -0.48   data arrival time
-----------------------------------------------------------------------------
                                  2.23   slack (MET)


Startpoint: _458_ (rising edge-triggered flip-flop clocked by SCK)
Endpoint: pass_thru_user_delay (output port clocked by SCK)
Path Group: SCK
Path Type: min

Fanout     Cap    Slew   Delay    Time   Description
-----------------------------------------------------------------------------
                  0.15    0.00    0.00   clock SCK (rise edge)
                          0.00    0.00   clock network delay (ideal)
                  0.15    0.00    0.00 ^ _458_/CLK (sky130_fd_sc_hd__dfrtp_2)
                  0.19    0.48    0.48 ^ _458_/Q (sky130_fd_sc_hd__dfrtp_2)
     3    0.04                           pass_thru_user_delay (net)
                  0.19    0.00    0.48 ^ pass_thru_user_delay (out)
                                  0.48   data arrival time

                  0.15    0.00    0.00   clock SCK (rise edge)
                          0.00    0.00   clock network delay (ideal)
                          0.25    0.25   clock uncertainty
                          0.00    0.25   clock reconvergence pessimism
                         -2.00   -1.75   output external delay
                                 -1.75   data required time
-----------------------------------------------------------------------------
                                 -1.75   data required time
                                 -0.48   data arrival time
-----------------------------------------------------------------------------
                                  2.23   slack (MET)


Startpoint: _480_ (rising edge-triggered flip-flop clocked by SCK)
Endpoint: odata[6] (output port clocked by SCK)
Path Group: SCK
Path Type: min

Fanout     Cap    Slew   Delay    Time   Description
-----------------------------------------------------------------------------
                  0.15    0.00    0.00   clock SCK (rise edge)
                          0.00    0.00   clock network delay (ideal)
                  0.15    0.00    0.00 ^ _480_/CLK (sky130_fd_sc_hd__dfrtp_2)
                  0.19    0.48    0.48 ^ _480_/Q (sky130_fd_sc_hd__dfrtp_2)
     3    0.04                           odata[6] (net)
                  0.19    0.00    0.48 ^ odata[6] (out)
                                  0.48   data arrival time

                  0.15    0.00    0.00   clock SCK (rise edge)
                          0.00    0.00   clock network delay (ideal)
                          0.25    0.25   clock uncertainty
                          0.00    0.25   clock reconvergence pessimism
                         -2.00   -1.75   output external delay
                                 -1.75   data required time
-----------------------------------------------------------------------------
                                 -1.75   data required time
                                 -0.48   data arrival time
-----------------------------------------------------------------------------
                                  2.23   slack (MET)


Startpoint: _475_ (rising edge-triggered flip-flop clocked by SCK)
Endpoint: odata[1] (output port clocked by SCK)
Path Group: SCK
Path Type: min

Fanout     Cap    Slew   Delay    Time   Description
-----------------------------------------------------------------------------
                  0.15    0.00    0.00   clock SCK (rise edge)
                          0.00    0.00   clock network delay (ideal)
                  0.15    0.00    0.00 ^ _475_/CLK (sky130_fd_sc_hd__dfrtp_2)
                  0.20    0.48    0.48 ^ _475_/Q (sky130_fd_sc_hd__dfrtp_2)
     3    0.04                           odata[1] (net)
                  0.20    0.00    0.48 ^ odata[1] (out)
                                  0.48   data arrival time

                  0.15    0.00    0.00   clock SCK (rise edge)
                          0.00    0.00   clock network delay (ideal)
                          0.25    0.25   clock uncertainty
                          0.00    0.25   clock reconvergence pessimism
                         -2.00   -1.75   output external delay
                                 -1.75   data required time
-----------------------------------------------------------------------------
                                 -1.75   data required time
                                 -0.48   data arrival time
-----------------------------------------------------------------------------
                                  2.23   slack (MET)


Startpoint: _476_ (rising edge-triggered flip-flop clocked by SCK)
Endpoint: odata[2] (output port clocked by SCK)
Path Group: SCK
Path Type: min

Fanout     Cap    Slew   Delay    Time   Description
-----------------------------------------------------------------------------
                  0.15    0.00    0.00   clock SCK (rise edge)
                          0.00    0.00   clock network delay (ideal)
                  0.15    0.00    0.00 ^ _476_/CLK (sky130_fd_sc_hd__dfrtp_2)
                  0.20    0.48    0.48 ^ _476_/Q (sky130_fd_sc_hd__dfrtp_2)
     3    0.04                           odata[2] (net)
                  0.20    0.00    0.48 ^ odata[2] (out)
                                  0.48   data arrival time

                  0.15    0.00    0.00   clock SCK (rise edge)
                          0.00    0.00   clock network delay (ideal)
                          0.25    0.25   clock uncertainty
                          0.00    0.25   clock reconvergence pessimism
                         -2.00   -1.75   output external delay
                                 -1.75   data required time
-----------------------------------------------------------------------------
                                 -1.75   data required time
                                 -0.48   data arrival time
-----------------------------------------------------------------------------
                                  2.23   slack (MET)


Startpoint: _457_ (rising edge-triggered flip-flop clocked by SCK)
Endpoint: pass_thru_user (output port clocked by SCK)
Path Group: SCK
Path Type: min

Fanout     Cap    Slew   Delay    Time   Description
-----------------------------------------------------------------------------
                  0.15    0.00    0.00   clock SCK (rise edge)
                          0.00    0.00   clock network delay (ideal)
                  0.15    0.00    0.00 ^ _457_/CLK (sky130_fd_sc_hd__dfrtp_2)
                  0.20    0.48    0.48 ^ _457_/Q (sky130_fd_sc_hd__dfrtp_2)
     2    0.04                           pass_thru_user (net)
                  0.20    0.00    0.48 ^ pass_thru_user (out)
                                  0.48   data arrival time

                  0.15    0.00    0.00   clock SCK (rise edge)
                          0.00    0.00   clock network delay (ideal)
                          0.25    0.25   clock uncertainty
                          0.00    0.25   clock reconvergence pessimism
                         -2.00   -1.75   output external delay
                                 -1.75   data required time
-----------------------------------------------------------------------------
                                 -1.75   data required time
                                 -0.48   data arrival time
-----------------------------------------------------------------------------
                                  2.23   slack (MET)


Startpoint: _455_ (rising edge-triggered flip-flop clocked by SCK)
Endpoint: pass_thru_mgmt (output port clocked by SCK)
Path Group: SCK
Path Type: min

Fanout     Cap    Slew   Delay    Time   Description
-----------------------------------------------------------------------------
                  0.15    0.00    0.00   clock SCK (rise edge)
                          0.00    0.00   clock network delay (ideal)
                  0.15    0.00    0.00 ^ _455_/CLK (sky130_fd_sc_hd__dfrtp_2)
                  0.20    0.48    0.48 ^ _455_/Q (sky130_fd_sc_hd__dfrtp_2)
     2    0.04                           pass_thru_mgmt (net)
                  0.20    0.00    0.48 ^ pass_thru_mgmt (out)
                                  0.48   data arrival time

                  0.15    0.00    0.00   clock SCK (rise edge)
                          0.00    0.00   clock network delay (ideal)
                          0.25    0.25   clock uncertainty
                          0.00    0.25   clock reconvergence pessimism
                         -2.00   -1.75   output external delay
                                 -1.75   data required time
-----------------------------------------------------------------------------
                                 -1.75   data required time
                                 -0.48   data arrival time
-----------------------------------------------------------------------------
                                  2.23   slack (MET)


Startpoint: _454_ (rising edge-triggered flip-flop clocked by SCK)
Endpoint: rdstb (output port clocked by SCK)
Path Group: SCK
Path Type: min

Fanout     Cap    Slew   Delay    Time   Description
-----------------------------------------------------------------------------
                  0.15    0.00    0.00   clock SCK (rise edge)
                          0.00    0.00   clock network delay (ideal)
                  0.15    0.00    0.00 ^ _454_/CLK (sky130_fd_sc_hd__dfrtp_2)
                  0.21    0.49    0.49 ^ _454_/Q (sky130_fd_sc_hd__dfrtp_2)
     3    0.04                           rdstb (net)
                  0.21    0.00    0.49 ^ rdstb (out)
                                  0.49   data arrival time

                  0.15    0.00    0.00   clock SCK (rise edge)
                          0.00    0.00   clock network delay (ideal)
                          0.25    0.25   clock uncertainty
                          0.00    0.25   clock reconvergence pessimism
                         -2.00   -1.75   output external delay
                                 -1.75   data required time
-----------------------------------------------------------------------------
                                 -1.75   data required time
                                 -0.49   data arrival time
-----------------------------------------------------------------------------
                                  2.24   slack (MET)


Startpoint: _479_ (rising edge-triggered flip-flop clocked by SCK)
Endpoint: odata[5] (output port clocked by SCK)
Path Group: SCK
Path Type: min

Fanout     Cap    Slew   Delay    Time   Description
-----------------------------------------------------------------------------
                  0.15    0.00    0.00   clock SCK (rise edge)
                          0.00    0.00   clock network delay (ideal)
                  0.15    0.00    0.00 ^ _479_/CLK (sky130_fd_sc_hd__dfrtp_2)
                  0.21    0.49    0.49 ^ _479_/Q (sky130_fd_sc_hd__dfrtp_2)
     3    0.04                           odata[5] (net)
                  0.21    0.00    0.49 ^ odata[5] (out)
                                  0.49   data arrival time

                  0.15    0.00    0.00   clock SCK (rise edge)
                          0.00    0.00   clock network delay (ideal)
                          0.25    0.25   clock uncertainty
                          0.00    0.25   clock reconvergence pessimism
                         -2.00   -1.75   output external delay
                                 -1.75   data required time
-----------------------------------------------------------------------------
                                 -1.75   data required time
                                 -0.49   data arrival time
-----------------------------------------------------------------------------
                                  2.24   slack (MET)


Startpoint: _456_ (rising edge-triggered flip-flop clocked by SCK)
Endpoint: pass_thru_mgmt_delay (output port clocked by SCK)
Path Group: SCK
Path Type: min

Fanout     Cap    Slew   Delay    Time   Description
-----------------------------------------------------------------------------
                  0.15    0.00    0.00   clock SCK (rise edge)
                          0.00    0.00   clock network delay (ideal)
                  0.15    0.00    0.00 ^ _456_/CLK (sky130_fd_sc_hd__dfrtp_2)
                  0.21    0.49    0.49 ^ _456_/Q (sky130_fd_sc_hd__dfrtp_2)
     3    0.04                           pass_thru_mgmt_delay (net)
                  0.21    0.00    0.49 ^ pass_thru_mgmt_delay (out)
                                  0.49   data arrival time

                  0.15    0.00    0.00   clock SCK (rise edge)
                          0.00    0.00   clock network delay (ideal)
                          0.25    0.25   clock uncertainty
                          0.00    0.25   clock reconvergence pessimism
                         -2.00   -1.75   output external delay
                                 -1.75   data required time
-----------------------------------------------------------------------------
                                 -1.75   data required time
                                 -0.49   data arrival time
-----------------------------------------------------------------------------
                                  2.24   slack (MET)


Startpoint: _477_ (rising edge-triggered flip-flop clocked by SCK)
Endpoint: odata[3] (output port clocked by SCK)
Path Group: SCK
Path Type: min

Fanout     Cap    Slew   Delay    Time   Description
-----------------------------------------------------------------------------
                  0.15    0.00    0.00   clock SCK (rise edge)
                          0.00    0.00   clock network delay (ideal)
                  0.15    0.00    0.00 ^ _477_/CLK (sky130_fd_sc_hd__dfrtp_2)
                  0.22    0.49    0.49 ^ _477_/Q (sky130_fd_sc_hd__dfrtp_2)
     3    0.04                           odata[3] (net)
                  0.22    0.00    0.50 ^ odata[3] (out)
                                  0.50   data arrival time

                  0.15    0.00    0.00   clock SCK (rise edge)
                          0.00    0.00   clock network delay (ideal)
                          0.25    0.25   clock uncertainty
                          0.00    0.25   clock reconvergence pessimism
                         -2.00   -1.75   output external delay
                                 -1.75   data required time
-----------------------------------------------------------------------------
                                 -1.75   data required time
                                 -0.50   data arrival time
-----------------------------------------------------------------------------
                                  2.25   slack (MET)


Startpoint: _465_ (rising edge-triggered flip-flop clocked by SCK)
Endpoint: oaddr[6] (output port clocked by SCK)
Path Group: SCK
Path Type: min

Fanout     Cap    Slew   Delay    Time   Description
-----------------------------------------------------------------------------
                  0.15    0.00    0.00   clock SCK (rise edge)
                          0.00    0.00   clock network delay (ideal)
                  0.15    0.00    0.00 ^ _465_/CLK (sky130_fd_sc_hd__dfrtp_2)
                  0.09    0.40    0.40 ^ _465_/Q (sky130_fd_sc_hd__dfrtp_2)
     5    0.02                           addr[6] (net)
                  0.09    0.00    0.40 ^ _397_/A1 (sky130_fd_sc_hd__a21bo_2)
                  0.20    0.24    0.65 ^ _397_/X (sky130_fd_sc_hd__a21bo_2)
     1    0.04                           oaddr[6] (net)
                  0.20    0.00    0.65 ^ oaddr[6] (out)
                                  0.65   data arrival time

                  0.15    0.00    0.00   clock SCK (rise edge)
                          0.00    0.00   clock network delay (ideal)
                          0.25    0.25   clock uncertainty
                          0.00    0.25   clock reconvergence pessimism
                         -2.00   -1.75   output external delay
                                 -1.75   data required time
-----------------------------------------------------------------------------
                                 -1.75   data required time
                                 -0.65   data arrival time
-----------------------------------------------------------------------------
                                  2.40   slack (MET)


Startpoint: _459_ (rising edge-triggered flip-flop clocked by SCK)
Endpoint: oaddr[1] (output port clocked by SCK)
Path Group: SCK
Path Type: min

Fanout     Cap    Slew   Delay    Time   Description
-----------------------------------------------------------------------------
                  0.15    0.00    0.00   clock SCK (rise edge)
                          0.00    0.00   clock network delay (ideal)
                  0.15    0.00    0.00 ^ _459_/CLK (sky130_fd_sc_hd__dfrtp_2)
                  0.10    0.47    0.47 v _459_/Q (sky130_fd_sc_hd__dfrtp_2)
     8    0.03                           addr[0] (net)
                  0.10    0.00    0.47 v _362_/A (sky130_fd_sc_hd__inv_2)
                  0.05    0.07    0.55 ^ _362_/Y (sky130_fd_sc_hd__inv_2)
     2    0.01                           _196_ (net)
                  0.05    0.00    0.55 ^ _388_/A1 (sky130_fd_sc_hd__o21ai_2)
                  0.14    0.13    0.68 v _388_/Y (sky130_fd_sc_hd__o21ai_2)
     1    0.04                           oaddr[1] (net)
                  0.14    0.00    0.68 v oaddr[1] (out)
                                  0.68   data arrival time

                  0.15    0.00    0.00   clock SCK (rise edge)
                          0.00    0.00   clock network delay (ideal)
                          0.25    0.25   clock uncertainty
                          0.00    0.25   clock reconvergence pessimism
                         -2.00   -1.75   output external delay
                                 -1.75   data required time
-----------------------------------------------------------------------------
                                 -1.75   data required time
                                 -0.68   data arrival time
-----------------------------------------------------------------------------
                                  2.43   slack (MET)


Startpoint: _484_ (rising edge-triggered flip-flop clocked by SCK)
Endpoint: pass_thru_user_reset (output port clocked by SCK)
Path Group: SCK
Path Type: min

Fanout     Cap    Slew   Delay    Time   Description
-----------------------------------------------------------------------------
                  0.15    0.00    0.00   clock SCK (rise edge)
                          0.00    0.00   clock network delay (ideal)
                  0.15    0.00    0.00 ^ _484_/CLK (sky130_fd_sc_hd__dfrtp_2)
                  0.09    0.40    0.40 ^ _484_/Q (sky130_fd_sc_hd__dfrtp_2)
     5    0.02                           pre_pass_thru_user (net)
                  0.09    0.00    0.40 ^ _400_/A (sky130_fd_sc_hd__or2_2)
                  0.03    0.11    0.51 ^ _400_/X (sky130_fd_sc_hd__or2_2)
     1    0.00                           _214_ (net)
                  0.03    0.00    0.51 ^ _401_/A (sky130_fd_sc_hd__buf_1)
                  0.40    0.31    0.82 ^ _401_/X (sky130_fd_sc_hd__buf_1)
     1    0.03                           pass_thru_user_reset (net)
                  0.40    0.00    0.82 ^ pass_thru_user_reset (out)
                                  0.82   data arrival time

                  0.15    0.00    0.00   clock SCK (rise edge)
                          0.00    0.00   clock network delay (ideal)
                          0.25    0.25   clock uncertainty
                          0.00    0.25   clock reconvergence pessimism
                         -2.00   -1.75   output external delay
                                 -1.75   data required time
-----------------------------------------------------------------------------
                                 -1.75   data required time
                                 -0.82   data arrival time
-----------------------------------------------------------------------------
                                  2.57   slack (MET)


Startpoint: _465_ (rising edge-triggered flip-flop clocked by SCK)
Endpoint: oaddr[7] (output port clocked by SCK)
Path Group: SCK
Path Type: min

Fanout     Cap    Slew   Delay    Time   Description
-----------------------------------------------------------------------------
                  0.15    0.00    0.00   clock SCK (rise edge)
                          0.00    0.00   clock network delay (ideal)
                  0.15    0.00    0.00 ^ _465_/CLK (sky130_fd_sc_hd__dfrtp_2)
                  0.07    0.44    0.44 v _465_/Q (sky130_fd_sc_hd__dfrtp_2)
     5    0.01                           addr[6] (net)
                  0.07    0.00    0.44 v _322_/A1 (sky130_fd_sc_hd__a21bo_2)
                  0.03    0.18    0.62 v _322_/X (sky130_fd_sc_hd__a21bo_2)
     1    0.00                           _164_ (net)
                  0.03    0.00    0.62 v _323_/A (sky130_fd_sc_hd__buf_1)
                  0.22    0.22    0.84 v _323_/X (sky130_fd_sc_hd__buf_1)
     2    0.04                           oaddr[7] (net)
                  0.22    0.00    0.84 v oaddr[7] (out)
                                  0.84   data arrival time

                  0.15    0.00    0.00   clock SCK (rise edge)
                          0.00    0.00   clock network delay (ideal)
                          0.25    0.25   clock uncertainty
                          0.00    0.25   clock reconvergence pessimism
                         -2.00   -1.75   output external delay
                                 -1.75   data required time
-----------------------------------------------------------------------------
                                 -1.75   data required time
                                 -0.84   data arrival time
-----------------------------------------------------------------------------
                                  2.59   slack (MET)


Startpoint: _482_ (rising edge-triggered flip-flop clocked by SCK)
Endpoint: pass_thru_mgmt_reset (output port clocked by SCK)
Path Group: SCK
Path Type: min

Fanout     Cap    Slew   Delay    Time   Description
-----------------------------------------------------------------------------
                  0.15    0.00    0.00   clock SCK (rise edge)
                          0.00    0.00   clock network delay (ideal)
                  0.15    0.00    0.00 ^ _482_/CLK (sky130_fd_sc_hd__dfrtp_2)
                  0.12    0.42    0.42 ^ _482_/Q (sky130_fd_sc_hd__dfrtp_2)
     6    0.02                           pre_pass_thru_mgmt (net)
                  0.12    0.00    0.42 ^ _398_/A (sky130_fd_sc_hd__or2_2)
                  0.05    0.13    0.55 ^ _398_/X (sky130_fd_sc_hd__or2_2)
     1    0.01                           _213_ (net)
                  0.05    0.00    0.55 ^ _399_/A (sky130_fd_sc_hd__buf_1)
                  0.40    0.31    0.86 ^ _399_/X (sky130_fd_sc_hd__buf_1)
     1    0.03                           pass_thru_mgmt_reset (net)
                  0.40    0.00    0.86 ^ pass_thru_mgmt_reset (out)
                                  0.86   data arrival time

                  0.15    0.00    0.00   clock SCK (rise edge)
                          0.00    0.00   clock network delay (ideal)
                          0.25    0.25   clock uncertainty
                          0.00    0.25   clock reconvergence pessimism
                         -2.00   -1.75   output external delay
                                 -1.75   data required time
-----------------------------------------------------------------------------
                                 -1.75   data required time
                                 -0.86   data arrival time
-----------------------------------------------------------------------------
                                  2.61   slack (MET)


Startpoint: _462_ (rising edge-triggered flip-flop clocked by SCK)
Endpoint: oaddr[4] (output port clocked by SCK)
Path Group: SCK
Path Type: min

Fanout     Cap    Slew   Delay    Time   Description
-----------------------------------------------------------------------------
                  0.15    0.00    0.00   clock SCK (rise edge)
                          0.00    0.00   clock network delay (ideal)
                  0.15    0.00    0.00 ^ _462_/CLK (sky130_fd_sc_hd__dfrtp_2)
                  0.09    0.40    0.40 ^ _462_/Q (sky130_fd_sc_hd__dfrtp_2)
     6    0.02                           addr[3] (net)
                  0.09    0.00    0.40 ^ _393_/A1 (sky130_fd_sc_hd__mux2_2)
                  0.05    0.16    0.56 ^ _393_/X (sky130_fd_sc_hd__mux2_2)
     1    0.01                           _211_ (net)
                  0.05    0.00    0.56 ^ _394_/A (sky130_fd_sc_hd__buf_1)
                  0.40    0.32    0.88 ^ _394_/X (sky130_fd_sc_hd__buf_1)
     1    0.03                           oaddr[4] (net)
                  0.40    0.00    0.88 ^ oaddr[4] (out)
                                  0.88   data arrival time

                  0.15    0.00    0.00   clock SCK (rise edge)
                          0.00    0.00   clock network delay (ideal)
                          0.25    0.25   clock uncertainty
                          0.00    0.25   clock reconvergence pessimism
                         -2.00   -1.75   output external delay
                                 -1.75   data required time
-----------------------------------------------------------------------------
                                 -1.75   data required time
                                 -0.88   data arrival time
-----------------------------------------------------------------------------
                                  2.63   slack (MET)


Startpoint: _462_ (rising edge-triggered flip-flop clocked by SCK)
Endpoint: oaddr[3] (output port clocked by SCK)
Path Group: SCK
Path Type: min

Fanout     Cap    Slew   Delay    Time   Description
-----------------------------------------------------------------------------
                  0.15    0.00    0.00   clock SCK (rise edge)
                          0.00    0.00   clock network delay (ideal)
                  0.15    0.00    0.00 ^ _462_/CLK (sky130_fd_sc_hd__dfrtp_2)
                  0.09    0.40    0.40 ^ _462_/Q (sky130_fd_sc_hd__dfrtp_2)
     6    0.02                           addr[3] (net)
                  0.09    0.00    0.40 ^ _391_/A0 (sky130_fd_sc_hd__mux2_2)
                  0.05    0.16    0.56 ^ _391_/X (sky130_fd_sc_hd__mux2_2)
     1    0.01                           _210_ (net)
                  0.05    0.00    0.56 ^ _392_/A (sky130_fd_sc_hd__buf_1)
                  0.40    0.32    0.88 ^ _392_/X (sky130_fd_sc_hd__buf_1)
     1    0.03                           oaddr[3] (net)
                  0.40    0.00    0.88 ^ oaddr[3] (out)
                                  0.88   data arrival time

                  0.15    0.00    0.00   clock SCK (rise edge)
                          0.00    0.00   clock network delay (ideal)
                          0.25    0.25   clock uncertainty
                          0.00    0.25   clock reconvergence pessimism
                         -2.00   -1.75   output external delay
                                 -1.75   data required time
-----------------------------------------------------------------------------
                                 -1.75   data required time
                                 -0.88   data arrival time
-----------------------------------------------------------------------------
                                  2.63   slack (MET)


Startpoint: _464_ (rising edge-triggered flip-flop clocked by SCK)
Endpoint: oaddr[5] (output port clocked by SCK)
Path Group: SCK
Path Type: min

Fanout     Cap    Slew   Delay    Time   Description
-----------------------------------------------------------------------------
                  0.15    0.00    0.00   clock SCK (rise edge)
                          0.00    0.00   clock network delay (ideal)
                  0.15    0.00    0.00 ^ _464_/CLK (sky130_fd_sc_hd__dfrtp_2)
                  0.13    0.43    0.43 ^ _464_/Q (sky130_fd_sc_hd__dfrtp_2)
     7    0.02                           addr[5] (net)
                  0.13    0.00    0.43 ^ _395_/A0 (sky130_fd_sc_hd__mux2_2)
                  0.05    0.17    0.60 ^ _395_/X (sky130_fd_sc_hd__mux2_2)
     1    0.01                           _212_ (net)
                  0.05    0.00    0.60 ^ _396_/A (sky130_fd_sc_hd__buf_1)
                  0.41    0.32    0.92 ^ _396_/X (sky130_fd_sc_hd__buf_1)
     1    0.04                           oaddr[5] (net)
                  0.41    0.00    0.92 ^ oaddr[5] (out)
                                  0.92   data arrival time

                  0.15    0.00    0.00   clock SCK (rise edge)
                          0.00    0.00   clock network delay (ideal)
                          0.25    0.25   clock uncertainty
                          0.00    0.25   clock reconvergence pessimism
                         -2.00   -1.75   output external delay
                                 -1.75   data required time
-----------------------------------------------------------------------------
                                 -1.75   data required time
                                 -0.92   data arrival time
-----------------------------------------------------------------------------
                                  2.67   slack (MET)


Startpoint: _459_ (rising edge-triggered flip-flop clocked by SCK)
Endpoint: oaddr[0] (output port clocked by SCK)
Path Group: SCK
Path Type: min

Fanout     Cap    Slew   Delay    Time   Description
-----------------------------------------------------------------------------
                  0.15    0.00    0.00   clock SCK (rise edge)
                          0.00    0.00   clock network delay (ideal)
                  0.15    0.00    0.00 ^ _459_/CLK (sky130_fd_sc_hd__dfrtp_2)
                  0.17    0.46    0.46 ^ _459_/Q (sky130_fd_sc_hd__dfrtp_2)
     8    0.03                           addr[0] (net)
                  0.17    0.00    0.46 ^ _386_/A0 (sky130_fd_sc_hd__mux2_2)
                  0.04    0.16    0.62 ^ _386_/X (sky130_fd_sc_hd__mux2_2)
     1    0.00                           _208_ (net)
                  0.04    0.00    0.62 ^ _387_/A (sky130_fd_sc_hd__buf_1)
                  0.40    0.31    0.93 ^ _387_/X (sky130_fd_sc_hd__buf_1)
     1    0.03                           oaddr[0] (net)
                  0.40    0.00    0.93 ^ oaddr[0] (out)
                                  0.93   data arrival time

                  0.15    0.00    0.00   clock SCK (rise edge)
                          0.00    0.00   clock network delay (ideal)
                          0.25    0.25   clock uncertainty
                          0.00    0.25   clock reconvergence pessimism
                         -2.00   -1.75   output external delay
                                 -1.75   data required time
-----------------------------------------------------------------------------
                                 -1.75   data required time
                                 -0.93   data arrival time
-----------------------------------------------------------------------------
                                  2.68   slack (MET)


Startpoint: _461_ (rising edge-triggered flip-flop clocked by SCK)
Endpoint: oaddr[2] (output port clocked by SCK)
Path Group: SCK
Path Type: min

Fanout     Cap    Slew   Delay    Time   Description
-----------------------------------------------------------------------------
                  0.15    0.00    0.00   clock SCK (rise edge)
                          0.00    0.00   clock network delay (ideal)
                  0.15    0.00    0.00 ^ _461_/CLK (sky130_fd_sc_hd__dfrtp_2)
                  0.12    0.43    0.43 ^ _461_/Q (sky130_fd_sc_hd__dfrtp_2)
     8    0.02                           addr[2] (net)
                  0.12    0.00    0.43 ^ _389_/A0 (sky130_fd_sc_hd__mux2_2)
                  0.05    0.17    0.59 ^ _389_/X (sky130_fd_sc_hd__mux2_2)
     1    0.01                           _209_ (net)
                  0.05    0.00    0.59 ^ _390_/A (sky130_fd_sc_hd__buf_1)
                  0.45    0.35    0.94 ^ _390_/X (sky130_fd_sc_hd__buf_1)
     1    0.04                           oaddr[2] (net)
                  0.45    0.00    0.94 ^ oaddr[2] (out)
                                  0.94   data arrival time

                  0.15    0.00    0.00   clock SCK (rise edge)
                          0.00    0.00   clock network delay (ideal)
                          0.25    0.25   clock uncertainty
                          0.00    0.25   clock reconvergence pessimism
                         -2.00   -1.75   output external delay
                                 -1.75   data required time
-----------------------------------------------------------------------------
                                 -1.75   data required time
                                 -0.94   data arrival time
-----------------------------------------------------------------------------
                                  2.69   slack (MET)


Startpoint: SDI (input port clocked by SCK)
Endpoint: odata[0] (output port clocked by SCK)
Path Group: SCK
Path Type: min

Fanout     Cap    Slew   Delay    Time   Description
-----------------------------------------------------------------------------
                  0.15    0.00    0.00   clock SCK (rise edge)
                          0.00    0.00   clock network delay (ideal)
                          2.00    2.00 v input external delay
                  0.07    0.05    2.05 v SDI (in)
     8    0.03                           SDI (net)
                  0.07    0.00    2.05 v _499_/A (sky130_fd_sc_hd__buf_2)
                  0.09    0.18    2.23 v _499_/X (sky130_fd_sc_hd__buf_2)
     1    0.03                           odata[0] (net)
                  0.09    0.00    2.23 v odata[0] (out)
                                  2.23   data arrival time

                  0.15    0.00    0.00   clock SCK (rise edge)
                          0.00    0.00   clock network delay (ideal)
                          0.25    0.25   clock uncertainty
                          0.00    0.25   clock reconvergence pessimism
                         -2.00   -1.75   output external delay
                                 -1.75   data required time
-----------------------------------------------------------------------------
                                 -1.75   data required time
                                 -2.23   data arrival time
-----------------------------------------------------------------------------
                                  3.98   slack (MET)


Startpoint: _487_ (rising edge-triggered flip-flop clocked by SCK)
Endpoint: _483_ (rising edge-triggered flip-flop clocked by SCK')
Path Group: SCK
Path Type: min

Fanout     Cap    Slew   Delay    Time   Description
-----------------------------------------------------------------------------
                  0.15   10.00   10.00   clock SCK (rise edge)
                          0.00   10.00   clock network delay (ideal)
                  0.15    0.00   10.00 ^ _487_/CLK (sky130_fd_sc_hd__dfrtp_2)
                  0.08    0.39   10.39 ^ _487_/Q (sky130_fd_sc_hd__dfrtp_2)
     3    0.01                           state[1] (net)
                  0.08    0.00   10.39 ^ _384_/B (sky130_fd_sc_hd__nor2_2)
                  0.02    0.03   10.42 v _384_/Y (sky130_fd_sc_hd__nor2_2)
     1    0.00                           _207_ (net)
                  0.02    0.00   10.42 v _385_/A2 (sky130_fd_sc_hd__o21a_2)
                  0.03    0.17   10.59 v _385_/X (sky130_fd_sc_hd__o21a_2)
     1    0.00                           _000_ (net)
                  0.03    0.00   10.59 v _483_/D (sky130_fd_sc_hd__dfstp_2)
                                 10.59   data arrival time

                  0.15    5.00    5.00   clock SCK' (rise edge)
                          0.00    5.00   clock network delay (ideal)
                          0.25    5.25   clock uncertainty
                          0.00    5.25   clock reconvergence pessimism
                                  5.25 ^ _483_/CLK (sky130_fd_sc_hd__dfstp_2)
                          0.02    5.27   library hold time
                                  5.27   data required time
-----------------------------------------------------------------------------
                                  5.27   data required time
                                -10.59   data arrival time
-----------------------------------------------------------------------------
                                  5.32   slack (MET)


Startpoint: CSB (input port clocked by SCK)
Endpoint: _497_ (removal check against rising-edge clock SCK')
Path Group: asynchronous
Path Type: min

Fanout     Cap    Slew   Delay    Time   Description
-----------------------------------------------------------------------------
                  0.15   10.00   10.00   clock SCK (rise edge)
                          0.00   10.00   clock network delay (ideal)
                          2.00   12.00 v input external delay
                  0.01    0.00   12.00 v CSB (in)
     1    0.00                           CSB (net)
                  0.01    0.00   12.00 v _224_/A (sky130_fd_sc_hd__buf_1)
                  0.22    0.21   12.21 v _224_/X (sky130_fd_sc_hd__buf_1)
     9    0.04                           _102_ (net)
                  0.22    0.00   12.21 v _225_/A (sky130_fd_sc_hd__buf_1)
                  0.29    0.34   12.55 v _225_/X (sky130_fd_sc_hd__buf_1)
    10    0.05                           _103_ (net)
                  0.29    0.00   12.55 v _233_/B (sky130_fd_sc_hd__nor2_2)
                  0.09    0.15   12.71 ^ _233_/Y (sky130_fd_sc_hd__nor2_2)
     1    0.00                           _057_ (net)
                  0.09    0.00   12.71 ^ _497_/RESET_B (sky130_fd_sc_hd__dfrtp_2)
                                 12.71   data arrival time

                  0.15    5.00    5.00   clock SCK' (rise edge)
                          0.00    5.00   clock network delay (ideal)
                          0.25    5.25   clock uncertainty
                          0.00    5.25   clock reconvergence pessimism
                                  5.25 ^ _497_/CLK (sky130_fd_sc_hd__dfrtp_2)
                          0.36    5.61   library removal time
                                  5.61   data required time
-----------------------------------------------------------------------------
                                  5.61   data required time
                                -12.71   data arrival time
-----------------------------------------------------------------------------
                                  7.09   slack (MET)


Startpoint: CSB (input port clocked by SCK)
Endpoint: _496_ (removal check against rising-edge clock SCK')
Path Group: asynchronous
Path Type: min

Fanout     Cap    Slew   Delay    Time   Description
-----------------------------------------------------------------------------
                  0.15   10.00   10.00   clock SCK (rise edge)
                          0.00   10.00   clock network delay (ideal)
                          2.00   12.00 v input external delay
                  0.01    0.00   12.00 v CSB (in)
     1    0.00                           CSB (net)
                  0.01    0.00   12.00 v _224_/A (sky130_fd_sc_hd__buf_1)
                  0.22    0.21   12.21 v _224_/X (sky130_fd_sc_hd__buf_1)
     9    0.04                           _102_ (net)
                  0.22    0.00   12.21 v _225_/A (sky130_fd_sc_hd__buf_1)
                  0.29    0.34   12.55 v _225_/X (sky130_fd_sc_hd__buf_1)
    10    0.05                           _103_ (net)
                  0.29    0.00   12.55 v _237_/B (sky130_fd_sc_hd__nor2_2)
                  0.09    0.15   12.71 ^ _237_/Y (sky130_fd_sc_hd__nor2_2)
     1    0.00                           _055_ (net)
                  0.09    0.00   12.71 ^ _496_/RESET_B (sky130_fd_sc_hd__dfrtp_2)
                                 12.71   data arrival time

                  0.15    5.00    5.00   clock SCK' (rise edge)
                          0.00    5.00   clock network delay (ideal)
                          0.25    5.25   clock uncertainty
                          0.00    5.25   clock reconvergence pessimism
                                  5.25 ^ _496_/CLK (sky130_fd_sc_hd__dfrtp_2)
                          0.36    5.61   library removal time
                                  5.61   data required time
-----------------------------------------------------------------------------
                                  5.61   data required time
                                -12.71   data arrival time
-----------------------------------------------------------------------------
                                  7.09   slack (MET)


Startpoint: CSB (input port clocked by SCK)
Endpoint: _492_ (removal check against rising-edge clock SCK')
Path Group: asynchronous
Path Type: min

Fanout     Cap    Slew   Delay    Time   Description
-----------------------------------------------------------------------------
                  0.15   10.00   10.00   clock SCK (rise edge)
                          0.00   10.00   clock network delay (ideal)
                          2.00   12.00 v input external delay
                  0.01    0.00   12.00 v CSB (in)
     1    0.00                           CSB (net)
                  0.01    0.00   12.00 v _224_/A (sky130_fd_sc_hd__buf_1)
                  0.22    0.21   12.21 v _224_/X (sky130_fd_sc_hd__buf_1)
     9    0.04                           _102_ (net)
                  0.22    0.00   12.21 v _225_/A (sky130_fd_sc_hd__buf_1)
                  0.29    0.34   12.55 v _225_/X (sky130_fd_sc_hd__buf_1)
    10    0.05                           _103_ (net)
                  0.29    0.00   12.55 v _253_/B (sky130_fd_sc_hd__nor2_2)
                  0.09    0.15   12.71 ^ _253_/Y (sky130_fd_sc_hd__nor2_2)
     1    0.00                           _047_ (net)
                  0.09    0.00   12.71 ^ _492_/RESET_B (sky130_fd_sc_hd__dfrtp_2)
                                 12.71   data arrival time

                  0.15    5.00    5.00   clock SCK' (rise edge)
                          0.00    5.00   clock network delay (ideal)
                          0.25    5.25   clock uncertainty
                          0.00    5.25   clock reconvergence pessimism
                                  5.25 ^ _492_/CLK (sky130_fd_sc_hd__dfrtp_2)
                          0.36    5.61   library removal time
                                  5.61   data required time
-----------------------------------------------------------------------------
                                  5.61   data required time
                                -12.71   data arrival time
-----------------------------------------------------------------------------
                                  7.09   slack (MET)


Startpoint: CSB (input port clocked by SCK)
Endpoint: _493_ (removal check against rising-edge clock SCK')
Path Group: asynchronous
Path Type: min

Fanout     Cap    Slew   Delay    Time   Description
-----------------------------------------------------------------------------
                  0.15   10.00   10.00   clock SCK (rise edge)
                          0.00   10.00   clock network delay (ideal)
                          2.00   12.00 v input external delay
                  0.01    0.00   12.00 v CSB (in)
     1    0.00                           CSB (net)
                  0.01    0.00   12.00 v _224_/A (sky130_fd_sc_hd__buf_1)
                  0.22    0.21   12.21 v _224_/X (sky130_fd_sc_hd__buf_1)
     9    0.04                           _102_ (net)
                  0.22    0.00   12.21 v _225_/A (sky130_fd_sc_hd__buf_1)
                  0.29    0.34   12.55 v _225_/X (sky130_fd_sc_hd__buf_1)
    10    0.05                           _103_ (net)
                  0.29    0.00   12.55 v _249_/B (sky130_fd_sc_hd__nor2_2)
                  0.09    0.15   12.71 ^ _249_/Y (sky130_fd_sc_hd__nor2_2)
     1    0.00                           _049_ (net)
                  0.09    0.00   12.71 ^ _493_/RESET_B (sky130_fd_sc_hd__dfrtp_2)
                                 12.71   data arrival time

                  0.15    5.00    5.00   clock SCK' (rise edge)
                          0.00    5.00   clock network delay (ideal)
                          0.25    5.25   clock uncertainty
                          0.00    5.25   clock reconvergence pessimism
                                  5.25 ^ _493_/CLK (sky130_fd_sc_hd__dfrtp_2)
                          0.36    5.61   library removal time
                                  5.61   data required time
-----------------------------------------------------------------------------
                                  5.61   data required time
                                -12.71   data arrival time
-----------------------------------------------------------------------------
                                  7.09   slack (MET)


Startpoint: CSB (input port clocked by SCK)
Endpoint: _491_ (removal check against rising-edge clock SCK')
Path Group: asynchronous
Path Type: min

Fanout     Cap    Slew   Delay    Time   Description
-----------------------------------------------------------------------------
                  0.15   10.00   10.00   clock SCK (rise edge)
                          0.00   10.00   clock network delay (ideal)
                          2.00   12.00 v input external delay
                  0.01    0.00   12.00 v CSB (in)
     1    0.00                           CSB (net)
                  0.01    0.00   12.00 v _224_/A (sky130_fd_sc_hd__buf_1)
                  0.22    0.21   12.21 v _224_/X (sky130_fd_sc_hd__buf_1)
     9    0.04                           _102_ (net)
                  0.22    0.00   12.21 v _225_/A (sky130_fd_sc_hd__buf_1)
                  0.29    0.34   12.55 v _225_/X (sky130_fd_sc_hd__buf_1)
    10    0.05                           _103_ (net)
                  0.29    0.00   12.55 v _257_/B (sky130_fd_sc_hd__nor2_2)
                  0.09    0.15   12.71 ^ _257_/Y (sky130_fd_sc_hd__nor2_2)
     1    0.00                           _045_ (net)
                  0.09    0.00   12.71 ^ _491_/RESET_B (sky130_fd_sc_hd__dfrtp_2)
                                 12.71   data arrival time

                  0.15    5.00    5.00   clock SCK' (rise edge)
                          0.00    5.00   clock network delay (ideal)
                          0.25    5.25   clock uncertainty
                          0.00    5.25   clock reconvergence pessimism
                                  5.25 ^ _491_/CLK (sky130_fd_sc_hd__dfrtp_2)
                          0.36    5.61   library removal time
                                  5.61   data required time
-----------------------------------------------------------------------------
                                  5.61   data required time
                                -12.71   data arrival time
-----------------------------------------------------------------------------
                                  7.09   slack (MET)


Startpoint: CSB (input port clocked by SCK)
Endpoint: _498_ (removal check against rising-edge clock SCK')
Path Group: asynchronous
Path Type: min

Fanout     Cap    Slew   Delay    Time   Description
-----------------------------------------------------------------------------
                  0.15   10.00   10.00   clock SCK (rise edge)
                          0.00   10.00   clock network delay (ideal)
                          2.00   12.00 v input external delay
                  0.01    0.00   12.00 v CSB (in)
     1    0.00                           CSB (net)
                  0.01    0.00   12.00 v _224_/A (sky130_fd_sc_hd__buf_1)
                  0.22    0.21   12.21 v _224_/X (sky130_fd_sc_hd__buf_1)
     9    0.04                           _102_ (net)
                  0.22    0.00   12.21 v _225_/A (sky130_fd_sc_hd__buf_1)
                  0.29    0.34   12.55 v _225_/X (sky130_fd_sc_hd__buf_1)
    10    0.05                           _103_ (net)
                  0.29    0.00   12.55 v _226_/B (sky130_fd_sc_hd__nor2_2)
                  0.09    0.15   12.71 ^ _226_/Y (sky130_fd_sc_hd__nor2_2)
     1    0.00                           _059_ (net)
                  0.09    0.00   12.71 ^ _498_/RESET_B (sky130_fd_sc_hd__dfrtp_2)
                                 12.71   data arrival time

                  0.15    5.00    5.00   clock SCK' (rise edge)
                          0.00    5.00   clock network delay (ideal)
                          0.25    5.25   clock uncertainty
                          0.00    5.25   clock reconvergence pessimism
                                  5.25 ^ _498_/CLK (sky130_fd_sc_hd__dfrtp_2)
                          0.36    5.61   library removal time
                                  5.61   data required time
-----------------------------------------------------------------------------
                                  5.61   data required time
                                -12.71   data arrival time
-----------------------------------------------------------------------------
                                  7.09   slack (MET)


Startpoint: CSB (input port clocked by SCK)
Endpoint: _495_ (removal check against rising-edge clock SCK')
Path Group: asynchronous
Path Type: min

Fanout     Cap    Slew   Delay    Time   Description
-----------------------------------------------------------------------------
                  0.15   10.00   10.00   clock SCK (rise edge)
                          0.00   10.00   clock network delay (ideal)
                          2.00   12.00 v input external delay
                  0.01    0.00   12.00 v CSB (in)
     1    0.00                           CSB (net)
                  0.01    0.00   12.00 v _224_/A (sky130_fd_sc_hd__buf_1)
                  0.22    0.21   12.21 v _224_/X (sky130_fd_sc_hd__buf_1)
     9    0.04                           _102_ (net)
                  0.22    0.00   12.21 v _225_/A (sky130_fd_sc_hd__buf_1)
                  0.29    0.34   12.55 v _225_/X (sky130_fd_sc_hd__buf_1)
    10    0.05                           _103_ (net)
                  0.29    0.00   12.55 v _241_/B (sky130_fd_sc_hd__nor2_2)
                  0.09    0.16   12.71 ^ _241_/Y (sky130_fd_sc_hd__nor2_2)
     1    0.00                           _053_ (net)
                  0.09    0.00   12.71 ^ _495_/RESET_B (sky130_fd_sc_hd__dfrtp_2)
                                 12.71   data arrival time

                  0.15    5.00    5.00   clock SCK' (rise edge)
                          0.00    5.00   clock network delay (ideal)
                          0.25    5.25   clock uncertainty
                          0.00    5.25   clock reconvergence pessimism
                                  5.25 ^ _495_/CLK (sky130_fd_sc_hd__dfrtp_2)
                          0.36    5.61   library removal time
                                  5.61   data required time
-----------------------------------------------------------------------------
                                  5.61   data required time
                                -12.71   data arrival time
-----------------------------------------------------------------------------
                                  7.09   slack (MET)


Startpoint: CSB (input port clocked by SCK)
Endpoint: _485_ (removal check against rising-edge clock SCK')
Path Group: asynchronous
Path Type: min

Fanout     Cap    Slew   Delay    Time   Description
-----------------------------------------------------------------------------
                  0.15   10.00   10.00   clock SCK (rise edge)
                          0.00   10.00   clock network delay (ideal)
                          2.00   12.00 v input external delay
                  0.01    0.00   12.00 v CSB (in)
     1    0.00                           CSB (net)
                  0.01    0.00   12.00 v _224_/A (sky130_fd_sc_hd__buf_1)
                  0.22    0.21   12.21 v _224_/X (sky130_fd_sc_hd__buf_1)
     9    0.04                           _102_ (net)
                  0.22    0.00   12.21 v _225_/A (sky130_fd_sc_hd__buf_1)
                  0.29    0.34   12.55 v _225_/X (sky130_fd_sc_hd__buf_1)
    10    0.05                           _103_ (net)
                  0.29    0.00   12.55 v _260_/B (sky130_fd_sc_hd__nor2_2)
                  0.09    0.16   12.71 ^ _260_/Y (sky130_fd_sc_hd__nor2_2)
     1    0.00                           _038_ (net)
                  0.09    0.00   12.71 ^ _485_/RESET_B (sky130_fd_sc_hd__dfrtp_2)
                                 12.71   data arrival time

                  0.15    5.00    5.00   clock SCK' (rise edge)
                          0.00    5.00   clock network delay (ideal)
                          0.25    5.25   clock uncertainty
                          0.00    5.25   clock reconvergence pessimism
                                  5.25 ^ _485_/CLK (sky130_fd_sc_hd__dfrtp_2)
                          0.36    5.61   library removal time
                                  5.61   data required time
-----------------------------------------------------------------------------
                                  5.61   data required time
                                -12.71   data arrival time
-----------------------------------------------------------------------------
                                  7.09   slack (MET)


Startpoint: CSB (input port clocked by SCK)
Endpoint: _494_ (removal check against rising-edge clock SCK')
Path Group: asynchronous
Path Type: min

Fanout     Cap    Slew   Delay    Time   Description
-----------------------------------------------------------------------------
                  0.15   10.00   10.00   clock SCK (rise edge)
                          0.00   10.00   clock network delay (ideal)
                          2.00   12.00 v input external delay
                  0.01    0.00   12.00 v CSB (in)
     1    0.00                           CSB (net)
                  0.01    0.00   12.00 v _224_/A (sky130_fd_sc_hd__buf_1)
                  0.22    0.21   12.21 v _224_/X (sky130_fd_sc_hd__buf_1)
     9    0.04                           _102_ (net)
                  0.22    0.00   12.21 v _225_/A (sky130_fd_sc_hd__buf_1)
                  0.29    0.34   12.55 v _225_/X (sky130_fd_sc_hd__buf_1)
    10    0.05                           _103_ (net)
                  0.29    0.00   12.55 v _245_/B (sky130_fd_sc_hd__nor2_2)
                  0.10    0.16   12.71 ^ _245_/Y (sky130_fd_sc_hd__nor2_2)
     1    0.00                           _051_ (net)
                  0.10    0.00   12.71 ^ _494_/RESET_B (sky130_fd_sc_hd__dfrtp_2)
                                 12.71   data arrival time

                  0.15    5.00    5.00   clock SCK' (rise edge)
                          0.00    5.00   clock network delay (ideal)
                          0.25    5.25   clock uncertainty
                          0.00    5.25   clock reconvergence pessimism
                                  5.25 ^ _494_/CLK (sky130_fd_sc_hd__dfrtp_2)
                          0.36    5.61   library removal time
                                  5.61   data required time
-----------------------------------------------------------------------------
                                  5.61   data required time
                                -12.71   data arrival time
-----------------------------------------------------------------------------
                                  7.10   slack (MET)


Startpoint: _483_ (rising edge-triggered flip-flop clocked by SCK')
Endpoint: sdoenb (output port clocked by SCK)
Path Group: SCK
Path Type: min

Fanout     Cap    Slew   Delay    Time   Description
-----------------------------------------------------------------------------
                  0.15    5.00    5.00   clock SCK' (rise edge)
                          0.00    5.00   clock network delay (ideal)
                  0.15    0.00    5.00 ^ _483_/CLK (sky130_fd_sc_hd__dfstp_2)
                  0.09    0.44    5.44 v _483_/Q (sky130_fd_sc_hd__dfstp_2)
     1    0.04                           sdoenb (net)
                  0.09    0.00    5.44 v sdoenb (out)
                                  5.44   data arrival time

                  0.15    0.00    0.00   clock SCK (rise edge)
                          0.00    0.00   clock network delay (ideal)
                          0.25    0.25   clock uncertainty
                          0.00    0.25   clock reconvergence pessimism
                         -2.00   -1.75   output external delay
                                 -1.75   data required time
-----------------------------------------------------------------------------
                                 -1.75   data required time
                                 -5.44   data arrival time
-----------------------------------------------------------------------------
                                  7.19   slack (MET)


Startpoint: _498_ (rising edge-triggered flip-flop clocked by SCK')
Endpoint: SDO (output port clocked by SCK)
Path Group: SCK
Path Type: min

Fanout     Cap    Slew   Delay    Time   Description
-----------------------------------------------------------------------------
                  0.15    5.00    5.00   clock SCK' (rise edge)
                          0.00    5.00   clock network delay (ideal)
                  0.15    0.00    5.00 ^ _498_/CLK (sky130_fd_sc_hd__dfrtp_2)
                  0.19    0.47    5.47 ^ _498_/Q (sky130_fd_sc_hd__dfrtp_2)
     2    0.04                           SDO (net)
                  0.19    0.00    5.47 ^ SDO (out)
                                  5.47   data arrival time

                  0.15    0.00    0.00   clock SCK (rise edge)
                          0.00    0.00   clock network delay (ideal)
                          0.25    0.25   clock uncertainty
                          0.00    0.25   clock reconvergence pessimism
                         -2.00   -1.75   output external delay
                                 -1.75   data required time
-----------------------------------------------------------------------------
                                 -1.75   data required time
                                 -5.47   data arrival time
-----------------------------------------------------------------------------
                                  7.22   slack (MET)


Startpoint: _485_ (rising edge-triggered flip-flop clocked by SCK')
Endpoint: wrstb (output port clocked by SCK)
Path Group: SCK
Path Type: min

Fanout     Cap    Slew   Delay    Time   Description
-----------------------------------------------------------------------------
                  0.15    5.00    5.00   clock SCK' (rise edge)
                          0.00    5.00   clock network delay (ideal)
                  0.15    0.00    5.00 ^ _485_/CLK (sky130_fd_sc_hd__dfrtp_2)
                  0.19    0.47    5.47 ^ _485_/Q (sky130_fd_sc_hd__dfrtp_2)
     2    0.04                           wrstb (net)
                  0.19    0.00    5.48 ^ wrstb (out)
                                  5.48   data arrival time

                  0.15    0.00    0.00   clock SCK (rise edge)
                          0.00    0.00   clock network delay (ideal)
                          0.25    0.25   clock uncertainty
                          0.00    0.25   clock reconvergence pessimism
                         -2.00   -1.75   output external delay
                                 -1.75   data required time
-----------------------------------------------------------------------------
                                 -1.75   data required time
                                 -5.48   data arrival time
-----------------------------------------------------------------------------
                                  7.23   slack (MET)


Startpoint: CSB (input port clocked by SCK)
Endpoint: _483_ (removal check against rising-edge clock SCK')
Path Group: asynchronous
Path Type: min

Fanout     Cap    Slew   Delay    Time   Description
-----------------------------------------------------------------------------
                  0.15   10.00   10.00   clock SCK (rise edge)
                          0.00   10.00   clock network delay (ideal)
                          2.00   12.00 v input external delay
                  0.01    0.00   12.00 v CSB (in)
     1    0.00                           CSB (net)
                  0.01    0.00   12.00 v _224_/A (sky130_fd_sc_hd__buf_1)
                  0.22    0.21   12.21 v _224_/X (sky130_fd_sc_hd__buf_1)
     9    0.04                           _102_ (net)
                  0.22    0.00   12.21 v _225_/A (sky130_fd_sc_hd__buf_1)
                  0.29    0.34   12.55 v _225_/X (sky130_fd_sc_hd__buf_1)
    10    0.05                           _103_ (net)
                  0.29    0.00   12.55 v _271_/B (sky130_fd_sc_hd__nor2_2)
                  0.09    0.15   12.70 ^ _271_/Y (sky130_fd_sc_hd__nor2_2)
     1    0.00                           _035_ (net)
                  0.09    0.00   12.70 ^ _483_/SET_B (sky130_fd_sc_hd__dfstp_2)
                                 12.70   data arrival time

                  0.15    5.00    5.00   clock SCK' (rise edge)
                          0.00    5.00   clock network delay (ideal)
                          0.25    5.25   clock uncertainty
                          0.00    5.25   clock reconvergence pessimism
                                  5.25 ^ _483_/CLK (sky130_fd_sc_hd__dfstp_2)
                          0.18    5.43   library removal time
                                  5.43   data required time
-----------------------------------------------------------------------------
                                  5.43   data required time
                                -12.70   data arrival time
-----------------------------------------------------------------------------
                                  7.27   slack (MET)



