
===========================================================================
report_checks -path_delay max (Setup)
============================================================================
======================= Typical Corner ===================================

Startpoint: _483_ (rising edge-triggered flip-flop clocked by SCK')
Endpoint: sdoenb (output port clocked by SCK)
Path Group: SCK
Path Type: max

Fanout     Cap    Slew   Delay    Time   Description
-----------------------------------------------------------------------------
                  0.15    5.00    5.00   clock SCK' (rise edge)
                          0.00    5.00   clock network delay (ideal)
                  0.15    0.00    5.00 ^ _483_/CLK (sky130_fd_sc_hd__dfstp_2)
                  0.20    0.70    5.70 ^ _483_/Q (sky130_fd_sc_hd__dfstp_2)
     1    0.04                           sdoenb (net)
                  0.20    0.00    5.71 ^ sdoenb (out)
                                  5.71   data arrival time

                  0.15   10.00   10.00   clock SCK (rise edge)
                          0.00   10.00   clock network delay (ideal)
                         -0.25    9.75   clock uncertainty
                          0.00    9.75   clock reconvergence pessimism
                         -2.00    7.75   output external delay
                                  7.75   data required time
-----------------------------------------------------------------------------
                                  7.75   data required time
                                 -5.71   data arrival time
-----------------------------------------------------------------------------
                                  2.04   slack (MET)


Startpoint: idata[2] (input port clocked by SCK)
Endpoint: _493_ (rising edge-triggered flip-flop clocked by SCK')
Path Group: SCK
Path Type: max

Fanout     Cap    Slew   Delay    Time   Description
-----------------------------------------------------------------------------
                  0.15    0.00    0.00   clock SCK (rise edge)
                          0.00    0.00   clock network delay (ideal)
                          2.00    2.00 v input external delay
                  0.02    0.01    2.01 v idata[2] (in)
     1    0.01                           idata[2] (net)
                  0.02    0.00    2.01 v _250_/A0 (sky130_fd_sc_hd__mux2_2)
                  0.05    0.26    2.27 v _250_/X (sky130_fd_sc_hd__mux2_2)
     1    0.00                           _117_ (net)
                  0.05    0.00    2.27 v _251_/A0 (sky130_fd_sc_hd__mux2_2)
                  0.05    0.26    2.53 v _251_/X (sky130_fd_sc_hd__mux2_2)
     1    0.00                           _118_ (net)
                  0.05    0.00    2.53 v _252_/A (sky130_fd_sc_hd__buf_1)
                  0.02    0.09    2.62 v _252_/X (sky130_fd_sc_hd__buf_1)
     1    0.00                           _094_ (net)
                  0.02    0.00    2.62 v _493_/D (sky130_fd_sc_hd__dfrtp_2)
                                  2.62   data arrival time

                  0.15    5.00    5.00   clock SCK' (rise edge)
                          0.00    5.00   clock network delay (ideal)
                         -0.25    4.75   clock uncertainty
                          0.00    4.75   clock reconvergence pessimism
                                  4.75 ^ _493_/CLK (sky130_fd_sc_hd__dfrtp_2)
                         -0.08    4.67   library setup time
                                  4.67   data required time
-----------------------------------------------------------------------------
                                  4.67   data required time
                                 -2.62   data arrival time
-----------------------------------------------------------------------------
                                  2.05   slack (MET)


Startpoint: idata[5] (input port clocked by SCK)
Endpoint: _496_ (rising edge-triggered flip-flop clocked by SCK')
Path Group: SCK
Path Type: max

Fanout     Cap    Slew   Delay    Time   Description
-----------------------------------------------------------------------------
                  0.15    0.00    0.00   clock SCK (rise edge)
                          0.00    0.00   clock network delay (ideal)
                          2.00    2.00 v input external delay
                  0.02    0.01    2.01 v idata[5] (in)
     1    0.01                           idata[5] (net)
                  0.02    0.00    2.01 v _238_/A0 (sky130_fd_sc_hd__mux2_2)
                  0.05    0.25    2.27 v _238_/X (sky130_fd_sc_hd__mux2_2)
     1    0.00                           _111_ (net)
                  0.05    0.00    2.27 v _239_/A0 (sky130_fd_sc_hd__mux2_2)
                  0.05    0.26    2.53 v _239_/X (sky130_fd_sc_hd__mux2_2)
     1    0.00                           _112_ (net)
                  0.05    0.00    2.53 v _240_/A (sky130_fd_sc_hd__buf_1)
                  0.02    0.09    2.62 v _240_/X (sky130_fd_sc_hd__buf_1)
     1    0.00                           _097_ (net)
                  0.02    0.00    2.62 v _496_/D (sky130_fd_sc_hd__dfrtp_2)
                                  2.62   data arrival time

                  0.15    5.00    5.00   clock SCK' (rise edge)
                          0.00    5.00   clock network delay (ideal)
                         -0.25    4.75   clock uncertainty
                          0.00    4.75   clock reconvergence pessimism
                                  4.75 ^ _496_/CLK (sky130_fd_sc_hd__dfrtp_2)
                         -0.08    4.67   library setup time
                                  4.67   data required time
-----------------------------------------------------------------------------
                                  4.67   data required time
                                 -2.62   data arrival time
-----------------------------------------------------------------------------
                                  2.05   slack (MET)


Startpoint: idata[7] (input port clocked by SCK)
Endpoint: _498_ (rising edge-triggered flip-flop clocked by SCK')
Path Group: SCK
Path Type: max

Fanout     Cap    Slew   Delay    Time   Description
-----------------------------------------------------------------------------
                  0.15    0.00    0.00   clock SCK (rise edge)
                          0.00    0.00   clock network delay (ideal)
                          2.00    2.00 v input external delay
                  0.02    0.01    2.01 v idata[7] (in)
     1    0.01                           idata[7] (net)
                  0.02    0.00    2.01 v _229_/A0 (sky130_fd_sc_hd__mux2_2)
                  0.04    0.25    2.26 v _229_/X (sky130_fd_sc_hd__mux2_2)
     1    0.00                           _106_ (net)
                  0.04    0.00    2.26 v _231_/A0 (sky130_fd_sc_hd__mux2_2)
                  0.05    0.26    2.53 v _231_/X (sky130_fd_sc_hd__mux2_2)
     1    0.00                           _108_ (net)
                  0.05    0.00    2.53 v _232_/A (sky130_fd_sc_hd__buf_1)
                  0.02    0.09    2.61 v _232_/X (sky130_fd_sc_hd__buf_1)
     1    0.00                           _099_ (net)
                  0.02    0.00    2.61 v _498_/D (sky130_fd_sc_hd__dfrtp_2)
                                  2.61   data arrival time

                  0.15    5.00    5.00   clock SCK' (rise edge)
                          0.00    5.00   clock network delay (ideal)
                         -0.25    4.75   clock uncertainty
                          0.00    4.75   clock reconvergence pessimism
                                  4.75 ^ _498_/CLK (sky130_fd_sc_hd__dfrtp_2)
                         -0.08    4.67   library setup time
                                  4.67   data required time
-----------------------------------------------------------------------------
                                  4.67   data required time
                                 -2.61   data arrival time
-----------------------------------------------------------------------------
                                  2.05   slack (MET)


Startpoint: idata[4] (input port clocked by SCK)
Endpoint: _495_ (rising edge-triggered flip-flop clocked by SCK')
Path Group: SCK
Path Type: max

Fanout     Cap    Slew   Delay    Time   Description
-----------------------------------------------------------------------------
                  0.15    0.00    0.00   clock SCK (rise edge)
                          0.00    0.00   clock network delay (ideal)
                          2.00    2.00 v input external delay
                  0.01    0.01    2.01 v idata[4] (in)
     1    0.01                           idata[4] (net)
                  0.01    0.00    2.01 v _242_/A0 (sky130_fd_sc_hd__mux2_2)
                  0.05    0.25    2.26 v _242_/X (sky130_fd_sc_hd__mux2_2)
     1    0.00                           _113_ (net)
                  0.05    0.00    2.26 v _243_/A0 (sky130_fd_sc_hd__mux2_2)
                  0.05    0.26    2.53 v _243_/X (sky130_fd_sc_hd__mux2_2)
     1    0.00                           _114_ (net)
                  0.05    0.00    2.53 v _244_/A (sky130_fd_sc_hd__buf_1)
                  0.02    0.09    2.61 v _244_/X (sky130_fd_sc_hd__buf_1)
     1    0.00                           _096_ (net)
                  0.02    0.00    2.61 v _495_/D (sky130_fd_sc_hd__dfrtp_2)
                                  2.61   data arrival time

                  0.15    5.00    5.00   clock SCK' (rise edge)
                          0.00    5.00   clock network delay (ideal)
                         -0.25    4.75   clock uncertainty
                          0.00    4.75   clock reconvergence pessimism
                                  4.75 ^ _495_/CLK (sky130_fd_sc_hd__dfrtp_2)
                         -0.08    4.67   library setup time
                                  4.67   data required time
-----------------------------------------------------------------------------
                                  4.67   data required time
                                 -2.61   data arrival time
-----------------------------------------------------------------------------
                                  2.05   slack (MET)


Startpoint: idata[3] (input port clocked by SCK)
Endpoint: _494_ (rising edge-triggered flip-flop clocked by SCK')
Path Group: SCK
Path Type: max

Fanout     Cap    Slew   Delay    Time   Description
-----------------------------------------------------------------------------
                  0.15    0.00    0.00   clock SCK (rise edge)
                          0.00    0.00   clock network delay (ideal)
                          2.00    2.00 v input external delay
                  0.02    0.01    2.01 v idata[3] (in)
     1    0.01                           idata[3] (net)
                  0.02    0.00    2.01 v _246_/A0 (sky130_fd_sc_hd__mux2_2)
                  0.05    0.25    2.26 v _246_/X (sky130_fd_sc_hd__mux2_2)
     1    0.00                           _115_ (net)
                  0.05    0.00    2.26 v _247_/A0 (sky130_fd_sc_hd__mux2_2)
                  0.05    0.26    2.52 v _247_/X (sky130_fd_sc_hd__mux2_2)
     1    0.00                           _116_ (net)
                  0.05    0.00    2.52 v _248_/A (sky130_fd_sc_hd__buf_1)
                  0.02    0.09    2.61 v _248_/X (sky130_fd_sc_hd__buf_1)
     1    0.00                           _095_ (net)
                  0.02    0.00    2.61 v _494_/D (sky130_fd_sc_hd__dfrtp_2)
                                  2.61   data arrival time

                  0.15    5.00    5.00   clock SCK' (rise edge)
                          0.00    5.00   clock network delay (ideal)
                         -0.25    4.75   clock uncertainty
                          0.00    4.75   clock reconvergence pessimism
                                  4.75 ^ _494_/CLK (sky130_fd_sc_hd__dfrtp_2)
                         -0.08    4.67   library setup time
                                  4.67   data required time
-----------------------------------------------------------------------------
                                  4.67   data required time
                                 -2.61   data arrival time
-----------------------------------------------------------------------------
                                  2.05   slack (MET)


Startpoint: idata[1] (input port clocked by SCK)
Endpoint: _492_ (rising edge-triggered flip-flop clocked by SCK')
Path Group: SCK
Path Type: max

Fanout     Cap    Slew   Delay    Time   Description
-----------------------------------------------------------------------------
                  0.15    0.00    0.00   clock SCK (rise edge)
                          0.00    0.00   clock network delay (ideal)
                          2.00    2.00 v input external delay
                  0.01    0.00    2.00 v idata[1] (in)
     1    0.00                           idata[1] (net)
                  0.01    0.00    2.00 v _254_/A0 (sky130_fd_sc_hd__mux2_2)
                  0.05    0.25    2.26 v _254_/X (sky130_fd_sc_hd__mux2_2)
     1    0.00                           _119_ (net)
                  0.05    0.00    2.26 v _255_/A0 (sky130_fd_sc_hd__mux2_2)
                  0.05    0.26    2.52 v _255_/X (sky130_fd_sc_hd__mux2_2)
     1    0.00                           _120_ (net)
                  0.05    0.00    2.52 v _256_/A (sky130_fd_sc_hd__buf_1)
                  0.02    0.09    2.61 v _256_/X (sky130_fd_sc_hd__buf_1)
     1    0.00                           _093_ (net)
                  0.02    0.00    2.61 v _492_/D (sky130_fd_sc_hd__dfrtp_2)
                                  2.61   data arrival time

                  0.15    5.00    5.00   clock SCK' (rise edge)
                          0.00    5.00   clock network delay (ideal)
                         -0.25    4.75   clock uncertainty
                          0.00    4.75   clock reconvergence pessimism
                                  4.75 ^ _492_/CLK (sky130_fd_sc_hd__dfrtp_2)
                         -0.08    4.67   library setup time
                                  4.67   data required time
-----------------------------------------------------------------------------
                                  4.67   data required time
                                 -2.61   data arrival time
-----------------------------------------------------------------------------
                                  2.06   slack (MET)


Startpoint: idata[6] (input port clocked by SCK)
Endpoint: _497_ (rising edge-triggered flip-flop clocked by SCK')
Path Group: SCK
Path Type: max

Fanout     Cap    Slew   Delay    Time   Description
-----------------------------------------------------------------------------
                  0.15    0.00    0.00   clock SCK (rise edge)
                          0.00    0.00   clock network delay (ideal)
                          2.00    2.00 v input external delay
                  0.01    0.00    2.00 v idata[6] (in)
     1    0.00                           idata[6] (net)
                  0.01    0.00    2.00 v _234_/A0 (sky130_fd_sc_hd__mux2_2)
                  0.05    0.25    2.25 v _234_/X (sky130_fd_sc_hd__mux2_2)
     1    0.00                           _109_ (net)
                  0.05    0.00    2.25 v _235_/A0 (sky130_fd_sc_hd__mux2_2)
                  0.05    0.26    2.52 v _235_/X (sky130_fd_sc_hd__mux2_2)
     1    0.00                           _110_ (net)
                  0.05    0.00    2.52 v _236_/A (sky130_fd_sc_hd__buf_1)
                  0.02    0.09    2.61 v _236_/X (sky130_fd_sc_hd__buf_1)
     1    0.00                           _098_ (net)
                  0.02    0.00    2.61 v _497_/D (sky130_fd_sc_hd__dfrtp_2)
                                  2.61   data arrival time

                  0.15    5.00    5.00   clock SCK' (rise edge)
                          0.00    5.00   clock network delay (ideal)
                         -0.25    4.75   clock uncertainty
                          0.00    4.75   clock reconvergence pessimism
                                  4.75 ^ _497_/CLK (sky130_fd_sc_hd__dfrtp_2)
                         -0.08    4.67   library setup time
                                  4.67   data required time
-----------------------------------------------------------------------------
                                  4.67   data required time
                                 -2.61   data arrival time
-----------------------------------------------------------------------------
                                  2.06   slack (MET)


Startpoint: reset (input port clocked by SCK)
Endpoint: _483_ (recovery check against rising-edge clock SCK')
Path Group: asynchronous
Path Type: max

Fanout     Cap    Slew   Delay    Time   Description
-----------------------------------------------------------------------------
                  0.15    0.00    0.00   clock SCK (rise edge)
                          0.00    0.00   clock network delay (ideal)
                          2.00    2.00 v input external delay
                  0.01    0.00    2.00 v reset (in)
     1    0.00                           reset (net)
                  0.01    0.00    2.00 v _222_/A (sky130_fd_sc_hd__buf_1)
                  0.21    0.22    2.23 v _222_/X (sky130_fd_sc_hd__buf_1)
     9    0.04                           _100_ (net)
                  0.21    0.00    2.23 v _223_/A (sky130_fd_sc_hd__buf_1)
                  0.29    0.37    2.60 v _223_/X (sky130_fd_sc_hd__buf_1)
    10    0.05                           _101_ (net)
                  0.29    0.00    2.60 v _271_/A (sky130_fd_sc_hd__nor2_2)
                  0.11    0.19    2.79 ^ _271_/Y (sky130_fd_sc_hd__nor2_2)
     1    0.00                           _035_ (net)
                  0.11    0.00    2.79 ^ _483_/SET_B (sky130_fd_sc_hd__dfstp_2)
                                  2.79   data arrival time

                  0.15    5.00    5.00   clock SCK' (rise edge)
                          0.00    5.00   clock network delay (ideal)
                         -0.25    4.75   clock uncertainty
                          0.00    4.75   clock reconvergence pessimism
                                  4.75 ^ _483_/CLK (sky130_fd_sc_hd__dfstp_2)
                          0.16    4.91   library recovery time
                                  4.91   data required time
-----------------------------------------------------------------------------
                                  4.91   data required time
                                 -2.79   data arrival time
-----------------------------------------------------------------------------
                                  2.12   slack (MET)


Startpoint: reset (input port clocked by SCK)
Endpoint: _494_ (recovery check against rising-edge clock SCK')
Path Group: asynchronous
Path Type: max

Fanout     Cap    Slew   Delay    Time   Description
-----------------------------------------------------------------------------
                  0.15    0.00    0.00   clock SCK (rise edge)
                          0.00    0.00   clock network delay (ideal)
                          2.00    2.00 v input external delay
                  0.01    0.00    2.00 v reset (in)
     1    0.00                           reset (net)
                  0.01    0.00    2.00 v _222_/A (sky130_fd_sc_hd__buf_1)
                  0.21    0.22    2.23 v _222_/X (sky130_fd_sc_hd__buf_1)
     9    0.04                           _100_ (net)
                  0.21    0.00    2.23 v _223_/A (sky130_fd_sc_hd__buf_1)
                  0.29    0.37    2.60 v _223_/X (sky130_fd_sc_hd__buf_1)
    10    0.05                           _101_ (net)
                  0.29    0.00    2.60 v _245_/A (sky130_fd_sc_hd__nor2_2)
                  0.11    0.20    2.80 ^ _245_/Y (sky130_fd_sc_hd__nor2_2)
     1    0.00                           _051_ (net)
                  0.11    0.00    2.80 ^ _494_/RESET_B (sky130_fd_sc_hd__dfrtp_2)
                                  2.80   data arrival time

                  0.15    5.00    5.00   clock SCK' (rise edge)
                          0.00    5.00   clock network delay (ideal)
                         -0.25    4.75   clock uncertainty
                          0.00    4.75   clock reconvergence pessimism
                                  4.75 ^ _494_/CLK (sky130_fd_sc_hd__dfrtp_2)
                          0.23    4.98   library recovery time
                                  4.98   data required time
-----------------------------------------------------------------------------
                                  4.98   data required time
                                 -2.80   data arrival time
-----------------------------------------------------------------------------
                                  2.18   slack (MET)


Startpoint: reset (input port clocked by SCK)
Endpoint: _485_ (recovery check against rising-edge clock SCK')
Path Group: asynchronous
Path Type: max

Fanout     Cap    Slew   Delay    Time   Description
-----------------------------------------------------------------------------
                  0.15    0.00    0.00   clock SCK (rise edge)
                          0.00    0.00   clock network delay (ideal)
                          2.00    2.00 v input external delay
                  0.01    0.00    2.00 v reset (in)
     1    0.00                           reset (net)
                  0.01    0.00    2.00 v _222_/A (sky130_fd_sc_hd__buf_1)
                  0.21    0.22    2.23 v _222_/X (sky130_fd_sc_hd__buf_1)
     9    0.04                           _100_ (net)
                  0.21    0.00    2.23 v _223_/A (sky130_fd_sc_hd__buf_1)
                  0.29    0.37    2.60 v _223_/X (sky130_fd_sc_hd__buf_1)
    10    0.05                           _101_ (net)
                  0.29    0.00    2.60 v _260_/A (sky130_fd_sc_hd__nor2_2)
                  0.11    0.20    2.80 ^ _260_/Y (sky130_fd_sc_hd__nor2_2)
     1    0.00                           _038_ (net)
                  0.11    0.00    2.80 ^ _485_/RESET_B (sky130_fd_sc_hd__dfrtp_2)
                                  2.80   data arrival time

                  0.15    5.00    5.00   clock SCK' (rise edge)
                          0.00    5.00   clock network delay (ideal)
                         -0.25    4.75   clock uncertainty
                          0.00    4.75   clock reconvergence pessimism
                                  4.75 ^ _485_/CLK (sky130_fd_sc_hd__dfrtp_2)
                          0.23    4.98   library recovery time
                                  4.98   data required time
-----------------------------------------------------------------------------
                                  4.98   data required time
                                 -2.80   data arrival time
-----------------------------------------------------------------------------
                                  2.19   slack (MET)


Startpoint: reset (input port clocked by SCK)
Endpoint: _495_ (recovery check against rising-edge clock SCK')
Path Group: asynchronous
Path Type: max

Fanout     Cap    Slew   Delay    Time   Description
-----------------------------------------------------------------------------
                  0.15    0.00    0.00   clock SCK (rise edge)
                          0.00    0.00   clock network delay (ideal)
                          2.00    2.00 v input external delay
                  0.01    0.00    2.00 v reset (in)
     1    0.00                           reset (net)
                  0.01    0.00    2.00 v _222_/A (sky130_fd_sc_hd__buf_1)
                  0.21    0.22    2.23 v _222_/X (sky130_fd_sc_hd__buf_1)
     9    0.04                           _100_ (net)
                  0.21    0.00    2.23 v _223_/A (sky130_fd_sc_hd__buf_1)
                  0.29    0.37    2.60 v _223_/X (sky130_fd_sc_hd__buf_1)
    10    0.05                           _101_ (net)
                  0.29    0.00    2.60 v _241_/A (sky130_fd_sc_hd__nor2_2)
                  0.11    0.19    2.79 ^ _241_/Y (sky130_fd_sc_hd__nor2_2)
     1    0.00                           _053_ (net)
                  0.11    0.00    2.79 ^ _495_/RESET_B (sky130_fd_sc_hd__dfrtp_2)
                                  2.79   data arrival time

                  0.15    5.00    5.00   clock SCK' (rise edge)
                          0.00    5.00   clock network delay (ideal)
                         -0.25    4.75   clock uncertainty
                          0.00    4.75   clock reconvergence pessimism
                                  4.75 ^ _495_/CLK (sky130_fd_sc_hd__dfrtp_2)
                          0.23    4.98   library recovery time
                                  4.98   data required time
-----------------------------------------------------------------------------
                                  4.98   data required time
                                 -2.79   data arrival time
-----------------------------------------------------------------------------
                                  2.19   slack (MET)


Startpoint: reset (input port clocked by SCK)
Endpoint: _498_ (recovery check against rising-edge clock SCK')
Path Group: asynchronous
Path Type: max

Fanout     Cap    Slew   Delay    Time   Description
-----------------------------------------------------------------------------
                  0.15    0.00    0.00   clock SCK (rise edge)
                          0.00    0.00   clock network delay (ideal)
                          2.00    2.00 v input external delay
                  0.01    0.00    2.00 v reset (in)
     1    0.00                           reset (net)
                  0.01    0.00    2.00 v _222_/A (sky130_fd_sc_hd__buf_1)
                  0.21    0.22    2.23 v _222_/X (sky130_fd_sc_hd__buf_1)
     9    0.04                           _100_ (net)
                  0.21    0.00    2.23 v _223_/A (sky130_fd_sc_hd__buf_1)
                  0.29    0.37    2.60 v _223_/X (sky130_fd_sc_hd__buf_1)
    10    0.05                           _101_ (net)
                  0.29    0.00    2.60 v _226_/A (sky130_fd_sc_hd__nor2_2)
                  0.11    0.19    2.79 ^ _226_/Y (sky130_fd_sc_hd__nor2_2)
     1    0.00                           _059_ (net)
                  0.11    0.00    2.79 ^ _498_/RESET_B (sky130_fd_sc_hd__dfrtp_2)
                                  2.79   data arrival time

                  0.15    5.00    5.00   clock SCK' (rise edge)
                          0.00    5.00   clock network delay (ideal)
                         -0.25    4.75   clock uncertainty
                          0.00    4.75   clock reconvergence pessimism
                                  4.75 ^ _498_/CLK (sky130_fd_sc_hd__dfrtp_2)
                          0.23    4.98   library recovery time
                                  4.98   data required time
-----------------------------------------------------------------------------
                                  4.98   data required time
                                 -2.79   data arrival time
-----------------------------------------------------------------------------
                                  2.19   slack (MET)


Startpoint: reset (input port clocked by SCK)
Endpoint: _491_ (recovery check against rising-edge clock SCK')
Path Group: asynchronous
Path Type: max

Fanout     Cap    Slew   Delay    Time   Description
-----------------------------------------------------------------------------
                  0.15    0.00    0.00   clock SCK (rise edge)
                          0.00    0.00   clock network delay (ideal)
                          2.00    2.00 v input external delay
                  0.01    0.00    2.00 v reset (in)
     1    0.00                           reset (net)
                  0.01    0.00    2.00 v _222_/A (sky130_fd_sc_hd__buf_1)
                  0.21    0.22    2.23 v _222_/X (sky130_fd_sc_hd__buf_1)
     9    0.04                           _100_ (net)
                  0.21    0.00    2.23 v _223_/A (sky130_fd_sc_hd__buf_1)
                  0.29    0.37    2.60 v _223_/X (sky130_fd_sc_hd__buf_1)
    10    0.05                           _101_ (net)
                  0.29    0.00    2.60 v _257_/A (sky130_fd_sc_hd__nor2_2)
                  0.11    0.19    2.79 ^ _257_/Y (sky130_fd_sc_hd__nor2_2)
     1    0.00                           _045_ (net)
                  0.11    0.00    2.79 ^ _491_/RESET_B (sky130_fd_sc_hd__dfrtp_2)
                                  2.79   data arrival time

                  0.15    5.00    5.00   clock SCK' (rise edge)
                          0.00    5.00   clock network delay (ideal)
                         -0.25    4.75   clock uncertainty
                          0.00    4.75   clock reconvergence pessimism
                                  4.75 ^ _491_/CLK (sky130_fd_sc_hd__dfrtp_2)
                          0.23    4.98   library recovery time
                                  4.98   data required time
-----------------------------------------------------------------------------
                                  4.98   data required time
                                 -2.79   data arrival time
-----------------------------------------------------------------------------
                                  2.19   slack (MET)


Startpoint: reset (input port clocked by SCK)
Endpoint: _493_ (recovery check against rising-edge clock SCK')
Path Group: asynchronous
Path Type: max

Fanout     Cap    Slew   Delay    Time   Description
-----------------------------------------------------------------------------
                  0.15    0.00    0.00   clock SCK (rise edge)
                          0.00    0.00   clock network delay (ideal)
                          2.00    2.00 v input external delay
                  0.01    0.00    2.00 v reset (in)
     1    0.00                           reset (net)
                  0.01    0.00    2.00 v _222_/A (sky130_fd_sc_hd__buf_1)
                  0.21    0.22    2.23 v _222_/X (sky130_fd_sc_hd__buf_1)
     9    0.04                           _100_ (net)
                  0.21    0.00    2.23 v _223_/A (sky130_fd_sc_hd__buf_1)
                  0.29    0.37    2.60 v _223_/X (sky130_fd_sc_hd__buf_1)
    10    0.05                           _101_ (net)
                  0.29    0.00    2.60 v _249_/A (sky130_fd_sc_hd__nor2_2)
                  0.11    0.19    2.79 ^ _249_/Y (sky130_fd_sc_hd__nor2_2)
     1    0.00                           _049_ (net)
                  0.11    0.00    2.79 ^ _493_/RESET_B (sky130_fd_sc_hd__dfrtp_2)
                                  2.79   data arrival time

                  0.15    5.00    5.00   clock SCK' (rise edge)
                          0.00    5.00   clock network delay (ideal)
                         -0.25    4.75   clock uncertainty
                          0.00    4.75   clock reconvergence pessimism
                                  4.75 ^ _493_/CLK (sky130_fd_sc_hd__dfrtp_2)
                          0.23    4.98   library recovery time
                                  4.98   data required time
-----------------------------------------------------------------------------
                                  4.98   data required time
                                 -2.79   data arrival time
-----------------------------------------------------------------------------
                                  2.19   slack (MET)


Startpoint: reset (input port clocked by SCK)
Endpoint: _492_ (recovery check against rising-edge clock SCK')
Path Group: asynchronous
Path Type: max

Fanout     Cap    Slew   Delay    Time   Description
-----------------------------------------------------------------------------
                  0.15    0.00    0.00   clock SCK (rise edge)
                          0.00    0.00   clock network delay (ideal)
                          2.00    2.00 v input external delay
                  0.01    0.00    2.00 v reset (in)
     1    0.00                           reset (net)
                  0.01    0.00    2.00 v _222_/A (sky130_fd_sc_hd__buf_1)
                  0.21    0.22    2.23 v _222_/X (sky130_fd_sc_hd__buf_1)
     9    0.04                           _100_ (net)
                  0.21    0.00    2.23 v _223_/A (sky130_fd_sc_hd__buf_1)
                  0.29    0.37    2.60 v _223_/X (sky130_fd_sc_hd__buf_1)
    10    0.05                           _101_ (net)
                  0.29    0.00    2.60 v _253_/A (sky130_fd_sc_hd__nor2_2)
                  0.11    0.19    2.79 ^ _253_/Y (sky130_fd_sc_hd__nor2_2)
     1    0.00                           _047_ (net)
                  0.11    0.00    2.79 ^ _492_/RESET_B (sky130_fd_sc_hd__dfrtp_2)
                                  2.79   data arrival time

                  0.15    5.00    5.00   clock SCK' (rise edge)
                          0.00    5.00   clock network delay (ideal)
                         -0.25    4.75   clock uncertainty
                          0.00    4.75   clock reconvergence pessimism
                                  4.75 ^ _492_/CLK (sky130_fd_sc_hd__dfrtp_2)
                          0.23    4.98   library recovery time
                                  4.98   data required time
-----------------------------------------------------------------------------
                                  4.98   data required time
                                 -2.79   data arrival time
-----------------------------------------------------------------------------
                                  2.19   slack (MET)


Startpoint: reset (input port clocked by SCK)
Endpoint: _496_ (recovery check against rising-edge clock SCK')
Path Group: asynchronous
Path Type: max

Fanout     Cap    Slew   Delay    Time   Description
-----------------------------------------------------------------------------
                  0.15    0.00    0.00   clock SCK (rise edge)
                          0.00    0.00   clock network delay (ideal)
                          2.00    2.00 v input external delay
                  0.01    0.00    2.00 v reset (in)
     1    0.00                           reset (net)
                  0.01    0.00    2.00 v _222_/A (sky130_fd_sc_hd__buf_1)
                  0.21    0.22    2.23 v _222_/X (sky130_fd_sc_hd__buf_1)
     9    0.04                           _100_ (net)
                  0.21    0.00    2.23 v _223_/A (sky130_fd_sc_hd__buf_1)
                  0.29    0.37    2.60 v _223_/X (sky130_fd_sc_hd__buf_1)
    10    0.05                           _101_ (net)
                  0.29    0.00    2.60 v _237_/A (sky130_fd_sc_hd__nor2_2)
                  0.11    0.19    2.79 ^ _237_/Y (sky130_fd_sc_hd__nor2_2)
     1    0.00                           _055_ (net)
                  0.11    0.00    2.79 ^ _496_/RESET_B (sky130_fd_sc_hd__dfrtp_2)
                                  2.79   data arrival time

                  0.15    5.00    5.00   clock SCK' (rise edge)
                          0.00    5.00   clock network delay (ideal)
                         -0.25    4.75   clock uncertainty
                          0.00    4.75   clock reconvergence pessimism
                                  4.75 ^ _496_/CLK (sky130_fd_sc_hd__dfrtp_2)
                          0.23    4.98   library recovery time
                                  4.98   data required time
-----------------------------------------------------------------------------
                                  4.98   data required time
                                 -2.79   data arrival time
-----------------------------------------------------------------------------
                                  2.19   slack (MET)


Startpoint: reset (input port clocked by SCK)
Endpoint: _497_ (recovery check against rising-edge clock SCK')
Path Group: asynchronous
Path Type: max

Fanout     Cap    Slew   Delay    Time   Description
-----------------------------------------------------------------------------
                  0.15    0.00    0.00   clock SCK (rise edge)
                          0.00    0.00   clock network delay (ideal)
                          2.00    2.00 v input external delay
                  0.01    0.00    2.00 v reset (in)
     1    0.00                           reset (net)
                  0.01    0.00    2.00 v _222_/A (sky130_fd_sc_hd__buf_1)
                  0.21    0.22    2.23 v _222_/X (sky130_fd_sc_hd__buf_1)
     9    0.04                           _100_ (net)
                  0.21    0.00    2.23 v _223_/A (sky130_fd_sc_hd__buf_1)
                  0.29    0.37    2.60 v _223_/X (sky130_fd_sc_hd__buf_1)
    10    0.05                           _101_ (net)
                  0.29    0.00    2.60 v _233_/A (sky130_fd_sc_hd__nor2_2)
                  0.11    0.19    2.79 ^ _233_/Y (sky130_fd_sc_hd__nor2_2)
     1    0.00                           _057_ (net)
                  0.11    0.00    2.79 ^ _497_/RESET_B (sky130_fd_sc_hd__dfrtp_2)
                                  2.79   data arrival time

                  0.15    5.00    5.00   clock SCK' (rise edge)
                          0.00    5.00   clock network delay (ideal)
                         -0.25    4.75   clock uncertainty
                          0.00    4.75   clock reconvergence pessimism
                                  4.75 ^ _497_/CLK (sky130_fd_sc_hd__dfrtp_2)
                          0.23    4.98   library recovery time
                                  4.98   data required time
-----------------------------------------------------------------------------
                                  4.98   data required time
                                 -2.79   data arrival time
-----------------------------------------------------------------------------
                                  2.19   slack (MET)


Startpoint: _485_ (rising edge-triggered flip-flop clocked by SCK')
Endpoint: wrstb (output port clocked by SCK)
Path Group: SCK
Path Type: max

Fanout     Cap    Slew   Delay    Time   Description
-----------------------------------------------------------------------------
                  0.15    5.00    5.00   clock SCK' (rise edge)
                          0.00    5.00   clock network delay (ideal)
                  0.15    0.00    5.00 ^ _485_/CLK (sky130_fd_sc_hd__dfrtp_2)
                  0.12    0.54    5.54 v _485_/Q (sky130_fd_sc_hd__dfrtp_2)
     2    0.04                           wrstb (net)
                  0.12    0.00    5.54 v wrstb (out)
                                  5.54   data arrival time

                  0.15   10.00   10.00   clock SCK (rise edge)
                          0.00   10.00   clock network delay (ideal)
                         -0.25    9.75   clock uncertainty
                          0.00    9.75   clock reconvergence pessimism
                         -2.00    7.75   output external delay
                                  7.75   data required time
-----------------------------------------------------------------------------
                                  7.75   data required time
                                 -5.54   data arrival time
-----------------------------------------------------------------------------
                                  2.21   slack (MET)


Startpoint: _498_ (rising edge-triggered flip-flop clocked by SCK')
Endpoint: SDO (output port clocked by SCK)
Path Group: SCK
Path Type: max

Fanout     Cap    Slew   Delay    Time   Description
-----------------------------------------------------------------------------
                  0.15    5.00    5.00   clock SCK' (rise edge)
                          0.00    5.00   clock network delay (ideal)
                  0.15    0.00    5.00 ^ _498_/CLK (sky130_fd_sc_hd__dfrtp_2)
                  0.11    0.54    5.54 v _498_/Q (sky130_fd_sc_hd__dfrtp_2)
     2    0.04                           SDO (net)
                  0.11    0.00    5.54 v SDO (out)
                                  5.54   data arrival time

                  0.15   10.00   10.00   clock SCK (rise edge)
                          0.00   10.00   clock network delay (ideal)
                         -0.25    9.75   clock uncertainty
                          0.00    9.75   clock reconvergence pessimism
                         -2.00    7.75   output external delay
                                  7.75   data required time
-----------------------------------------------------------------------------
                                  7.75   data required time
                                 -5.54   data arrival time
-----------------------------------------------------------------------------
                                  2.21   slack (MET)


Startpoint: idata[0] (input port clocked by SCK)
Endpoint: _491_ (rising edge-triggered flip-flop clocked by SCK')
Path Group: SCK
Path Type: max

Fanout     Cap    Slew   Delay    Time   Description
-----------------------------------------------------------------------------
                  0.15    0.00    0.00   clock SCK (rise edge)
                          0.00    0.00   clock network delay (ideal)
                          2.00    2.00 v input external delay
                  0.01    0.01    2.01 v idata[0] (in)
     1    0.00                           idata[0] (net)
                  0.01    0.00    2.01 v _259_/B2 (sky130_fd_sc_hd__a22o_2)
                  0.04    0.21    2.22 v _259_/X (sky130_fd_sc_hd__a22o_2)
     1    0.00                           _092_ (net)
                  0.04    0.00    2.22 v _491_/D (sky130_fd_sc_hd__dfrtp_2)
                                  2.22   data arrival time

                  0.15    5.00    5.00   clock SCK' (rise edge)
                          0.00    5.00   clock network delay (ideal)
                         -0.25    4.75   clock uncertainty
                          0.00    4.75   clock reconvergence pessimism
                                  4.75 ^ _491_/CLK (sky130_fd_sc_hd__dfrtp_2)
                         -0.09    4.66   library setup time
                                  4.66   data required time
-----------------------------------------------------------------------------
                                  4.66   data required time
                                 -2.22   data arrival time
-----------------------------------------------------------------------------
                                  2.44   slack (MET)


Startpoint: _469_ (rising edge-triggered flip-flop clocked by SCK)
Endpoint: _485_ (rising edge-triggered flip-flop clocked by SCK')
Path Group: SCK
Path Type: max

Fanout     Cap    Slew   Delay    Time   Description
-----------------------------------------------------------------------------
                  0.15    0.00    0.00   clock SCK (rise edge)
                          0.00    0.00   clock network delay (ideal)
                  0.15    0.00    0.00 ^ _469_/CLK (sky130_fd_sc_hd__dfrtp_2)
                  0.16    0.50    0.50 ^ _469_/Q (sky130_fd_sc_hd__dfrtp_2)
     9    0.03                           count[2] (net)
                  0.16    0.00    0.50 ^ _261_/A (sky130_fd_sc_hd__and3_2)
                  0.04    0.20    0.70 ^ _261_/X (sky130_fd_sc_hd__and3_2)
     1    0.00                           _122_ (net)
                  0.04    0.00    0.70 ^ _262_/A (sky130_fd_sc_hd__buf_1)
                  0.35    0.31    1.00 ^ _262_/X (sky130_fd_sc_hd__buf_1)
     8    0.03                           _123_ (net)
                  0.35    0.00    1.00 ^ _263_/C1 (sky130_fd_sc_hd__o211a_2)
                  0.04    0.25    1.25 ^ _263_/X (sky130_fd_sc_hd__o211a_2)
     1    0.00                           _091_ (net)
                  0.04    0.00    1.25 ^ _485_/D (sky130_fd_sc_hd__dfrtp_2)
                                  1.25   data arrival time

                  0.15    5.00    5.00   clock SCK' (rise edge)
                          0.00    5.00   clock network delay (ideal)
                         -0.25    4.75   clock uncertainty
                          0.00    4.75   clock reconvergence pessimism
                                  4.75 ^ _485_/CLK (sky130_fd_sc_hd__dfrtp_2)
                         -0.05    4.70   library setup time
                                  4.70   data required time
-----------------------------------------------------------------------------
                                  4.70   data required time
                                 -1.25   data arrival time
-----------------------------------------------------------------------------
                                  3.46   slack (MET)


Startpoint: _488_ (rising edge-triggered flip-flop clocked by SCK)
Endpoint: _483_ (rising edge-triggered flip-flop clocked by SCK')
Path Group: SCK
Path Type: max

Fanout     Cap    Slew   Delay    Time   Description
-----------------------------------------------------------------------------
                  0.15    0.00    0.00   clock SCK (rise edge)
                          0.00    0.00   clock network delay (ideal)
                  0.15    0.00    0.00 ^ _488_/CLK (sky130_fd_sc_hd__dfrtp_2)
                  0.09    0.51    0.51 v _488_/Q (sky130_fd_sc_hd__dfrtp_2)
     8    0.03                           state[2] (net)
                  0.09    0.00    0.51 v _230_/B (sky130_fd_sc_hd__nand2_2)
                  0.23    0.23    0.74 ^ _230_/Y (sky130_fd_sc_hd__nand2_2)
    10    0.04                           _107_ (net)
                  0.23    0.00    0.74 ^ _385_/B1 (sky130_fd_sc_hd__o21a_2)
                  0.04    0.18    0.92 ^ _385_/X (sky130_fd_sc_hd__o21a_2)
     1    0.00                           _000_ (net)
                  0.04    0.00    0.92 ^ _483_/D (sky130_fd_sc_hd__dfstp_2)
                                  0.92   data arrival time

                  0.15    5.00    5.00   clock SCK' (rise edge)
                          0.00    5.00   clock network delay (ideal)
                         -0.25    4.75   clock uncertainty
                          0.00    4.75   clock reconvergence pessimism
                                  4.75 ^ _483_/CLK (sky130_fd_sc_hd__dfstp_2)
                         -0.04    4.71   library setup time
                                  4.71   data required time
-----------------------------------------------------------------------------
                                  4.71   data required time
                                 -0.92   data arrival time
-----------------------------------------------------------------------------
                                  3.79   slack (MET)


Startpoint: SDI (input port clocked by SCK)
Endpoint: oaddr[0] (output port clocked by SCK)
Path Group: SCK
Path Type: max

Fanout     Cap    Slew   Delay    Time   Description
-----------------------------------------------------------------------------
                  0.15    0.00    0.00   clock SCK (rise edge)
                          0.00    0.00   clock network delay (ideal)
                          2.00    2.00 ^ input external delay
                  0.15    0.11    2.11 ^ SDI (in)
     8    0.03                           SDI (net)
                  0.15    0.00    2.11 ^ _386_/A1 (sky130_fd_sc_hd__mux2_2)
                  0.04    0.17    2.28 ^ _386_/X (sky130_fd_sc_hd__mux2_2)
     1    0.00                           _208_ (net)
                  0.04    0.00    2.28 ^ _387_/A (sky130_fd_sc_hd__buf_1)
                  0.40    0.35    2.63 ^ _387_/X (sky130_fd_sc_hd__buf_1)
     1    0.03                           oaddr[0] (net)
                  0.40    0.00    2.63 ^ oaddr[0] (out)
                                  2.63   data arrival time

                  0.15   10.00   10.00   clock SCK (rise edge)
                          0.00   10.00   clock network delay (ideal)
                         -0.25    9.75   clock uncertainty
                          0.00    9.75   clock reconvergence pessimism
                         -2.00    7.75   output external delay
                                  7.75   data required time
-----------------------------------------------------------------------------
                                  7.75   data required time
                                 -2.63   data arrival time
-----------------------------------------------------------------------------
                                  5.12   slack (MET)


Startpoint: SDI (input port clocked by SCK)
Endpoint: odata[0] (output port clocked by SCK)
Path Group: SCK
Path Type: max

Fanout     Cap    Slew   Delay    Time   Description
-----------------------------------------------------------------------------
                  0.15    0.00    0.00   clock SCK (rise edge)
                          0.00    0.00   clock network delay (ideal)
                          2.00    2.00 ^ input external delay
                  0.15    0.11    2.11 ^ SDI (in)
     8    0.03                           SDI (net)
                  0.15    0.00    2.11 ^ _499_/A (sky130_fd_sc_hd__buf_2)
                  0.17    0.25    2.35 ^ _499_/X (sky130_fd_sc_hd__buf_2)
     1    0.03                           odata[0] (net)
                  0.17    0.00    2.35 ^ odata[0] (out)
                                  2.35   data arrival time

                  0.15   10.00   10.00   clock SCK (rise edge)
                          0.00   10.00   clock network delay (ideal)
                         -0.25    9.75   clock uncertainty
                          0.00    9.75   clock reconvergence pessimism
                         -2.00    7.75   output external delay
                                  7.75   data required time
-----------------------------------------------------------------------------
                                  7.75   data required time
                                 -2.35   data arrival time
-----------------------------------------------------------------------------
                                  5.40   slack (MET)


Startpoint: _489_ (rising edge-triggered flip-flop clocked by SCK)
Endpoint: oaddr[2] (output port clocked by SCK)
Path Group: SCK
Path Type: max

Fanout     Cap    Slew   Delay    Time   Description
-----------------------------------------------------------------------------
                  0.15    0.00    0.00   clock SCK (rise edge)
                          0.00    0.00   clock network delay (ideal)
                  0.15    0.00    0.00 ^ _489_/CLK (sky130_fd_sc_hd__dfrtp_2)
                  0.08    0.44    0.44 ^ _489_/Q (sky130_fd_sc_hd__dfrtp_2)
     4    0.01                           state[3] (net)
                  0.08    0.00    0.44 ^ _310_/A (sky130_fd_sc_hd__buf_1)
                  0.42    0.37    0.81 ^ _310_/X (sky130_fd_sc_hd__buf_1)
    10    0.04                           _155_ (net)
                  0.42    0.00    0.81 ^ _332_/A (sky130_fd_sc_hd__buf_1)
                  0.45    0.44    1.25 ^ _332_/X (sky130_fd_sc_hd__buf_1)
    10    0.04                           _172_ (net)
                  0.45    0.00    1.25 ^ _389_/S (sky130_fd_sc_hd__mux2_2)
                  0.06    0.42    1.67 v _389_/X (sky130_fd_sc_hd__mux2_2)
     1    0.01                           _209_ (net)
                  0.06    0.00    1.67 v _390_/A (sky130_fd_sc_hd__buf_1)
                  0.22    0.26    1.93 v _390_/X (sky130_fd_sc_hd__buf_1)
     1    0.04                           oaddr[2] (net)
                  0.22    0.00    1.93 v oaddr[2] (out)
                                  1.93   data arrival time

                  0.15   10.00   10.00   clock SCK (rise edge)
                          0.00   10.00   clock network delay (ideal)
                         -0.25    9.75   clock uncertainty
                          0.00    9.75   clock reconvergence pessimism
                         -2.00    7.75   output external delay
                                  7.75   data required time
-----------------------------------------------------------------------------
                                  7.75   data required time
                                 -1.93   data arrival time
-----------------------------------------------------------------------------
                                  5.82   slack (MET)


Startpoint: _489_ (rising edge-triggered flip-flop clocked by SCK)
Endpoint: oaddr[3] (output port clocked by SCK)
Path Group: SCK
Path Type: max

Fanout     Cap    Slew   Delay    Time   Description
-----------------------------------------------------------------------------
                  0.15    0.00    0.00   clock SCK (rise edge)
                          0.00    0.00   clock network delay (ideal)
                  0.15    0.00    0.00 ^ _489_/CLK (sky130_fd_sc_hd__dfrtp_2)
                  0.08    0.44    0.44 ^ _489_/Q (sky130_fd_sc_hd__dfrtp_2)
     4    0.01                           state[3] (net)
                  0.08    0.00    0.44 ^ _310_/A (sky130_fd_sc_hd__buf_1)
                  0.42    0.37    0.81 ^ _310_/X (sky130_fd_sc_hd__buf_1)
    10    0.04                           _155_ (net)
                  0.42    0.00    0.81 ^ _332_/A (sky130_fd_sc_hd__buf_1)
                  0.45    0.44    1.25 ^ _332_/X (sky130_fd_sc_hd__buf_1)
    10    0.04                           _172_ (net)
                  0.45    0.00    1.25 ^ _391_/S (sky130_fd_sc_hd__mux2_2)
                  0.06    0.42    1.67 v _391_/X (sky130_fd_sc_hd__mux2_2)
     1    0.01                           _210_ (net)
                  0.06    0.00    1.67 v _392_/A (sky130_fd_sc_hd__buf_1)
                  0.20    0.24    1.91 v _392_/X (sky130_fd_sc_hd__buf_1)
     1    0.03                           oaddr[3] (net)
                  0.20    0.00    1.91 v oaddr[3] (out)
                                  1.91   data arrival time

                  0.15   10.00   10.00   clock SCK (rise edge)
                          0.00   10.00   clock network delay (ideal)
                         -0.25    9.75   clock uncertainty
                          0.00    9.75   clock reconvergence pessimism
                         -2.00    7.75   output external delay
                                  7.75   data required time
-----------------------------------------------------------------------------
                                  7.75   data required time
                                 -1.91   data arrival time
-----------------------------------------------------------------------------
                                  5.84   slack (MET)


Startpoint: _489_ (rising edge-triggered flip-flop clocked by SCK)
Endpoint: oaddr[5] (output port clocked by SCK)
Path Group: SCK
Path Type: max

Fanout     Cap    Slew   Delay    Time   Description
-----------------------------------------------------------------------------
                  0.15    0.00    0.00   clock SCK (rise edge)
                          0.00    0.00   clock network delay (ideal)
                  0.15    0.00    0.00 ^ _489_/CLK (sky130_fd_sc_hd__dfrtp_2)
                  0.08    0.44    0.44 ^ _489_/Q (sky130_fd_sc_hd__dfrtp_2)
     4    0.01                           state[3] (net)
                  0.08    0.00    0.44 ^ _310_/A (sky130_fd_sc_hd__buf_1)
                  0.42    0.37    0.81 ^ _310_/X (sky130_fd_sc_hd__buf_1)
    10    0.04                           _155_ (net)
                  0.42    0.00    0.81 ^ _332_/A (sky130_fd_sc_hd__buf_1)
                  0.45    0.44    1.25 ^ _332_/X (sky130_fd_sc_hd__buf_1)
    10    0.04                           _172_ (net)
                  0.45    0.00    1.25 ^ _395_/S (sky130_fd_sc_hd__mux2_2)
                  0.06    0.42    1.67 v _395_/X (sky130_fd_sc_hd__mux2_2)
     1    0.01                           _212_ (net)
                  0.06    0.00    1.67 v _396_/A (sky130_fd_sc_hd__buf_1)
                  0.20    0.24    1.91 v _396_/X (sky130_fd_sc_hd__buf_1)
     1    0.04                           oaddr[5] (net)
                  0.20    0.00    1.91 v oaddr[5] (out)
                                  1.91   data arrival time

                  0.15   10.00   10.00   clock SCK (rise edge)
                          0.00   10.00   clock network delay (ideal)
                         -0.25    9.75   clock uncertainty
                          0.00    9.75   clock reconvergence pessimism
                         -2.00    7.75   output external delay
                                  7.75   data required time
-----------------------------------------------------------------------------
                                  7.75   data required time
                                 -1.91   data arrival time
-----------------------------------------------------------------------------
                                  5.84   slack (MET)


Startpoint: _489_ (rising edge-triggered flip-flop clocked by SCK)
Endpoint: oaddr[4] (output port clocked by SCK)
Path Group: SCK
Path Type: max

Fanout     Cap    Slew   Delay    Time   Description
-----------------------------------------------------------------------------
                  0.15    0.00    0.00   clock SCK (rise edge)
                          0.00    0.00   clock network delay (ideal)
                  0.15    0.00    0.00 ^ _489_/CLK (sky130_fd_sc_hd__dfrtp_2)
                  0.08    0.44    0.44 ^ _489_/Q (sky130_fd_sc_hd__dfrtp_2)
     4    0.01                           state[3] (net)
                  0.08    0.00    0.44 ^ _310_/A (sky130_fd_sc_hd__buf_1)
                  0.42    0.37    0.81 ^ _310_/X (sky130_fd_sc_hd__buf_1)
    10    0.04                           _155_ (net)
                  0.42    0.00    0.81 ^ _332_/A (sky130_fd_sc_hd__buf_1)
                  0.45    0.44    1.25 ^ _332_/X (sky130_fd_sc_hd__buf_1)
    10    0.04                           _172_ (net)
                  0.45    0.00    1.25 ^ _393_/S (sky130_fd_sc_hd__mux2_2)
                  0.06    0.42    1.67 v _393_/X (sky130_fd_sc_hd__mux2_2)
     1    0.01                           _211_ (net)
                  0.06    0.00    1.67 v _394_/A (sky130_fd_sc_hd__buf_1)
                  0.20    0.24    1.91 v _394_/X (sky130_fd_sc_hd__buf_1)
     1    0.03                           oaddr[4] (net)
                  0.20    0.00    1.91 v oaddr[4] (out)
                                  1.91   data arrival time

                  0.15   10.00   10.00   clock SCK (rise edge)
                          0.00   10.00   clock network delay (ideal)
                         -0.25    9.75   clock uncertainty
                          0.00    9.75   clock reconvergence pessimism
                         -2.00    7.75   output external delay
                                  7.75   data required time
-----------------------------------------------------------------------------
                                  7.75   data required time
                                 -1.91   data arrival time
-----------------------------------------------------------------------------
                                  5.84   slack (MET)


Startpoint: _489_ (rising edge-triggered flip-flop clocked by SCK)
Endpoint: oaddr[6] (output port clocked by SCK)
Path Group: SCK
Path Type: max

Fanout     Cap    Slew   Delay    Time   Description
-----------------------------------------------------------------------------
                  0.15    0.00    0.00   clock SCK (rise edge)
                          0.00    0.00   clock network delay (ideal)
                  0.15    0.00    0.00 ^ _489_/CLK (sky130_fd_sc_hd__dfrtp_2)
                  0.08    0.44    0.44 ^ _489_/Q (sky130_fd_sc_hd__dfrtp_2)
     4    0.01                           state[3] (net)
                  0.08    0.00    0.44 ^ _310_/A (sky130_fd_sc_hd__buf_1)
                  0.42    0.37    0.81 ^ _310_/X (sky130_fd_sc_hd__buf_1)
    10    0.04                           _155_ (net)
                  0.42    0.00    0.81 ^ _332_/A (sky130_fd_sc_hd__buf_1)
                  0.45    0.44    1.25 ^ _332_/X (sky130_fd_sc_hd__buf_1)
    10    0.04                           _172_ (net)
                  0.45    0.00    1.25 ^ _334_/B (sky130_fd_sc_hd__nand2_2)
                  0.09    0.11    1.36 v _334_/Y (sky130_fd_sc_hd__nand2_2)
     2    0.01                           _174_ (net)
                  0.09    0.00    1.36 v _397_/B1_N (sky130_fd_sc_hd__a21bo_2)
                  0.20    0.34    1.70 ^ _397_/X (sky130_fd_sc_hd__a21bo_2)
     1    0.04                           oaddr[6] (net)
                  0.20    0.00    1.70 ^ oaddr[6] (out)
                                  1.70   data arrival time

                  0.15   10.00   10.00   clock SCK (rise edge)
                          0.00   10.00   clock network delay (ideal)
                         -0.25    9.75   clock uncertainty
                          0.00    9.75   clock reconvergence pessimism
                         -2.00    7.75   output external delay
                                  7.75   data required time
-----------------------------------------------------------------------------
                                  7.75   data required time
                                 -1.70   data arrival time
-----------------------------------------------------------------------------
                                  6.05   slack (MET)


Startpoint: _489_ (rising edge-triggered flip-flop clocked by SCK)
Endpoint: oaddr[7] (output port clocked by SCK)
Path Group: SCK
Path Type: max

Fanout     Cap    Slew   Delay    Time   Description
-----------------------------------------------------------------------------
                  0.15    0.00    0.00   clock SCK (rise edge)
                          0.00    0.00   clock network delay (ideal)
                  0.15    0.00    0.00 ^ _489_/CLK (sky130_fd_sc_hd__dfrtp_2)
                  0.06    0.48    0.48 v _489_/Q (sky130_fd_sc_hd__dfrtp_2)
     4    0.01                           state[3] (net)
                  0.06    0.00    0.48 v _321_/A (sky130_fd_sc_hd__or2b_2)
                  0.05    0.31    0.78 v _321_/X (sky130_fd_sc_hd__or2b_2)
     2    0.00                           _163_ (net)
                  0.05    0.00    0.78 v _322_/B1_N (sky130_fd_sc_hd__a21bo_2)
                  0.03    0.19    0.97 ^ _322_/X (sky130_fd_sc_hd__a21bo_2)
     1    0.00                           _164_ (net)
                  0.03    0.00    0.97 ^ _323_/A (sky130_fd_sc_hd__buf_1)
                  0.45    0.38    1.35 ^ _323_/X (sky130_fd_sc_hd__buf_1)
     2    0.04                           oaddr[7] (net)
                  0.45    0.00    1.35 ^ oaddr[7] (out)
                                  1.35   data arrival time

                  0.15   10.00   10.00   clock SCK (rise edge)
                          0.00   10.00   clock network delay (ideal)
                         -0.25    9.75   clock uncertainty
                          0.00    9.75   clock reconvergence pessimism
                         -2.00    7.75   output external delay
                                  7.75   data required time
-----------------------------------------------------------------------------
                                  7.75   data required time
                                 -1.35   data arrival time
-----------------------------------------------------------------------------
                                  6.40   slack (MET)


Startpoint: _489_ (rising edge-triggered flip-flop clocked by SCK)
Endpoint: oaddr[1] (output port clocked by SCK)
Path Group: SCK
Path Type: max

Fanout     Cap    Slew   Delay    Time   Description
-----------------------------------------------------------------------------
                  0.15    0.00    0.00   clock SCK (rise edge)
                          0.00    0.00   clock network delay (ideal)
                  0.15    0.00    0.00 ^ _489_/CLK (sky130_fd_sc_hd__dfrtp_2)
                  0.08    0.44    0.44 ^ _489_/Q (sky130_fd_sc_hd__dfrtp_2)
     4    0.01                           state[3] (net)
                  0.08    0.00    0.44 ^ _310_/A (sky130_fd_sc_hd__buf_1)
                  0.42    0.37    0.81 ^ _310_/X (sky130_fd_sc_hd__buf_1)
    10    0.04                           _155_ (net)
                  0.42    0.00    0.81 ^ _317_/A (sky130_fd_sc_hd__inv_2)
                  0.12    0.14    0.95 v _317_/Y (sky130_fd_sc_hd__inv_2)
     6    0.02                           _161_ (net)
                  0.12    0.00    0.95 v _388_/A2 (sky130_fd_sc_hd__o21ai_2)
                  0.41    0.39    1.34 ^ _388_/Y (sky130_fd_sc_hd__o21ai_2)
     1    0.04                           oaddr[1] (net)
                  0.41    0.00    1.34 ^ oaddr[1] (out)
                                  1.34   data arrival time

                  0.15   10.00   10.00   clock SCK (rise edge)
                          0.00   10.00   clock network delay (ideal)
                         -0.25    9.75   clock uncertainty
                          0.00    9.75   clock reconvergence pessimism
                         -2.00    7.75   output external delay
                                  7.75   data required time
-----------------------------------------------------------------------------
                                  7.75   data required time
                                 -1.34   data arrival time
-----------------------------------------------------------------------------
                                  6.41   slack (MET)


Startpoint: _456_ (rising edge-triggered flip-flop clocked by SCK)
Endpoint: pass_thru_mgmt_reset (output port clocked by SCK)
Path Group: SCK
Path Type: max

Fanout     Cap    Slew   Delay    Time   Description
-----------------------------------------------------------------------------
                  0.15    0.00    0.00   clock SCK (rise edge)
                          0.00    0.00   clock network delay (ideal)
                  0.15    0.00    0.00 ^ _456_/CLK (sky130_fd_sc_hd__dfrtp_2)
                  0.13    0.55    0.55 v _456_/Q (sky130_fd_sc_hd__dfrtp_2)
     3    0.04                           pass_thru_mgmt_delay (net)
                  0.13    0.00    0.55 v _398_/B (sky130_fd_sc_hd__or2_2)
                  0.06    0.33    0.88 v _398_/X (sky130_fd_sc_hd__or2_2)
     1    0.01                           _213_ (net)
                  0.06    0.00    0.88 v _399_/A (sky130_fd_sc_hd__buf_1)
                  0.20    0.24    1.12 v _399_/X (sky130_fd_sc_hd__buf_1)
     1    0.03                           pass_thru_mgmt_reset (net)
                  0.20    0.00    1.12 v pass_thru_mgmt_reset (out)
                                  1.12   data arrival time

                  0.15   10.00   10.00   clock SCK (rise edge)
                          0.00   10.00   clock network delay (ideal)
                         -0.25    9.75   clock uncertainty
                          0.00    9.75   clock reconvergence pessimism
                         -2.00    7.75   output external delay
                                  7.75   data required time
-----------------------------------------------------------------------------
                                  7.75   data required time
                                 -1.12   data arrival time
-----------------------------------------------------------------------------
                                  6.63   slack (MET)


Startpoint: _458_ (rising edge-triggered flip-flop clocked by SCK)
Endpoint: pass_thru_user_reset (output port clocked by SCK)
Path Group: SCK
Path Type: max

Fanout     Cap    Slew   Delay    Time   Description
-----------------------------------------------------------------------------
                  0.15    0.00    0.00   clock SCK (rise edge)
                          0.00    0.00   clock network delay (ideal)
                  0.15    0.00    0.00 ^ _458_/CLK (sky130_fd_sc_hd__dfrtp_2)
                  0.12    0.54    0.54 v _458_/Q (sky130_fd_sc_hd__dfrtp_2)
     3    0.04                           pass_thru_user_delay (net)
                  0.12    0.00    0.54 v _400_/B (sky130_fd_sc_hd__or2_2)
                  0.05    0.30    0.85 v _400_/X (sky130_fd_sc_hd__or2_2)
     1    0.00                           _214_ (net)
                  0.05    0.00    0.85 v _401_/A (sky130_fd_sc_hd__buf_1)
                  0.20    0.24    1.08 v _401_/X (sky130_fd_sc_hd__buf_1)
     1    0.03                           pass_thru_user_reset (net)
                  0.20    0.00    1.08 v pass_thru_user_reset (out)
                                  1.08   data arrival time

                  0.15   10.00   10.00   clock SCK (rise edge)
                          0.00   10.00   clock network delay (ideal)
                         -0.25    9.75   clock uncertainty
                          0.00    9.75   clock reconvergence pessimism
                         -2.00    7.75   output external delay
                                  7.75   data required time
-----------------------------------------------------------------------------
                                  7.75   data required time
                                 -1.08   data arrival time
-----------------------------------------------------------------------------
                                  6.67   slack (MET)


Startpoint: SDI (input port clocked by SCK)
Endpoint: _459_ (rising edge-triggered flip-flop clocked by SCK)
Path Group: SCK
Path Type: max

Fanout     Cap    Slew   Delay    Time   Description
-----------------------------------------------------------------------------
                  0.15    0.00    0.00   clock SCK (rise edge)
                          0.00    0.00   clock network delay (ideal)
                          2.00    2.00 v input external delay
                  0.07    0.05    2.05 v SDI (in)
     8    0.03                           SDI (net)
                  0.07    0.00    2.05 v _363_/A0 (sky130_fd_sc_hd__mux2_2)
                  0.04    0.27    2.32 v _363_/X (sky130_fd_sc_hd__mux2_2)
     1    0.00                           _197_ (net)
                  0.04    0.00    2.32 v _364_/A1 (sky130_fd_sc_hd__mux2_2)
                  0.05    0.27    2.58 v _364_/X (sky130_fd_sc_hd__mux2_2)
     1    0.00                           _198_ (net)
                  0.05    0.00    2.58 v _365_/A (sky130_fd_sc_hd__buf_1)
                  0.02    0.09    2.67 v _365_/X (sky130_fd_sc_hd__buf_1)
     1    0.00                           _066_ (net)
                  0.02    0.00    2.67 v _459_/D (sky130_fd_sc_hd__dfrtp_2)
                                  2.67   data arrival time

                  0.15   10.00   10.00   clock SCK (rise edge)
                          0.00   10.00   clock network delay (ideal)
                         -0.25    9.75   clock uncertainty
                          0.00    9.75   clock reconvergence pessimism
                                  9.75 ^ _459_/CLK (sky130_fd_sc_hd__dfrtp_2)
                         -0.08    9.67   library setup time
                                  9.67   data required time
-----------------------------------------------------------------------------
                                  9.67   data required time
                                 -2.67   data arrival time
-----------------------------------------------------------------------------
                                  6.99   slack (MET)


Startpoint: reset (input port clocked by SCK)
Endpoint: _484_ (recovery check against rising-edge clock SCK)
Path Group: asynchronous
Path Type: max

Fanout     Cap    Slew   Delay    Time   Description
-----------------------------------------------------------------------------
                  0.15    0.00    0.00   clock SCK (rise edge)
                          0.00    0.00   clock network delay (ideal)
                          2.00    2.00 v input external delay
                  0.01    0.00    2.00 v reset (in)
     1    0.00                           reset (net)
                  0.01    0.00    2.00 v _222_/A (sky130_fd_sc_hd__buf_1)
                  0.21    0.22    2.23 v _222_/X (sky130_fd_sc_hd__buf_1)
     9    0.04                           _100_ (net)
                  0.21    0.00    2.23 v _426_/A (sky130_fd_sc_hd__buf_1)
                  0.30    0.38    2.61 v _426_/X (sky130_fd_sc_hd__buf_1)
    10    0.05                           _219_ (net)
                  0.30    0.00    2.61 v _439_/A (sky130_fd_sc_hd__nor2_2)
                  0.11    0.20    2.81 ^ _439_/Y (sky130_fd_sc_hd__nor2_2)
     1    0.00                           _037_ (net)
                  0.11    0.00    2.81 ^ _484_/RESET_B (sky130_fd_sc_hd__dfrtp_2)
                                  2.81   data arrival time

                  0.15   10.00   10.00   clock SCK (rise edge)
                          0.00   10.00   clock network delay (ideal)
                         -0.25    9.75   clock uncertainty
                          0.00    9.75   clock reconvergence pessimism
                                  9.75 ^ _484_/CLK (sky130_fd_sc_hd__dfrtp_2)
                          0.23    9.98   library recovery time
                                  9.98   data required time
-----------------------------------------------------------------------------
                                  9.98   data required time
                                 -2.81   data arrival time
-----------------------------------------------------------------------------
                                  7.17   slack (MET)


Startpoint: reset (input port clocked by SCK)
Endpoint: _481_ (recovery check against rising-edge clock SCK)
Path Group: asynchronous
Path Type: max

Fanout     Cap    Slew   Delay    Time   Description
-----------------------------------------------------------------------------
                  0.15    0.00    0.00   clock SCK (rise edge)
                          0.00    0.00   clock network delay (ideal)
                          2.00    2.00 v input external delay
                  0.01    0.00    2.00 v reset (in)
     1    0.00                           reset (net)
                  0.01    0.00    2.00 v _222_/A (sky130_fd_sc_hd__buf_1)
                  0.21    0.22    2.23 v _222_/X (sky130_fd_sc_hd__buf_1)
     9    0.04                           _100_ (net)
                  0.21    0.00    2.23 v _426_/A (sky130_fd_sc_hd__buf_1)
                  0.30    0.38    2.61 v _426_/X (sky130_fd_sc_hd__buf_1)
    10    0.05                           _219_ (net)
                  0.30    0.00    2.61 v _435_/A (sky130_fd_sc_hd__nor2_2)
                  0.11    0.20    2.81 ^ _435_/Y (sky130_fd_sc_hd__nor2_2)
     1    0.00                           _033_ (net)
                  0.11    0.00    2.81 ^ _481_/RESET_B (sky130_fd_sc_hd__dfrtp_2)
                                  2.81   data arrival time

                  0.15   10.00   10.00   clock SCK (rise edge)
                          0.00   10.00   clock network delay (ideal)
                         -0.25    9.75   clock uncertainty
                          0.00    9.75   clock reconvergence pessimism
                                  9.75 ^ _481_/CLK (sky130_fd_sc_hd__dfrtp_2)
                          0.23    9.98   library recovery time
                                  9.98   data required time
-----------------------------------------------------------------------------
                                  9.98   data required time
                                 -2.81   data arrival time
-----------------------------------------------------------------------------
                                  7.17   slack (MET)


Startpoint: reset (input port clocked by SCK)
Endpoint: _459_ (recovery check against rising-edge clock SCK)
Path Group: asynchronous
Path Type: max

Fanout     Cap    Slew   Delay    Time   Description
-----------------------------------------------------------------------------
                  0.15    0.00    0.00   clock SCK (rise edge)
                          0.00    0.00   clock network delay (ideal)
                          2.00    2.00 v input external delay
                  0.01    0.00    2.00 v reset (in)
     1    0.00                           reset (net)
                  0.01    0.00    2.00 v _222_/A (sky130_fd_sc_hd__buf_1)
                  0.21    0.22    2.23 v _222_/X (sky130_fd_sc_hd__buf_1)
     9    0.04                           _100_ (net)
                  0.21    0.00    2.23 v _402_/A (sky130_fd_sc_hd__buf_1)
                  0.30    0.38    2.60 v _402_/X (sky130_fd_sc_hd__buf_1)
    10    0.05                           _215_ (net)
                  0.30    0.00    2.60 v _409_/A (sky130_fd_sc_hd__nor2_2)
                  0.11    0.20    2.80 ^ _409_/Y (sky130_fd_sc_hd__nor2_2)
     1    0.00                           _011_ (net)
                  0.11    0.00    2.80 ^ _459_/RESET_B (sky130_fd_sc_hd__dfrtp_2)
                                  2.80   data arrival time

                  0.15   10.00   10.00   clock SCK (rise edge)
                          0.00   10.00   clock network delay (ideal)
                         -0.25    9.75   clock uncertainty
                          0.00    9.75   clock reconvergence pessimism
                                  9.75 ^ _459_/CLK (sky130_fd_sc_hd__dfrtp_2)
                          0.23    9.98   library recovery time
                                  9.98   data required time
-----------------------------------------------------------------------------
                                  9.98   data required time
                                 -2.80   data arrival time
-----------------------------------------------------------------------------
                                  7.18   slack (MET)


Startpoint: reset (input port clocked by SCK)
Endpoint: _477_ (recovery check against rising-edge clock SCK)
Path Group: asynchronous
Path Type: max

Fanout     Cap    Slew   Delay    Time   Description
-----------------------------------------------------------------------------
                  0.15    0.00    0.00   clock SCK (rise edge)
                          0.00    0.00   clock network delay (ideal)
                          2.00    2.00 v input external delay
                  0.01    0.00    2.00 v reset (in)
     1    0.00                           reset (net)
                  0.01    0.00    2.00 v _222_/A (sky130_fd_sc_hd__buf_1)
                  0.21    0.22    2.23 v _222_/X (sky130_fd_sc_hd__buf_1)
     9    0.04                           _100_ (net)
                  0.21    0.00    2.23 v _426_/A (sky130_fd_sc_hd__buf_1)
                  0.30    0.38    2.61 v _426_/X (sky130_fd_sc_hd__buf_1)
    10    0.05                           _219_ (net)
                  0.30    0.00    2.61 v _431_/A (sky130_fd_sc_hd__nor2_2)
                  0.11    0.20    2.80 ^ _431_/Y (sky130_fd_sc_hd__nor2_2)
     1    0.00                           _029_ (net)
                  0.11    0.00    2.80 ^ _477_/RESET_B (sky130_fd_sc_hd__dfrtp_2)
                                  2.80   data arrival time

                  0.15   10.00   10.00   clock SCK (rise edge)
                          0.00   10.00   clock network delay (ideal)
                         -0.25    9.75   clock uncertainty
                          0.00    9.75   clock reconvergence pessimism
                                  9.75 ^ _477_/CLK (sky130_fd_sc_hd__dfrtp_2)
                          0.23    9.98   library recovery time
                                  9.98   data required time
-----------------------------------------------------------------------------
                                  9.98   data required time
                                 -2.80   data arrival time
-----------------------------------------------------------------------------
                                  7.18   slack (MET)


Startpoint: reset (input port clocked by SCK)
Endpoint: _478_ (recovery check against rising-edge clock SCK)
Path Group: asynchronous
Path Type: max

Fanout     Cap    Slew   Delay    Time   Description
-----------------------------------------------------------------------------
                  0.15    0.00    0.00   clock SCK (rise edge)
                          0.00    0.00   clock network delay (ideal)
                          2.00    2.00 v input external delay
                  0.01    0.00    2.00 v reset (in)
     1    0.00                           reset (net)
                  0.01    0.00    2.00 v _222_/A (sky130_fd_sc_hd__buf_1)
                  0.21    0.22    2.23 v _222_/X (sky130_fd_sc_hd__buf_1)
     9    0.04                           _100_ (net)
                  0.21    0.00    2.23 v _426_/A (sky130_fd_sc_hd__buf_1)
                  0.30    0.38    2.61 v _426_/X (sky130_fd_sc_hd__buf_1)
    10    0.05                           _219_ (net)
                  0.30    0.00    2.61 v _432_/A (sky130_fd_sc_hd__nor2_2)
                  0.11    0.20    2.80 ^ _432_/Y (sky130_fd_sc_hd__nor2_2)
     1    0.00                           _030_ (net)
                  0.11    0.00    2.80 ^ _478_/RESET_B (sky130_fd_sc_hd__dfrtp_2)
                                  2.80   data arrival time

                  0.15   10.00   10.00   clock SCK (rise edge)
                          0.00   10.00   clock network delay (ideal)
                         -0.25    9.75   clock uncertainty
                          0.00    9.75   clock reconvergence pessimism
                                  9.75 ^ _478_/CLK (sky130_fd_sc_hd__dfrtp_2)
                          0.23    9.98   library recovery time
                                  9.98   data required time
-----------------------------------------------------------------------------
                                  9.98   data required time
                                 -2.80   data arrival time
-----------------------------------------------------------------------------
                                  7.18   slack (MET)


Startpoint: reset (input port clocked by SCK)
Endpoint: _476_ (recovery check against rising-edge clock SCK)
Path Group: asynchronous
Path Type: max

Fanout     Cap    Slew   Delay    Time   Description
-----------------------------------------------------------------------------
                  0.15    0.00    0.00   clock SCK (rise edge)
                          0.00    0.00   clock network delay (ideal)
                          2.00    2.00 v input external delay
                  0.01    0.00    2.00 v reset (in)
     1    0.00                           reset (net)
                  0.01    0.00    2.00 v _222_/A (sky130_fd_sc_hd__buf_1)
                  0.21    0.22    2.23 v _222_/X (sky130_fd_sc_hd__buf_1)
     9    0.04                           _100_ (net)
                  0.21    0.00    2.23 v _426_/A (sky130_fd_sc_hd__buf_1)
                  0.30    0.38    2.61 v _426_/X (sky130_fd_sc_hd__buf_1)
    10    0.05                           _219_ (net)
                  0.30    0.00    2.61 v _430_/A (sky130_fd_sc_hd__nor2_2)
                  0.11    0.20    2.80 ^ _430_/Y (sky130_fd_sc_hd__nor2_2)
     1    0.00                           _028_ (net)
                  0.11    0.00    2.80 ^ _476_/RESET_B (sky130_fd_sc_hd__dfrtp_2)
                                  2.80   data arrival time

                  0.15   10.00   10.00   clock SCK (rise edge)
                          0.00   10.00   clock network delay (ideal)
                         -0.25    9.75   clock uncertainty
                          0.00    9.75   clock reconvergence pessimism
                                  9.75 ^ _476_/CLK (sky130_fd_sc_hd__dfrtp_2)
                          0.23    9.98   library recovery time
                                  9.98   data required time
-----------------------------------------------------------------------------
                                  9.98   data required time
                                 -2.80   data arrival time
-----------------------------------------------------------------------------
                                  7.18   slack (MET)


Startpoint: reset (input port clocked by SCK)
Endpoint: _480_ (recovery check against rising-edge clock SCK)
Path Group: asynchronous
Path Type: max

Fanout     Cap    Slew   Delay    Time   Description
-----------------------------------------------------------------------------
                  0.15    0.00    0.00   clock SCK (rise edge)
                          0.00    0.00   clock network delay (ideal)
                          2.00    2.00 v input external delay
                  0.01    0.00    2.00 v reset (in)
     1    0.00                           reset (net)
                  0.01    0.00    2.00 v _222_/A (sky130_fd_sc_hd__buf_1)
                  0.21    0.22    2.23 v _222_/X (sky130_fd_sc_hd__buf_1)
     9    0.04                           _100_ (net)
                  0.21    0.00    2.23 v _426_/A (sky130_fd_sc_hd__buf_1)
                  0.30    0.38    2.61 v _426_/X (sky130_fd_sc_hd__buf_1)
    10    0.05                           _219_ (net)
                  0.30    0.00    2.61 v _434_/A (sky130_fd_sc_hd__nor2_2)
                  0.11    0.20    2.80 ^ _434_/Y (sky130_fd_sc_hd__nor2_2)
     1    0.00                           _032_ (net)
                  0.11    0.00    2.80 ^ _480_/RESET_B (sky130_fd_sc_hd__dfrtp_2)
                                  2.80   data arrival time

                  0.15   10.00   10.00   clock SCK (rise edge)
                          0.00   10.00   clock network delay (ideal)
                         -0.25    9.75   clock uncertainty
                          0.00    9.75   clock reconvergence pessimism
                                  9.75 ^ _480_/CLK (sky130_fd_sc_hd__dfrtp_2)
                          0.23    9.98   library recovery time
                                  9.98   data required time
-----------------------------------------------------------------------------
                                  9.98   data required time
                                 -2.80   data arrival time
-----------------------------------------------------------------------------
                                  7.18   slack (MET)


Startpoint: reset (input port clocked by SCK)
Endpoint: _479_ (recovery check against rising-edge clock SCK)
Path Group: asynchronous
Path Type: max

Fanout     Cap    Slew   Delay    Time   Description
-----------------------------------------------------------------------------
                  0.15    0.00    0.00   clock SCK (rise edge)
                          0.00    0.00   clock network delay (ideal)
                          2.00    2.00 v input external delay
                  0.01    0.00    2.00 v reset (in)
     1    0.00                           reset (net)
                  0.01    0.00    2.00 v _222_/A (sky130_fd_sc_hd__buf_1)
                  0.21    0.22    2.23 v _222_/X (sky130_fd_sc_hd__buf_1)
     9    0.04                           _100_ (net)
                  0.21    0.00    2.23 v _426_/A (sky130_fd_sc_hd__buf_1)
                  0.30    0.38    2.61 v _426_/X (sky130_fd_sc_hd__buf_1)
    10    0.05                           _219_ (net)
                  0.30    0.00    2.61 v _433_/A (sky130_fd_sc_hd__nor2_2)
                  0.11    0.20    2.80 ^ _433_/Y (sky130_fd_sc_hd__nor2_2)
     1    0.00                           _031_ (net)
                  0.11    0.00    2.80 ^ _479_/RESET_B (sky130_fd_sc_hd__dfrtp_2)
                                  2.80   data arrival time

                  0.15   10.00   10.00   clock SCK (rise edge)
                          0.00   10.00   clock network delay (ideal)
                         -0.25    9.75   clock uncertainty
                          0.00    9.75   clock reconvergence pessimism
                                  9.75 ^ _479_/CLK (sky130_fd_sc_hd__dfrtp_2)
                          0.23    9.98   library recovery time
                                  9.98   data required time
-----------------------------------------------------------------------------
                                  9.98   data required time
                                 -2.80   data arrival time
-----------------------------------------------------------------------------
                                  7.18   slack (MET)


Startpoint: reset (input port clocked by SCK)
Endpoint: _475_ (recovery check against rising-edge clock SCK)
Path Group: asynchronous
Path Type: max

Fanout     Cap    Slew   Delay    Time   Description
-----------------------------------------------------------------------------
                  0.15    0.00    0.00   clock SCK (rise edge)
                          0.00    0.00   clock network delay (ideal)
                          2.00    2.00 v input external delay
                  0.01    0.00    2.00 v reset (in)
     1    0.00                           reset (net)
                  0.01    0.00    2.00 v _222_/A (sky130_fd_sc_hd__buf_1)
                  0.21    0.22    2.23 v _222_/X (sky130_fd_sc_hd__buf_1)
     9    0.04                           _100_ (net)
                  0.21    0.00    2.23 v _426_/A (sky130_fd_sc_hd__buf_1)
                  0.30    0.38    2.61 v _426_/X (sky130_fd_sc_hd__buf_1)
    10    0.05                           _219_ (net)
                  0.30    0.00    2.61 v _429_/A (sky130_fd_sc_hd__nor2_2)
                  0.11    0.20    2.80 ^ _429_/Y (sky130_fd_sc_hd__nor2_2)
     1    0.00                           _027_ (net)
                  0.11    0.00    2.80 ^ _475_/RESET_B (sky130_fd_sc_hd__dfrtp_2)
                                  2.80   data arrival time

                  0.15   10.00   10.00   clock SCK (rise edge)
                          0.00   10.00   clock network delay (ideal)
                         -0.25    9.75   clock uncertainty
                          0.00    9.75   clock reconvergence pessimism
                                  9.75 ^ _475_/CLK (sky130_fd_sc_hd__dfrtp_2)
                          0.23    9.98   library recovery time
                                  9.98   data required time
-----------------------------------------------------------------------------
                                  9.98   data required time
                                 -2.80   data arrival time
-----------------------------------------------------------------------------
                                  7.18   slack (MET)


Startpoint: reset (input port clocked by SCK)
Endpoint: _482_ (recovery check against rising-edge clock SCK)
Path Group: asynchronous
Path Type: max

Fanout     Cap    Slew   Delay    Time   Description
-----------------------------------------------------------------------------
                  0.15    0.00    0.00   clock SCK (rise edge)
                          0.00    0.00   clock network delay (ideal)
                          2.00    2.00 v input external delay
                  0.01    0.00    2.00 v reset (in)
     1    0.00                           reset (net)
                  0.01    0.00    2.00 v _222_/A (sky130_fd_sc_hd__buf_1)
                  0.21    0.22    2.23 v _222_/X (sky130_fd_sc_hd__buf_1)
     9    0.04                           _100_ (net)
                  0.21    0.00    2.23 v _426_/A (sky130_fd_sc_hd__buf_1)
                  0.30    0.38    2.61 v _426_/X (sky130_fd_sc_hd__buf_1)
    10    0.05                           _219_ (net)
                  0.30    0.00    2.61 v _436_/A (sky130_fd_sc_hd__nor2_2)
                  0.11    0.20    2.80 ^ _436_/Y (sky130_fd_sc_hd__nor2_2)
     1    0.00                           _034_ (net)
                  0.11    0.00    2.80 ^ _482_/RESET_B (sky130_fd_sc_hd__dfrtp_2)
                                  2.80   data arrival time

                  0.15   10.00   10.00   clock SCK (rise edge)
                          0.00   10.00   clock network delay (ideal)
                         -0.25    9.75   clock uncertainty
                          0.00    9.75   clock reconvergence pessimism
                                  9.75 ^ _482_/CLK (sky130_fd_sc_hd__dfrtp_2)
                          0.23    9.98   library recovery time
                                  9.98   data required time
-----------------------------------------------------------------------------
                                  9.98   data required time
                                 -2.80   data arrival time
-----------------------------------------------------------------------------
                                  7.18   slack (MET)


Startpoint: reset (input port clocked by SCK)
Endpoint: _474_ (recovery check against rising-edge clock SCK)
Path Group: asynchronous
Path Type: max

Fanout     Cap    Slew   Delay    Time   Description
-----------------------------------------------------------------------------
                  0.15    0.00    0.00   clock SCK (rise edge)
                          0.00    0.00   clock network delay (ideal)
                          2.00    2.00 v input external delay
                  0.01    0.00    2.00 v reset (in)
     1    0.00                           reset (net)
                  0.01    0.00    2.00 v _222_/A (sky130_fd_sc_hd__buf_1)
                  0.21    0.22    2.23 v _222_/X (sky130_fd_sc_hd__buf_1)
     9    0.04                           _100_ (net)
                  0.21    0.00    2.23 v _426_/A (sky130_fd_sc_hd__buf_1)
                  0.30    0.38    2.61 v _426_/X (sky130_fd_sc_hd__buf_1)
    10    0.05                           _219_ (net)
                  0.30    0.00    2.61 v _428_/A (sky130_fd_sc_hd__nor2_2)
                  0.11    0.20    2.80 ^ _428_/Y (sky130_fd_sc_hd__nor2_2)
     1    0.00                           _026_ (net)
                  0.11    0.00    2.80 ^ _474_/RESET_B (sky130_fd_sc_hd__dfrtp_2)
                                  2.80   data arrival time

                  0.15   10.00   10.00   clock SCK (rise edge)
                          0.00   10.00   clock network delay (ideal)
                         -0.25    9.75   clock uncertainty
                          0.00    9.75   clock reconvergence pessimism
                                  9.75 ^ _474_/CLK (sky130_fd_sc_hd__dfrtp_2)
                          0.23    9.98   library recovery time
                                  9.98   data required time
-----------------------------------------------------------------------------
                                  9.98   data required time
                                 -2.80   data arrival time
-----------------------------------------------------------------------------
                                  7.18   slack (MET)


Startpoint: reset (input port clocked by SCK)
Endpoint: _454_ (recovery check against rising-edge clock SCK)
Path Group: asynchronous
Path Type: max

Fanout     Cap    Slew   Delay    Time   Description
-----------------------------------------------------------------------------
                  0.15    0.00    0.00   clock SCK (rise edge)
                          0.00    0.00   clock network delay (ideal)
                          2.00    2.00 v input external delay
                  0.01    0.00    2.00 v reset (in)
     1    0.00                           reset (net)
                  0.01    0.00    2.00 v _222_/A (sky130_fd_sc_hd__buf_1)
                  0.21    0.22    2.23 v _222_/X (sky130_fd_sc_hd__buf_1)
     9    0.04                           _100_ (net)
                  0.21    0.00    2.23 v _402_/A (sky130_fd_sc_hd__buf_1)
                  0.30    0.38    2.60 v _402_/X (sky130_fd_sc_hd__buf_1)
    10    0.05                           _215_ (net)
                  0.30    0.00    2.60 v _404_/A (sky130_fd_sc_hd__nor2_2)
                  0.11    0.20    2.80 ^ _404_/Y (sky130_fd_sc_hd__nor2_2)
     1    0.00                           _006_ (net)
                  0.11    0.00    2.80 ^ _454_/RESET_B (sky130_fd_sc_hd__dfrtp_2)
                                  2.80   data arrival time

                  0.15   10.00   10.00   clock SCK (rise edge)
                          0.00   10.00   clock network delay (ideal)
                         -0.25    9.75   clock uncertainty
                          0.00    9.75   clock reconvergence pessimism
                                  9.75 ^ _454_/CLK (sky130_fd_sc_hd__dfrtp_2)
                          0.23    9.98   library recovery time
                                  9.98   data required time
-----------------------------------------------------------------------------
                                  9.98   data required time
                                 -2.80   data arrival time
-----------------------------------------------------------------------------
                                  7.18   slack (MET)


Startpoint: reset (input port clocked by SCK)
Endpoint: _457_ (recovery check against rising-edge clock SCK)
Path Group: asynchronous
Path Type: max

Fanout     Cap    Slew   Delay    Time   Description
-----------------------------------------------------------------------------
                  0.15    0.00    0.00   clock SCK (rise edge)
                          0.00    0.00   clock network delay (ideal)
                          2.00    2.00 v input external delay
                  0.01    0.00    2.00 v reset (in)
     1    0.00                           reset (net)
                  0.01    0.00    2.00 v _222_/A (sky130_fd_sc_hd__buf_1)
                  0.21    0.22    2.23 v _222_/X (sky130_fd_sc_hd__buf_1)
     9    0.04                           _100_ (net)
                  0.21    0.00    2.23 v _402_/A (sky130_fd_sc_hd__buf_1)
                  0.30    0.38    2.60 v _402_/X (sky130_fd_sc_hd__buf_1)
    10    0.05                           _215_ (net)
                  0.30    0.00    2.60 v _407_/A (sky130_fd_sc_hd__nor2_2)
                  0.11    0.20    2.80 ^ _407_/Y (sky130_fd_sc_hd__nor2_2)
     1    0.00                           _009_ (net)
                  0.11    0.00    2.80 ^ _457_/RESET_B (sky130_fd_sc_hd__dfrtp_2)
                                  2.80   data arrival time

                  0.15   10.00   10.00   clock SCK (rise edge)
                          0.00   10.00   clock network delay (ideal)
                         -0.25    9.75   clock uncertainty
                          0.00    9.75   clock reconvergence pessimism
                                  9.75 ^ _457_/CLK (sky130_fd_sc_hd__dfrtp_2)
                          0.23    9.98   library recovery time
                                  9.98   data required time
-----------------------------------------------------------------------------
                                  9.98   data required time
                                 -2.80   data arrival time
-----------------------------------------------------------------------------
                                  7.18   slack (MET)


Startpoint: reset (input port clocked by SCK)
Endpoint: _455_ (recovery check against rising-edge clock SCK)
Path Group: asynchronous
Path Type: max

Fanout     Cap    Slew   Delay    Time   Description
-----------------------------------------------------------------------------
                  0.15    0.00    0.00   clock SCK (rise edge)
                          0.00    0.00   clock network delay (ideal)
                          2.00    2.00 v input external delay
                  0.01    0.00    2.00 v reset (in)
     1    0.00                           reset (net)
                  0.01    0.00    2.00 v _222_/A (sky130_fd_sc_hd__buf_1)
                  0.21    0.22    2.23 v _222_/X (sky130_fd_sc_hd__buf_1)
     9    0.04                           _100_ (net)
                  0.21    0.00    2.23 v _402_/A (sky130_fd_sc_hd__buf_1)
                  0.30    0.38    2.60 v _402_/X (sky130_fd_sc_hd__buf_1)
    10    0.05                           _215_ (net)
                  0.30    0.00    2.60 v _405_/A (sky130_fd_sc_hd__nor2_2)
                  0.11    0.20    2.80 ^ _405_/Y (sky130_fd_sc_hd__nor2_2)
     1    0.00                           _007_ (net)
                  0.11    0.00    2.80 ^ _455_/RESET_B (sky130_fd_sc_hd__dfrtp_2)
                                  2.80   data arrival time

                  0.15   10.00   10.00   clock SCK (rise edge)
                          0.00   10.00   clock network delay (ideal)
                         -0.25    9.75   clock uncertainty
                          0.00    9.75   clock reconvergence pessimism
                                  9.75 ^ _455_/CLK (sky130_fd_sc_hd__dfrtp_2)
                          0.23    9.98   library recovery time
                                  9.98   data required time
-----------------------------------------------------------------------------
                                  9.98   data required time
                                 -2.80   data arrival time
-----------------------------------------------------------------------------
                                  7.18   slack (MET)


Startpoint: reset (input port clocked by SCK)
Endpoint: _458_ (recovery check against rising-edge clock SCK)
Path Group: asynchronous
Path Type: max

Fanout     Cap    Slew   Delay    Time   Description
-----------------------------------------------------------------------------
                  0.15    0.00    0.00   clock SCK (rise edge)
                          0.00    0.00   clock network delay (ideal)
                          2.00    2.00 v input external delay
                  0.01    0.00    2.00 v reset (in)
     1    0.00                           reset (net)
                  0.01    0.00    2.00 v _222_/A (sky130_fd_sc_hd__buf_1)
                  0.21    0.22    2.23 v _222_/X (sky130_fd_sc_hd__buf_1)
     9    0.04                           _100_ (net)
                  0.21    0.00    2.23 v _402_/A (sky130_fd_sc_hd__buf_1)
                  0.30    0.38    2.60 v _402_/X (sky130_fd_sc_hd__buf_1)
    10    0.05                           _215_ (net)
                  0.30    0.00    2.60 v _408_/A (sky130_fd_sc_hd__nor2_2)
                  0.11    0.20    2.80 ^ _408_/Y (sky130_fd_sc_hd__nor2_2)
     1    0.00                           _010_ (net)
                  0.11    0.00    2.80 ^ _458_/RESET_B (sky130_fd_sc_hd__dfrtp_2)
                                  2.80   data arrival time

                  0.15   10.00   10.00   clock SCK (rise edge)
                          0.00   10.00   clock network delay (ideal)
                         -0.25    9.75   clock uncertainty
                          0.00    9.75   clock reconvergence pessimism
                                  9.75 ^ _458_/CLK (sky130_fd_sc_hd__dfrtp_2)
                          0.23    9.98   library recovery time
                                  9.98   data required time
-----------------------------------------------------------------------------
                                  9.98   data required time
                                 -2.80   data arrival time
-----------------------------------------------------------------------------
                                  7.18   slack (MET)


Startpoint: reset (input port clocked by SCK)
Endpoint: _460_ (recovery check against rising-edge clock SCK)
Path Group: asynchronous
Path Type: max

Fanout     Cap    Slew   Delay    Time   Description
-----------------------------------------------------------------------------
                  0.15    0.00    0.00   clock SCK (rise edge)
                          0.00    0.00   clock network delay (ideal)
                          2.00    2.00 v input external delay
                  0.01    0.00    2.00 v reset (in)
     1    0.00                           reset (net)
                  0.01    0.00    2.00 v _222_/A (sky130_fd_sc_hd__buf_1)
                  0.21    0.22    2.23 v _222_/X (sky130_fd_sc_hd__buf_1)
     9    0.04                           _100_ (net)
                  0.21    0.00    2.23 v _402_/A (sky130_fd_sc_hd__buf_1)
                  0.30    0.38    2.60 v _402_/X (sky130_fd_sc_hd__buf_1)
    10    0.05                           _215_ (net)
                  0.30    0.00    2.60 v _410_/A (sky130_fd_sc_hd__nor2_2)
                  0.11    0.19    2.80 ^ _410_/Y (sky130_fd_sc_hd__nor2_2)
     1    0.00                           _012_ (net)
                  0.11    0.00    2.80 ^ _460_/RESET_B (sky130_fd_sc_hd__dfrtp_2)
                                  2.80   data arrival time

                  0.15   10.00   10.00   clock SCK (rise edge)
                          0.00   10.00   clock network delay (ideal)
                         -0.25    9.75   clock uncertainty
                          0.00    9.75   clock reconvergence pessimism
                                  9.75 ^ _460_/CLK (sky130_fd_sc_hd__dfrtp_2)
                          0.23    9.98   library recovery time
                                  9.98   data required time
-----------------------------------------------------------------------------
                                  9.98   data required time
                                 -2.80   data arrival time
-----------------------------------------------------------------------------
                                  7.18   slack (MET)


Startpoint: reset (input port clocked by SCK)
Endpoint: _456_ (recovery check against rising-edge clock SCK)
Path Group: asynchronous
Path Type: max

Fanout     Cap    Slew   Delay    Time   Description
-----------------------------------------------------------------------------
                  0.15    0.00    0.00   clock SCK (rise edge)
                          0.00    0.00   clock network delay (ideal)
                          2.00    2.00 v input external delay
                  0.01    0.00    2.00 v reset (in)
     1    0.00                           reset (net)
                  0.01    0.00    2.00 v _222_/A (sky130_fd_sc_hd__buf_1)
                  0.21    0.22    2.23 v _222_/X (sky130_fd_sc_hd__buf_1)
     9    0.04                           _100_ (net)
                  0.21    0.00    2.23 v _402_/A (sky130_fd_sc_hd__buf_1)
                  0.30    0.38    2.60 v _402_/X (sky130_fd_sc_hd__buf_1)
    10    0.05                           _215_ (net)
                  0.30    0.00    2.60 v _406_/A (sky130_fd_sc_hd__nor2_2)
                  0.11    0.20    2.80 ^ _406_/Y (sky130_fd_sc_hd__nor2_2)
     1    0.00                           _008_ (net)
                  0.11    0.00    2.80 ^ _456_/RESET_B (sky130_fd_sc_hd__dfrtp_2)
                                  2.80   data arrival time

                  0.15   10.00   10.00   clock SCK (rise edge)
                          0.00   10.00   clock network delay (ideal)
                         -0.25    9.75   clock uncertainty
                          0.00    9.75   clock reconvergence pessimism
                                  9.75 ^ _456_/CLK (sky130_fd_sc_hd__dfrtp_2)
                          0.23    9.98   library recovery time
                                  9.98   data required time
-----------------------------------------------------------------------------
                                  9.98   data required time
                                 -2.80   data arrival time
-----------------------------------------------------------------------------
                                  7.19   slack (MET)


Startpoint: reset (input port clocked by SCK)
Endpoint: _462_ (recovery check against rising-edge clock SCK)
Path Group: asynchronous
Path Type: max

Fanout     Cap    Slew   Delay    Time   Description
-----------------------------------------------------------------------------
                  0.15    0.00    0.00   clock SCK (rise edge)
                          0.00    0.00   clock network delay (ideal)
                          2.00    2.00 v input external delay
                  0.01    0.00    2.00 v reset (in)
     1    0.00                           reset (net)
                  0.01    0.00    2.00 v _222_/A (sky130_fd_sc_hd__buf_1)
                  0.21    0.22    2.23 v _222_/X (sky130_fd_sc_hd__buf_1)
     9    0.04                           _100_ (net)
                  0.21    0.00    2.23 v _402_/A (sky130_fd_sc_hd__buf_1)
                  0.30    0.38    2.60 v _402_/X (sky130_fd_sc_hd__buf_1)
    10    0.05                           _215_ (net)
                  0.30    0.00    2.60 v _412_/A (sky130_fd_sc_hd__nor2_2)
                  0.11    0.19    2.80 ^ _412_/Y (sky130_fd_sc_hd__nor2_2)
     1    0.00                           _014_ (net)
                  0.11    0.00    2.80 ^ _462_/RESET_B (sky130_fd_sc_hd__dfrtp_2)
                                  2.80   data arrival time

                  0.15   10.00   10.00   clock SCK (rise edge)
                          0.00   10.00   clock network delay (ideal)
                         -0.25    9.75   clock uncertainty
                          0.00    9.75   clock reconvergence pessimism
                                  9.75 ^ _462_/CLK (sky130_fd_sc_hd__dfrtp_2)
                          0.23    9.98   library recovery time
                                  9.98   data required time
-----------------------------------------------------------------------------
                                  9.98   data required time
                                 -2.80   data arrival time
-----------------------------------------------------------------------------
                                  7.19   slack (MET)


Startpoint: reset (input port clocked by SCK)
Endpoint: _461_ (recovery check against rising-edge clock SCK)
Path Group: asynchronous
Path Type: max

Fanout     Cap    Slew   Delay    Time   Description
-----------------------------------------------------------------------------
                  0.15    0.00    0.00   clock SCK (rise edge)
                          0.00    0.00   clock network delay (ideal)
                          2.00    2.00 v input external delay
                  0.01    0.00    2.00 v reset (in)
     1    0.00                           reset (net)
                  0.01    0.00    2.00 v _222_/A (sky130_fd_sc_hd__buf_1)
                  0.21    0.22    2.23 v _222_/X (sky130_fd_sc_hd__buf_1)
     9    0.04                           _100_ (net)
                  0.21    0.00    2.23 v _402_/A (sky130_fd_sc_hd__buf_1)
                  0.30    0.38    2.60 v _402_/X (sky130_fd_sc_hd__buf_1)
    10    0.05                           _215_ (net)
                  0.30    0.00    2.60 v _411_/A (sky130_fd_sc_hd__nor2_2)
                  0.11    0.19    2.80 ^ _411_/Y (sky130_fd_sc_hd__nor2_2)
     1    0.00                           _013_ (net)
                  0.11    0.00    2.80 ^ _461_/RESET_B (sky130_fd_sc_hd__dfrtp_2)
                                  2.80   data arrival time

                  0.15   10.00   10.00   clock SCK (rise edge)
                          0.00   10.00   clock network delay (ideal)
                         -0.25    9.75   clock uncertainty
                          0.00    9.75   clock reconvergence pessimism
                                  9.75 ^ _461_/CLK (sky130_fd_sc_hd__dfrtp_2)
                          0.23    9.98   library recovery time
                                  9.98   data required time
-----------------------------------------------------------------------------
                                  9.98   data required time
                                 -2.80   data arrival time
-----------------------------------------------------------------------------
                                  7.19   slack (MET)


Startpoint: reset (input port clocked by SCK)
Endpoint: _463_ (recovery check against rising-edge clock SCK)
Path Group: asynchronous
Path Type: max

Fanout     Cap    Slew   Delay    Time   Description
-----------------------------------------------------------------------------
                  0.15    0.00    0.00   clock SCK (rise edge)
                          0.00    0.00   clock network delay (ideal)
                          2.00    2.00 v input external delay
                  0.01    0.00    2.00 v reset (in)
     1    0.00                           reset (net)
                  0.01    0.00    2.00 v _222_/A (sky130_fd_sc_hd__buf_1)
                  0.21    0.22    2.23 v _222_/X (sky130_fd_sc_hd__buf_1)
     9    0.04                           _100_ (net)
                  0.21    0.00    2.23 v _402_/A (sky130_fd_sc_hd__buf_1)
                  0.30    0.38    2.60 v _402_/X (sky130_fd_sc_hd__buf_1)
    10    0.05                           _215_ (net)
                  0.30    0.00    2.60 v _413_/A (sky130_fd_sc_hd__nor2_2)
                  0.11    0.19    2.80 ^ _413_/Y (sky130_fd_sc_hd__nor2_2)
     1    0.00                           _015_ (net)
                  0.11    0.00    2.80 ^ _463_/RESET_B (sky130_fd_sc_hd__dfrtp_2)
                                  2.80   data arrival time

                  0.15   10.00   10.00   clock SCK (rise edge)
                          0.00   10.00   clock network delay (ideal)
                         -0.25    9.75   clock uncertainty
                          0.00    9.75   clock reconvergence pessimism
                                  9.75 ^ _463_/CLK (sky130_fd_sc_hd__dfrtp_2)
                          0.23    9.98   library recovery time
                                  9.98   data required time
-----------------------------------------------------------------------------
                                  9.98   data required time
                                 -2.80   data arrival time
-----------------------------------------------------------------------------
                                  7.19   slack (MET)


Startpoint: reset (input port clocked by SCK)
Endpoint: _465_ (recovery check against rising-edge clock SCK)
Path Group: asynchronous
Path Type: max

Fanout     Cap    Slew   Delay    Time   Description
-----------------------------------------------------------------------------
                  0.15    0.00    0.00   clock SCK (rise edge)
                          0.00    0.00   clock network delay (ideal)
                          2.00    2.00 v input external delay
                  0.01    0.00    2.00 v reset (in)
     1    0.00                           reset (net)
                  0.01    0.00    2.00 v _222_/A (sky130_fd_sc_hd__buf_1)
                  0.21    0.22    2.23 v _222_/X (sky130_fd_sc_hd__buf_1)
     9    0.04                           _100_ (net)
                  0.21    0.00    2.23 v _414_/A (sky130_fd_sc_hd__buf_1)
                  0.29    0.37    2.60 v _414_/X (sky130_fd_sc_hd__buf_1)
    10    0.05                           _217_ (net)
                  0.29    0.00    2.60 v _417_/A (sky130_fd_sc_hd__nor2_2)
                  0.11    0.20    2.79 ^ _417_/Y (sky130_fd_sc_hd__nor2_2)
     1    0.00                           _017_ (net)
                  0.11    0.00    2.79 ^ _465_/RESET_B (sky130_fd_sc_hd__dfrtp_2)
                                  2.79   data arrival time

                  0.15   10.00   10.00   clock SCK (rise edge)
                          0.00   10.00   clock network delay (ideal)
                         -0.25    9.75   clock uncertainty
                          0.00    9.75   clock reconvergence pessimism
                                  9.75 ^ _465_/CLK (sky130_fd_sc_hd__dfrtp_2)
                          0.23    9.98   library recovery time
                                  9.98   data required time
-----------------------------------------------------------------------------
                                  9.98   data required time
                                 -2.79   data arrival time
-----------------------------------------------------------------------------
                                  7.19   slack (MET)


Startpoint: reset (input port clocked by SCK)
Endpoint: _469_ (recovery check against rising-edge clock SCK)
Path Group: asynchronous
Path Type: max

Fanout     Cap    Slew   Delay    Time   Description
-----------------------------------------------------------------------------
                  0.15    0.00    0.00   clock SCK (rise edge)
                          0.00    0.00   clock network delay (ideal)
                          2.00    2.00 v input external delay
                  0.01    0.00    2.00 v reset (in)
     1    0.00                           reset (net)
                  0.01    0.00    2.00 v _222_/A (sky130_fd_sc_hd__buf_1)
                  0.21    0.22    2.23 v _222_/X (sky130_fd_sc_hd__buf_1)
     9    0.04                           _100_ (net)
                  0.21    0.00    2.23 v _414_/A (sky130_fd_sc_hd__buf_1)
                  0.29    0.37    2.60 v _414_/X (sky130_fd_sc_hd__buf_1)
    10    0.05                           _217_ (net)
                  0.29    0.00    2.60 v _421_/A (sky130_fd_sc_hd__nor2_2)
                  0.11    0.19    2.79 ^ _421_/Y (sky130_fd_sc_hd__nor2_2)
     1    0.00                           _021_ (net)
                  0.11    0.00    2.79 ^ _469_/RESET_B (sky130_fd_sc_hd__dfrtp_2)
                                  2.79   data arrival time

                  0.15   10.00   10.00   clock SCK (rise edge)
                          0.00   10.00   clock network delay (ideal)
                         -0.25    9.75   clock uncertainty
                          0.00    9.75   clock reconvergence pessimism
                                  9.75 ^ _469_/CLK (sky130_fd_sc_hd__dfrtp_2)
                          0.23    9.98   library recovery time
                                  9.98   data required time
-----------------------------------------------------------------------------
                                  9.98   data required time
                                 -2.79   data arrival time
-----------------------------------------------------------------------------
                                  7.19   slack (MET)


Startpoint: reset (input port clocked by SCK)
Endpoint: _466_ (recovery check against rising-edge clock SCK)
Path Group: asynchronous
Path Type: max

Fanout     Cap    Slew   Delay    Time   Description
-----------------------------------------------------------------------------
                  0.15    0.00    0.00   clock SCK (rise edge)
                          0.00    0.00   clock network delay (ideal)
                          2.00    2.00 v input external delay
                  0.01    0.00    2.00 v reset (in)
     1    0.00                           reset (net)
                  0.01    0.00    2.00 v _222_/A (sky130_fd_sc_hd__buf_1)
                  0.21    0.22    2.23 v _222_/X (sky130_fd_sc_hd__buf_1)
     9    0.04                           _100_ (net)
                  0.21    0.00    2.23 v _414_/A (sky130_fd_sc_hd__buf_1)
                  0.29    0.37    2.60 v _414_/X (sky130_fd_sc_hd__buf_1)
    10    0.05                           _217_ (net)
                  0.29    0.00    2.60 v _418_/A (sky130_fd_sc_hd__nor2_2)
                  0.11    0.20    2.79 ^ _418_/Y (sky130_fd_sc_hd__nor2_2)
     1    0.00                           _018_ (net)
                  0.11    0.00    2.79 ^ _466_/RESET_B (sky130_fd_sc_hd__dfrtp_2)
                                  2.79   data arrival time

                  0.15   10.00   10.00   clock SCK (rise edge)
                          0.00   10.00   clock network delay (ideal)
                         -0.25    9.75   clock uncertainty
                          0.00    9.75   clock reconvergence pessimism
                                  9.75 ^ _466_/CLK (sky130_fd_sc_hd__dfrtp_2)
                          0.23    9.98   library recovery time
                                  9.98   data required time
-----------------------------------------------------------------------------
                                  9.98   data required time
                                 -2.79   data arrival time
-----------------------------------------------------------------------------
                                  7.19   slack (MET)


Startpoint: reset (input port clocked by SCK)
Endpoint: _470_ (recovery check against rising-edge clock SCK)
Path Group: asynchronous
Path Type: max

Fanout     Cap    Slew   Delay    Time   Description
-----------------------------------------------------------------------------
                  0.15    0.00    0.00   clock SCK (rise edge)
                          0.00    0.00   clock network delay (ideal)
                          2.00    2.00 v input external delay
                  0.01    0.00    2.00 v reset (in)
     1    0.00                           reset (net)
                  0.01    0.00    2.00 v _222_/A (sky130_fd_sc_hd__buf_1)
                  0.21    0.22    2.23 v _222_/X (sky130_fd_sc_hd__buf_1)
     9    0.04                           _100_ (net)
                  0.21    0.00    2.23 v _414_/A (sky130_fd_sc_hd__buf_1)
                  0.29    0.37    2.60 v _414_/X (sky130_fd_sc_hd__buf_1)
    10    0.05                           _217_ (net)
                  0.29    0.00    2.60 v _422_/A (sky130_fd_sc_hd__nor2_2)
                  0.11    0.19    2.79 ^ _422_/Y (sky130_fd_sc_hd__nor2_2)
     1    0.00                           _022_ (net)
                  0.11    0.00    2.79 ^ _470_/RESET_B (sky130_fd_sc_hd__dfrtp_2)
                                  2.79   data arrival time

                  0.15   10.00   10.00   clock SCK (rise edge)
                          0.00   10.00   clock network delay (ideal)
                         -0.25    9.75   clock uncertainty
                          0.00    9.75   clock reconvergence pessimism
                                  9.75 ^ _470_/CLK (sky130_fd_sc_hd__dfrtp_2)
                          0.23    9.98   library recovery time
                                  9.98   data required time
-----------------------------------------------------------------------------
                                  9.98   data required time
                                 -2.79   data arrival time
-----------------------------------------------------------------------------
                                  7.19   slack (MET)


Startpoint: reset (input port clocked by SCK)
Endpoint: _464_ (recovery check against rising-edge clock SCK)
Path Group: asynchronous
Path Type: max

Fanout     Cap    Slew   Delay    Time   Description
-----------------------------------------------------------------------------
                  0.15    0.00    0.00   clock SCK (rise edge)
                          0.00    0.00   clock network delay (ideal)
                          2.00    2.00 v input external delay
                  0.01    0.00    2.00 v reset (in)
     1    0.00                           reset (net)
                  0.01    0.00    2.00 v _222_/A (sky130_fd_sc_hd__buf_1)
                  0.21    0.22    2.23 v _222_/X (sky130_fd_sc_hd__buf_1)
     9    0.04                           _100_ (net)
                  0.21    0.00    2.23 v _414_/A (sky130_fd_sc_hd__buf_1)
                  0.29    0.37    2.60 v _414_/X (sky130_fd_sc_hd__buf_1)
    10    0.05                           _217_ (net)
                  0.29    0.00    2.60 v _416_/A (sky130_fd_sc_hd__nor2_2)
                  0.11    0.20    2.79 ^ _416_/Y (sky130_fd_sc_hd__nor2_2)
     1    0.00                           _016_ (net)
                  0.11    0.00    2.79 ^ _464_/RESET_B (sky130_fd_sc_hd__dfrtp_2)
                                  2.79   data arrival time

                  0.15   10.00   10.00   clock SCK (rise edge)
                          0.00   10.00   clock network delay (ideal)
                         -0.25    9.75   clock uncertainty
                          0.00    9.75   clock reconvergence pessimism
                                  9.75 ^ _464_/CLK (sky130_fd_sc_hd__dfrtp_2)
                          0.23    9.98   library recovery time
                                  9.98   data required time
-----------------------------------------------------------------------------
                                  9.98   data required time
                                 -2.79   data arrival time
-----------------------------------------------------------------------------
                                  7.19   slack (MET)


Startpoint: reset (input port clocked by SCK)
Endpoint: _468_ (recovery check against rising-edge clock SCK)
Path Group: asynchronous
Path Type: max

Fanout     Cap    Slew   Delay    Time   Description
-----------------------------------------------------------------------------
                  0.15    0.00    0.00   clock SCK (rise edge)
                          0.00    0.00   clock network delay (ideal)
                          2.00    2.00 v input external delay
                  0.01    0.00    2.00 v reset (in)
     1    0.00                           reset (net)
                  0.01    0.00    2.00 v _222_/A (sky130_fd_sc_hd__buf_1)
                  0.21    0.22    2.23 v _222_/X (sky130_fd_sc_hd__buf_1)
     9    0.04                           _100_ (net)
                  0.21    0.00    2.23 v _414_/A (sky130_fd_sc_hd__buf_1)
                  0.29    0.37    2.60 v _414_/X (sky130_fd_sc_hd__buf_1)
    10    0.05                           _217_ (net)
                  0.29    0.00    2.60 v _420_/A (sky130_fd_sc_hd__nor2_2)
                  0.11    0.19    2.79 ^ _420_/Y (sky130_fd_sc_hd__nor2_2)
     1    0.00                           _020_ (net)
                  0.11    0.00    2.79 ^ _468_/RESET_B (sky130_fd_sc_hd__dfrtp_2)
                                  2.79   data arrival time

                  0.15   10.00   10.00   clock SCK (rise edge)
                          0.00   10.00   clock network delay (ideal)
                         -0.25    9.75   clock uncertainty
                          0.00    9.75   clock reconvergence pessimism
                                  9.75 ^ _468_/CLK (sky130_fd_sc_hd__dfrtp_2)
                          0.23    9.98   library recovery time
                                  9.98   data required time
-----------------------------------------------------------------------------
                                  9.98   data required time
                                 -2.79   data arrival time
-----------------------------------------------------------------------------
                                  7.19   slack (MET)


Startpoint: reset (input port clocked by SCK)
Endpoint: _471_ (recovery check against rising-edge clock SCK)
Path Group: asynchronous
Path Type: max

Fanout     Cap    Slew   Delay    Time   Description
-----------------------------------------------------------------------------
                  0.15    0.00    0.00   clock SCK (rise edge)
                          0.00    0.00   clock network delay (ideal)
                          2.00    2.00 v input external delay
                  0.01    0.00    2.00 v reset (in)
     1    0.00                           reset (net)
                  0.01    0.00    2.00 v _222_/A (sky130_fd_sc_hd__buf_1)
                  0.21    0.22    2.23 v _222_/X (sky130_fd_sc_hd__buf_1)
     9    0.04                           _100_ (net)
                  0.21    0.00    2.23 v _414_/A (sky130_fd_sc_hd__buf_1)
                  0.29    0.37    2.60 v _414_/X (sky130_fd_sc_hd__buf_1)
    10    0.05                           _217_ (net)
                  0.29    0.00    2.60 v _423_/A (sky130_fd_sc_hd__nor2_2)
                  0.11    0.19    2.79 ^ _423_/Y (sky130_fd_sc_hd__nor2_2)
     1    0.00                           _023_ (net)
                  0.11    0.00    2.79 ^ _471_/RESET_B (sky130_fd_sc_hd__dfrtp_2)
                                  2.79   data arrival time

                  0.15   10.00   10.00   clock SCK (rise edge)
                          0.00   10.00   clock network delay (ideal)
                         -0.25    9.75   clock uncertainty
                          0.00    9.75   clock reconvergence pessimism
                                  9.75 ^ _471_/CLK (sky130_fd_sc_hd__dfrtp_2)
                          0.23    9.98   library recovery time
                                  9.98   data required time
-----------------------------------------------------------------------------
                                  9.98   data required time
                                 -2.79   data arrival time
-----------------------------------------------------------------------------
                                  7.19   slack (MET)


Startpoint: reset (input port clocked by SCK)
Endpoint: _467_ (recovery check against rising-edge clock SCK)
Path Group: asynchronous
Path Type: max

Fanout     Cap    Slew   Delay    Time   Description
-----------------------------------------------------------------------------
                  0.15    0.00    0.00   clock SCK (rise edge)
                          0.00    0.00   clock network delay (ideal)
                          2.00    2.00 v input external delay
                  0.01    0.00    2.00 v reset (in)
     1    0.00                           reset (net)
                  0.01    0.00    2.00 v _222_/A (sky130_fd_sc_hd__buf_1)
                  0.21    0.22    2.23 v _222_/X (sky130_fd_sc_hd__buf_1)
     9    0.04                           _100_ (net)
                  0.21    0.00    2.23 v _414_/A (sky130_fd_sc_hd__buf_1)
                  0.29    0.37    2.60 v _414_/X (sky130_fd_sc_hd__buf_1)
    10    0.05                           _217_ (net)
                  0.29    0.00    2.60 v _419_/A (sky130_fd_sc_hd__nor2_2)
                  0.11    0.19    2.79 ^ _419_/Y (sky130_fd_sc_hd__nor2_2)
     1    0.00                           _019_ (net)
                  0.11    0.00    2.79 ^ _467_/RESET_B (sky130_fd_sc_hd__dfrtp_2)
                                  2.79   data arrival time

                  0.15   10.00   10.00   clock SCK (rise edge)
                          0.00   10.00   clock network delay (ideal)
                         -0.25    9.75   clock uncertainty
                          0.00    9.75   clock reconvergence pessimism
                                  9.75 ^ _467_/CLK (sky130_fd_sc_hd__dfrtp_2)
                          0.23    9.98   library recovery time
                                  9.98   data required time
-----------------------------------------------------------------------------
                                  9.98   data required time
                                 -2.79   data arrival time
-----------------------------------------------------------------------------
                                  7.19   slack (MET)


Startpoint: reset (input port clocked by SCK)
Endpoint: _472_ (recovery check against rising-edge clock SCK)
Path Group: asynchronous
Path Type: max

Fanout     Cap    Slew   Delay    Time   Description
-----------------------------------------------------------------------------
                  0.15    0.00    0.00   clock SCK (rise edge)
                          0.00    0.00   clock network delay (ideal)
                          2.00    2.00 v input external delay
                  0.01    0.00    2.00 v reset (in)
     1    0.00                           reset (net)
                  0.01    0.00    2.00 v _222_/A (sky130_fd_sc_hd__buf_1)
                  0.21    0.22    2.23 v _222_/X (sky130_fd_sc_hd__buf_1)
     9    0.04                           _100_ (net)
                  0.21    0.00    2.23 v _414_/A (sky130_fd_sc_hd__buf_1)
                  0.29    0.37    2.60 v _414_/X (sky130_fd_sc_hd__buf_1)
    10    0.05                           _217_ (net)
                  0.29    0.00    2.60 v _424_/A (sky130_fd_sc_hd__nor2_2)
                  0.11    0.19    2.79 ^ _424_/Y (sky130_fd_sc_hd__nor2_2)
     1    0.00                           _024_ (net)
                  0.11    0.00    2.79 ^ _472_/RESET_B (sky130_fd_sc_hd__dfrtp_2)
                                  2.79   data arrival time

                  0.15   10.00   10.00   clock SCK (rise edge)
                          0.00   10.00   clock network delay (ideal)
                         -0.25    9.75   clock uncertainty
                          0.00    9.75   clock reconvergence pessimism
                                  9.75 ^ _472_/CLK (sky130_fd_sc_hd__dfrtp_2)
                          0.23    9.98   library recovery time
                                  9.98   data required time
-----------------------------------------------------------------------------
                                  9.98   data required time
                                 -2.79   data arrival time
-----------------------------------------------------------------------------
                                  7.19   slack (MET)


Startpoint: reset (input port clocked by SCK)
Endpoint: _473_ (recovery check against rising-edge clock SCK)
Path Group: asynchronous
Path Type: max

Fanout     Cap    Slew   Delay    Time   Description
-----------------------------------------------------------------------------
                  0.15    0.00    0.00   clock SCK (rise edge)
                          0.00    0.00   clock network delay (ideal)
                          2.00    2.00 v input external delay
                  0.01    0.00    2.00 v reset (in)
     1    0.00                           reset (net)
                  0.01    0.00    2.00 v _222_/A (sky130_fd_sc_hd__buf_1)
                  0.21    0.22    2.23 v _222_/X (sky130_fd_sc_hd__buf_1)
     9    0.04                           _100_ (net)
                  0.21    0.00    2.23 v _414_/A (sky130_fd_sc_hd__buf_1)
                  0.29    0.37    2.60 v _414_/X (sky130_fd_sc_hd__buf_1)
    10    0.05                           _217_ (net)
                  0.29    0.00    2.60 v _425_/A (sky130_fd_sc_hd__nor2_2)
                  0.11    0.19    2.79 ^ _425_/Y (sky130_fd_sc_hd__nor2_2)
     1    0.00                           _025_ (net)
                  0.11    0.00    2.79 ^ _473_/RESET_B (sky130_fd_sc_hd__dfrtp_2)
                                  2.79   data arrival time

                  0.15   10.00   10.00   clock SCK (rise edge)
                          0.00   10.00   clock network delay (ideal)
                         -0.25    9.75   clock uncertainty
                          0.00    9.75   clock reconvergence pessimism
                                  9.75 ^ _473_/CLK (sky130_fd_sc_hd__dfrtp_2)
                          0.23    9.98   library recovery time
                                  9.98   data required time
-----------------------------------------------------------------------------
                                  9.98   data required time
                                 -2.79   data arrival time
-----------------------------------------------------------------------------
                                  7.19   slack (MET)


Startpoint: _477_ (rising edge-triggered flip-flop clocked by SCK)
Endpoint: odata[3] (output port clocked by SCK)
Path Group: SCK
Path Type: max

Fanout     Cap    Slew   Delay    Time   Description
-----------------------------------------------------------------------------
                  0.15    0.00    0.00   clock SCK (rise edge)
                          0.00    0.00   clock network delay (ideal)
                  0.15    0.00    0.00 ^ _477_/CLK (sky130_fd_sc_hd__dfrtp_2)
                  0.13    0.55    0.55 v _477_/Q (sky130_fd_sc_hd__dfrtp_2)
     3    0.04                           odata[3] (net)
                  0.13    0.00    0.55 v odata[3] (out)
                                  0.55   data arrival time

                  0.15   10.00   10.00   clock SCK (rise edge)
                          0.00   10.00   clock network delay (ideal)
                         -0.25    9.75   clock uncertainty
                          0.00    9.75   clock reconvergence pessimism
                         -2.00    7.75   output external delay
                                  7.75   data required time
-----------------------------------------------------------------------------
                                  7.75   data required time
                                 -0.55   data arrival time
-----------------------------------------------------------------------------
                                  7.20   slack (MET)


Startpoint: _456_ (rising edge-triggered flip-flop clocked by SCK)
Endpoint: pass_thru_mgmt_delay (output port clocked by SCK)
Path Group: SCK
Path Type: max

Fanout     Cap    Slew   Delay    Time   Description
-----------------------------------------------------------------------------
                  0.15    0.00    0.00   clock SCK (rise edge)
                          0.00    0.00   clock network delay (ideal)
                  0.15    0.00    0.00 ^ _456_/CLK (sky130_fd_sc_hd__dfrtp_2)
                  0.13    0.55    0.55 v _456_/Q (sky130_fd_sc_hd__dfrtp_2)
     3    0.04                           pass_thru_mgmt_delay (net)
                  0.13    0.00    0.55 v pass_thru_mgmt_delay (out)
                                  0.55   data arrival time

                  0.15   10.00   10.00   clock SCK (rise edge)
                          0.00   10.00   clock network delay (ideal)
                         -0.25    9.75   clock uncertainty
                          0.00    9.75   clock reconvergence pessimism
                         -2.00    7.75   output external delay
                                  7.75   data required time
-----------------------------------------------------------------------------
                                  7.75   data required time
                                 -0.55   data arrival time
-----------------------------------------------------------------------------
                                  7.20   slack (MET)


Startpoint: _479_ (rising edge-triggered flip-flop clocked by SCK)
Endpoint: odata[5] (output port clocked by SCK)
Path Group: SCK
Path Type: max

Fanout     Cap    Slew   Delay    Time   Description
-----------------------------------------------------------------------------
                  0.15    0.00    0.00   clock SCK (rise edge)
                          0.00    0.00   clock network delay (ideal)
                  0.15    0.00    0.00 ^ _479_/CLK (sky130_fd_sc_hd__dfrtp_2)
                  0.13    0.55    0.55 v _479_/Q (sky130_fd_sc_hd__dfrtp_2)
     3    0.04                           odata[5] (net)
                  0.13    0.00    0.55 v odata[5] (out)
                                  0.55   data arrival time

                  0.15   10.00   10.00   clock SCK (rise edge)
                          0.00   10.00   clock network delay (ideal)
                         -0.25    9.75   clock uncertainty
                          0.00    9.75   clock reconvergence pessimism
                         -2.00    7.75   output external delay
                                  7.75   data required time
-----------------------------------------------------------------------------
                                  7.75   data required time
                                 -0.55   data arrival time
-----------------------------------------------------------------------------
                                  7.20   slack (MET)


Startpoint: _454_ (rising edge-triggered flip-flop clocked by SCK)
Endpoint: rdstb (output port clocked by SCK)
Path Group: SCK
Path Type: max

Fanout     Cap    Slew   Delay    Time   Description
-----------------------------------------------------------------------------
                  0.15    0.00    0.00   clock SCK (rise edge)
                          0.00    0.00   clock network delay (ideal)
                  0.15    0.00    0.00 ^ _454_/CLK (sky130_fd_sc_hd__dfrtp_2)
                  0.13    0.55    0.55 v _454_/Q (sky130_fd_sc_hd__dfrtp_2)
     3    0.04                           rdstb (net)
                  0.13    0.00    0.55 v rdstb (out)
                                  0.55   data arrival time

                  0.15   10.00   10.00   clock SCK (rise edge)
                          0.00   10.00   clock network delay (ideal)
                         -0.25    9.75   clock uncertainty
                          0.00    9.75   clock reconvergence pessimism
                         -2.00    7.75   output external delay
                                  7.75   data required time
-----------------------------------------------------------------------------
                                  7.75   data required time
                                 -0.55   data arrival time
-----------------------------------------------------------------------------
                                  7.20   slack (MET)


Startpoint: _455_ (rising edge-triggered flip-flop clocked by SCK)
Endpoint: pass_thru_mgmt (output port clocked by SCK)
Path Group: SCK
Path Type: max

Fanout     Cap    Slew   Delay    Time   Description
-----------------------------------------------------------------------------
                  0.15    0.00    0.00   clock SCK (rise edge)
                          0.00    0.00   clock network delay (ideal)
                  0.15    0.00    0.00 ^ _455_/CLK (sky130_fd_sc_hd__dfrtp_2)
                  0.12    0.55    0.55 v _455_/Q (sky130_fd_sc_hd__dfrtp_2)
     2    0.04                           pass_thru_mgmt (net)
                  0.12    0.00    0.55 v pass_thru_mgmt (out)
                                  0.55   data arrival time

                  0.15   10.00   10.00   clock SCK (rise edge)
                          0.00   10.00   clock network delay (ideal)
                         -0.25    9.75   clock uncertainty
                          0.00    9.75   clock reconvergence pessimism
                         -2.00    7.75   output external delay
                                  7.75   data required time
-----------------------------------------------------------------------------
                                  7.75   data required time
                                 -0.55   data arrival time
-----------------------------------------------------------------------------
                                  7.20   slack (MET)


Startpoint: _457_ (rising edge-triggered flip-flop clocked by SCK)
Endpoint: pass_thru_user (output port clocked by SCK)
Path Group: SCK
Path Type: max

Fanout     Cap    Slew   Delay    Time   Description
-----------------------------------------------------------------------------
                  0.15    0.00    0.00   clock SCK (rise edge)
                          0.00    0.00   clock network delay (ideal)
                  0.15    0.00    0.00 ^ _457_/CLK (sky130_fd_sc_hd__dfrtp_2)
                  0.12    0.54    0.54 v _457_/Q (sky130_fd_sc_hd__dfrtp_2)
     2    0.04                           pass_thru_user (net)
                  0.12    0.00    0.55 v pass_thru_user (out)
                                  0.55   data arrival time

                  0.15   10.00   10.00   clock SCK (rise edge)
                          0.00   10.00   clock network delay (ideal)
                         -0.25    9.75   clock uncertainty
                          0.00    9.75   clock reconvergence pessimism
                         -2.00    7.75   output external delay
                                  7.75   data required time
-----------------------------------------------------------------------------
                                  7.75   data required time
                                 -0.55   data arrival time
-----------------------------------------------------------------------------
                                  7.20   slack (MET)


Startpoint: _476_ (rising edge-triggered flip-flop clocked by SCK)
Endpoint: odata[2] (output port clocked by SCK)
Path Group: SCK
Path Type: max

Fanout     Cap    Slew   Delay    Time   Description
-----------------------------------------------------------------------------
                  0.15    0.00    0.00   clock SCK (rise edge)
                          0.00    0.00   clock network delay (ideal)
                  0.15    0.00    0.00 ^ _476_/CLK (sky130_fd_sc_hd__dfrtp_2)
                  0.12    0.54    0.54 v _476_/Q (sky130_fd_sc_hd__dfrtp_2)
     3    0.04                           odata[2] (net)
                  0.12    0.00    0.55 v odata[2] (out)
                                  0.55   data arrival time

                  0.15   10.00   10.00   clock SCK (rise edge)
                          0.00   10.00   clock network delay (ideal)
                         -0.25    9.75   clock uncertainty
                          0.00    9.75   clock reconvergence pessimism
                         -2.00    7.75   output external delay
                                  7.75   data required time
-----------------------------------------------------------------------------
                                  7.75   data required time
                                 -0.55   data arrival time
-----------------------------------------------------------------------------
                                  7.20   slack (MET)


Startpoint: _475_ (rising edge-triggered flip-flop clocked by SCK)
Endpoint: odata[1] (output port clocked by SCK)
Path Group: SCK
Path Type: max

Fanout     Cap    Slew   Delay    Time   Description
-----------------------------------------------------------------------------
                  0.15    0.00    0.00   clock SCK (rise edge)
                          0.00    0.00   clock network delay (ideal)
                  0.15    0.00    0.00 ^ _475_/CLK (sky130_fd_sc_hd__dfrtp_2)
                  0.12    0.54    0.54 v _475_/Q (sky130_fd_sc_hd__dfrtp_2)
     3    0.04                           odata[1] (net)
                  0.12    0.00    0.54 v odata[1] (out)
                                  0.54   data arrival time

                  0.15   10.00   10.00   clock SCK (rise edge)
                          0.00   10.00   clock network delay (ideal)
                         -0.25    9.75   clock uncertainty
                          0.00    9.75   clock reconvergence pessimism
                         -2.00    7.75   output external delay
                                  7.75   data required time
-----------------------------------------------------------------------------
                                  7.75   data required time
                                 -0.54   data arrival time
-----------------------------------------------------------------------------
                                  7.21   slack (MET)


Startpoint: _480_ (rising edge-triggered flip-flop clocked by SCK)
Endpoint: odata[6] (output port clocked by SCK)
Path Group: SCK
Path Type: max

Fanout     Cap    Slew   Delay    Time   Description
-----------------------------------------------------------------------------
                  0.15    0.00    0.00   clock SCK (rise edge)
                          0.00    0.00   clock network delay (ideal)
                  0.15    0.00    0.00 ^ _480_/CLK (sky130_fd_sc_hd__dfrtp_2)
                  0.12    0.54    0.54 v _480_/Q (sky130_fd_sc_hd__dfrtp_2)
     3    0.04                           odata[6] (net)
                  0.12    0.00    0.54 v odata[6] (out)
                                  0.54   data arrival time

                  0.15   10.00   10.00   clock SCK (rise edge)
                          0.00   10.00   clock network delay (ideal)
                         -0.25    9.75   clock uncertainty
                          0.00    9.75   clock reconvergence pessimism
                         -2.00    7.75   output external delay
                                  7.75   data required time
-----------------------------------------------------------------------------
                                  7.75   data required time
                                 -0.54   data arrival time
-----------------------------------------------------------------------------
                                  7.21   slack (MET)


Startpoint: _458_ (rising edge-triggered flip-flop clocked by SCK)
Endpoint: pass_thru_user_delay (output port clocked by SCK)
Path Group: SCK
Path Type: max

Fanout     Cap    Slew   Delay    Time   Description
-----------------------------------------------------------------------------
                  0.15    0.00    0.00   clock SCK (rise edge)
                          0.00    0.00   clock network delay (ideal)
                  0.15    0.00    0.00 ^ _458_/CLK (sky130_fd_sc_hd__dfrtp_2)
                  0.12    0.54    0.54 v _458_/Q (sky130_fd_sc_hd__dfrtp_2)
     3    0.04                           pass_thru_user_delay (net)
                  0.12    0.00    0.54 v pass_thru_user_delay (out)
                                  0.54   data arrival time

                  0.15   10.00   10.00   clock SCK (rise edge)
                          0.00   10.00   clock network delay (ideal)
                         -0.25    9.75   clock uncertainty
                          0.00    9.75   clock reconvergence pessimism
                         -2.00    7.75   output external delay
                                  7.75   data required time
-----------------------------------------------------------------------------
                                  7.75   data required time
                                 -0.54   data arrival time
-----------------------------------------------------------------------------
                                  7.21   slack (MET)


Startpoint: _478_ (rising edge-triggered flip-flop clocked by SCK)
Endpoint: odata[4] (output port clocked by SCK)
Path Group: SCK
Path Type: max

Fanout     Cap    Slew   Delay    Time   Description
-----------------------------------------------------------------------------
                  0.15    0.00    0.00   clock SCK (rise edge)
                          0.00    0.00   clock network delay (ideal)
                  0.15    0.00    0.00 ^ _478_/CLK (sky130_fd_sc_hd__dfrtp_2)
                  0.12    0.54    0.54 v _478_/Q (sky130_fd_sc_hd__dfrtp_2)
     3    0.04                           odata[4] (net)
                  0.12    0.00    0.54 v odata[4] (out)
                                  0.54   data arrival time

                  0.15   10.00   10.00   clock SCK (rise edge)
                          0.00   10.00   clock network delay (ideal)
                         -0.25    9.75   clock uncertainty
                          0.00    9.75   clock reconvergence pessimism
                         -2.00    7.75   output external delay
                                  7.75   data required time
-----------------------------------------------------------------------------
                                  7.75   data required time
                                 -0.54   data arrival time
-----------------------------------------------------------------------------
                                  7.21   slack (MET)


Startpoint: _481_ (rising edge-triggered flip-flop clocked by SCK)
Endpoint: odata[7] (output port clocked by SCK)
Path Group: SCK
Path Type: max

Fanout     Cap    Slew   Delay    Time   Description
-----------------------------------------------------------------------------
                  0.15    0.00    0.00   clock SCK (rise edge)
                          0.00    0.00   clock network delay (ideal)
                  0.15    0.00    0.00 ^ _481_/CLK (sky130_fd_sc_hd__dfrtp_2)
                  0.12    0.54    0.54 v _481_/Q (sky130_fd_sc_hd__dfrtp_2)
     2    0.04                           odata[7] (net)
                  0.12    0.00    0.54 v odata[7] (out)
                                  0.54   data arrival time

                  0.15   10.00   10.00   clock SCK (rise edge)
                          0.00   10.00   clock network delay (ideal)
                         -0.25    9.75   clock uncertainty
                          0.00    9.75   clock reconvergence pessimism
                         -2.00    7.75   output external delay
                                  7.75   data required time
-----------------------------------------------------------------------------
                                  7.75   data required time
                                 -0.54   data arrival time
-----------------------------------------------------------------------------
                                  7.21   slack (MET)


Startpoint: SDI (input port clocked by SCK)
Endpoint: _475_ (rising edge-triggered flip-flop clocked by SCK)
Path Group: SCK
Path Type: max

Fanout     Cap    Slew   Delay    Time   Description
-----------------------------------------------------------------------------
                  0.15    0.00    0.00   clock SCK (rise edge)
                          0.00    0.00   clock network delay (ideal)
                          2.00    2.00 v input external delay
                  0.07    0.05    2.05 v SDI (in)
     8    0.03                           SDI (net)
                  0.07    0.00    2.05 v _290_/A1 (sky130_fd_sc_hd__mux2_2)
                  0.05    0.27    2.33 v _290_/X (sky130_fd_sc_hd__mux2_2)
     1    0.00                           _141_ (net)
                  0.05    0.00    2.33 v _291_/A (sky130_fd_sc_hd__buf_1)
                  0.02    0.09    2.41 v _291_/X (sky130_fd_sc_hd__buf_1)
     1    0.00                           _082_ (net)
                  0.02    0.00    2.41 v _475_/D (sky130_fd_sc_hd__dfrtp_2)
                                  2.41   data arrival time

                  0.15   10.00   10.00   clock SCK (rise edge)
                          0.00   10.00   clock network delay (ideal)
                         -0.25    9.75   clock uncertainty
                          0.00    9.75   clock reconvergence pessimism
                                  9.75 ^ _475_/CLK (sky130_fd_sc_hd__dfrtp_2)
                         -0.08    9.67   library setup time
                                  9.67   data required time
-----------------------------------------------------------------------------
                                  9.67   data required time
                                 -2.41   data arrival time
-----------------------------------------------------------------------------
                                  7.25   slack (MET)


Startpoint: SDI (input port clocked by SCK)
Endpoint: _471_ (rising edge-triggered flip-flop clocked by SCK)
Path Group: SCK
Path Type: max

Fanout     Cap    Slew   Delay    Time   Description
-----------------------------------------------------------------------------
                  0.15    0.00    0.00   clock SCK (rise edge)
                          0.00    0.00   clock network delay (ideal)
                          2.00    2.00 v input external delay
                  0.07    0.05    2.05 v SDI (in)
     8    0.03                           SDI (net)
                  0.07    0.00    2.05 v _306_/A0 (sky130_fd_sc_hd__mux2_2)
                  0.05    0.27    2.32 v _306_/X (sky130_fd_sc_hd__mux2_2)
     1    0.00                           _153_ (net)
                  0.05    0.00    2.32 v _307_/A (sky130_fd_sc_hd__buf_1)
                  0.02    0.09    2.41 v _307_/X (sky130_fd_sc_hd__buf_1)
     1    0.00                           _078_ (net)
                  0.02    0.00    2.41 v _471_/D (sky130_fd_sc_hd__dfrtp_2)
                                  2.41   data arrival time

                  0.15   10.00   10.00   clock SCK (rise edge)
                          0.00   10.00   clock network delay (ideal)
                         -0.25    9.75   clock uncertainty
                          0.00    9.75   clock reconvergence pessimism
                                  9.75 ^ _471_/CLK (sky130_fd_sc_hd__dfrtp_2)
                         -0.08    9.67   library setup time
                                  9.67   data required time
-----------------------------------------------------------------------------
                                  9.67   data required time
                                 -2.41   data arrival time
-----------------------------------------------------------------------------
                                  7.26   slack (MET)


Startpoint: SDI (input port clocked by SCK)
Endpoint: _472_ (rising edge-triggered flip-flop clocked by SCK)
Path Group: SCK
Path Type: max

Fanout     Cap    Slew   Delay    Time   Description
-----------------------------------------------------------------------------
                  0.15    0.00    0.00   clock SCK (rise edge)
                          0.00    0.00   clock network delay (ideal)
                          2.00    2.00 ^ input external delay
                  0.15    0.11    2.11 ^ SDI (in)
     8    0.03                           SDI (net)
                  0.15    0.00    2.11 ^ _302_/A (sky130_fd_sc_hd__nand2_2)
                  0.07    0.10    2.20 v _302_/Y (sky130_fd_sc_hd__nand2_2)
     2    0.01                           _150_ (net)
                  0.07    0.00    2.20 v _304_/A1 (sky130_fd_sc_hd__o221ai_2)
                  0.15    0.18    2.39 ^ _304_/Y (sky130_fd_sc_hd__o221ai_2)
     1    0.00                           _079_ (net)
                  0.15    0.00    2.39 ^ _472_/D (sky130_fd_sc_hd__dfrtp_2)
                                  2.39   data arrival time

                  0.15   10.00   10.00   clock SCK (rise edge)
                          0.00   10.00   clock network delay (ideal)
                         -0.25    9.75   clock uncertainty
                          0.00    9.75   clock reconvergence pessimism
                                  9.75 ^ _472_/CLK (sky130_fd_sc_hd__dfrtp_2)
                         -0.07    9.68   library setup time
                                  9.68   data required time
-----------------------------------------------------------------------------
                                  9.68   data required time
                                 -2.39   data arrival time
-----------------------------------------------------------------------------
                                  7.29   slack (MET)


Startpoint: SDI (input port clocked by SCK)
Endpoint: _484_ (rising edge-triggered flip-flop clocked by SCK)
Path Group: SCK
Path Type: max

Fanout     Cap    Slew   Delay    Time   Description
-----------------------------------------------------------------------------
                  0.15    0.00    0.00   clock SCK (rise edge)
                          0.00    0.00   clock network delay (ideal)
                          2.00    2.00 v input external delay
                  0.07    0.05    2.05 v SDI (in)
     8    0.03                           SDI (net)
                  0.07    0.00    2.05 v _270_/A1 (sky130_fd_sc_hd__a32o_2)
                  0.04    0.25    2.30 v _270_/X (sky130_fd_sc_hd__a32o_2)
     1    0.00                           _090_ (net)
                  0.04    0.00    2.30 v _484_/D (sky130_fd_sc_hd__dfrtp_2)
                                  2.30   data arrival time

                  0.15   10.00   10.00   clock SCK (rise edge)
                          0.00   10.00   clock network delay (ideal)
                         -0.25    9.75   clock uncertainty
                          0.00    9.75   clock reconvergence pessimism
                                  9.75 ^ _484_/CLK (sky130_fd_sc_hd__dfrtp_2)
                         -0.09    9.66   library setup time
                                  9.66   data required time
-----------------------------------------------------------------------------
                                  9.66   data required time
                                 -2.30   data arrival time
-----------------------------------------------------------------------------
                                  7.36   slack (MET)


Startpoint: SDI (input port clocked by SCK)
Endpoint: _470_ (rising edge-triggered flip-flop clocked by SCK)
Path Group: SCK
Path Type: max

Fanout     Cap    Slew   Delay    Time   Description
-----------------------------------------------------------------------------
                  0.15    0.00    0.00   clock SCK (rise edge)
                          0.00    0.00   clock network delay (ideal)
                          2.00    2.00 ^ input external delay
                  0.15    0.11    2.11 ^ SDI (in)
     8    0.03                           SDI (net)
                  0.15    0.00    2.11 ^ _302_/A (sky130_fd_sc_hd__nand2_2)
                  0.07    0.10    2.20 v _302_/Y (sky130_fd_sc_hd__nand2_2)
     2    0.01                           _150_ (net)
                  0.07    0.00    2.20 v _309_/A2 (sky130_fd_sc_hd__o21ai_2)
                  0.09    0.11    2.31 ^ _309_/Y (sky130_fd_sc_hd__o21ai_2)
     1    0.00                           _077_ (net)
                  0.09    0.00    2.31 ^ _470_/D (sky130_fd_sc_hd__dfrtp_2)
                                  2.31   data arrival time

                  0.15   10.00   10.00   clock SCK (rise edge)
                          0.00   10.00   clock network delay (ideal)
                         -0.25    9.75   clock uncertainty
                          0.00    9.75   clock reconvergence pessimism
                                  9.75 ^ _470_/CLK (sky130_fd_sc_hd__dfrtp_2)
                         -0.06    9.69   library setup time
                                  9.69   data required time
-----------------------------------------------------------------------------
                                  9.69   data required time
                                 -2.31   data arrival time
-----------------------------------------------------------------------------
                                  7.38   slack (MET)


Startpoint: SDI (input port clocked by SCK)
Endpoint: _482_ (rising edge-triggered flip-flop clocked by SCK)
Path Group: SCK
Path Type: max

Fanout     Cap    Slew   Delay    Time   Description
-----------------------------------------------------------------------------
                  0.15    0.00    0.00   clock SCK (rise edge)
                          0.00    0.00   clock network delay (ideal)
                          2.00    2.00 v input external delay
                  0.07    0.05    2.05 v SDI (in)
     8    0.03                           SDI (net)
                  0.07    0.00    2.05 v _276_/A1 (sky130_fd_sc_hd__a41o_2)
                  0.04    0.22    2.27 v _276_/X (sky130_fd_sc_hd__a41o_2)
     1    0.00                           _089_ (net)
                  0.04    0.00    2.27 v _482_/D (sky130_fd_sc_hd__dfrtp_2)
                                  2.27   data arrival time

                  0.15   10.00   10.00   clock SCK (rise edge)
                          0.00   10.00   clock network delay (ideal)
                         -0.25    9.75   clock uncertainty
                          0.00    9.75   clock reconvergence pessimism
                                  9.75 ^ _482_/CLK (sky130_fd_sc_hd__dfrtp_2)
                         -0.09    9.66   library setup time
                                  9.66   data required time
-----------------------------------------------------------------------------
                                  9.66   data required time
                                 -2.27   data arrival time
-----------------------------------------------------------------------------
                                  7.39   slack (MET)


Startpoint: reset (input port clocked by SCK)
Endpoint: _486_ (recovery check against rising-edge clock SCK)
Path Group: asynchronous
Path Type: max

Fanout     Cap    Slew   Delay    Time   Description
-----------------------------------------------------------------------------
                  0.15    0.00    0.00   clock SCK (rise edge)
                          0.00    0.00   clock network delay (ideal)
                          2.00    2.00 v input external delay
                  0.01    0.00    2.00 v reset (in)
     1    0.00                           reset (net)
                  0.01    0.00    2.00 v _222_/A (sky130_fd_sc_hd__buf_1)
                  0.21    0.22    2.23 v _222_/X (sky130_fd_sc_hd__buf_1)
     9    0.04                           _100_ (net)
                  0.21    0.00    2.23 v _441_/A (sky130_fd_sc_hd__nor2_2)
                  0.09    0.16    2.39 ^ _441_/Y (sky130_fd_sc_hd__nor2_2)
     1    0.00                           _040_ (net)
                  0.09    0.00    2.39 ^ _486_/SET_B (sky130_fd_sc_hd__dfstp_2)
                                  2.39   data arrival time

                  0.15   10.00   10.00   clock SCK (rise edge)
                          0.00   10.00   clock network delay (ideal)
                         -0.25    9.75   clock uncertainty
                          0.00    9.75   clock reconvergence pessimism
                                  9.75 ^ _486_/CLK (sky130_fd_sc_hd__dfstp_2)
                          0.16    9.91   library recovery time
                                  9.91   data required time
-----------------------------------------------------------------------------
                                  9.91   data required time
                                 -2.39   data arrival time
-----------------------------------------------------------------------------
                                  7.52   slack (MET)


Startpoint: reset (input port clocked by SCK)
Endpoint: _490_ (recovery check against rising-edge clock SCK)
Path Group: asynchronous
Path Type: max

Fanout     Cap    Slew   Delay    Time   Description
-----------------------------------------------------------------------------
                  0.15    0.00    0.00   clock SCK (rise edge)
                          0.00    0.00   clock network delay (ideal)
                          2.00    2.00 v input external delay
                  0.01    0.00    2.00 v reset (in)
     1    0.00                           reset (net)
                  0.01    0.00    2.00 v _222_/A (sky130_fd_sc_hd__buf_1)
                  0.21    0.22    2.23 v _222_/X (sky130_fd_sc_hd__buf_1)
     9    0.04                           _100_ (net)
                  0.21    0.00    2.23 v _445_/A (sky130_fd_sc_hd__nor2_2)
                  0.10    0.17    2.39 ^ _445_/Y (sky130_fd_sc_hd__nor2_2)
     1    0.00                           _044_ (net)
                  0.10    0.00    2.39 ^ _490_/RESET_B (sky130_fd_sc_hd__dfrtp_2)
                                  2.39   data arrival time

                  0.15   10.00   10.00   clock SCK (rise edge)
                          0.00   10.00   clock network delay (ideal)
                         -0.25    9.75   clock uncertainty
                          0.00    9.75   clock reconvergence pessimism
                                  9.75 ^ _490_/CLK (sky130_fd_sc_hd__dfrtp_2)
                          0.24    9.99   library recovery time
                                  9.99   data required time
-----------------------------------------------------------------------------
                                  9.99   data required time
                                 -2.39   data arrival time
-----------------------------------------------------------------------------
                                  7.59   slack (MET)


Startpoint: reset (input port clocked by SCK)
Endpoint: _487_ (recovery check against rising-edge clock SCK)
Path Group: asynchronous
Path Type: max

Fanout     Cap    Slew   Delay    Time   Description
-----------------------------------------------------------------------------
                  0.15    0.00    0.00   clock SCK (rise edge)
                          0.00    0.00   clock network delay (ideal)
                          2.00    2.00 v input external delay
                  0.01    0.00    2.00 v reset (in)
     1    0.00                           reset (net)
                  0.01    0.00    2.00 v _222_/A (sky130_fd_sc_hd__buf_1)
                  0.21    0.22    2.23 v _222_/X (sky130_fd_sc_hd__buf_1)
     9    0.04                           _100_ (net)
                  0.21    0.00    2.23 v _442_/A (sky130_fd_sc_hd__nor2_2)
                  0.10    0.17    2.39 ^ _442_/Y (sky130_fd_sc_hd__nor2_2)
     1    0.00                           _041_ (net)
                  0.10    0.00    2.39 ^ _487_/RESET_B (sky130_fd_sc_hd__dfrtp_2)
                                  2.39   data arrival time

                  0.15   10.00   10.00   clock SCK (rise edge)
                          0.00   10.00   clock network delay (ideal)
                         -0.25    9.75   clock uncertainty
                          0.00    9.75   clock reconvergence pessimism
                                  9.75 ^ _487_/CLK (sky130_fd_sc_hd__dfrtp_2)
                          0.24    9.99   library recovery time
                                  9.99   data required time
-----------------------------------------------------------------------------
                                  9.99   data required time
                                 -2.39   data arrival time
-----------------------------------------------------------------------------
                                  7.59   slack (MET)


Startpoint: reset (input port clocked by SCK)
Endpoint: _488_ (recovery check against rising-edge clock SCK)
Path Group: asynchronous
Path Type: max

Fanout     Cap    Slew   Delay    Time   Description
-----------------------------------------------------------------------------
                  0.15    0.00    0.00   clock SCK (rise edge)
                          0.00    0.00   clock network delay (ideal)
                          2.00    2.00 v input external delay
                  0.01    0.00    2.00 v reset (in)
     1    0.00                           reset (net)
                  0.01    0.00    2.00 v _222_/A (sky130_fd_sc_hd__buf_1)
                  0.21    0.22    2.23 v _222_/X (sky130_fd_sc_hd__buf_1)
     9    0.04                           _100_ (net)
                  0.21    0.00    2.23 v _443_/A (sky130_fd_sc_hd__nor2_2)
                  0.09    0.16    2.39 ^ _443_/Y (sky130_fd_sc_hd__nor2_2)
     1    0.00                           _042_ (net)
                  0.09    0.00    2.39 ^ _488_/RESET_B (sky130_fd_sc_hd__dfrtp_2)
                                  2.39   data arrival time

                  0.15   10.00   10.00   clock SCK (rise edge)
                          0.00   10.00   clock network delay (ideal)
                         -0.25    9.75   clock uncertainty
                          0.00    9.75   clock reconvergence pessimism
                                  9.75 ^ _488_/CLK (sky130_fd_sc_hd__dfrtp_2)
                          0.24    9.99   library recovery time
                                  9.99   data required time
-----------------------------------------------------------------------------
                                  9.99   data required time
                                 -2.39   data arrival time
-----------------------------------------------------------------------------
                                  7.60   slack (MET)


Startpoint: reset (input port clocked by SCK)
Endpoint: _489_ (recovery check against rising-edge clock SCK)
Path Group: asynchronous
Path Type: max

Fanout     Cap    Slew   Delay    Time   Description
-----------------------------------------------------------------------------
                  0.15    0.00    0.00   clock SCK (rise edge)
                          0.00    0.00   clock network delay (ideal)
                          2.00    2.00 v input external delay
                  0.01    0.00    2.00 v reset (in)
     1    0.00                           reset (net)
                  0.01    0.00    2.00 v _222_/A (sky130_fd_sc_hd__buf_1)
                  0.21    0.22    2.23 v _222_/X (sky130_fd_sc_hd__buf_1)
     9    0.04                           _100_ (net)
                  0.21    0.00    2.23 v _444_/A (sky130_fd_sc_hd__nor2_2)
                  0.09    0.16    2.39 ^ _444_/Y (sky130_fd_sc_hd__nor2_2)
     1    0.00                           _043_ (net)
                  0.09    0.00    2.39 ^ _489_/RESET_B (sky130_fd_sc_hd__dfrtp_2)
                                  2.39   data arrival time

                  0.15   10.00   10.00   clock SCK (rise edge)
                          0.00   10.00   clock network delay (ideal)
                         -0.25    9.75   clock uncertainty
                          0.00    9.75   clock reconvergence pessimism
                                  9.75 ^ _489_/CLK (sky130_fd_sc_hd__dfrtp_2)
                          0.24    9.99   library recovery time
                                  9.99   data required time
-----------------------------------------------------------------------------
                                  9.99   data required time
                                 -2.39   data arrival time
-----------------------------------------------------------------------------
                                  7.60   slack (MET)


Startpoint: _459_ (rising edge-triggered flip-flop clocked by SCK)
Endpoint: _466_ (rising edge-triggered flip-flop clocked by SCK)
Path Group: SCK
Path Type: max

Fanout     Cap    Slew   Delay    Time   Description
-----------------------------------------------------------------------------
                  0.15    0.00    0.00   clock SCK (rise edge)
                          0.00    0.00   clock network delay (ideal)
                  0.15    0.00    0.00 ^ _459_/CLK (sky130_fd_sc_hd__dfrtp_2)
                  0.17    0.51    0.51 ^ _459_/Q (sky130_fd_sc_hd__dfrtp_2)
     8    0.03                           addr[0] (net)
                  0.17    0.00    0.51 ^ _324_/D (sky130_fd_sc_hd__and4_2)
                  0.05    0.24    0.75 ^ _324_/X (sky130_fd_sc_hd__and4_2)
     1    0.00                           _165_ (net)
                  0.05    0.00    0.75 ^ _325_/A (sky130_fd_sc_hd__buf_1)
                  0.33    0.29    1.04 ^ _325_/X (sky130_fd_sc_hd__buf_1)
     7    0.03                           _166_ (net)
                  0.33    0.00    1.04 ^ _326_/D (sky130_fd_sc_hd__and4_2)
                  0.08    0.32    1.36 ^ _326_/X (sky130_fd_sc_hd__and4_2)
     2    0.01                           _167_ (net)
                  0.08    0.00    1.36 ^ _327_/S (sky130_fd_sc_hd__mux2_2)
                  0.04    0.34    1.70 v _327_/X (sky130_fd_sc_hd__mux2_2)
     1    0.00                           _168_ (net)
                  0.04    0.00    1.70 v _330_/A1 (sky130_fd_sc_hd__mux2_2)
                  0.05    0.27    1.97 v _330_/X (sky130_fd_sc_hd__mux2_2)
     1    0.00                           _171_ (net)
                  0.05    0.00    1.97 v _331_/A (sky130_fd_sc_hd__buf_1)
                  0.02    0.09    2.06 v _331_/X (sky130_fd_sc_hd__buf_1)
     1    0.00                           _073_ (net)
                  0.02    0.00    2.06 v _466_/D (sky130_fd_sc_hd__dfrtp_2)
                                  2.06   data arrival time

                  0.15   10.00   10.00   clock SCK (rise edge)
                          0.00   10.00   clock network delay (ideal)
                         -0.25    9.75   clock uncertainty
                          0.00    9.75   clock reconvergence pessimism
                                  9.75 ^ _466_/CLK (sky130_fd_sc_hd__dfrtp_2)
                         -0.08    9.67   library setup time
                                  9.67   data required time
-----------------------------------------------------------------------------
                                  9.67   data required time
                                 -2.06   data arrival time
-----------------------------------------------------------------------------
                                  7.61   slack (MET)


Startpoint: _488_ (rising edge-triggered flip-flop clocked by SCK)
Endpoint: _473_ (rising edge-triggered flip-flop clocked by SCK)
Path Group: SCK
Path Type: max

Fanout     Cap    Slew   Delay    Time   Description
-----------------------------------------------------------------------------
                  0.15    0.00    0.00   clock SCK (rise edge)
                          0.00    0.00   clock network delay (ideal)
                  0.15    0.00    0.00 ^ _488_/CLK (sky130_fd_sc_hd__dfrtp_2)
                  0.15    0.49    0.49 ^ _488_/Q (sky130_fd_sc_hd__dfrtp_2)
     8    0.03                           state[2] (net)
                  0.15    0.00    0.49 ^ _277_/C_N (sky130_fd_sc_hd__nor3b_2)
                  0.59    0.56    1.05 ^ _277_/Y (sky130_fd_sc_hd__nor3b_2)
     8    0.03                           _134_ (net)
                  0.59    0.00    1.05 ^ _293_/B1 (sky130_fd_sc_hd__a32o_2)
                  0.11    0.28    1.33 ^ _293_/X (sky130_fd_sc_hd__a32o_2)
     5    0.02                           _143_ (net)
                  0.11    0.00    1.33 ^ _299_/C_N (sky130_fd_sc_hd__or3b_2)
                  0.11    0.53    1.87 v _299_/X (sky130_fd_sc_hd__or3b_2)
     2    0.01                           _148_ (net)
                  0.11    0.00    1.87 v _301_/A (sky130_fd_sc_hd__xnor2_2)
                  0.04    0.16    2.03 v _301_/Y (sky130_fd_sc_hd__xnor2_2)
     1    0.00                           _080_ (net)
                  0.04    0.00    2.03 v _473_/D (sky130_fd_sc_hd__dfrtp_2)
                                  2.03   data arrival time

                  0.15   10.00   10.00   clock SCK (rise edge)
                          0.00   10.00   clock network delay (ideal)
                         -0.25    9.75   clock uncertainty
                          0.00    9.75   clock reconvergence pessimism
                                  9.75 ^ _473_/CLK (sky130_fd_sc_hd__dfrtp_2)
                         -0.09    9.66   library setup time
                                  9.66   data required time
-----------------------------------------------------------------------------
                                  9.66   data required time
                                 -2.03   data arrival time
-----------------------------------------------------------------------------
                                  7.63   slack (MET)


Startpoint: _469_ (rising edge-triggered flip-flop clocked by SCK)
Endpoint: _463_ (rising edge-triggered flip-flop clocked by SCK)
Path Group: SCK
Path Type: max

Fanout     Cap    Slew   Delay    Time   Description
-----------------------------------------------------------------------------
                  0.15    0.00    0.00   clock SCK (rise edge)
                          0.00    0.00   clock network delay (ideal)
                  0.15    0.00    0.00 ^ _469_/CLK (sky130_fd_sc_hd__dfrtp_2)
                  0.16    0.50    0.50 ^ _469_/Q (sky130_fd_sc_hd__dfrtp_2)
     9    0.03                           count[2] (net)
                  0.16    0.00    0.50 ^ _261_/A (sky130_fd_sc_hd__and3_2)
                  0.04    0.20    0.70 ^ _261_/X (sky130_fd_sc_hd__and3_2)
     1    0.00                           _122_ (net)
                  0.04    0.00    0.70 ^ _262_/A (sky130_fd_sc_hd__buf_1)
                  0.35    0.31    1.00 ^ _262_/X (sky130_fd_sc_hd__buf_1)
     8    0.03                           _123_ (net)
                  0.35    0.00    1.00 ^ _328_/C1 (sky130_fd_sc_hd__o311a_2)
                  0.04    0.25    1.25 ^ _328_/X (sky130_fd_sc_hd__o311a_2)
     1    0.00                           _169_ (net)
                  0.04    0.00    1.25 ^ _329_/A2 (sky130_fd_sc_hd__o21a_2)
                  0.19    0.24    1.49 ^ _329_/X (sky130_fd_sc_hd__o21a_2)
     8    0.04                           _170_ (net)
                  0.19    0.00    1.49 ^ _346_/S (sky130_fd_sc_hd__mux2_2)
                  0.05    0.37    1.86 v _346_/X (sky130_fd_sc_hd__mux2_2)
     1    0.00                           _184_ (net)
                  0.05    0.00    1.86 v _347_/A (sky130_fd_sc_hd__buf_1)
                  0.02    0.09    1.95 v _347_/X (sky130_fd_sc_hd__buf_1)
     1    0.00                           _070_ (net)
                  0.02    0.00    1.95 v _463_/D (sky130_fd_sc_hd__dfrtp_2)
                                  1.95   data arrival time

                  0.15   10.00   10.00   clock SCK (rise edge)
                          0.00   10.00   clock network delay (ideal)
                         -0.25    9.75   clock uncertainty
                          0.00    9.75   clock reconvergence pessimism
                                  9.75 ^ _463_/CLK (sky130_fd_sc_hd__dfrtp_2)
                         -0.08    9.67   library setup time
                                  9.67   data required time
-----------------------------------------------------------------------------
                                  9.67   data required time
                                 -1.95   data arrival time
-----------------------------------------------------------------------------
                                  7.72   slack (MET)


Startpoint: _469_ (rising edge-triggered flip-flop clocked by SCK)
Endpoint: _460_ (rising edge-triggered flip-flop clocked by SCK)
Path Group: SCK
Path Type: max

Fanout     Cap    Slew   Delay    Time   Description
-----------------------------------------------------------------------------
                  0.15    0.00    0.00   clock SCK (rise edge)
                          0.00    0.00   clock network delay (ideal)
                  0.15    0.00    0.00 ^ _469_/CLK (sky130_fd_sc_hd__dfrtp_2)
                  0.16    0.50    0.50 ^ _469_/Q (sky130_fd_sc_hd__dfrtp_2)
     9    0.03                           count[2] (net)
                  0.16    0.00    0.50 ^ _261_/A (sky130_fd_sc_hd__and3_2)
                  0.04    0.20    0.70 ^ _261_/X (sky130_fd_sc_hd__and3_2)
     1    0.00                           _122_ (net)
                  0.04    0.00    0.70 ^ _262_/A (sky130_fd_sc_hd__buf_1)
                  0.35    0.31    1.00 ^ _262_/X (sky130_fd_sc_hd__buf_1)
     8    0.03                           _123_ (net)
                  0.35    0.00    1.00 ^ _328_/C1 (sky130_fd_sc_hd__o311a_2)
                  0.04    0.25    1.25 ^ _328_/X (sky130_fd_sc_hd__o311a_2)
     1    0.00                           _169_ (net)
                  0.04    0.00    1.25 ^ _329_/A2 (sky130_fd_sc_hd__o21a_2)
                  0.19    0.24    1.49 ^ _329_/X (sky130_fd_sc_hd__o21a_2)
     8    0.04                           _170_ (net)
                  0.19    0.00    1.49 ^ _360_/S (sky130_fd_sc_hd__mux2_2)
                  0.05    0.37    1.86 v _360_/X (sky130_fd_sc_hd__mux2_2)
     1    0.00                           _195_ (net)
                  0.05    0.00    1.86 v _361_/A (sky130_fd_sc_hd__buf_1)
                  0.02    0.09    1.95 v _361_/X (sky130_fd_sc_hd__buf_1)
     1    0.00                           _067_ (net)
                  0.02    0.00    1.95 v _460_/D (sky130_fd_sc_hd__dfrtp_2)
                                  1.95   data arrival time

                  0.15   10.00   10.00   clock SCK (rise edge)
                          0.00   10.00   clock network delay (ideal)
                         -0.25    9.75   clock uncertainty
                          0.00    9.75   clock reconvergence pessimism
                                  9.75 ^ _460_/CLK (sky130_fd_sc_hd__dfrtp_2)
                         -0.08    9.67   library setup time
                                  9.67   data required time
-----------------------------------------------------------------------------
                                  9.67   data required time
                                 -1.95   data arrival time
-----------------------------------------------------------------------------
                                  7.72   slack (MET)


Startpoint: _469_ (rising edge-triggered flip-flop clocked by SCK)
Endpoint: _464_ (rising edge-triggered flip-flop clocked by SCK)
Path Group: SCK
Path Type: max

Fanout     Cap    Slew   Delay    Time   Description
-----------------------------------------------------------------------------
                  0.15    0.00    0.00   clock SCK (rise edge)
                          0.00    0.00   clock network delay (ideal)
                  0.15    0.00    0.00 ^ _469_/CLK (sky130_fd_sc_hd__dfrtp_2)
                  0.16    0.50    0.50 ^ _469_/Q (sky130_fd_sc_hd__dfrtp_2)
     9    0.03                           count[2] (net)
                  0.16    0.00    0.50 ^ _261_/A (sky130_fd_sc_hd__and3_2)
                  0.04    0.20    0.70 ^ _261_/X (sky130_fd_sc_hd__and3_2)
     1    0.00                           _122_ (net)
                  0.04    0.00    0.70 ^ _262_/A (sky130_fd_sc_hd__buf_1)
                  0.35    0.31    1.00 ^ _262_/X (sky130_fd_sc_hd__buf_1)
     8    0.03                           _123_ (net)
                  0.35    0.00    1.00 ^ _328_/C1 (sky130_fd_sc_hd__o311a_2)
                  0.04    0.25    1.25 ^ _328_/X (sky130_fd_sc_hd__o311a_2)
     1    0.00                           _169_ (net)
                  0.04    0.00    1.25 ^ _329_/A2 (sky130_fd_sc_hd__o21a_2)
                  0.19    0.24    1.49 ^ _329_/X (sky130_fd_sc_hd__o21a_2)
     8    0.04                           _170_ (net)
                  0.19    0.00    1.49 ^ _341_/S (sky130_fd_sc_hd__mux2_2)
                  0.05    0.37    1.86 v _341_/X (sky130_fd_sc_hd__mux2_2)
     1    0.00                           _180_ (net)
                  0.05    0.00    1.86 v _342_/A (sky130_fd_sc_hd__buf_1)
                  0.02    0.09    1.95 v _342_/X (sky130_fd_sc_hd__buf_1)
     1    0.00                           _071_ (net)
                  0.02    0.00    1.95 v _464_/D (sky130_fd_sc_hd__dfrtp_2)
                                  1.95   data arrival time

                  0.15   10.00   10.00   clock SCK (rise edge)
                          0.00   10.00   clock network delay (ideal)
                         -0.25    9.75   clock uncertainty
                          0.00    9.75   clock reconvergence pessimism
                                  9.75 ^ _464_/CLK (sky130_fd_sc_hd__dfrtp_2)
                         -0.08    9.67   library setup time
                                  9.67   data required time
-----------------------------------------------------------------------------
                                  9.67   data required time
                                 -1.95   data arrival time
-----------------------------------------------------------------------------
                                  7.72   slack (MET)


Startpoint: _469_ (rising edge-triggered flip-flop clocked by SCK)
Endpoint: _461_ (rising edge-triggered flip-flop clocked by SCK)
Path Group: SCK
Path Type: max

Fanout     Cap    Slew   Delay    Time   Description
-----------------------------------------------------------------------------
                  0.15    0.00    0.00   clock SCK (rise edge)
                          0.00    0.00   clock network delay (ideal)
                  0.15    0.00    0.00 ^ _469_/CLK (sky130_fd_sc_hd__dfrtp_2)
                  0.16    0.50    0.50 ^ _469_/Q (sky130_fd_sc_hd__dfrtp_2)
     9    0.03                           count[2] (net)
                  0.16    0.00    0.50 ^ _261_/A (sky130_fd_sc_hd__and3_2)
                  0.04    0.20    0.70 ^ _261_/X (sky130_fd_sc_hd__and3_2)
     1    0.00                           _122_ (net)
                  0.04    0.00    0.70 ^ _262_/A (sky130_fd_sc_hd__buf_1)
                  0.35    0.31    1.00 ^ _262_/X (sky130_fd_sc_hd__buf_1)
     8    0.03                           _123_ (net)
                  0.35    0.00    1.00 ^ _328_/C1 (sky130_fd_sc_hd__o311a_2)
                  0.04    0.25    1.25 ^ _328_/X (sky130_fd_sc_hd__o311a_2)
     1    0.00                           _169_ (net)
                  0.04    0.00    1.25 ^ _329_/A2 (sky130_fd_sc_hd__o21a_2)
                  0.19    0.24    1.49 ^ _329_/X (sky130_fd_sc_hd__o21a_2)
     8    0.04                           _170_ (net)
                  0.19    0.00    1.49 ^ _356_/S (sky130_fd_sc_hd__mux2_2)
                  0.05    0.37    1.86 v _356_/X (sky130_fd_sc_hd__mux2_2)
     1    0.00                           _192_ (net)
                  0.05    0.00    1.86 v _357_/A (sky130_fd_sc_hd__buf_1)
                  0.02    0.09    1.95 v _357_/X (sky130_fd_sc_hd__buf_1)
     1    0.00                           _068_ (net)
                  0.02    0.00    1.95 v _461_/D (sky130_fd_sc_hd__dfrtp_2)
                                  1.95   data arrival time

                  0.15   10.00   10.00   clock SCK (rise edge)
                          0.00   10.00   clock network delay (ideal)
                         -0.25    9.75   clock uncertainty
                          0.00    9.75   clock reconvergence pessimism
                                  9.75 ^ _461_/CLK (sky130_fd_sc_hd__dfrtp_2)
                         -0.08    9.67   library setup time
                                  9.67   data required time
-----------------------------------------------------------------------------
                                  9.67   data required time
                                 -1.95   data arrival time
-----------------------------------------------------------------------------
                                  7.72   slack (MET)


Startpoint: _469_ (rising edge-triggered flip-flop clocked by SCK)
Endpoint: _462_ (rising edge-triggered flip-flop clocked by SCK)
Path Group: SCK
Path Type: max

Fanout     Cap    Slew   Delay    Time   Description
-----------------------------------------------------------------------------
                  0.15    0.00    0.00   clock SCK (rise edge)
                          0.00    0.00   clock network delay (ideal)
                  0.15    0.00    0.00 ^ _469_/CLK (sky130_fd_sc_hd__dfrtp_2)
                  0.16    0.50    0.50 ^ _469_/Q (sky130_fd_sc_hd__dfrtp_2)
     9    0.03                           count[2] (net)
                  0.16    0.00    0.50 ^ _261_/A (sky130_fd_sc_hd__and3_2)
                  0.04    0.20    0.70 ^ _261_/X (sky130_fd_sc_hd__and3_2)
     1    0.00                           _122_ (net)
                  0.04    0.00    0.70 ^ _262_/A (sky130_fd_sc_hd__buf_1)
                  0.35    0.31    1.00 ^ _262_/X (sky130_fd_sc_hd__buf_1)
     8    0.03                           _123_ (net)
                  0.35    0.00    1.00 ^ _328_/C1 (sky130_fd_sc_hd__o311a_2)
                  0.04    0.25    1.25 ^ _328_/X (sky130_fd_sc_hd__o311a_2)
     1    0.00                           _169_ (net)
                  0.04    0.00    1.25 ^ _329_/A2 (sky130_fd_sc_hd__o21a_2)
                  0.19    0.24    1.49 ^ _329_/X (sky130_fd_sc_hd__o21a_2)
     8    0.04                           _170_ (net)
                  0.19    0.00    1.49 ^ _351_/S (sky130_fd_sc_hd__mux2_2)
                  0.05    0.37    1.86 v _351_/X (sky130_fd_sc_hd__mux2_2)
     1    0.00                           _188_ (net)
                  0.05    0.00    1.86 v _352_/A (sky130_fd_sc_hd__buf_1)
                  0.02    0.09    1.95 v _352_/X (sky130_fd_sc_hd__buf_1)
     1    0.00                           _069_ (net)
                  0.02    0.00    1.95 v _462_/D (sky130_fd_sc_hd__dfrtp_2)
                                  1.95   data arrival time

                  0.15   10.00   10.00   clock SCK (rise edge)
                          0.00   10.00   clock network delay (ideal)
                         -0.25    9.75   clock uncertainty
                          0.00    9.75   clock reconvergence pessimism
                                  9.75 ^ _462_/CLK (sky130_fd_sc_hd__dfrtp_2)
                         -0.08    9.67   library setup time
                                  9.67   data required time
-----------------------------------------------------------------------------
                                  9.67   data required time
                                 -1.95   data arrival time
-----------------------------------------------------------------------------
                                  7.72   slack (MET)


Startpoint: _469_ (rising edge-triggered flip-flop clocked by SCK)
Endpoint: _465_ (rising edge-triggered flip-flop clocked by SCK)
Path Group: SCK
Path Type: max

Fanout     Cap    Slew   Delay    Time   Description
-----------------------------------------------------------------------------
                  0.15    0.00    0.00   clock SCK (rise edge)
                          0.00    0.00   clock network delay (ideal)
                  0.15    0.00    0.00 ^ _469_/CLK (sky130_fd_sc_hd__dfrtp_2)
                  0.16    0.50    0.50 ^ _469_/Q (sky130_fd_sc_hd__dfrtp_2)
     9    0.03                           count[2] (net)
                  0.16    0.00    0.50 ^ _261_/A (sky130_fd_sc_hd__and3_2)
                  0.04    0.20    0.70 ^ _261_/X (sky130_fd_sc_hd__and3_2)
     1    0.00                           _122_ (net)
                  0.04    0.00    0.70 ^ _262_/A (sky130_fd_sc_hd__buf_1)
                  0.35    0.31    1.00 ^ _262_/X (sky130_fd_sc_hd__buf_1)
     8    0.03                           _123_ (net)
                  0.35    0.00    1.00 ^ _328_/C1 (sky130_fd_sc_hd__o311a_2)
                  0.04    0.25    1.25 ^ _328_/X (sky130_fd_sc_hd__o311a_2)
     1    0.00                           _169_ (net)
                  0.04    0.00    1.25 ^ _329_/A2 (sky130_fd_sc_hd__o21a_2)
                  0.19    0.24    1.49 ^ _329_/X (sky130_fd_sc_hd__o21a_2)
     8    0.04                           _170_ (net)
                  0.19    0.00    1.49 ^ _336_/S (sky130_fd_sc_hd__mux2_2)
                  0.05    0.37    1.86 v _336_/X (sky130_fd_sc_hd__mux2_2)
     1    0.00                           _176_ (net)
                  0.05    0.00    1.86 v _337_/A (sky130_fd_sc_hd__buf_1)
                  0.02    0.09    1.95 v _337_/X (sky130_fd_sc_hd__buf_1)
     1    0.00                           _072_ (net)
                  0.02    0.00    1.95 v _465_/D (sky130_fd_sc_hd__dfrtp_2)
                                  1.95   data arrival time

                  0.15   10.00   10.00   clock SCK (rise edge)
                          0.00   10.00   clock network delay (ideal)
                         -0.25    9.75   clock uncertainty
                          0.00    9.75   clock reconvergence pessimism
                                  9.75 ^ _465_/CLK (sky130_fd_sc_hd__dfrtp_2)
                         -0.08    9.67   library setup time
                                  9.67   data required time
-----------------------------------------------------------------------------
                                  9.67   data required time
                                 -1.95   data arrival time
-----------------------------------------------------------------------------
                                  7.72   slack (MET)


Startpoint: _467_ (rising edge-triggered flip-flop clocked by SCK)
Endpoint: _488_ (rising edge-triggered flip-flop clocked by SCK)
Path Group: SCK
Path Type: max

Fanout     Cap    Slew   Delay    Time   Description
-----------------------------------------------------------------------------
                  0.15    0.00    0.00   clock SCK (rise edge)
                          0.00    0.00   clock network delay (ideal)
                  0.15    0.00    0.00 ^ _467_/CLK (sky130_fd_sc_hd__dfrtp_2)
                  0.06    0.41    0.41 ^ _467_/Q (sky130_fd_sc_hd__dfrtp_2)
     3    0.01                           count[0] (net)
                  0.06    0.00    0.41 ^ _265_/A (sky130_fd_sc_hd__buf_1)
                  0.51    0.43    0.84 ^ _265_/X (sky130_fd_sc_hd__buf_1)
    10    0.04                           _125_ (net)
                  0.51    0.00    0.84 ^ _380_/C (sky130_fd_sc_hd__nand3_2)
                  0.08    0.12    0.96 v _380_/Y (sky130_fd_sc_hd__nand3_2)
     2    0.00                           _205_ (net)
                  0.08    0.00    0.96 v _381_/D (sky130_fd_sc_hd__or4_2)
                  0.11    0.59    1.55 v _381_/X (sky130_fd_sc_hd__or4_2)
     2    0.01                           _206_ (net)
                  0.11    0.00    1.55 v _382_/B1 (sky130_fd_sc_hd__a22o_2)
                  0.04    0.23    1.79 v _382_/X (sky130_fd_sc_hd__a22o_2)
     1    0.00                           _003_ (net)
                  0.04    0.00    1.79 v _488_/D (sky130_fd_sc_hd__dfrtp_2)
                                  1.79   data arrival time

                  0.15   10.00   10.00   clock SCK (rise edge)
                          0.00   10.00   clock network delay (ideal)
                         -0.25    9.75   clock uncertainty
                          0.00    9.75   clock reconvergence pessimism
                                  9.75 ^ _488_/CLK (sky130_fd_sc_hd__dfrtp_2)
                         -0.09    9.66   library setup time
                                  9.66   data required time
-----------------------------------------------------------------------------
                                  9.66   data required time
                                 -1.79   data arrival time
-----------------------------------------------------------------------------
                                  7.88   slack (MET)


Startpoint: _467_ (rising edge-triggered flip-flop clocked by SCK)
Endpoint: _486_ (rising edge-triggered flip-flop clocked by SCK)
Path Group: SCK
Path Type: max

Fanout     Cap    Slew   Delay    Time   Description
-----------------------------------------------------------------------------
                  0.15    0.00    0.00   clock SCK (rise edge)
                          0.00    0.00   clock network delay (ideal)
                  0.15    0.00    0.00 ^ _467_/CLK (sky130_fd_sc_hd__dfrtp_2)
                  0.06    0.41    0.41 ^ _467_/Q (sky130_fd_sc_hd__dfrtp_2)
     3    0.01                           count[0] (net)
                  0.06    0.00    0.41 ^ _265_/A (sky130_fd_sc_hd__buf_1)
                  0.51    0.43    0.84 ^ _265_/X (sky130_fd_sc_hd__buf_1)
    10    0.04                           _125_ (net)
                  0.51    0.00    0.84 ^ _380_/C (sky130_fd_sc_hd__nand3_2)
                  0.08    0.12    0.96 v _380_/Y (sky130_fd_sc_hd__nand3_2)
     2    0.00                           _205_ (net)
                  0.08    0.00    0.96 v _381_/D (sky130_fd_sc_hd__or4_2)
                  0.11    0.59    1.55 v _381_/X (sky130_fd_sc_hd__or4_2)
     2    0.01                           _206_ (net)
                  0.11    0.00    1.55 v _383_/A2_N (sky130_fd_sc_hd__a2bb2o_2)
                  0.04    0.26    1.81 ^ _383_/X (sky130_fd_sc_hd__a2bb2o_2)
     1    0.00                           _001_ (net)
                  0.04    0.00    1.81 ^ _486_/D (sky130_fd_sc_hd__dfstp_2)
                                  1.81   data arrival time

                  0.15   10.00   10.00   clock SCK (rise edge)
                          0.00   10.00   clock network delay (ideal)
                         -0.25    9.75   clock uncertainty
                          0.00    9.75   clock reconvergence pessimism
                                  9.75 ^ _486_/CLK (sky130_fd_sc_hd__dfstp_2)
                         -0.04    9.71   library setup time
                                  9.71   data required time
-----------------------------------------------------------------------------
                                  9.71   data required time
                                 -1.81   data arrival time
-----------------------------------------------------------------------------
                                  7.90   slack (MET)


Startpoint: _488_ (rising edge-triggered flip-flop clocked by SCK)
Endpoint: _474_ (rising edge-triggered flip-flop clocked by SCK)
Path Group: SCK
Path Type: max

Fanout     Cap    Slew   Delay    Time   Description
-----------------------------------------------------------------------------
                  0.15    0.00    0.00   clock SCK (rise edge)
                          0.00    0.00   clock network delay (ideal)
                  0.15    0.00    0.00 ^ _488_/CLK (sky130_fd_sc_hd__dfrtp_2)
                  0.15    0.49    0.49 ^ _488_/Q (sky130_fd_sc_hd__dfrtp_2)
     8    0.03                           state[2] (net)
                  0.15    0.00    0.49 ^ _277_/C_N (sky130_fd_sc_hd__nor3b_2)
                  0.59    0.56    1.05 ^ _277_/Y (sky130_fd_sc_hd__nor3b_2)
     8    0.03                           _134_ (net)
                  0.59    0.00    1.05 ^ _293_/B1 (sky130_fd_sc_hd__a32o_2)
                  0.11    0.28    1.33 ^ _293_/X (sky130_fd_sc_hd__a32o_2)
     5    0.02                           _143_ (net)
                  0.11    0.00    1.33 ^ _294_/B (sky130_fd_sc_hd__nand2_2)
                  0.06    0.07    1.41 v _294_/Y (sky130_fd_sc_hd__nand2_2)
     2    0.01                           _144_ (net)
                  0.06    0.00    1.41 v _298_/A2 (sky130_fd_sc_hd__o31a_2)
                  0.05    0.33    1.74 v _298_/X (sky130_fd_sc_hd__o31a_2)
     1    0.00                           _081_ (net)
                  0.05    0.00    1.74 v _474_/D (sky130_fd_sc_hd__dfrtp_2)
                                  1.74   data arrival time

                  0.15   10.00   10.00   clock SCK (rise edge)
                          0.00   10.00   clock network delay (ideal)
                         -0.25    9.75   clock uncertainty
                          0.00    9.75   clock reconvergence pessimism
                                  9.75 ^ _474_/CLK (sky130_fd_sc_hd__dfrtp_2)
                         -0.09    9.66   library setup time
                                  9.66   data required time
-----------------------------------------------------------------------------
                                  9.66   data required time
                                 -1.74   data arrival time
-----------------------------------------------------------------------------
                                  7.92   slack (MET)


Startpoint: _489_ (rising edge-triggered flip-flop clocked by SCK)
Endpoint: _469_ (rising edge-triggered flip-flop clocked by SCK)
Path Group: SCK
Path Type: max

Fanout     Cap    Slew   Delay    Time   Description
-----------------------------------------------------------------------------
                  0.15    0.00    0.00   clock SCK (rise edge)
                          0.00    0.00   clock network delay (ideal)
                  0.15    0.00    0.00 ^ _489_/CLK (sky130_fd_sc_hd__dfrtp_2)
                  0.06    0.48    0.48 v _489_/Q (sky130_fd_sc_hd__dfrtp_2)
     4    0.01                           state[3] (net)
                  0.06    0.00    0.48 v _310_/A (sky130_fd_sc_hd__buf_1)
                  0.19    0.23    0.71 v _310_/X (sky130_fd_sc_hd__buf_1)
    10    0.03                           _155_ (net)
                  0.19    0.00    0.71 v _311_/C (sky130_fd_sc_hd__or3_2)
                  0.12    0.55    1.26 v _311_/X (sky130_fd_sc_hd__or3_2)
     3    0.02                           _156_ (net)
                  0.12    0.00    1.26 v _312_/A2 (sky130_fd_sc_hd__a21bo_2)
                  0.06    0.28    1.54 v _312_/X (sky130_fd_sc_hd__a21bo_2)
     2    0.01                           _157_ (net)
                  0.06    0.00    1.54 v _315_/A (sky130_fd_sc_hd__xnor2_2)
                  0.04    0.13    1.67 v _315_/Y (sky130_fd_sc_hd__xnor2_2)
     1    0.00                           _076_ (net)
                  0.04    0.00    1.67 v _469_/D (sky130_fd_sc_hd__dfrtp_2)
                                  1.67   data arrival time

                  0.15   10.00   10.00   clock SCK (rise edge)
                          0.00   10.00   clock network delay (ideal)
                         -0.25    9.75   clock uncertainty
                          0.00    9.75   clock reconvergence pessimism
                                  9.75 ^ _469_/CLK (sky130_fd_sc_hd__dfrtp_2)
                         -0.09    9.66   library setup time
                                  9.66   data required time
-----------------------------------------------------------------------------
                                  9.66   data required time
                                 -1.67   data arrival time
-----------------------------------------------------------------------------
                                  7.99   slack (MET)


Startpoint: _489_ (rising edge-triggered flip-flop clocked by SCK)
Endpoint: _454_ (rising edge-triggered flip-flop clocked by SCK)
Path Group: SCK
Path Type: max

Fanout     Cap    Slew   Delay    Time   Description
-----------------------------------------------------------------------------
                  0.15    0.00    0.00   clock SCK (rise edge)
                          0.00    0.00   clock network delay (ideal)
                  0.15    0.00    0.00 ^ _489_/CLK (sky130_fd_sc_hd__dfrtp_2)
                  0.06    0.48    0.48 v _489_/Q (sky130_fd_sc_hd__dfrtp_2)
     4    0.01                           state[3] (net)
                  0.06    0.00    0.48 v _310_/A (sky130_fd_sc_hd__buf_1)
                  0.19    0.23    0.71 v _310_/X (sky130_fd_sc_hd__buf_1)
    10    0.03                           _155_ (net)
                  0.19    0.00    0.71 v _311_/C (sky130_fd_sc_hd__or3_2)
                  0.12    0.55    1.26 v _311_/X (sky130_fd_sc_hd__or3_2)
     3    0.02                           _156_ (net)
                  0.12    0.00    1.26 v _374_/C1 (sky130_fd_sc_hd__o211a_2)
                  0.04    0.15    1.41 v _374_/X (sky130_fd_sc_hd__o211a_2)
     1    0.00                           _203_ (net)
                  0.04    0.00    1.41 v _375_/B1 (sky130_fd_sc_hd__a22o_2)
                  0.04    0.21    1.61 v _375_/X (sky130_fd_sc_hd__a22o_2)
     1    0.00                           _061_ (net)
                  0.04    0.00    1.61 v _454_/D (sky130_fd_sc_hd__dfrtp_2)
                                  1.61   data arrival time

                  0.15   10.00   10.00   clock SCK (rise edge)
                          0.00   10.00   clock network delay (ideal)
                         -0.25    9.75   clock uncertainty
                          0.00    9.75   clock reconvergence pessimism
                                  9.75 ^ _454_/CLK (sky130_fd_sc_hd__dfrtp_2)
                         -0.09    9.66   library setup time
                                  9.66   data required time
-----------------------------------------------------------------------------
                                  9.66   data required time
                                 -1.61   data arrival time
-----------------------------------------------------------------------------
                                  8.05   slack (MET)


Startpoint: _489_ (rising edge-triggered flip-flop clocked by SCK)
Endpoint: _468_ (rising edge-triggered flip-flop clocked by SCK)
Path Group: SCK
Path Type: max

Fanout     Cap    Slew   Delay    Time   Description
-----------------------------------------------------------------------------
                  0.15    0.00    0.00   clock SCK (rise edge)
                          0.00    0.00   clock network delay (ideal)
                  0.15    0.00    0.00 ^ _489_/CLK (sky130_fd_sc_hd__dfrtp_2)
                  0.06    0.48    0.48 v _489_/Q (sky130_fd_sc_hd__dfrtp_2)
     4    0.01                           state[3] (net)
                  0.06    0.00    0.48 v _310_/A (sky130_fd_sc_hd__buf_1)
                  0.19    0.23    0.71 v _310_/X (sky130_fd_sc_hd__buf_1)
    10    0.03                           _155_ (net)
                  0.19    0.00    0.71 v _311_/C (sky130_fd_sc_hd__or3_2)
                  0.12    0.55    1.26 v _311_/X (sky130_fd_sc_hd__or3_2)
     3    0.02                           _156_ (net)
                  0.12    0.00    1.26 v _312_/A2 (sky130_fd_sc_hd__a21bo_2)
                  0.06    0.28    1.54 v _312_/X (sky130_fd_sc_hd__a21bo_2)
     2    0.01                           _157_ (net)
                  0.06    0.00    1.54 v _319_/B1 (sky130_fd_sc_hd__o21ai_2)
                  0.09    0.06    1.60 ^ _319_/Y (sky130_fd_sc_hd__o21ai_2)
     1    0.00                           _075_ (net)
                  0.09    0.00    1.60 ^ _468_/D (sky130_fd_sc_hd__dfrtp_2)
                                  1.60   data arrival time

                  0.15   10.00   10.00   clock SCK (rise edge)
                          0.00   10.00   clock network delay (ideal)
                         -0.25    9.75   clock uncertainty
                          0.00    9.75   clock reconvergence pessimism
                                  9.75 ^ _468_/CLK (sky130_fd_sc_hd__dfrtp_2)
                         -0.06    9.69   library setup time
                                  9.69   data required time
-----------------------------------------------------------------------------
                                  9.69   data required time
                                 -1.60   data arrival time
-----------------------------------------------------------------------------
                                  8.10   slack (MET)


Startpoint: _488_ (rising edge-triggered flip-flop clocked by SCK)
Endpoint: _476_ (rising edge-triggered flip-flop clocked by SCK)
Path Group: SCK
Path Type: max

Fanout     Cap    Slew   Delay    Time   Description
-----------------------------------------------------------------------------
                  0.15    0.00    0.00   clock SCK (rise edge)
                          0.00    0.00   clock network delay (ideal)
                  0.15    0.00    0.00 ^ _488_/CLK (sky130_fd_sc_hd__dfrtp_2)
                  0.15    0.49    0.49 ^ _488_/Q (sky130_fd_sc_hd__dfrtp_2)
     8    0.03                           state[2] (net)
                  0.15    0.00    0.49 ^ _277_/C_N (sky130_fd_sc_hd__nor3b_2)
                  0.59    0.56    1.05 ^ _277_/Y (sky130_fd_sc_hd__nor3b_2)
     8    0.03                           _134_ (net)
                  0.59    0.00    1.05 ^ _288_/S (sky130_fd_sc_hd__mux2_2)
                  0.05    0.41    1.47 v _288_/X (sky130_fd_sc_hd__mux2_2)
     1    0.00                           _140_ (net)
                  0.05    0.00    1.47 v _289_/A (sky130_fd_sc_hd__buf_1)
                  0.02    0.09    1.56 v _289_/X (sky130_fd_sc_hd__buf_1)
     1    0.00                           _083_ (net)
                  0.02    0.00    1.56 v _476_/D (sky130_fd_sc_hd__dfrtp_2)
                                  1.56   data arrival time

                  0.15   10.00   10.00   clock SCK (rise edge)
                          0.00   10.00   clock network delay (ideal)
                         -0.25    9.75   clock uncertainty
                          0.00    9.75   clock reconvergence pessimism
                                  9.75 ^ _476_/CLK (sky130_fd_sc_hd__dfrtp_2)
                         -0.08    9.67   library setup time
                                  9.67   data required time
-----------------------------------------------------------------------------
                                  9.67   data required time
                                 -1.56   data arrival time
-----------------------------------------------------------------------------
                                  8.11   slack (MET)


Startpoint: _488_ (rising edge-triggered flip-flop clocked by SCK)
Endpoint: _479_ (rising edge-triggered flip-flop clocked by SCK)
Path Group: SCK
Path Type: max

Fanout     Cap    Slew   Delay    Time   Description
-----------------------------------------------------------------------------
                  0.15    0.00    0.00   clock SCK (rise edge)
                          0.00    0.00   clock network delay (ideal)
                  0.15    0.00    0.00 ^ _488_/CLK (sky130_fd_sc_hd__dfrtp_2)
                  0.15    0.49    0.49 ^ _488_/Q (sky130_fd_sc_hd__dfrtp_2)
     8    0.03                           state[2] (net)
                  0.15    0.00    0.49 ^ _277_/C_N (sky130_fd_sc_hd__nor3b_2)
                  0.59    0.56    1.05 ^ _277_/Y (sky130_fd_sc_hd__nor3b_2)
     8    0.03                           _134_ (net)
                  0.59    0.00    1.05 ^ _282_/S (sky130_fd_sc_hd__mux2_2)
                  0.05    0.41    1.47 v _282_/X (sky130_fd_sc_hd__mux2_2)
     1    0.00                           _137_ (net)
                  0.05    0.00    1.47 v _283_/A (sky130_fd_sc_hd__buf_1)
                  0.02    0.09    1.56 v _283_/X (sky130_fd_sc_hd__buf_1)
     1    0.00                           _086_ (net)
                  0.02    0.00    1.56 v _479_/D (sky130_fd_sc_hd__dfrtp_2)
                                  1.56   data arrival time

                  0.15   10.00   10.00   clock SCK (rise edge)
                          0.00   10.00   clock network delay (ideal)
                         -0.25    9.75   clock uncertainty
                          0.00    9.75   clock reconvergence pessimism
                                  9.75 ^ _479_/CLK (sky130_fd_sc_hd__dfrtp_2)
                         -0.08    9.67   library setup time
                                  9.67   data required time
-----------------------------------------------------------------------------
                                  9.67   data required time
                                 -1.56   data arrival time
-----------------------------------------------------------------------------
                                  8.11   slack (MET)


Startpoint: _488_ (rising edge-triggered flip-flop clocked by SCK)
Endpoint: _481_ (rising edge-triggered flip-flop clocked by SCK)
Path Group: SCK
Path Type: max

Fanout     Cap    Slew   Delay    Time   Description
-----------------------------------------------------------------------------
                  0.15    0.00    0.00   clock SCK (rise edge)
                          0.00    0.00   clock network delay (ideal)
                  0.15    0.00    0.00 ^ _488_/CLK (sky130_fd_sc_hd__dfrtp_2)
                  0.15    0.49    0.49 ^ _488_/Q (sky130_fd_sc_hd__dfrtp_2)
     8    0.03                           state[2] (net)
                  0.15    0.00    0.49 ^ _277_/C_N (sky130_fd_sc_hd__nor3b_2)
                  0.59    0.56    1.05 ^ _277_/Y (sky130_fd_sc_hd__nor3b_2)
     8    0.03                           _134_ (net)
                  0.59    0.00    1.05 ^ _278_/S (sky130_fd_sc_hd__mux2_2)
                  0.05    0.41    1.47 v _278_/X (sky130_fd_sc_hd__mux2_2)
     1    0.00                           _135_ (net)
                  0.05    0.00    1.47 v _279_/A (sky130_fd_sc_hd__buf_1)
                  0.02    0.09    1.55 v _279_/X (sky130_fd_sc_hd__buf_1)
     1    0.00                           _088_ (net)
                  0.02    0.00    1.55 v _481_/D (sky130_fd_sc_hd__dfrtp_2)
                                  1.55   data arrival time

                  0.15   10.00   10.00   clock SCK (rise edge)
                          0.00   10.00   clock network delay (ideal)
                         -0.25    9.75   clock uncertainty
                          0.00    9.75   clock reconvergence pessimism
                                  9.75 ^ _481_/CLK (sky130_fd_sc_hd__dfrtp_2)
                         -0.08    9.67   library setup time
                                  9.67   data required time
-----------------------------------------------------------------------------
                                  9.67   data required time
                                 -1.55   data arrival time
-----------------------------------------------------------------------------
                                  8.11   slack (MET)


Startpoint: _488_ (rising edge-triggered flip-flop clocked by SCK)
Endpoint: _477_ (rising edge-triggered flip-flop clocked by SCK)
Path Group: SCK
Path Type: max

Fanout     Cap    Slew   Delay    Time   Description
-----------------------------------------------------------------------------
                  0.15    0.00    0.00   clock SCK (rise edge)
                          0.00    0.00   clock network delay (ideal)
                  0.15    0.00    0.00 ^ _488_/CLK (sky130_fd_sc_hd__dfrtp_2)
                  0.15    0.49    0.49 ^ _488_/Q (sky130_fd_sc_hd__dfrtp_2)
     8    0.03                           state[2] (net)
                  0.15    0.00    0.49 ^ _277_/C_N (sky130_fd_sc_hd__nor3b_2)
                  0.59    0.56    1.05 ^ _277_/Y (sky130_fd_sc_hd__nor3b_2)
     8    0.03                           _134_ (net)
                  0.59    0.00    1.05 ^ _286_/S (sky130_fd_sc_hd__mux2_2)
                  0.05    0.41    1.47 v _286_/X (sky130_fd_sc_hd__mux2_2)
     1    0.00                           _139_ (net)
                  0.05    0.00    1.47 v _287_/A (sky130_fd_sc_hd__buf_1)
                  0.02    0.09    1.55 v _287_/X (sky130_fd_sc_hd__buf_1)
     1    0.00                           _084_ (net)
                  0.02    0.00    1.55 v _477_/D (sky130_fd_sc_hd__dfrtp_2)
                                  1.55   data arrival time

                  0.15   10.00   10.00   clock SCK (rise edge)
                          0.00   10.00   clock network delay (ideal)
                         -0.25    9.75   clock uncertainty
                          0.00    9.75   clock reconvergence pessimism
                                  9.75 ^ _477_/CLK (sky130_fd_sc_hd__dfrtp_2)
                         -0.08    9.67   library setup time
                                  9.67   data required time
-----------------------------------------------------------------------------
                                  9.67   data required time
                                 -1.55   data arrival time
-----------------------------------------------------------------------------
                                  8.11   slack (MET)


Startpoint: _488_ (rising edge-triggered flip-flop clocked by SCK)
Endpoint: _478_ (rising edge-triggered flip-flop clocked by SCK)
Path Group: SCK
Path Type: max

Fanout     Cap    Slew   Delay    Time   Description
-----------------------------------------------------------------------------
                  0.15    0.00    0.00   clock SCK (rise edge)
                          0.00    0.00   clock network delay (ideal)
                  0.15    0.00    0.00 ^ _488_/CLK (sky130_fd_sc_hd__dfrtp_2)
                  0.15    0.49    0.49 ^ _488_/Q (sky130_fd_sc_hd__dfrtp_2)
     8    0.03                           state[2] (net)
                  0.15    0.00    0.49 ^ _277_/C_N (sky130_fd_sc_hd__nor3b_2)
                  0.59    0.56    1.05 ^ _277_/Y (sky130_fd_sc_hd__nor3b_2)
     8    0.03                           _134_ (net)
                  0.59    0.00    1.05 ^ _284_/S (sky130_fd_sc_hd__mux2_2)
                  0.05    0.41    1.47 v _284_/X (sky130_fd_sc_hd__mux2_2)
     1    0.00                           _138_ (net)
                  0.05    0.00    1.47 v _285_/A (sky130_fd_sc_hd__buf_1)
                  0.02    0.09    1.55 v _285_/X (sky130_fd_sc_hd__buf_1)
     1    0.00                           _085_ (net)
                  0.02    0.00    1.55 v _478_/D (sky130_fd_sc_hd__dfrtp_2)
                                  1.55   data arrival time

                  0.15   10.00   10.00   clock SCK (rise edge)
                          0.00   10.00   clock network delay (ideal)
                         -0.25    9.75   clock uncertainty
                          0.00    9.75   clock reconvergence pessimism
                                  9.75 ^ _478_/CLK (sky130_fd_sc_hd__dfrtp_2)
                         -0.08    9.67   library setup time
                                  9.67   data required time
-----------------------------------------------------------------------------
                                  9.67   data required time
                                 -1.55   data arrival time
-----------------------------------------------------------------------------
                                  8.12   slack (MET)


Startpoint: _488_ (rising edge-triggered flip-flop clocked by SCK)
Endpoint: _480_ (rising edge-triggered flip-flop clocked by SCK)
Path Group: SCK
Path Type: max

Fanout     Cap    Slew   Delay    Time   Description
-----------------------------------------------------------------------------
                  0.15    0.00    0.00   clock SCK (rise edge)
                          0.00    0.00   clock network delay (ideal)
                  0.15    0.00    0.00 ^ _488_/CLK (sky130_fd_sc_hd__dfrtp_2)
                  0.15    0.49    0.49 ^ _488_/Q (sky130_fd_sc_hd__dfrtp_2)
     8    0.03                           state[2] (net)
                  0.15    0.00    0.49 ^ _277_/C_N (sky130_fd_sc_hd__nor3b_2)
                  0.59    0.56    1.05 ^ _277_/Y (sky130_fd_sc_hd__nor3b_2)
     8    0.03                           _134_ (net)
                  0.59    0.00    1.05 ^ _280_/S (sky130_fd_sc_hd__mux2_2)
                  0.05    0.41    1.46 v _280_/X (sky130_fd_sc_hd__mux2_2)
     1    0.00                           _136_ (net)
                  0.05    0.00    1.46 v _281_/A (sky130_fd_sc_hd__buf_1)
                  0.02    0.09    1.55 v _281_/X (sky130_fd_sc_hd__buf_1)
     1    0.00                           _087_ (net)
                  0.02    0.00    1.55 v _480_/D (sky130_fd_sc_hd__dfrtp_2)
                                  1.55   data arrival time

                  0.15   10.00   10.00   clock SCK (rise edge)
                          0.00   10.00   clock network delay (ideal)
                         -0.25    9.75   clock uncertainty
                          0.00    9.75   clock reconvergence pessimism
                                  9.75 ^ _480_/CLK (sky130_fd_sc_hd__dfrtp_2)
                         -0.08    9.67   library setup time
                                  9.67   data required time
-----------------------------------------------------------------------------
                                  9.67   data required time
                                 -1.55   data arrival time
-----------------------------------------------------------------------------
                                  8.12   slack (MET)


Startpoint: _489_ (rising edge-triggered flip-flop clocked by SCK)
Endpoint: _457_ (rising edge-triggered flip-flop clocked by SCK)
Path Group: SCK
Path Type: max

Fanout     Cap    Slew   Delay    Time   Description
-----------------------------------------------------------------------------
                  0.15    0.00    0.00   clock SCK (rise edge)
                          0.00    0.00   clock network delay (ideal)
                  0.15    0.00    0.00 ^ _489_/CLK (sky130_fd_sc_hd__dfrtp_2)
                  0.08    0.44    0.44 ^ _489_/Q (sky130_fd_sc_hd__dfrtp_2)
     4    0.01                           state[3] (net)
                  0.08    0.00    0.44 ^ _310_/A (sky130_fd_sc_hd__buf_1)
                  0.42    0.37    0.81 ^ _310_/X (sky130_fd_sc_hd__buf_1)
    10    0.04                           _155_ (net)
                  0.42    0.00    0.81 ^ _317_/A (sky130_fd_sc_hd__inv_2)
                  0.12    0.14    0.95 v _317_/Y (sky130_fd_sc_hd__inv_2)
     6    0.02                           _161_ (net)
                  0.12    0.00    0.95 v _318_/C (sky130_fd_sc_hd__and3_2)
                  0.07    0.29    1.24 v _318_/X (sky130_fd_sc_hd__and3_2)
     4    0.02                           _162_ (net)
                  0.07    0.00    1.24 v _370_/A3 (sky130_fd_sc_hd__a31o_2)
                  0.04    0.25    1.50 v _370_/X (sky130_fd_sc_hd__a31o_2)
     1    0.00                           _064_ (net)
                  0.04    0.00    1.50 v _457_/D (sky130_fd_sc_hd__dfrtp_2)
                                  1.50   data arrival time

                  0.15   10.00   10.00   clock SCK (rise edge)
                          0.00   10.00   clock network delay (ideal)
                         -0.25    9.75   clock uncertainty
                          0.00    9.75   clock reconvergence pessimism
                                  9.75 ^ _457_/CLK (sky130_fd_sc_hd__dfrtp_2)
                         -0.09    9.66   library setup time
                                  9.66   data required time
-----------------------------------------------------------------------------
                                  9.66   data required time
                                 -1.50   data arrival time
-----------------------------------------------------------------------------
                                  8.17   slack (MET)


Startpoint: _469_ (rising edge-triggered flip-flop clocked by SCK)
Endpoint: _458_ (rising edge-triggered flip-flop clocked by SCK)
Path Group: SCK
Path Type: max

Fanout     Cap    Slew   Delay    Time   Description
-----------------------------------------------------------------------------
                  0.15    0.00    0.00   clock SCK (rise edge)
                          0.00    0.00   clock network delay (ideal)
                  0.15    0.00    0.00 ^ _469_/CLK (sky130_fd_sc_hd__dfrtp_2)
                  0.16    0.50    0.50 ^ _469_/Q (sky130_fd_sc_hd__dfrtp_2)
     9    0.03                           count[2] (net)
                  0.16    0.00    0.50 ^ _261_/A (sky130_fd_sc_hd__and3_2)
                  0.04    0.20    0.70 ^ _261_/X (sky130_fd_sc_hd__and3_2)
     1    0.00                           _122_ (net)
                  0.04    0.00    0.70 ^ _262_/A (sky130_fd_sc_hd__buf_1)
                  0.35    0.31    1.00 ^ _262_/X (sky130_fd_sc_hd__buf_1)
     8    0.03                           _123_ (net)
                  0.35    0.00    1.00 ^ _366_/B (sky130_fd_sc_hd__nand2_2)
                  0.08    0.11    1.12 v _366_/Y (sky130_fd_sc_hd__nand2_2)
     2    0.01                           _199_ (net)
                  0.08    0.00    1.12 v _367_/S (sky130_fd_sc_hd__mux2_2)
                  0.05    0.28    1.40 v _367_/X (sky130_fd_sc_hd__mux2_2)
     1    0.00                           _200_ (net)
                  0.05    0.00    1.40 v _368_/A (sky130_fd_sc_hd__buf_1)
                  0.02    0.09    1.49 v _368_/X (sky130_fd_sc_hd__buf_1)
     1    0.00                           _065_ (net)
                  0.02    0.00    1.49 v _458_/D (sky130_fd_sc_hd__dfrtp_2)
                                  1.49   data arrival time

                  0.15   10.00   10.00   clock SCK (rise edge)
                          0.00   10.00   clock network delay (ideal)
                         -0.25    9.75   clock uncertainty
                          0.00    9.75   clock reconvergence pessimism
                                  9.75 ^ _458_/CLK (sky130_fd_sc_hd__dfrtp_2)
                         -0.08    9.67   library setup time
                                  9.67   data required time
-----------------------------------------------------------------------------
                                  9.67   data required time
                                 -1.49   data arrival time
-----------------------------------------------------------------------------
                                  8.18   slack (MET)


Startpoint: _469_ (rising edge-triggered flip-flop clocked by SCK)
Endpoint: _489_ (rising edge-triggered flip-flop clocked by SCK)
Path Group: SCK
Path Type: max

Fanout     Cap    Slew   Delay    Time   Description
-----------------------------------------------------------------------------
                  0.15    0.00    0.00   clock SCK (rise edge)
                          0.00    0.00   clock network delay (ideal)
                  0.15    0.00    0.00 ^ _469_/CLK (sky130_fd_sc_hd__dfrtp_2)
                  0.16    0.50    0.50 ^ _469_/Q (sky130_fd_sc_hd__dfrtp_2)
     9    0.03                           count[2] (net)
                  0.16    0.00    0.50 ^ _261_/A (sky130_fd_sc_hd__and3_2)
                  0.04    0.20    0.70 ^ _261_/X (sky130_fd_sc_hd__and3_2)
     1    0.00                           _122_ (net)
                  0.04    0.00    0.70 ^ _262_/A (sky130_fd_sc_hd__buf_1)
                  0.35    0.31    1.00 ^ _262_/X (sky130_fd_sc_hd__buf_1)
     8    0.03                           _123_ (net)
                  0.35    0.00    1.00 ^ _366_/B (sky130_fd_sc_hd__nand2_2)
                  0.08    0.11    1.12 v _366_/Y (sky130_fd_sc_hd__nand2_2)
     2    0.01                           _199_ (net)
                  0.08    0.00    1.12 v _378_/A3 (sky130_fd_sc_hd__o32a_2)
                  0.06    0.35    1.47 v _378_/X (sky130_fd_sc_hd__o32a_2)
     1    0.00                           _204_ (net)
                  0.06    0.00    1.47 v _379_/A (sky130_fd_sc_hd__inv_2)
                  0.02    0.05    1.52 ^ _379_/Y (sky130_fd_sc_hd__inv_2)
     1    0.00                           _004_ (net)
                  0.02    0.00    1.52 ^ _489_/D (sky130_fd_sc_hd__dfrtp_2)
                                  1.52   data arrival time

                  0.15   10.00   10.00   clock SCK (rise edge)
                          0.00   10.00   clock network delay (ideal)
                         -0.25    9.75   clock uncertainty
                          0.00    9.75   clock reconvergence pessimism
                                  9.75 ^ _489_/CLK (sky130_fd_sc_hd__dfrtp_2)
                         -0.04    9.71   library setup time
                                  9.71   data required time
-----------------------------------------------------------------------------
                                  9.71   data required time
                                 -1.52   data arrival time
-----------------------------------------------------------------------------
                                  8.19   slack (MET)


Startpoint: _489_ (rising edge-triggered flip-flop clocked by SCK)
Endpoint: _455_ (rising edge-triggered flip-flop clocked by SCK)
Path Group: SCK
Path Type: max

Fanout     Cap    Slew   Delay    Time   Description
-----------------------------------------------------------------------------
                  0.15    0.00    0.00   clock SCK (rise edge)
                          0.00    0.00   clock network delay (ideal)
                  0.15    0.00    0.00 ^ _489_/CLK (sky130_fd_sc_hd__dfrtp_2)
                  0.08    0.44    0.44 ^ _489_/Q (sky130_fd_sc_hd__dfrtp_2)
     4    0.01                           state[3] (net)
                  0.08    0.00    0.44 ^ _310_/A (sky130_fd_sc_hd__buf_1)
                  0.42    0.37    0.81 ^ _310_/X (sky130_fd_sc_hd__buf_1)
    10    0.04                           _155_ (net)
                  0.42    0.00    0.81 ^ _317_/A (sky130_fd_sc_hd__inv_2)
                  0.12    0.14    0.95 v _317_/Y (sky130_fd_sc_hd__inv_2)
     6    0.02                           _161_ (net)
                  0.12    0.00    0.95 v _318_/C (sky130_fd_sc_hd__and3_2)
                  0.07    0.29    1.24 v _318_/X (sky130_fd_sc_hd__and3_2)
     4    0.02                           _162_ (net)
                  0.07    0.00    1.24 v _373_/A2 (sky130_fd_sc_hd__a21o_2)
                  0.03    0.22    1.46 v _373_/X (sky130_fd_sc_hd__a21o_2)
     1    0.00                           _062_ (net)
                  0.03    0.00    1.46 v _455_/D (sky130_fd_sc_hd__dfrtp_2)
                                  1.46   data arrival time

                  0.15   10.00   10.00   clock SCK (rise edge)
                          0.00   10.00   clock network delay (ideal)
                         -0.25    9.75   clock uncertainty
                          0.00    9.75   clock reconvergence pessimism
                                  9.75 ^ _455_/CLK (sky130_fd_sc_hd__dfrtp_2)
                         -0.09    9.66   library setup time
                                  9.66   data required time
-----------------------------------------------------------------------------
                                  9.66   data required time
                                 -1.46   data arrival time
-----------------------------------------------------------------------------
                                  8.20   slack (MET)


Startpoint: _489_ (rising edge-triggered flip-flop clocked by SCK)
Endpoint: _467_ (rising edge-triggered flip-flop clocked by SCK)
Path Group: SCK
Path Type: max

Fanout     Cap    Slew   Delay    Time   Description
-----------------------------------------------------------------------------
                  0.15    0.00    0.00   clock SCK (rise edge)
                          0.00    0.00   clock network delay (ideal)
                  0.15    0.00    0.00 ^ _489_/CLK (sky130_fd_sc_hd__dfrtp_2)
                  0.06    0.48    0.48 v _489_/Q (sky130_fd_sc_hd__dfrtp_2)
     4    0.01                           state[3] (net)
                  0.06    0.00    0.48 v _310_/A (sky130_fd_sc_hd__buf_1)
                  0.19    0.23    0.71 v _310_/X (sky130_fd_sc_hd__buf_1)
    10    0.03                           _155_ (net)
                  0.19    0.00    0.71 v _311_/C (sky130_fd_sc_hd__or3_2)
                  0.12    0.55    1.26 v _311_/X (sky130_fd_sc_hd__or3_2)
     3    0.02                           _156_ (net)
                  0.12    0.00    1.26 v _320_/B (sky130_fd_sc_hd__xor2_2)
                  0.08    0.17    1.42 v _320_/X (sky130_fd_sc_hd__xor2_2)
     1    0.00                           _074_ (net)
                  0.08    0.00    1.42 v _467_/D (sky130_fd_sc_hd__dfrtp_2)
                                  1.42   data arrival time

                  0.15   10.00   10.00   clock SCK (rise edge)
                          0.00   10.00   clock network delay (ideal)
                         -0.25    9.75   clock uncertainty
                          0.00    9.75   clock reconvergence pessimism
                                  9.75 ^ _467_/CLK (sky130_fd_sc_hd__dfrtp_2)
                         -0.11    9.64   library setup time
                                  9.64   data required time
-----------------------------------------------------------------------------
                                  9.64   data required time
                                 -1.42   data arrival time
-----------------------------------------------------------------------------
                                  8.22   slack (MET)


Startpoint: _467_ (rising edge-triggered flip-flop clocked by SCK)
Endpoint: _456_ (rising edge-triggered flip-flop clocked by SCK)
Path Group: SCK
Path Type: max

Fanout     Cap    Slew   Delay    Time   Description
-----------------------------------------------------------------------------
                  0.15    0.00    0.00   clock SCK (rise edge)
                          0.00    0.00   clock network delay (ideal)
                  0.15    0.00    0.00 ^ _467_/CLK (sky130_fd_sc_hd__dfrtp_2)
                  0.05    0.45    0.45 v _467_/Q (sky130_fd_sc_hd__dfrtp_2)
     3    0.01                           count[0] (net)
                  0.05    0.00    0.45 v _265_/A (sky130_fd_sc_hd__buf_1)
                  0.23    0.26    0.71 v _265_/X (sky130_fd_sc_hd__buf_1)
    10    0.04                           _125_ (net)
                  0.23    0.00    0.71 v _371_/A1 (sky130_fd_sc_hd__o31a_2)
                  0.05    0.42    1.13 v _371_/X (sky130_fd_sc_hd__o31a_2)
     1    0.00                           _202_ (net)
                  0.05    0.00    1.13 v _372_/B1 (sky130_fd_sc_hd__a31o_2)
                  0.04    0.22    1.35 v _372_/X (sky130_fd_sc_hd__a31o_2)
     1    0.00                           _063_ (net)
                  0.04    0.00    1.35 v _456_/D (sky130_fd_sc_hd__dfrtp_2)
                                  1.35   data arrival time

                  0.15   10.00   10.00   clock SCK (rise edge)
                          0.00   10.00   clock network delay (ideal)
                         -0.25    9.75   clock uncertainty
                          0.00    9.75   clock reconvergence pessimism
                                  9.75 ^ _456_/CLK (sky130_fd_sc_hd__dfrtp_2)
                         -0.09    9.66   library setup time
                                  9.66   data required time
-----------------------------------------------------------------------------
                                  9.66   data required time
                                 -1.35   data arrival time
-----------------------------------------------------------------------------
                                  8.31   slack (MET)


Startpoint: _486_ (rising edge-triggered flip-flop clocked by SCK)
Endpoint: _487_ (rising edge-triggered flip-flop clocked by SCK)
Path Group: SCK
Path Type: max

Fanout     Cap    Slew   Delay    Time   Description
-----------------------------------------------------------------------------
                  0.15    0.00    0.00   clock SCK (rise edge)
                          0.00    0.00   clock network delay (ideal)
                  0.15    0.00    0.00 ^ _486_/CLK (sky130_fd_sc_hd__dfstp_2)
                  0.16    0.68    0.68 ^ _486_/Q (sky130_fd_sc_hd__dfstp_2)
     8    0.03                           state[0] (net)
                  0.16    0.00    0.68 ^ _264_/A (sky130_fd_sc_hd__buf_1)
                  0.43    0.40    1.07 ^ _264_/X (sky130_fd_sc_hd__buf_1)
    10    0.04                           _124_ (net)
                  0.43    0.00    1.07 ^ _377_/A3 (sky130_fd_sc_hd__a41o_2)
                  0.04    0.26    1.34 ^ _377_/X (sky130_fd_sc_hd__a41o_2)
     1    0.00                           _002_ (net)
                  0.04    0.00    1.34 ^ _487_/D (sky130_fd_sc_hd__dfrtp_2)
                                  1.34   data arrival time

                  0.15   10.00   10.00   clock SCK (rise edge)
                          0.00   10.00   clock network delay (ideal)
                         -0.25    9.75   clock uncertainty
                          0.00    9.75   clock reconvergence pessimism
                                  9.75 ^ _487_/CLK (sky130_fd_sc_hd__dfrtp_2)
                         -0.05    9.70   library setup time
                                  9.70   data required time
-----------------------------------------------------------------------------
                                  9.70   data required time
                                 -1.34   data arrival time
-----------------------------------------------------------------------------
                                  8.37   slack (MET)


Startpoint: _486_ (rising edge-triggered flip-flop clocked by SCK)
Endpoint: _490_ (rising edge-triggered flip-flop clocked by SCK)
Path Group: SCK
Path Type: max

Fanout     Cap    Slew   Delay    Time   Description
-----------------------------------------------------------------------------
                  0.15    0.00    0.00   clock SCK (rise edge)
                          0.00    0.00   clock network delay (ideal)
                  0.15    0.00    0.00 ^ _486_/CLK (sky130_fd_sc_hd__dfstp_2)
                  0.16    0.68    0.68 ^ _486_/Q (sky130_fd_sc_hd__dfstp_2)
     8    0.03                           state[0] (net)
                  0.16    0.00    0.68 ^ _264_/A (sky130_fd_sc_hd__buf_1)
                  0.43    0.40    1.07 ^ _264_/X (sky130_fd_sc_hd__buf_1)
    10    0.04                           _124_ (net)
                  0.43    0.00    1.07 ^ _376_/A2 (sky130_fd_sc_hd__a31o_2)
                  0.04    0.23    1.30 ^ _376_/X (sky130_fd_sc_hd__a31o_2)
     1    0.00                           _005_ (net)
                  0.04    0.00    1.30 ^ _490_/D (sky130_fd_sc_hd__dfrtp_2)
                                  1.30   data arrival time

                  0.15   10.00   10.00   clock SCK (rise edge)
                          0.00   10.00   clock network delay (ideal)
                         -0.25    9.75   clock uncertainty
                          0.00    9.75   clock reconvergence pessimism
                                  9.75 ^ _490_/CLK (sky130_fd_sc_hd__dfrtp_2)
                         -0.05    9.70   library setup time
                                  9.70   data required time
-----------------------------------------------------------------------------
                                  9.70   data required time
                                 -1.30   data arrival time
-----------------------------------------------------------------------------
                                  8.40   slack (MET)



