
===========================================================================
report_checks -path_delay min (Hold)
============================================================================
======================= Typical Corner ===================================

Startpoint: _473_ (rising edge-triggered flip-flop clocked by SCK)
Endpoint: _474_ (rising edge-triggered flip-flop clocked by SCK)
Path Group: SCK
Path Type: min

Fanout     Cap    Slew   Delay    Time   Description
-----------------------------------------------------------------------------
                          0.00    0.00   clock SCK (rise edge)
                          0.00    0.00   clock source latency
                  0.08    0.05    0.05 ^ SCK (in)
     1    0.02                           SCK (net)
                  0.08    0.00    0.05 ^ clkbuf_0_SCK/A (sky130_fd_sc_hd__clkbuf_16)
                  0.06    0.15    0.20 ^ clkbuf_0_SCK/X (sky130_fd_sc_hd__clkbuf_16)
     4    0.04                           clknet_0_SCK (net)
                  0.06    0.00    0.20 ^ clkbuf_2_0__f_SCK/A (sky130_fd_sc_hd__clkbuf_16)
                  0.05    0.13    0.34 ^ clkbuf_2_0__f_SCK/X (sky130_fd_sc_hd__clkbuf_16)
     9    0.03                           clknet_2_0__leaf_SCK (net)
                  0.05    0.00    0.34 ^ _473_/CLK (sky130_fd_sc_hd__dfrtp_2)
                  0.11    0.38    0.72 ^ _473_/Q (sky130_fd_sc_hd__dfrtp_2)
     5    0.02                           fixed[1] (net)
                  0.11    0.00    0.72 ^ _298_/A1 (sky130_fd_sc_hd__o31a_1)
                  0.05    0.14    0.86 ^ _298_/X (sky130_fd_sc_hd__o31a_1)
     1    0.00                           _081_ (net)
                  0.05    0.00    0.86 ^ _474_/D (sky130_fd_sc_hd__dfrtp_1)
                                  0.86   data arrival time

                          0.00    0.00   clock SCK (rise edge)
                          0.00    0.00   clock source latency
                  0.08    0.06    0.06 ^ SCK (in)
     1    0.02                           SCK (net)
                  0.08    0.00    0.06 ^ clkbuf_0_SCK/A (sky130_fd_sc_hd__clkbuf_16)
                  0.06    0.17    0.23 ^ clkbuf_0_SCK/X (sky130_fd_sc_hd__clkbuf_16)
     4    0.04                           clknet_0_SCK (net)
                  0.06    0.00    0.23 ^ clkbuf_2_0__f_SCK/A (sky130_fd_sc_hd__clkbuf_16)
                  0.05    0.15    0.38 ^ clkbuf_2_0__f_SCK/X (sky130_fd_sc_hd__clkbuf_16)
     9    0.03                           clknet_2_0__leaf_SCK (net)
                  0.05    0.00    0.38 ^ _474_/CLK (sky130_fd_sc_hd__dfrtp_1)
                          0.25    0.63   clock uncertainty
                         -0.04    0.59   clock reconvergence pessimism
                         -0.04    0.56   library hold time
                                  0.56   data required time
-----------------------------------------------------------------------------
                                  0.56   data required time
                                 -0.86   data arrival time
-----------------------------------------------------------------------------
                                  0.31   slack (MET)


Startpoint: _458_ (rising edge-triggered flip-flop clocked by SCK)
Endpoint: _458_ (rising edge-triggered flip-flop clocked by SCK)
Path Group: SCK
Path Type: min

Fanout     Cap    Slew   Delay    Time   Description
-----------------------------------------------------------------------------
                          0.00    0.00   clock SCK (rise edge)
                          0.00    0.00   clock source latency
                  0.08    0.05    0.05 ^ SCK (in)
     1    0.02                           SCK (net)
                  0.08    0.00    0.05 ^ clkbuf_0_SCK/A (sky130_fd_sc_hd__clkbuf_16)
                  0.06    0.15    0.20 ^ clkbuf_0_SCK/X (sky130_fd_sc_hd__clkbuf_16)
     4    0.04                           clknet_0_SCK (net)
                  0.06    0.00    0.20 ^ clkbuf_2_2__f_SCK/A (sky130_fd_sc_hd__clkbuf_16)
                  0.05    0.14    0.34 ^ clkbuf_2_2__f_SCK/X (sky130_fd_sc_hd__clkbuf_16)
     9    0.03                           clknet_2_2__leaf_SCK (net)
                  0.05    0.00    0.34 ^ _458_/CLK (sky130_fd_sc_hd__dfrtp_1)
                  0.09    0.34    0.68 ^ _458_/Q (sky130_fd_sc_hd__dfrtp_1)
     3    0.01                           net33 (net)
                  0.09    0.00    0.68 ^ _367_/A1 (sky130_fd_sc_hd__mux2_1)
                  0.04    0.13    0.81 ^ _367_/X (sky130_fd_sc_hd__mux2_1)
     1    0.00                           _200_ (net)
                  0.04    0.00    0.81 ^ _368_/A (sky130_fd_sc_hd__clkbuf_1)
                  0.04    0.07    0.88 ^ _368_/X (sky130_fd_sc_hd__clkbuf_1)
     1    0.00                           _065_ (net)
                  0.04    0.00    0.88 ^ _458_/D (sky130_fd_sc_hd__dfrtp_1)
                                  0.88   data arrival time

                          0.00    0.00   clock SCK (rise edge)
                          0.00    0.00   clock source latency
                  0.08    0.06    0.06 ^ SCK (in)
     1    0.02                           SCK (net)
                  0.08    0.00    0.06 ^ clkbuf_0_SCK/A (sky130_fd_sc_hd__clkbuf_16)
                  0.06    0.17    0.23 ^ clkbuf_0_SCK/X (sky130_fd_sc_hd__clkbuf_16)
     4    0.04                           clknet_0_SCK (net)
                  0.06    0.00    0.23 ^ clkbuf_2_2__f_SCK/A (sky130_fd_sc_hd__clkbuf_16)
                  0.05    0.15    0.38 ^ clkbuf_2_2__f_SCK/X (sky130_fd_sc_hd__clkbuf_16)
     9    0.03                           clknet_2_2__leaf_SCK (net)
                  0.05    0.00    0.38 ^ _458_/CLK (sky130_fd_sc_hd__dfrtp_1)
                          0.25    0.63   clock uncertainty
                         -0.04    0.59   clock reconvergence pessimism
                         -0.03    0.56   library hold time
                                  0.56   data required time
-----------------------------------------------------------------------------
                                  0.56   data required time
                                 -0.88   data arrival time
-----------------------------------------------------------------------------
                                  0.32   slack (MET)


Startpoint: _478_ (rising edge-triggered flip-flop clocked by SCK)
Endpoint: _478_ (rising edge-triggered flip-flop clocked by SCK)
Path Group: SCK
Path Type: min

Fanout     Cap    Slew   Delay    Time   Description
-----------------------------------------------------------------------------
                          0.00    0.00   clock SCK (rise edge)
                          0.00    0.00   clock source latency
                  0.08    0.05    0.05 ^ SCK (in)
     1    0.02                           SCK (net)
                  0.08    0.00    0.05 ^ clkbuf_0_SCK/A (sky130_fd_sc_hd__clkbuf_16)
                  0.06    0.15    0.20 ^ clkbuf_0_SCK/X (sky130_fd_sc_hd__clkbuf_16)
     4    0.04                           clknet_0_SCK (net)
                  0.06    0.00    0.20 ^ clkbuf_2_1__f_SCK/A (sky130_fd_sc_hd__clkbuf_16)
                  0.06    0.14    0.35 ^ clkbuf_2_1__f_SCK/X (sky130_fd_sc_hd__clkbuf_16)
    12    0.04                           clknet_2_1__leaf_SCK (net)
                  0.06    0.00    0.35 ^ _478_/CLK (sky130_fd_sc_hd__dfrtp_1)
                  0.09    0.34    0.69 ^ _478_/Q (sky130_fd_sc_hd__dfrtp_1)
     3    0.01                           net25 (net)
                  0.09    0.00    0.69 ^ _284_/A0 (sky130_fd_sc_hd__mux2_1)
                  0.04    0.12    0.81 ^ _284_/X (sky130_fd_sc_hd__mux2_1)
     1    0.00                           _138_ (net)
                  0.04    0.00    0.81 ^ _285_/A (sky130_fd_sc_hd__clkbuf_1)
                  0.05    0.08    0.89 ^ _285_/X (sky130_fd_sc_hd__clkbuf_1)
     1    0.00                           _085_ (net)
                  0.05    0.00    0.89 ^ _478_/D (sky130_fd_sc_hd__dfrtp_1)
                                  0.89   data arrival time

                          0.00    0.00   clock SCK (rise edge)
                          0.00    0.00   clock source latency
                  0.08    0.06    0.06 ^ SCK (in)
     1    0.02                           SCK (net)
                  0.08    0.00    0.06 ^ clkbuf_0_SCK/A (sky130_fd_sc_hd__clkbuf_16)
                  0.06    0.17    0.23 ^ clkbuf_0_SCK/X (sky130_fd_sc_hd__clkbuf_16)
     4    0.04                           clknet_0_SCK (net)
                  0.06    0.00    0.23 ^ clkbuf_2_1__f_SCK/A (sky130_fd_sc_hd__clkbuf_16)
                  0.06    0.16    0.38 ^ clkbuf_2_1__f_SCK/X (sky130_fd_sc_hd__clkbuf_16)
    12    0.04                           clknet_2_1__leaf_SCK (net)
                  0.06    0.00    0.38 ^ _478_/CLK (sky130_fd_sc_hd__dfrtp_1)
                          0.25    0.63   clock uncertainty
                         -0.04    0.60   clock reconvergence pessimism
                         -0.03    0.56   library hold time
                                  0.56   data required time
-----------------------------------------------------------------------------
                                  0.56   data required time
                                 -0.89   data arrival time
-----------------------------------------------------------------------------
                                  0.32   slack (MET)


Startpoint: _476_ (rising edge-triggered flip-flop clocked by SCK)
Endpoint: _476_ (rising edge-triggered flip-flop clocked by SCK)
Path Group: SCK
Path Type: min

Fanout     Cap    Slew   Delay    Time   Description
-----------------------------------------------------------------------------
                          0.00    0.00   clock SCK (rise edge)
                          0.00    0.00   clock source latency
                  0.08    0.05    0.05 ^ SCK (in)
     1    0.02                           SCK (net)
                  0.08    0.00    0.05 ^ clkbuf_0_SCK/A (sky130_fd_sc_hd__clkbuf_16)
                  0.06    0.15    0.20 ^ clkbuf_0_SCK/X (sky130_fd_sc_hd__clkbuf_16)
     4    0.04                           clknet_0_SCK (net)
                  0.06    0.00    0.20 ^ clkbuf_2_1__f_SCK/A (sky130_fd_sc_hd__clkbuf_16)
                  0.06    0.14    0.35 ^ clkbuf_2_1__f_SCK/X (sky130_fd_sc_hd__clkbuf_16)
    12    0.04                           clknet_2_1__leaf_SCK (net)
                  0.06    0.00    0.35 ^ _476_/CLK (sky130_fd_sc_hd__dfrtp_1)
                  0.09    0.34    0.69 ^ _476_/Q (sky130_fd_sc_hd__dfrtp_1)
     3    0.01                           net23 (net)
                  0.09    0.00    0.69 ^ _288_/A0 (sky130_fd_sc_hd__mux2_1)
                  0.04    0.13    0.82 ^ _288_/X (sky130_fd_sc_hd__mux2_1)
     1    0.00                           _140_ (net)
                  0.04    0.00    0.82 ^ _289_/A (sky130_fd_sc_hd__clkbuf_1)
                  0.04    0.07    0.89 ^ _289_/X (sky130_fd_sc_hd__clkbuf_1)
     1    0.00                           _083_ (net)
                  0.04    0.00    0.89 ^ _476_/D (sky130_fd_sc_hd__dfrtp_1)
                                  0.89   data arrival time

                          0.00    0.00   clock SCK (rise edge)
                          0.00    0.00   clock source latency
                  0.08    0.06    0.06 ^ SCK (in)
     1    0.02                           SCK (net)
                  0.08    0.00    0.06 ^ clkbuf_0_SCK/A (sky130_fd_sc_hd__clkbuf_16)
                  0.06    0.17    0.23 ^ clkbuf_0_SCK/X (sky130_fd_sc_hd__clkbuf_16)
     4    0.04                           clknet_0_SCK (net)
                  0.06    0.00    0.23 ^ clkbuf_2_1__f_SCK/A (sky130_fd_sc_hd__clkbuf_16)
                  0.06    0.16    0.38 ^ clkbuf_2_1__f_SCK/X (sky130_fd_sc_hd__clkbuf_16)
    12    0.04                           clknet_2_1__leaf_SCK (net)
                  0.06    0.00    0.38 ^ _476_/CLK (sky130_fd_sc_hd__dfrtp_1)
                          0.25    0.63   clock uncertainty
                         -0.04    0.60   clock reconvergence pessimism
                         -0.03    0.56   library hold time
                                  0.56   data required time
-----------------------------------------------------------------------------
                                  0.56   data required time
                                 -0.89   data arrival time
-----------------------------------------------------------------------------
                                  0.33   slack (MET)


Startpoint: _476_ (rising edge-triggered flip-flop clocked by SCK)
Endpoint: _477_ (rising edge-triggered flip-flop clocked by SCK)
Path Group: SCK
Path Type: min

Fanout     Cap    Slew   Delay    Time   Description
-----------------------------------------------------------------------------
                          0.00    0.00   clock SCK (rise edge)
                          0.00    0.00   clock source latency
                  0.08    0.05    0.05 ^ SCK (in)
     1    0.02                           SCK (net)
                  0.08    0.00    0.05 ^ clkbuf_0_SCK/A (sky130_fd_sc_hd__clkbuf_16)
                  0.06    0.15    0.20 ^ clkbuf_0_SCK/X (sky130_fd_sc_hd__clkbuf_16)
     4    0.04                           clknet_0_SCK (net)
                  0.06    0.00    0.20 ^ clkbuf_2_1__f_SCK/A (sky130_fd_sc_hd__clkbuf_16)
                  0.06    0.14    0.35 ^ clkbuf_2_1__f_SCK/X (sky130_fd_sc_hd__clkbuf_16)
    12    0.04                           clknet_2_1__leaf_SCK (net)
                  0.06    0.00    0.35 ^ _476_/CLK (sky130_fd_sc_hd__dfrtp_1)
                  0.09    0.34    0.69 ^ _476_/Q (sky130_fd_sc_hd__dfrtp_1)
     3    0.01                           net23 (net)
                  0.09    0.00    0.69 ^ _286_/A1 (sky130_fd_sc_hd__mux2_1)
                  0.04    0.13    0.82 ^ _286_/X (sky130_fd_sc_hd__mux2_1)
     1    0.00                           _139_ (net)
                  0.04    0.00    0.82 ^ _287_/A (sky130_fd_sc_hd__clkbuf_1)
                  0.04    0.07    0.89 ^ _287_/X (sky130_fd_sc_hd__clkbuf_1)
     1    0.00                           _084_ (net)
                  0.04    0.00    0.89 ^ _477_/D (sky130_fd_sc_hd__dfrtp_1)
                                  0.89   data arrival time

                          0.00    0.00   clock SCK (rise edge)
                          0.00    0.00   clock source latency
                  0.08    0.06    0.06 ^ SCK (in)
     1    0.02                           SCK (net)
                  0.08    0.00    0.06 ^ clkbuf_0_SCK/A (sky130_fd_sc_hd__clkbuf_16)
                  0.06    0.17    0.23 ^ clkbuf_0_SCK/X (sky130_fd_sc_hd__clkbuf_16)
     4    0.04                           clknet_0_SCK (net)
                  0.06    0.00    0.23 ^ clkbuf_2_1__f_SCK/A (sky130_fd_sc_hd__clkbuf_16)
                  0.06    0.16    0.38 ^ clkbuf_2_1__f_SCK/X (sky130_fd_sc_hd__clkbuf_16)
    12    0.04                           clknet_2_1__leaf_SCK (net)
                  0.06    0.00    0.38 ^ _477_/CLK (sky130_fd_sc_hd__dfrtp_1)
                          0.25    0.63   clock uncertainty
                         -0.04    0.60   clock reconvergence pessimism
                         -0.03    0.56   library hold time
                                  0.56   data required time
-----------------------------------------------------------------------------
                                  0.56   data required time
                                 -0.89   data arrival time
-----------------------------------------------------------------------------
                                  0.33   slack (MET)


Startpoint: _475_ (rising edge-triggered flip-flop clocked by SCK)
Endpoint: _475_ (rising edge-triggered flip-flop clocked by SCK)
Path Group: SCK
Path Type: min

Fanout     Cap    Slew   Delay    Time   Description
-----------------------------------------------------------------------------
                          0.00    0.00   clock SCK (rise edge)
                          0.00    0.00   clock source latency
                  0.08    0.05    0.05 ^ SCK (in)
     1    0.02                           SCK (net)
                  0.08    0.00    0.05 ^ clkbuf_0_SCK/A (sky130_fd_sc_hd__clkbuf_16)
                  0.06    0.15    0.20 ^ clkbuf_0_SCK/X (sky130_fd_sc_hd__clkbuf_16)
     4    0.04                           clknet_0_SCK (net)
                  0.06    0.00    0.20 ^ clkbuf_2_1__f_SCK/A (sky130_fd_sc_hd__clkbuf_16)
                  0.06    0.14    0.35 ^ clkbuf_2_1__f_SCK/X (sky130_fd_sc_hd__clkbuf_16)
    12    0.04                           clknet_2_1__leaf_SCK (net)
                  0.06    0.00    0.35 ^ _475_/CLK (sky130_fd_sc_hd__dfrtp_1)
                  0.10    0.35    0.70 ^ _475_/Q (sky130_fd_sc_hd__dfrtp_1)
     3    0.01                           net22 (net)
                  0.10    0.00    0.70 ^ _290_/A0 (sky130_fd_sc_hd__mux2_1)
                  0.04    0.12    0.82 ^ _290_/X (sky130_fd_sc_hd__mux2_1)
     1    0.00                           _141_ (net)
                  0.04    0.00    0.82 ^ _291_/A (sky130_fd_sc_hd__clkbuf_1)
                  0.04    0.07    0.89 ^ _291_/X (sky130_fd_sc_hd__clkbuf_1)
     1    0.00                           _082_ (net)
                  0.04    0.00    0.89 ^ _475_/D (sky130_fd_sc_hd__dfrtp_1)
                                  0.89   data arrival time

                          0.00    0.00   clock SCK (rise edge)
                          0.00    0.00   clock source latency
                  0.08    0.06    0.06 ^ SCK (in)
     1    0.02                           SCK (net)
                  0.08    0.00    0.06 ^ clkbuf_0_SCK/A (sky130_fd_sc_hd__clkbuf_16)
                  0.06    0.17    0.23 ^ clkbuf_0_SCK/X (sky130_fd_sc_hd__clkbuf_16)
     4    0.04                           clknet_0_SCK (net)
                  0.06    0.00    0.23 ^ clkbuf_2_1__f_SCK/A (sky130_fd_sc_hd__clkbuf_16)
                  0.06    0.16    0.38 ^ clkbuf_2_1__f_SCK/X (sky130_fd_sc_hd__clkbuf_16)
    12    0.04                           clknet_2_1__leaf_SCK (net)
                  0.06    0.00    0.38 ^ _475_/CLK (sky130_fd_sc_hd__dfrtp_1)
                          0.25    0.63   clock uncertainty
                         -0.04    0.60   clock reconvergence pessimism
                         -0.03    0.56   library hold time
                                  0.56   data required time
-----------------------------------------------------------------------------
                                  0.56   data required time
                                 -0.89   data arrival time
-----------------------------------------------------------------------------
                                  0.33   slack (MET)


Startpoint: _478_ (rising edge-triggered flip-flop clocked by SCK)
Endpoint: _479_ (rising edge-triggered flip-flop clocked by SCK)
Path Group: SCK
Path Type: min

Fanout     Cap    Slew   Delay    Time   Description
-----------------------------------------------------------------------------
                          0.00    0.00   clock SCK (rise edge)
                          0.00    0.00   clock source latency
                  0.08    0.05    0.05 ^ SCK (in)
     1    0.02                           SCK (net)
                  0.08    0.00    0.05 ^ clkbuf_0_SCK/A (sky130_fd_sc_hd__clkbuf_16)
                  0.06    0.15    0.20 ^ clkbuf_0_SCK/X (sky130_fd_sc_hd__clkbuf_16)
     4    0.04                           clknet_0_SCK (net)
                  0.06    0.00    0.20 ^ clkbuf_2_1__f_SCK/A (sky130_fd_sc_hd__clkbuf_16)
                  0.06    0.14    0.35 ^ clkbuf_2_1__f_SCK/X (sky130_fd_sc_hd__clkbuf_16)
    12    0.04                           clknet_2_1__leaf_SCK (net)
                  0.06    0.00    0.35 ^ _478_/CLK (sky130_fd_sc_hd__dfrtp_1)
                  0.09    0.34    0.69 ^ _478_/Q (sky130_fd_sc_hd__dfrtp_1)
     3    0.01                           net25 (net)
                  0.09    0.00    0.69 ^ _282_/A1 (sky130_fd_sc_hd__mux2_1)
                  0.04    0.12    0.81 ^ _282_/X (sky130_fd_sc_hd__mux2_1)
     1    0.00                           _137_ (net)
                  0.04    0.00    0.81 ^ _283_/A (sky130_fd_sc_hd__clkbuf_1)
                  0.05    0.08    0.89 ^ _283_/X (sky130_fd_sc_hd__clkbuf_1)
     1    0.00                           _086_ (net)
                  0.05    0.00    0.89 ^ _479_/D (sky130_fd_sc_hd__dfrtp_1)
                                  0.89   data arrival time

                          0.00    0.00   clock SCK (rise edge)
                          0.00    0.00   clock source latency
                  0.08    0.06    0.06 ^ SCK (in)
     1    0.02                           SCK (net)
                  0.08    0.00    0.06 ^ clkbuf_0_SCK/A (sky130_fd_sc_hd__clkbuf_16)
                  0.06    0.17    0.23 ^ clkbuf_0_SCK/X (sky130_fd_sc_hd__clkbuf_16)
     4    0.04                           clknet_0_SCK (net)
                  0.06    0.00    0.23 ^ clkbuf_2_1__f_SCK/A (sky130_fd_sc_hd__clkbuf_16)
                  0.06    0.16    0.38 ^ clkbuf_2_1__f_SCK/X (sky130_fd_sc_hd__clkbuf_16)
    12    0.04                           clknet_2_1__leaf_SCK (net)
                  0.06    0.00    0.38 ^ _479_/CLK (sky130_fd_sc_hd__dfrtp_1)
                          0.25    0.63   clock uncertainty
                         -0.04    0.60   clock reconvergence pessimism
                         -0.03    0.56   library hold time
                                  0.56   data required time
-----------------------------------------------------------------------------
                                  0.56   data required time
                                 -0.89   data arrival time
-----------------------------------------------------------------------------
                                  0.33   slack (MET)


Startpoint: _472_ (rising edge-triggered flip-flop clocked by SCK)
Endpoint: _473_ (rising edge-triggered flip-flop clocked by SCK)
Path Group: SCK
Path Type: min

Fanout     Cap    Slew   Delay    Time   Description
-----------------------------------------------------------------------------
                          0.00    0.00   clock SCK (rise edge)
                          0.00    0.00   clock source latency
                  0.08    0.05    0.05 ^ SCK (in)
     1    0.02                           SCK (net)
                  0.08    0.00    0.05 ^ clkbuf_0_SCK/A (sky130_fd_sc_hd__clkbuf_16)
                  0.06    0.15    0.20 ^ clkbuf_0_SCK/X (sky130_fd_sc_hd__clkbuf_16)
     4    0.04                           clknet_0_SCK (net)
                  0.06    0.00    0.20 ^ clkbuf_2_0__f_SCK/A (sky130_fd_sc_hd__clkbuf_16)
                  0.05    0.13    0.34 ^ clkbuf_2_0__f_SCK/X (sky130_fd_sc_hd__clkbuf_16)
     9    0.03                           clknet_2_0__leaf_SCK (net)
                  0.05    0.00    0.34 ^ _472_/CLK (sky130_fd_sc_hd__dfrtp_1)
                  0.09    0.34    0.68 ^ _472_/Q (sky130_fd_sc_hd__dfrtp_1)
     2    0.01                           fixed[0] (net)
                  0.09    0.00    0.68 ^ _299_/A (sky130_fd_sc_hd__or3b_1)
                  0.10    0.15    0.82 ^ _299_/X (sky130_fd_sc_hd__or3b_1)
     2    0.01                           _148_ (net)
                  0.10    0.00    0.82 ^ _301_/A (sky130_fd_sc_hd__xnor2_1)
                  0.03    0.07    0.90 v _301_/Y (sky130_fd_sc_hd__xnor2_1)
     1    0.00                           _080_ (net)
                  0.03    0.00    0.90 v _473_/D (sky130_fd_sc_hd__dfrtp_2)
                                  0.90   data arrival time

                          0.00    0.00   clock SCK (rise edge)
                          0.00    0.00   clock source latency
                  0.08    0.06    0.06 ^ SCK (in)
     1    0.02                           SCK (net)
                  0.08    0.00    0.06 ^ clkbuf_0_SCK/A (sky130_fd_sc_hd__clkbuf_16)
                  0.06    0.17    0.23 ^ clkbuf_0_SCK/X (sky130_fd_sc_hd__clkbuf_16)
     4    0.04                           clknet_0_SCK (net)
                  0.06    0.00    0.23 ^ clkbuf_2_0__f_SCK/A (sky130_fd_sc_hd__clkbuf_16)
                  0.05    0.15    0.38 ^ clkbuf_2_0__f_SCK/X (sky130_fd_sc_hd__clkbuf_16)
     9    0.03                           clknet_2_0__leaf_SCK (net)
                  0.05    0.00    0.38 ^ _473_/CLK (sky130_fd_sc_hd__dfrtp_2)
                          0.25    0.63   clock uncertainty
                         -0.04    0.59   clock reconvergence pessimism
                         -0.04    0.56   library hold time
                                  0.56   data required time
-----------------------------------------------------------------------------
                                  0.56   data required time
                                 -0.90   data arrival time
-----------------------------------------------------------------------------
                                  0.34   slack (MET)


Startpoint: _486_ (rising edge-triggered flip-flop clocked by SCK)
Endpoint: _470_ (rising edge-triggered flip-flop clocked by SCK)
Path Group: SCK
Path Type: min

Fanout     Cap    Slew   Delay    Time   Description
-----------------------------------------------------------------------------
                          0.00    0.00   clock SCK (rise edge)
                          0.00    0.00   clock source latency
                  0.08    0.05    0.05 ^ SCK (in)
     1    0.02                           SCK (net)
                  0.08    0.00    0.05 ^ clkbuf_0_SCK/A (sky130_fd_sc_hd__clkbuf_16)
                  0.06    0.15    0.20 ^ clkbuf_0_SCK/X (sky130_fd_sc_hd__clkbuf_16)
     4    0.04                           clknet_0_SCK (net)
                  0.06    0.00    0.20 ^ clkbuf_2_0__f_SCK/A (sky130_fd_sc_hd__clkbuf_16)
                  0.05    0.13    0.34 ^ clkbuf_2_0__f_SCK/X (sky130_fd_sc_hd__clkbuf_16)
     9    0.03                           clknet_2_0__leaf_SCK (net)
                  0.05    0.00    0.34 ^ _486_/CLK (sky130_fd_sc_hd__dfstp_2)
                  0.08    0.39    0.73 v _486_/Q (sky130_fd_sc_hd__dfstp_2)
     8    0.03                           state[0] (net)
                  0.08    0.00    0.73 v _302_/B (sky130_fd_sc_hd__nand2_1)
                  0.12    0.13    0.86 ^ _302_/Y (sky130_fd_sc_hd__nand2_1)
     2    0.01                           _150_ (net)
                  0.12    0.00    0.86 ^ _309_/A2 (sky130_fd_sc_hd__o21ai_1)
                  0.04    0.07    0.93 v _309_/Y (sky130_fd_sc_hd__o21ai_1)
     1    0.00                           _077_ (net)
                  0.04    0.00    0.93 v _470_/D (sky130_fd_sc_hd__dfrtp_1)
                                  0.93   data arrival time

                          0.00    0.00   clock SCK (rise edge)
                          0.00    0.00   clock source latency
                  0.08    0.06    0.06 ^ SCK (in)
     1    0.02                           SCK (net)
                  0.08    0.00    0.06 ^ clkbuf_0_SCK/A (sky130_fd_sc_hd__clkbuf_16)
                  0.06    0.17    0.23 ^ clkbuf_0_SCK/X (sky130_fd_sc_hd__clkbuf_16)
     4    0.04                           clknet_0_SCK (net)
                  0.06    0.00    0.23 ^ clkbuf_2_1__f_SCK/A (sky130_fd_sc_hd__clkbuf_16)
                  0.06    0.16    0.38 ^ clkbuf_2_1__f_SCK/X (sky130_fd_sc_hd__clkbuf_16)
    12    0.04                           clknet_2_1__leaf_SCK (net)
                  0.06    0.00    0.38 ^ _470_/CLK (sky130_fd_sc_hd__dfrtp_1)
                          0.25    0.63   clock uncertainty
                         -0.02    0.61   clock reconvergence pessimism
                         -0.04    0.57   library hold time
                                  0.57   data required time
-----------------------------------------------------------------------------
                                  0.57   data required time
                                 -0.93   data arrival time
-----------------------------------------------------------------------------
                                  0.35   slack (MET)


Startpoint: _493_ (rising edge-triggered flip-flop clocked by SCK')
Endpoint: _493_ (rising edge-triggered flip-flop clocked by SCK')
Path Group: SCK
Path Type: min

Fanout     Cap    Slew   Delay    Time   Description
-----------------------------------------------------------------------------
                          5.00    5.00   clock SCK' (rise edge)
                          0.00    5.00   clock source latency
                  0.04    0.02    5.02 v SCK (in)
     1    0.02                           SCK (net)
                  0.04    0.00    5.02 v clkbuf_0_SCK/A (sky130_fd_sc_hd__clkbuf_16)
                  0.05    0.15    5.17 v clkbuf_0_SCK/X (sky130_fd_sc_hd__clkbuf_16)
     4    0.04                           clknet_0_SCK (net)
                  0.05    0.00    5.17 v clkbuf_2_3__f_SCK/A (sky130_fd_sc_hd__clkbuf_16)
                  0.04    0.14    5.32 v clkbuf_2_3__f_SCK/X (sky130_fd_sc_hd__clkbuf_16)
     6    0.02                           clknet_2_3__leaf_SCK (net)
                  0.04    0.00    5.32 v _437_/A (sky130_fd_sc_hd__buf_1)
                  0.06    0.10    5.42 v _437_/X (sky130_fd_sc_hd__buf_1)
     1    0.01                           _221_ (net)
                  0.06    0.00    5.42 v clkbuf_0__221_/A (sky130_fd_sc_hd__clkbuf_16)
                  0.03    0.14    5.56 v clkbuf_0__221_/X (sky130_fd_sc_hd__clkbuf_16)
     2    0.02                           clknet_0__221_ (net)
                  0.03    0.00    5.56 v clkbuf_1_1__f__221_/A (sky130_fd_sc_hd__clkbuf_16)
                  0.04    0.14    5.71 v clkbuf_1_1__f__221_/X (sky130_fd_sc_hd__clkbuf_16)
     6    0.03                           clknet_1_1__leaf__221_ (net)
                  0.04    0.00    5.71 v _448__5/A (sky130_fd_sc_hd__inv_2)
                  0.02    0.04    5.74 ^ _448__5/Y (sky130_fd_sc_hd__inv_2)
     1    0.00                           net43 (net)
                  0.02    0.00    5.74 ^ _493_/CLK (sky130_fd_sc_hd__dfrtp_1)
                  0.13    0.36    6.10 ^ _493_/Q (sky130_fd_sc_hd__dfrtp_1)
     2    0.01                           ldata[2] (net)
                  0.13    0.00    6.10 ^ _251_/A1 (sky130_fd_sc_hd__mux2_1)
                  0.04    0.14    6.24 ^ _251_/X (sky130_fd_sc_hd__mux2_1)
     1    0.00                           _118_ (net)
                  0.04    0.00    6.24 ^ _252_/A (sky130_fd_sc_hd__clkbuf_1)
                  0.04    0.07    6.32 ^ _252_/X (sky130_fd_sc_hd__clkbuf_1)
     1    0.00                           _094_ (net)
                  0.04    0.00    6.32 ^ _493_/D (sky130_fd_sc_hd__dfrtp_1)
                                  6.32   data arrival time

                          5.00    5.00   clock SCK' (rise edge)
                          0.00    5.00   clock source latency
                  0.04    0.03    5.03 v SCK (in)
     1    0.02                           SCK (net)
                  0.04    0.00    5.03 v clkbuf_0_SCK/A (sky130_fd_sc_hd__clkbuf_16)
                  0.05    0.16    5.19 v clkbuf_0_SCK/X (sky130_fd_sc_hd__clkbuf_16)
     4    0.04                           clknet_0_SCK (net)
                  0.05    0.00    5.19 v clkbuf_2_3__f_SCK/A (sky130_fd_sc_hd__clkbuf_16)
                  0.04    0.16    5.35 v clkbuf_2_3__f_SCK/X (sky130_fd_sc_hd__clkbuf_16)
     6    0.02                           clknet_2_3__leaf_SCK (net)
                  0.04    0.00    5.35 v _437_/A (sky130_fd_sc_hd__buf_1)
                  0.06    0.12    5.46 v _437_/X (sky130_fd_sc_hd__buf_1)
     1    0.01                           _221_ (net)
                  0.06    0.00    5.46 v clkbuf_0__221_/A (sky130_fd_sc_hd__clkbuf_16)
                  0.03    0.16    5.62 v clkbuf_0__221_/X (sky130_fd_sc_hd__clkbuf_16)
     2    0.02                           clknet_0__221_ (net)
                  0.03    0.00    5.62 v clkbuf_1_1__f__221_/A (sky130_fd_sc_hd__clkbuf_16)
                  0.04    0.16    5.78 v clkbuf_1_1__f__221_/X (sky130_fd_sc_hd__clkbuf_16)
     6    0.03                           clknet_1_1__leaf__221_ (net)
                  0.04    0.00    5.78 v _448__5/A (sky130_fd_sc_hd__inv_2)
                  0.02    0.04    5.82 ^ _448__5/Y (sky130_fd_sc_hd__inv_2)
     1    0.00                           net43 (net)
                  0.02    0.00    5.82 ^ _493_/CLK (sky130_fd_sc_hd__dfrtp_1)
                          0.25    6.07   clock uncertainty
                         -0.08    5.99   clock reconvergence pessimism
                         -0.04    5.96   library hold time
                                  5.96   data required time
-----------------------------------------------------------------------------
                                  5.96   data required time
                                 -6.32   data arrival time
-----------------------------------------------------------------------------
                                  0.36   slack (MET)


Startpoint: _479_ (rising edge-triggered flip-flop clocked by SCK)
Endpoint: _480_ (rising edge-triggered flip-flop clocked by SCK)
Path Group: SCK
Path Type: min

Fanout     Cap    Slew   Delay    Time   Description
-----------------------------------------------------------------------------
                          0.00    0.00   clock SCK (rise edge)
                          0.00    0.00   clock source latency
                  0.08    0.05    0.05 ^ SCK (in)
     1    0.02                           SCK (net)
                  0.08    0.00    0.05 ^ clkbuf_0_SCK/A (sky130_fd_sc_hd__clkbuf_16)
                  0.06    0.15    0.20 ^ clkbuf_0_SCK/X (sky130_fd_sc_hd__clkbuf_16)
     4    0.04                           clknet_0_SCK (net)
                  0.06    0.00    0.20 ^ clkbuf_2_1__f_SCK/A (sky130_fd_sc_hd__clkbuf_16)
                  0.06    0.14    0.35 ^ clkbuf_2_1__f_SCK/X (sky130_fd_sc_hd__clkbuf_16)
    12    0.04                           clknet_2_1__leaf_SCK (net)
                  0.06    0.00    0.35 ^ _479_/CLK (sky130_fd_sc_hd__dfrtp_1)
                  0.14    0.38    0.72 ^ _479_/Q (sky130_fd_sc_hd__dfrtp_1)
     3    0.02                           net26 (net)
                  0.14    0.00    0.73 ^ _280_/A1 (sky130_fd_sc_hd__mux2_1)
                  0.04    0.14    0.86 ^ _280_/X (sky130_fd_sc_hd__mux2_1)
     1    0.00                           _136_ (net)
                  0.04    0.00    0.86 ^ _281_/A (sky130_fd_sc_hd__clkbuf_1)
                  0.04    0.07    0.94 ^ _281_/X (sky130_fd_sc_hd__clkbuf_1)
     1    0.00                           _087_ (net)
                  0.04    0.00    0.94 ^ _480_/D (sky130_fd_sc_hd__dfrtp_1)
                                  0.94   data arrival time

                          0.00    0.00   clock SCK (rise edge)
                          0.00    0.00   clock source latency
                  0.08    0.06    0.06 ^ SCK (in)
     1    0.02                           SCK (net)
                  0.08    0.00    0.06 ^ clkbuf_0_SCK/A (sky130_fd_sc_hd__clkbuf_16)
                  0.06    0.17    0.23 ^ clkbuf_0_SCK/X (sky130_fd_sc_hd__clkbuf_16)
     4    0.04                           clknet_0_SCK (net)
                  0.06    0.00    0.23 ^ clkbuf_2_0__f_SCK/A (sky130_fd_sc_hd__clkbuf_16)
                  0.05    0.15    0.38 ^ clkbuf_2_0__f_SCK/X (sky130_fd_sc_hd__clkbuf_16)
     9    0.03                           clknet_2_0__leaf_SCK (net)
                  0.05    0.00    0.38 ^ _480_/CLK (sky130_fd_sc_hd__dfrtp_1)
                          0.25    0.63   clock uncertainty
                         -0.02    0.61   clock reconvergence pessimism
                         -0.03    0.57   library hold time
                                  0.57   data required time
-----------------------------------------------------------------------------
                                  0.57   data required time
                                 -0.94   data arrival time
-----------------------------------------------------------------------------
                                  0.36   slack (MET)


Startpoint: _496_ (rising edge-triggered flip-flop clocked by SCK')
Endpoint: _497_ (rising edge-triggered flip-flop clocked by SCK')
Path Group: SCK
Path Type: min

Fanout     Cap    Slew   Delay    Time   Description
-----------------------------------------------------------------------------
                          5.00    5.00   clock SCK' (rise edge)
                          0.00    5.00   clock source latency
                  0.04    0.02    5.02 v SCK (in)
     1    0.02                           SCK (net)
                  0.04    0.00    5.02 v clkbuf_0_SCK/A (sky130_fd_sc_hd__clkbuf_16)
                  0.05    0.15    5.17 v clkbuf_0_SCK/X (sky130_fd_sc_hd__clkbuf_16)
     4    0.04                           clknet_0_SCK (net)
                  0.05    0.00    5.17 v clkbuf_2_3__f_SCK/A (sky130_fd_sc_hd__clkbuf_16)
                  0.04    0.14    5.32 v clkbuf_2_3__f_SCK/X (sky130_fd_sc_hd__clkbuf_16)
     6    0.02                           clknet_2_3__leaf_SCK (net)
                  0.04    0.00    5.32 v _437_/A (sky130_fd_sc_hd__buf_1)
                  0.06    0.10    5.42 v _437_/X (sky130_fd_sc_hd__buf_1)
     1    0.01                           _221_ (net)
                  0.06    0.00    5.42 v clkbuf_0__221_/A (sky130_fd_sc_hd__clkbuf_16)
                  0.03    0.14    5.56 v clkbuf_0__221_/X (sky130_fd_sc_hd__clkbuf_16)
     2    0.02                           clknet_0__221_ (net)
                  0.03    0.00    5.56 v clkbuf_1_0__f__221_/A (sky130_fd_sc_hd__clkbuf_16)
                  0.04    0.14    5.70 v clkbuf_1_0__f__221_/X (sky130_fd_sc_hd__clkbuf_16)
     4    0.02                           clknet_1_0__leaf__221_ (net)
                  0.04    0.00    5.70 v _451__8/A (sky130_fd_sc_hd__inv_2)
                  0.02    0.03    5.73 ^ _451__8/Y (sky130_fd_sc_hd__inv_2)
     1    0.00                           net46 (net)
                  0.02    0.00    5.73 ^ _496_/CLK (sky130_fd_sc_hd__dfrtp_1)
                  0.06    0.30    6.04 ^ _496_/Q (sky130_fd_sc_hd__dfrtp_1)
     2    0.00                           ldata[5] (net)
                  0.06    0.00    6.04 ^ _234_/A1 (sky130_fd_sc_hd__mux2_1)
                  0.04    0.11    6.15 ^ _234_/X (sky130_fd_sc_hd__mux2_1)
     1    0.00                           _109_ (net)
                  0.04    0.00    6.15 ^ _235_/A0 (sky130_fd_sc_hd__mux2_1)
                  0.05    0.11    6.26 ^ _235_/X (sky130_fd_sc_hd__mux2_1)
     1    0.00                           _110_ (net)
                  0.05    0.00    6.26 ^ _236_/A (sky130_fd_sc_hd__clkbuf_1)
                  0.04    0.08    6.34 ^ _236_/X (sky130_fd_sc_hd__clkbuf_1)
     1    0.00                           _098_ (net)
                  0.04    0.00    6.34 ^ _497_/D (sky130_fd_sc_hd__dfrtp_1)
                                  6.34   data arrival time

                          5.00    5.00   clock SCK' (rise edge)
                          0.00    5.00   clock source latency
                  0.04    0.03    5.03 v SCK (in)
     1    0.02                           SCK (net)
                  0.04    0.00    5.03 v clkbuf_0_SCK/A (sky130_fd_sc_hd__clkbuf_16)
                  0.05    0.16    5.19 v clkbuf_0_SCK/X (sky130_fd_sc_hd__clkbuf_16)
     4    0.04                           clknet_0_SCK (net)
                  0.05    0.00    5.19 v clkbuf_2_3__f_SCK/A (sky130_fd_sc_hd__clkbuf_16)
                  0.04    0.16    5.35 v clkbuf_2_3__f_SCK/X (sky130_fd_sc_hd__clkbuf_16)
     6    0.02                           clknet_2_3__leaf_SCK (net)
                  0.04    0.00    5.35 v _437_/A (sky130_fd_sc_hd__buf_1)
                  0.06    0.12    5.46 v _437_/X (sky130_fd_sc_hd__buf_1)
     1    0.01                           _221_ (net)
                  0.06    0.00    5.46 v clkbuf_0__221_/A (sky130_fd_sc_hd__clkbuf_16)
                  0.03    0.16    5.62 v clkbuf_0__221_/X (sky130_fd_sc_hd__clkbuf_16)
     2    0.02                           clknet_0__221_ (net)
                  0.03    0.00    5.62 v clkbuf_1_1__f__221_/A (sky130_fd_sc_hd__clkbuf_16)
                  0.04    0.16    5.78 v clkbuf_1_1__f__221_/X (sky130_fd_sc_hd__clkbuf_16)
     6    0.03                           clknet_1_1__leaf__221_ (net)
                  0.04    0.00    5.78 v _452__9/A (sky130_fd_sc_hd__inv_2)
                  0.02    0.04    5.82 ^ _452__9/Y (sky130_fd_sc_hd__inv_2)
     1    0.00                           net47 (net)
                  0.02    0.00    5.82 ^ _497_/CLK (sky130_fd_sc_hd__dfrtp_1)
                          0.25    6.07   clock uncertainty
                         -0.06    6.01   clock reconvergence pessimism
                         -0.04    5.98   library hold time
                                  5.98   data required time
-----------------------------------------------------------------------------
                                  5.98   data required time
                                 -6.34   data arrival time
-----------------------------------------------------------------------------
                                  0.36   slack (MET)


Startpoint: _462_ (rising edge-triggered flip-flop clocked by SCK)
Endpoint: _462_ (rising edge-triggered flip-flop clocked by SCK)
Path Group: SCK
Path Type: min

Fanout     Cap    Slew   Delay    Time   Description
-----------------------------------------------------------------------------
                          0.00    0.00   clock SCK (rise edge)
                          0.00    0.00   clock source latency
                  0.08    0.05    0.05 ^ SCK (in)
     1    0.02                           SCK (net)
                  0.08    0.00    0.05 ^ clkbuf_0_SCK/A (sky130_fd_sc_hd__clkbuf_16)
                  0.06    0.15    0.20 ^ clkbuf_0_SCK/X (sky130_fd_sc_hd__clkbuf_16)
     4    0.04                           clknet_0_SCK (net)
                  0.06    0.00    0.20 ^ clkbuf_2_2__f_SCK/A (sky130_fd_sc_hd__clkbuf_16)
                  0.05    0.14    0.34 ^ clkbuf_2_2__f_SCK/X (sky130_fd_sc_hd__clkbuf_16)
     9    0.03                           clknet_2_2__leaf_SCK (net)
                  0.05    0.00    0.34 ^ _462_/CLK (sky130_fd_sc_hd__dfrtp_2)
                  0.11    0.38    0.72 ^ _462_/Q (sky130_fd_sc_hd__dfrtp_2)
     6    0.02                           addr[3] (net)
                  0.11    0.00    0.72 ^ _351_/A0 (sky130_fd_sc_hd__mux2_1)
                  0.04    0.13    0.85 ^ _351_/X (sky130_fd_sc_hd__mux2_1)
     1    0.00                           _188_ (net)
                  0.04    0.00    0.85 ^ _352_/A (sky130_fd_sc_hd__clkbuf_1)
                  0.04    0.07    0.92 ^ _352_/X (sky130_fd_sc_hd__clkbuf_1)
     1    0.00                           _069_ (net)
                  0.04    0.00    0.92 ^ _462_/D (sky130_fd_sc_hd__dfrtp_2)
                                  0.92   data arrival time

                          0.00    0.00   clock SCK (rise edge)
                          0.00    0.00   clock source latency
                  0.08    0.06    0.06 ^ SCK (in)
     1    0.02                           SCK (net)
                  0.08    0.00    0.06 ^ clkbuf_0_SCK/A (sky130_fd_sc_hd__clkbuf_16)
                  0.06    0.17    0.23 ^ clkbuf_0_SCK/X (sky130_fd_sc_hd__clkbuf_16)
     4    0.04                           clknet_0_SCK (net)
                  0.06    0.00    0.23 ^ clkbuf_2_2__f_SCK/A (sky130_fd_sc_hd__clkbuf_16)
                  0.05    0.15    0.38 ^ clkbuf_2_2__f_SCK/X (sky130_fd_sc_hd__clkbuf_16)
     9    0.03                           clknet_2_2__leaf_SCK (net)
                  0.05    0.00    0.38 ^ _462_/CLK (sky130_fd_sc_hd__dfrtp_2)
                          0.25    0.63   clock uncertainty
                         -0.04    0.59   clock reconvergence pessimism
                         -0.03    0.56   library hold time
                                  0.56   data required time
-----------------------------------------------------------------------------
                                  0.56   data required time
                                 -0.92   data arrival time
-----------------------------------------------------------------------------
                                  0.37   slack (MET)


Startpoint: _464_ (rising edge-triggered flip-flop clocked by SCK)
Endpoint: _464_ (rising edge-triggered flip-flop clocked by SCK)
Path Group: SCK
Path Type: min

Fanout     Cap    Slew   Delay    Time   Description
-----------------------------------------------------------------------------
                          0.00    0.00   clock SCK (rise edge)
                          0.00    0.00   clock source latency
                  0.08    0.05    0.05 ^ SCK (in)
     1    0.02                           SCK (net)
                  0.08    0.00    0.05 ^ clkbuf_0_SCK/A (sky130_fd_sc_hd__clkbuf_16)
                  0.06    0.15    0.20 ^ clkbuf_0_SCK/X (sky130_fd_sc_hd__clkbuf_16)
     4    0.04                           clknet_0_SCK (net)
                  0.06    0.00    0.20 ^ clkbuf_2_0__f_SCK/A (sky130_fd_sc_hd__clkbuf_16)
                  0.05    0.13    0.34 ^ clkbuf_2_0__f_SCK/X (sky130_fd_sc_hd__clkbuf_16)
     9    0.03                           clknet_2_0__leaf_SCK (net)
                  0.05    0.00    0.34 ^ _464_/CLK (sky130_fd_sc_hd__dfrtp_2)
                  0.11    0.38    0.72 ^ _464_/Q (sky130_fd_sc_hd__dfrtp_2)
     7    0.02                           addr[5] (net)
                  0.11    0.00    0.73 ^ _341_/A0 (sky130_fd_sc_hd__mux2_1)
                  0.04    0.13    0.86 ^ _341_/X (sky130_fd_sc_hd__mux2_1)
     1    0.00                           _180_ (net)
                  0.04    0.00    0.86 ^ _342_/A (sky130_fd_sc_hd__clkbuf_1)
                  0.04    0.07    0.93 ^ _342_/X (sky130_fd_sc_hd__clkbuf_1)
     1    0.00                           _071_ (net)
                  0.04    0.00    0.93 ^ _464_/D (sky130_fd_sc_hd__dfrtp_2)
                                  0.93   data arrival time

                          0.00    0.00   clock SCK (rise edge)
                          0.00    0.00   clock source latency
                  0.08    0.06    0.06 ^ SCK (in)
     1    0.02                           SCK (net)
                  0.08    0.00    0.06 ^ clkbuf_0_SCK/A (sky130_fd_sc_hd__clkbuf_16)
                  0.06    0.17    0.23 ^ clkbuf_0_SCK/X (sky130_fd_sc_hd__clkbuf_16)
     4    0.04                           clknet_0_SCK (net)
                  0.06    0.00    0.23 ^ clkbuf_2_0__f_SCK/A (sky130_fd_sc_hd__clkbuf_16)
                  0.05    0.15    0.38 ^ clkbuf_2_0__f_SCK/X (sky130_fd_sc_hd__clkbuf_16)
     9    0.03                           clknet_2_0__leaf_SCK (net)
                  0.05    0.00    0.38 ^ _464_/CLK (sky130_fd_sc_hd__dfrtp_2)
                          0.25    0.63   clock uncertainty
                         -0.04    0.59   clock reconvergence pessimism
                         -0.03    0.56   library hold time
                                  0.56   data required time
-----------------------------------------------------------------------------
                                  0.56   data required time
                                 -0.93   data arrival time
-----------------------------------------------------------------------------
                                  0.37   slack (MET)


Startpoint: _465_ (rising edge-triggered flip-flop clocked by SCK)
Endpoint: _465_ (rising edge-triggered flip-flop clocked by SCK)
Path Group: SCK
Path Type: min

Fanout     Cap    Slew   Delay    Time   Description
-----------------------------------------------------------------------------
                          0.00    0.00   clock SCK (rise edge)
                          0.00    0.00   clock source latency
                  0.08    0.05    0.05 ^ SCK (in)
     1    0.02                           SCK (net)
                  0.08    0.00    0.05 ^ clkbuf_0_SCK/A (sky130_fd_sc_hd__clkbuf_16)
                  0.06    0.15    0.20 ^ clkbuf_0_SCK/X (sky130_fd_sc_hd__clkbuf_16)
     4    0.04                           clknet_0_SCK (net)
                  0.06    0.00    0.20 ^ clkbuf_2_0__f_SCK/A (sky130_fd_sc_hd__clkbuf_16)
                  0.05    0.13    0.34 ^ clkbuf_2_0__f_SCK/X (sky130_fd_sc_hd__clkbuf_16)
     9    0.03                           clknet_2_0__leaf_SCK (net)
                  0.05    0.00    0.34 ^ _465_/CLK (sky130_fd_sc_hd__dfrtp_1)
                  0.15    0.38    0.72 ^ _465_/Q (sky130_fd_sc_hd__dfrtp_1)
     5    0.02                           addr[6] (net)
                  0.15    0.00    0.72 ^ _336_/A0 (sky130_fd_sc_hd__mux2_1)
                  0.04    0.14    0.86 ^ _336_/X (sky130_fd_sc_hd__mux2_1)
     1    0.00                           _176_ (net)
                  0.04    0.00    0.86 ^ _337_/A (sky130_fd_sc_hd__clkbuf_1)
                  0.04    0.07    0.93 ^ _337_/X (sky130_fd_sc_hd__clkbuf_1)
     1    0.00                           _072_ (net)
                  0.04    0.00    0.93 ^ _465_/D (sky130_fd_sc_hd__dfrtp_1)
                                  0.93   data arrival time

                          0.00    0.00   clock SCK (rise edge)
                          0.00    0.00   clock source latency
                  0.08    0.06    0.06 ^ SCK (in)
     1    0.02                           SCK (net)
                  0.08    0.00    0.06 ^ clkbuf_0_SCK/A (sky130_fd_sc_hd__clkbuf_16)
                  0.06    0.17    0.23 ^ clkbuf_0_SCK/X (sky130_fd_sc_hd__clkbuf_16)
     4    0.04                           clknet_0_SCK (net)
                  0.06    0.00    0.23 ^ clkbuf_2_0__f_SCK/A (sky130_fd_sc_hd__clkbuf_16)
                  0.05    0.15    0.38 ^ clkbuf_2_0__f_SCK/X (sky130_fd_sc_hd__clkbuf_16)
     9    0.03                           clknet_2_0__leaf_SCK (net)
                  0.05    0.00    0.38 ^ _465_/CLK (sky130_fd_sc_hd__dfrtp_1)
                          0.25    0.63   clock uncertainty
                         -0.04    0.59   clock reconvergence pessimism
                         -0.03    0.56   library hold time
                                  0.56   data required time
-----------------------------------------------------------------------------
                                  0.56   data required time
                                 -0.93   data arrival time
-----------------------------------------------------------------------------
                                  0.37   slack (MET)


Startpoint: _471_ (rising edge-triggered flip-flop clocked by SCK)
Endpoint: _471_ (rising edge-triggered flip-flop clocked by SCK)
Path Group: SCK
Path Type: min

Fanout     Cap    Slew   Delay    Time   Description
-----------------------------------------------------------------------------
                          0.00    0.00   clock SCK (rise edge)
                          0.00    0.00   clock source latency
                  0.08    0.05    0.05 ^ SCK (in)
     1    0.02                           SCK (net)
                  0.08    0.00    0.05 ^ clkbuf_0_SCK/A (sky130_fd_sc_hd__clkbuf_16)
                  0.06    0.15    0.20 ^ clkbuf_0_SCK/X (sky130_fd_sc_hd__clkbuf_16)
     4    0.04                           clknet_0_SCK (net)
                  0.06    0.00    0.20 ^ clkbuf_2_1__f_SCK/A (sky130_fd_sc_hd__clkbuf_16)
                  0.06    0.14    0.35 ^ clkbuf_2_1__f_SCK/X (sky130_fd_sc_hd__clkbuf_16)
    12    0.04                           clknet_2_1__leaf_SCK (net)
                  0.06    0.00    0.35 ^ _471_/CLK (sky130_fd_sc_hd__dfrtp_1)
                  0.15    0.39    0.73 ^ _471_/Q (sky130_fd_sc_hd__dfrtp_1)
     3    0.02                           readmode (net)
                  0.15    0.00    0.73 ^ _306_/A1 (sky130_fd_sc_hd__mux2_1)
                  0.04    0.14    0.87 ^ _306_/X (sky130_fd_sc_hd__mux2_1)
     1    0.00                           _153_ (net)
                  0.04    0.00    0.87 ^ _307_/A (sky130_fd_sc_hd__clkbuf_1)
                  0.04    0.07    0.94 ^ _307_/X (sky130_fd_sc_hd__clkbuf_1)
     1    0.00                           _078_ (net)
                  0.04    0.00    0.94 ^ _471_/D (sky130_fd_sc_hd__dfrtp_1)
                                  0.94   data arrival time

                          0.00    0.00   clock SCK (rise edge)
                          0.00    0.00   clock source latency
                  0.08    0.06    0.06 ^ SCK (in)
     1    0.02                           SCK (net)
                  0.08    0.00    0.06 ^ clkbuf_0_SCK/A (sky130_fd_sc_hd__clkbuf_16)
                  0.06    0.17    0.23 ^ clkbuf_0_SCK/X (sky130_fd_sc_hd__clkbuf_16)
     4    0.04                           clknet_0_SCK (net)
                  0.06    0.00    0.23 ^ clkbuf_2_1__f_SCK/A (sky130_fd_sc_hd__clkbuf_16)
                  0.06    0.16    0.38 ^ clkbuf_2_1__f_SCK/X (sky130_fd_sc_hd__clkbuf_16)
    12    0.04                           clknet_2_1__leaf_SCK (net)
                  0.06    0.00    0.38 ^ _471_/CLK (sky130_fd_sc_hd__dfrtp_1)
                          0.25    0.63   clock uncertainty
                         -0.04    0.60   clock reconvergence pessimism
                         -0.03    0.56   library hold time
                                  0.56   data required time
-----------------------------------------------------------------------------
                                  0.56   data required time
                                 -0.94   data arrival time
-----------------------------------------------------------------------------
                                  0.38   slack (MET)


Startpoint: _488_ (rising edge-triggered flip-flop clocked by SCK)
Endpoint: _488_ (rising edge-triggered flip-flop clocked by SCK)
Path Group: SCK
Path Type: min

Fanout     Cap    Slew   Delay    Time   Description
-----------------------------------------------------------------------------
                          0.00    0.00   clock SCK (rise edge)
                          0.00    0.00   clock source latency
                  0.08    0.05    0.05 ^ SCK (in)
     1    0.02                           SCK (net)
                  0.08    0.00    0.05 ^ clkbuf_0_SCK/A (sky130_fd_sc_hd__clkbuf_16)
                  0.06    0.15    0.20 ^ clkbuf_0_SCK/X (sky130_fd_sc_hd__clkbuf_16)
     4    0.04                           clknet_0_SCK (net)
                  0.06    0.00    0.20 ^ clkbuf_2_2__f_SCK/A (sky130_fd_sc_hd__clkbuf_16)
                  0.05    0.14    0.34 ^ clkbuf_2_2__f_SCK/X (sky130_fd_sc_hd__clkbuf_16)
     9    0.03                           clknet_2_2__leaf_SCK (net)
                  0.05    0.00    0.34 ^ _488_/CLK (sky130_fd_sc_hd__dfrtp_4)
                  0.15    0.46    0.80 ^ _488_/Q (sky130_fd_sc_hd__dfrtp_4)
     8    0.04                           state[2] (net)
                  0.15    0.00    0.81 ^ _382_/B2 (sky130_fd_sc_hd__a22o_1)
                  0.04    0.13    0.94 ^ _382_/X (sky130_fd_sc_hd__a22o_1)
     1    0.00                           _003_ (net)
                  0.04    0.00    0.94 ^ _488_/D (sky130_fd_sc_hd__dfrtp_4)
                                  0.94   data arrival time

                          0.00    0.00   clock SCK (rise edge)
                          0.00    0.00   clock source latency
                  0.08    0.06    0.06 ^ SCK (in)
     1    0.02                           SCK (net)
                  0.08    0.00    0.06 ^ clkbuf_0_SCK/A (sky130_fd_sc_hd__clkbuf_16)
                  0.06    0.17    0.23 ^ clkbuf_0_SCK/X (sky130_fd_sc_hd__clkbuf_16)
     4    0.04                           clknet_0_SCK (net)
                  0.06    0.00    0.23 ^ clkbuf_2_2__f_SCK/A (sky130_fd_sc_hd__clkbuf_16)
                  0.05    0.15    0.38 ^ clkbuf_2_2__f_SCK/X (sky130_fd_sc_hd__clkbuf_16)
     9    0.03                           clknet_2_2__leaf_SCK (net)
                  0.05    0.00    0.38 ^ _488_/CLK (sky130_fd_sc_hd__dfrtp_4)
                          0.25    0.63   clock uncertainty
                         -0.04    0.59   clock reconvergence pessimism
                         -0.03    0.56   library hold time
                                  0.56   data required time
-----------------------------------------------------------------------------
                                  0.56   data required time
                                 -0.94   data arrival time
-----------------------------------------------------------------------------
                                  0.38   slack (MET)


Startpoint: _472_ (rising edge-triggered flip-flop clocked by SCK)
Endpoint: _472_ (rising edge-triggered flip-flop clocked by SCK)
Path Group: SCK
Path Type: min

Fanout     Cap    Slew   Delay    Time   Description
-----------------------------------------------------------------------------
                          0.00    0.00   clock SCK (rise edge)
                          0.00    0.00   clock source latency
                  0.08    0.05    0.05 ^ SCK (in)
     1    0.02                           SCK (net)
                  0.08    0.00    0.05 ^ clkbuf_0_SCK/A (sky130_fd_sc_hd__clkbuf_16)
                  0.06    0.15    0.20 ^ clkbuf_0_SCK/X (sky130_fd_sc_hd__clkbuf_16)
     4    0.04                           clknet_0_SCK (net)
                  0.06    0.00    0.20 ^ clkbuf_2_0__f_SCK/A (sky130_fd_sc_hd__clkbuf_16)
                  0.05    0.13    0.34 ^ clkbuf_2_0__f_SCK/X (sky130_fd_sc_hd__clkbuf_16)
     9    0.03                           clknet_2_0__leaf_SCK (net)
                  0.05    0.00    0.34 ^ _472_/CLK (sky130_fd_sc_hd__dfrtp_1)
                  0.09    0.34    0.68 ^ _472_/Q (sky130_fd_sc_hd__dfrtp_1)
     2    0.01                           fixed[0] (net)
                  0.09    0.00    0.68 ^ _295_/A (sky130_fd_sc_hd__inv_2)
                  0.04    0.05    0.73 v _295_/Y (sky130_fd_sc_hd__inv_2)
     4    0.01                           _145_ (net)
                  0.04    0.00    0.73 v _303_/B1 (sky130_fd_sc_hd__a21o_1)
                  0.04    0.14    0.87 v _303_/X (sky130_fd_sc_hd__a21o_1)
     1    0.00                           _151_ (net)
                  0.04    0.00    0.87 v _304_/C1 (sky130_fd_sc_hd__o221ai_1)
                  0.07    0.06    0.93 ^ _304_/Y (sky130_fd_sc_hd__o221ai_1)
     1    0.00                           _079_ (net)
                  0.07    0.00    0.93 ^ _472_/D (sky130_fd_sc_hd__dfrtp_1)
                                  0.93   data arrival time

                          0.00    0.00   clock SCK (rise edge)
                          0.00    0.00   clock source latency
                  0.08    0.06    0.06 ^ SCK (in)
     1    0.02                           SCK (net)
                  0.08    0.00    0.06 ^ clkbuf_0_SCK/A (sky130_fd_sc_hd__clkbuf_16)
                  0.06    0.17    0.23 ^ clkbuf_0_SCK/X (sky130_fd_sc_hd__clkbuf_16)
     4    0.04                           clknet_0_SCK (net)
                  0.06    0.00    0.23 ^ clkbuf_2_0__f_SCK/A (sky130_fd_sc_hd__clkbuf_16)
                  0.05    0.15    0.38 ^ clkbuf_2_0__f_SCK/X (sky130_fd_sc_hd__clkbuf_16)
     9    0.03                           clknet_2_0__leaf_SCK (net)
                  0.05    0.00    0.38 ^ _472_/CLK (sky130_fd_sc_hd__dfrtp_1)
                          0.25    0.63   clock uncertainty
                         -0.04    0.59   clock reconvergence pessimism
                         -0.04    0.55   library hold time
                                  0.55   data required time
-----------------------------------------------------------------------------
                                  0.55   data required time
                                 -0.93   data arrival time
-----------------------------------------------------------------------------
                                  0.38   slack (MET)


Startpoint: _469_ (rising edge-triggered flip-flop clocked by SCK)
Endpoint: _482_ (rising edge-triggered flip-flop clocked by SCK)
Path Group: SCK
Path Type: min

Fanout     Cap    Slew   Delay    Time   Description
-----------------------------------------------------------------------------
                          0.00    0.00   clock SCK (rise edge)
                          0.00    0.00   clock source latency
                  0.08    0.05    0.05 ^ SCK (in)
     1    0.02                           SCK (net)
                  0.08    0.00    0.05 ^ clkbuf_0_SCK/A (sky130_fd_sc_hd__clkbuf_16)
                  0.06    0.15    0.20 ^ clkbuf_0_SCK/X (sky130_fd_sc_hd__clkbuf_16)
     4    0.04                           clknet_0_SCK (net)
                  0.06    0.00    0.20 ^ clkbuf_2_1__f_SCK/A (sky130_fd_sc_hd__clkbuf_16)
                  0.06    0.14    0.35 ^ clkbuf_2_1__f_SCK/X (sky130_fd_sc_hd__clkbuf_16)
    12    0.04                           clknet_2_1__leaf_SCK (net)
                  0.06    0.00    0.35 ^ _469_/CLK (sky130_fd_sc_hd__dfrtp_4)
                  0.12    0.44    0.79 ^ _469_/Q (sky130_fd_sc_hd__dfrtp_4)
     9    0.03                           count[2] (net)
                  0.12    0.00    0.79 ^ _276_/A2 (sky130_fd_sc_hd__a41o_1)
                  0.04    0.16    0.95 ^ _276_/X (sky130_fd_sc_hd__a41o_1)
     1    0.00                           _089_ (net)
                  0.04    0.00    0.95 ^ _482_/D (sky130_fd_sc_hd__dfrtp_4)
                                  0.95   data arrival time

                          0.00    0.00   clock SCK (rise edge)
                          0.00    0.00   clock source latency
                  0.08    0.06    0.06 ^ SCK (in)
     1    0.02                           SCK (net)
                  0.08    0.00    0.06 ^ clkbuf_0_SCK/A (sky130_fd_sc_hd__clkbuf_16)
                  0.06    0.17    0.23 ^ clkbuf_0_SCK/X (sky130_fd_sc_hd__clkbuf_16)
     4    0.04                           clknet_0_SCK (net)
                  0.06    0.00    0.23 ^ clkbuf_2_1__f_SCK/A (sky130_fd_sc_hd__clkbuf_16)
                  0.06    0.16    0.38 ^ clkbuf_2_1__f_SCK/X (sky130_fd_sc_hd__clkbuf_16)
    12    0.04                           clknet_2_1__leaf_SCK (net)
                  0.06    0.00    0.38 ^ _482_/CLK (sky130_fd_sc_hd__dfrtp_4)
                          0.25    0.63   clock uncertainty
                         -0.04    0.60   clock reconvergence pessimism
                         -0.03    0.56   library hold time
                                  0.56   data required time
-----------------------------------------------------------------------------
                                  0.56   data required time
                                 -0.95   data arrival time
-----------------------------------------------------------------------------
                                  0.38   slack (MET)


Startpoint: _497_ (rising edge-triggered flip-flop clocked by SCK')
Endpoint: _498_ (rising edge-triggered flip-flop clocked by SCK')
Path Group: SCK
Path Type: min

Fanout     Cap    Slew   Delay    Time   Description
-----------------------------------------------------------------------------
                          5.00    5.00   clock SCK' (rise edge)
                          0.00    5.00   clock source latency
                  0.04    0.02    5.02 v SCK (in)
     1    0.02                           SCK (net)
                  0.04    0.00    5.02 v clkbuf_0_SCK/A (sky130_fd_sc_hd__clkbuf_16)
                  0.05    0.15    5.17 v clkbuf_0_SCK/X (sky130_fd_sc_hd__clkbuf_16)
     4    0.04                           clknet_0_SCK (net)
                  0.05    0.00    5.17 v clkbuf_2_3__f_SCK/A (sky130_fd_sc_hd__clkbuf_16)
                  0.04    0.14    5.32 v clkbuf_2_3__f_SCK/X (sky130_fd_sc_hd__clkbuf_16)
     6    0.02                           clknet_2_3__leaf_SCK (net)
                  0.04    0.00    5.32 v _437_/A (sky130_fd_sc_hd__buf_1)
                  0.06    0.10    5.42 v _437_/X (sky130_fd_sc_hd__buf_1)
     1    0.01                           _221_ (net)
                  0.06    0.00    5.42 v clkbuf_0__221_/A (sky130_fd_sc_hd__clkbuf_16)
                  0.03    0.14    5.56 v clkbuf_0__221_/X (sky130_fd_sc_hd__clkbuf_16)
     2    0.02                           clknet_0__221_ (net)
                  0.03    0.00    5.56 v clkbuf_1_1__f__221_/A (sky130_fd_sc_hd__clkbuf_16)
                  0.04    0.14    5.71 v clkbuf_1_1__f__221_/X (sky130_fd_sc_hd__clkbuf_16)
     6    0.03                           clknet_1_1__leaf__221_ (net)
                  0.04    0.00    5.71 v _452__9/A (sky130_fd_sc_hd__inv_2)
                  0.02    0.04    5.74 ^ _452__9/Y (sky130_fd_sc_hd__inv_2)
     1    0.00                           net47 (net)
                  0.02    0.00    5.74 ^ _497_/CLK (sky130_fd_sc_hd__dfrtp_1)
                  0.07    0.32    6.06 ^ _497_/Q (sky130_fd_sc_hd__dfrtp_1)
     2    0.01                           ldata[6] (net)
                  0.07    0.00    6.06 ^ _229_/A1 (sky130_fd_sc_hd__mux2_1)
                  0.03    0.11    6.17 ^ _229_/X (sky130_fd_sc_hd__mux2_1)
     1    0.00                           _106_ (net)
                  0.03    0.00    6.17 ^ _231_/A0 (sky130_fd_sc_hd__mux2_1)
                  0.04    0.10    6.28 ^ _231_/X (sky130_fd_sc_hd__mux2_1)
     1    0.00                           _108_ (net)
                  0.04    0.00    6.28 ^ _232_/A (sky130_fd_sc_hd__clkbuf_1)
                  0.04    0.07    6.35 ^ _232_/X (sky130_fd_sc_hd__clkbuf_1)
     1    0.00                           _099_ (net)
                  0.04    0.00    6.35 ^ _498_/D (sky130_fd_sc_hd__dfrtp_1)
                                  6.35   data arrival time

                          5.00    5.00   clock SCK' (rise edge)
                          0.00    5.00   clock source latency
                  0.04    0.03    5.03 v SCK (in)
     1    0.02                           SCK (net)
                  0.04    0.00    5.03 v clkbuf_0_SCK/A (sky130_fd_sc_hd__clkbuf_16)
                  0.05    0.16    5.19 v clkbuf_0_SCK/X (sky130_fd_sc_hd__clkbuf_16)
     4    0.04                           clknet_0_SCK (net)
                  0.05    0.00    5.19 v clkbuf_2_3__f_SCK/A (sky130_fd_sc_hd__clkbuf_16)
                  0.04    0.16    5.35 v clkbuf_2_3__f_SCK/X (sky130_fd_sc_hd__clkbuf_16)
     6    0.02                           clknet_2_3__leaf_SCK (net)
                  0.04    0.00    5.35 v _437_/A (sky130_fd_sc_hd__buf_1)
                  0.06    0.12    5.46 v _437_/X (sky130_fd_sc_hd__buf_1)
     1    0.01                           _221_ (net)
                  0.06    0.00    5.46 v clkbuf_0__221_/A (sky130_fd_sc_hd__clkbuf_16)
                  0.03    0.16    5.62 v clkbuf_0__221_/X (sky130_fd_sc_hd__clkbuf_16)
     2    0.02                           clknet_0__221_ (net)
                  0.03    0.00    5.62 v clkbuf_1_1__f__221_/A (sky130_fd_sc_hd__clkbuf_16)
                  0.04    0.16    5.78 v clkbuf_1_1__f__221_/X (sky130_fd_sc_hd__clkbuf_16)
     6    0.03                           clknet_1_1__leaf__221_ (net)
                  0.04    0.00    5.78 v _453__10/A (sky130_fd_sc_hd__inv_2)
                  0.02    0.04    5.82 ^ _453__10/Y (sky130_fd_sc_hd__inv_2)
     1    0.00                           net48 (net)
                  0.02    0.00    5.82 ^ _498_/CLK (sky130_fd_sc_hd__dfrtp_1)
                          0.25    6.07   clock uncertainty
                         -0.07    6.00   clock reconvergence pessimism
                         -0.04    5.96   library hold time
                                  5.96   data required time
-----------------------------------------------------------------------------
                                  5.96   data required time
                                 -6.35   data arrival time
-----------------------------------------------------------------------------
                                  0.39   slack (MET)


Startpoint: _494_ (rising edge-triggered flip-flop clocked by SCK')
Endpoint: _495_ (rising edge-triggered flip-flop clocked by SCK')
Path Group: SCK
Path Type: min

Fanout     Cap    Slew   Delay    Time   Description
-----------------------------------------------------------------------------
                          5.00    5.00   clock SCK' (rise edge)
                          0.00    5.00   clock source latency
                  0.04    0.02    5.02 v SCK (in)
     1    0.02                           SCK (net)
                  0.04    0.00    5.02 v clkbuf_0_SCK/A (sky130_fd_sc_hd__clkbuf_16)
                  0.05    0.15    5.17 v clkbuf_0_SCK/X (sky130_fd_sc_hd__clkbuf_16)
     4    0.04                           clknet_0_SCK (net)
                  0.05    0.00    5.17 v clkbuf_2_3__f_SCK/A (sky130_fd_sc_hd__clkbuf_16)
                  0.04    0.14    5.32 v clkbuf_2_3__f_SCK/X (sky130_fd_sc_hd__clkbuf_16)
     6    0.02                           clknet_2_3__leaf_SCK (net)
                  0.04    0.00    5.32 v _437_/A (sky130_fd_sc_hd__buf_1)
                  0.06    0.10    5.42 v _437_/X (sky130_fd_sc_hd__buf_1)
     1    0.01                           _221_ (net)
                  0.06    0.00    5.42 v clkbuf_0__221_/A (sky130_fd_sc_hd__clkbuf_16)
                  0.03    0.14    5.56 v clkbuf_0__221_/X (sky130_fd_sc_hd__clkbuf_16)
     2    0.02                           clknet_0__221_ (net)
                  0.03    0.00    5.56 v clkbuf_1_0__f__221_/A (sky130_fd_sc_hd__clkbuf_16)
                  0.04    0.14    5.70 v clkbuf_1_0__f__221_/X (sky130_fd_sc_hd__clkbuf_16)
     4    0.02                           clknet_1_0__leaf__221_ (net)
                  0.04    0.00    5.70 v _449__6/A (sky130_fd_sc_hd__inv_2)
                  0.02    0.03    5.73 ^ _449__6/Y (sky130_fd_sc_hd__inv_2)
     1    0.00                           net44 (net)
                  0.02    0.00    5.73 ^ _494_/CLK (sky130_fd_sc_hd__dfrtp_1)
                  0.06    0.30    6.04 ^ _494_/Q (sky130_fd_sc_hd__dfrtp_1)
     2    0.00                           ldata[3] (net)
                  0.06    0.00    6.04 ^ _242_/A1 (sky130_fd_sc_hd__mux2_1)
                  0.04    0.12    6.15 ^ _242_/X (sky130_fd_sc_hd__mux2_1)
     1    0.00                           _113_ (net)
                  0.04    0.00    6.15 ^ _243_/A0 (sky130_fd_sc_hd__mux2_1)
                  0.04    0.11    6.26 ^ _243_/X (sky130_fd_sc_hd__mux2_1)
     1    0.00                           _114_ (net)
                  0.04    0.00    6.26 ^ _244_/A (sky130_fd_sc_hd__clkbuf_1)
                  0.04    0.07    6.34 ^ _244_/X (sky130_fd_sc_hd__clkbuf_1)
     1    0.00                           _096_ (net)
                  0.04    0.00    6.34 ^ _495_/D (sky130_fd_sc_hd__dfrtp_1)
                                  6.34   data arrival time

                          5.00    5.00   clock SCK' (rise edge)
                          0.00    5.00   clock source latency
                  0.04    0.03    5.03 v SCK (in)
     1    0.02                           SCK (net)
                  0.04    0.00    5.03 v clkbuf_0_SCK/A (sky130_fd_sc_hd__clkbuf_16)
                  0.05    0.16    5.19 v clkbuf_0_SCK/X (sky130_fd_sc_hd__clkbuf_16)
     4    0.04                           clknet_0_SCK (net)
                  0.05    0.00    5.19 v clkbuf_2_3__f_SCK/A (sky130_fd_sc_hd__clkbuf_16)
                  0.04    0.16    5.35 v clkbuf_2_3__f_SCK/X (sky130_fd_sc_hd__clkbuf_16)
     6    0.02                           clknet_2_3__leaf_SCK (net)
                  0.04    0.00    5.35 v _437_/A (sky130_fd_sc_hd__buf_1)
                  0.06    0.12    5.46 v _437_/X (sky130_fd_sc_hd__buf_1)
     1    0.01                           _221_ (net)
                  0.06    0.00    5.46 v clkbuf_0__221_/A (sky130_fd_sc_hd__clkbuf_16)
                  0.03    0.16    5.62 v clkbuf_0__221_/X (sky130_fd_sc_hd__clkbuf_16)
     2    0.02                           clknet_0__221_ (net)
                  0.03    0.00    5.62 v clkbuf_1_0__f__221_/A (sky130_fd_sc_hd__clkbuf_16)
                  0.04    0.15    5.77 v clkbuf_1_0__f__221_/X (sky130_fd_sc_hd__clkbuf_16)
     4    0.02                           clknet_1_0__leaf__221_ (net)
                  0.04    0.00    5.77 v _450__7/A (sky130_fd_sc_hd__inv_2)
                  0.02    0.04    5.81 ^ _450__7/Y (sky130_fd_sc_hd__inv_2)
     1    0.00                           net45 (net)
                  0.02    0.00    5.81 ^ _495_/CLK (sky130_fd_sc_hd__dfrtp_1)
                          0.25    6.06   clock uncertainty
                         -0.07    5.99   clock reconvergence pessimism
                         -0.04    5.95   library hold time
                                  5.95   data required time
-----------------------------------------------------------------------------
                                  5.95   data required time
                                 -6.34   data arrival time
-----------------------------------------------------------------------------
                                  0.39   slack (MET)


Startpoint: _484_ (rising edge-triggered flip-flop clocked by SCK)
Endpoint: _489_ (rising edge-triggered flip-flop clocked by SCK)
Path Group: SCK
Path Type: min

Fanout     Cap    Slew   Delay    Time   Description
-----------------------------------------------------------------------------
                          0.00    0.00   clock SCK (rise edge)
                          0.00    0.00   clock source latency
                  0.08    0.05    0.05 ^ SCK (in)
     1    0.02                           SCK (net)
                  0.08    0.00    0.05 ^ clkbuf_0_SCK/A (sky130_fd_sc_hd__clkbuf_16)
                  0.06    0.15    0.20 ^ clkbuf_0_SCK/X (sky130_fd_sc_hd__clkbuf_16)
     4    0.04                           clknet_0_SCK (net)
                  0.06    0.00    0.20 ^ clkbuf_2_1__f_SCK/A (sky130_fd_sc_hd__clkbuf_16)
                  0.06    0.14    0.35 ^ clkbuf_2_1__f_SCK/X (sky130_fd_sc_hd__clkbuf_16)
    12    0.04                           clknet_2_1__leaf_SCK (net)
                  0.06    0.00    0.35 ^ _484_/CLK (sky130_fd_sc_hd__dfrtp_1)
                  0.17    0.40    0.75 ^ _484_/Q (sky130_fd_sc_hd__dfrtp_1)
     5    0.02                           pre_pass_thru_user (net)
                  0.17    0.00    0.75 ^ _378_/A1 (sky130_fd_sc_hd__o32a_1)
                  0.07    0.19    0.93 ^ _378_/X (sky130_fd_sc_hd__o32a_1)
     1    0.01                           _204_ (net)
                  0.07    0.00    0.93 ^ _379_/A (sky130_fd_sc_hd__inv_2)
                  0.02    0.03    0.96 v _379_/Y (sky130_fd_sc_hd__inv_2)
     1    0.00                           _004_ (net)
                  0.02    0.00    0.96 v _489_/D (sky130_fd_sc_hd__dfrtp_1)
                                  0.96   data arrival time

                          0.00    0.00   clock SCK (rise edge)
                          0.00    0.00   clock source latency
                  0.08    0.06    0.06 ^ SCK (in)
     1    0.02                           SCK (net)
                  0.08    0.00    0.06 ^ clkbuf_0_SCK/A (sky130_fd_sc_hd__clkbuf_16)
                  0.06    0.17    0.23 ^ clkbuf_0_SCK/X (sky130_fd_sc_hd__clkbuf_16)
     4    0.04                           clknet_0_SCK (net)
                  0.06    0.00    0.23 ^ clkbuf_2_2__f_SCK/A (sky130_fd_sc_hd__clkbuf_16)
                  0.05    0.15    0.38 ^ clkbuf_2_2__f_SCK/X (sky130_fd_sc_hd__clkbuf_16)
     9    0.03                           clknet_2_2__leaf_SCK (net)
                  0.05    0.00    0.38 ^ _489_/CLK (sky130_fd_sc_hd__dfrtp_1)
                          0.25    0.63   clock uncertainty
                         -0.02    0.61   clock reconvergence pessimism
                         -0.03    0.57   library hold time
                                  0.57   data required time
-----------------------------------------------------------------------------
                                  0.57   data required time
                                 -0.96   data arrival time
-----------------------------------------------------------------------------
                                  0.39   slack (MET)


Startpoint: _456_ (rising edge-triggered flip-flop clocked by SCK)
Endpoint: _456_ (rising edge-triggered flip-flop clocked by SCK)
Path Group: SCK
Path Type: min

Fanout     Cap    Slew   Delay    Time   Description
-----------------------------------------------------------------------------
                          0.00    0.00   clock SCK (rise edge)
                          0.00    0.00   clock source latency
                  0.08    0.05    0.05 ^ SCK (in)
     1    0.02                           SCK (net)
                  0.08    0.00    0.05 ^ clkbuf_0_SCK/A (sky130_fd_sc_hd__clkbuf_16)
                  0.06    0.15    0.20 ^ clkbuf_0_SCK/X (sky130_fd_sc_hd__clkbuf_16)
     4    0.04                           clknet_0_SCK (net)
                  0.06    0.00    0.20 ^ clkbuf_2_3__f_SCK/A (sky130_fd_sc_hd__clkbuf_16)
                  0.04    0.13    0.33 ^ clkbuf_2_3__f_SCK/X (sky130_fd_sc_hd__clkbuf_16)
     6    0.02                           clknet_2_3__leaf_SCK (net)
                  0.04    0.00    0.33 ^ _456_/CLK (sky130_fd_sc_hd__dfrtp_1)
                  0.14    0.37    0.71 ^ _456_/Q (sky130_fd_sc_hd__dfrtp_1)
     3    0.02                           net30 (net)
                  0.14    0.00    0.71 ^ _371_/B1 (sky130_fd_sc_hd__o31a_1)
                  0.04    0.14    0.85 ^ _371_/X (sky130_fd_sc_hd__o31a_1)
     1    0.00                           _202_ (net)
                  0.04    0.00    0.85 ^ _372_/B1 (sky130_fd_sc_hd__a31o_1)
                  0.04    0.08    0.94 ^ _372_/X (sky130_fd_sc_hd__a31o_1)
     1    0.00                           _063_ (net)
                  0.04    0.00    0.94 ^ _456_/D (sky130_fd_sc_hd__dfrtp_1)
                                  0.94   data arrival time

                          0.00    0.00   clock SCK (rise edge)
                          0.00    0.00   clock source latency
                  0.08    0.06    0.06 ^ SCK (in)
     1    0.02                           SCK (net)
                  0.08    0.00    0.06 ^ clkbuf_0_SCK/A (sky130_fd_sc_hd__clkbuf_16)
                  0.06    0.17    0.23 ^ clkbuf_0_SCK/X (sky130_fd_sc_hd__clkbuf_16)
     4    0.04                           clknet_0_SCK (net)
                  0.06    0.00    0.23 ^ clkbuf_2_3__f_SCK/A (sky130_fd_sc_hd__clkbuf_16)
                  0.04    0.14    0.37 ^ clkbuf_2_3__f_SCK/X (sky130_fd_sc_hd__clkbuf_16)
     6    0.02                           clknet_2_3__leaf_SCK (net)
                  0.04    0.00    0.37 ^ _456_/CLK (sky130_fd_sc_hd__dfrtp_1)
                          0.25    0.62   clock uncertainty
                         -0.03    0.58   clock reconvergence pessimism
                         -0.03    0.55   library hold time
                                  0.55   data required time
-----------------------------------------------------------------------------
                                  0.55   data required time
                                 -0.94   data arrival time
-----------------------------------------------------------------------------
                                  0.39   slack (MET)


Startpoint: _491_ (rising edge-triggered flip-flop clocked by SCK')
Endpoint: _492_ (rising edge-triggered flip-flop clocked by SCK')
Path Group: SCK
Path Type: min

Fanout     Cap    Slew   Delay    Time   Description
-----------------------------------------------------------------------------
                          5.00    5.00   clock SCK' (rise edge)
                          0.00    5.00   clock source latency
                  0.04    0.02    5.02 v SCK (in)
     1    0.02                           SCK (net)
                  0.04    0.00    5.02 v clkbuf_0_SCK/A (sky130_fd_sc_hd__clkbuf_16)
                  0.05    0.15    5.17 v clkbuf_0_SCK/X (sky130_fd_sc_hd__clkbuf_16)
     4    0.04                           clknet_0_SCK (net)
                  0.05    0.00    5.17 v clkbuf_2_3__f_SCK/A (sky130_fd_sc_hd__clkbuf_16)
                  0.04    0.14    5.32 v clkbuf_2_3__f_SCK/X (sky130_fd_sc_hd__clkbuf_16)
     6    0.02                           clknet_2_3__leaf_SCK (net)
                  0.04    0.00    5.32 v _437_/A (sky130_fd_sc_hd__buf_1)
                  0.06    0.10    5.42 v _437_/X (sky130_fd_sc_hd__buf_1)
     1    0.01                           _221_ (net)
                  0.06    0.00    5.42 v clkbuf_0__221_/A (sky130_fd_sc_hd__clkbuf_16)
                  0.03    0.14    5.56 v clkbuf_0__221_/X (sky130_fd_sc_hd__clkbuf_16)
     2    0.02                           clknet_0__221_ (net)
                  0.03    0.00    5.56 v clkbuf_1_1__f__221_/A (sky130_fd_sc_hd__clkbuf_16)
                  0.04    0.14    5.71 v clkbuf_1_1__f__221_/X (sky130_fd_sc_hd__clkbuf_16)
     6    0.03                           clknet_1_1__leaf__221_ (net)
                  0.04    0.00    5.71 v _446__3/A (sky130_fd_sc_hd__inv_2)
                  0.02    0.04    5.74 ^ _446__3/Y (sky130_fd_sc_hd__inv_2)
     1    0.00                           net41 (net)
                  0.02    0.00    5.74 ^ _491_/CLK (sky130_fd_sc_hd__dfrtp_1)
                  0.07    0.31    6.05 ^ _491_/Q (sky130_fd_sc_hd__dfrtp_1)
     2    0.01                           ldata[0] (net)
                  0.07    0.00    6.05 ^ _254_/A1 (sky130_fd_sc_hd__mux2_1)
                  0.04    0.11    6.17 ^ _254_/X (sky130_fd_sc_hd__mux2_1)
     1    0.00                           _119_ (net)
                  0.04    0.00    6.17 ^ _255_/A0 (sky130_fd_sc_hd__mux2_1)
                  0.04    0.11    6.27 ^ _255_/X (sky130_fd_sc_hd__mux2_1)
     1    0.00                           _120_ (net)
                  0.04    0.00    6.27 ^ _256_/A (sky130_fd_sc_hd__clkbuf_1)
                  0.04    0.07    6.35 ^ _256_/X (sky130_fd_sc_hd__clkbuf_1)
     1    0.00                           _093_ (net)
                  0.04    0.00    6.35 ^ _492_/D (sky130_fd_sc_hd__dfrtp_1)
                                  6.35   data arrival time

                          5.00    5.00   clock SCK' (rise edge)
                          0.00    5.00   clock source latency
                  0.04    0.03    5.03 v SCK (in)
     1    0.02                           SCK (net)
                  0.04    0.00    5.03 v clkbuf_0_SCK/A (sky130_fd_sc_hd__clkbuf_16)
                  0.05    0.16    5.19 v clkbuf_0_SCK/X (sky130_fd_sc_hd__clkbuf_16)
     4    0.04                           clknet_0_SCK (net)
                  0.05    0.00    5.19 v clkbuf_2_3__f_SCK/A (sky130_fd_sc_hd__clkbuf_16)
                  0.04    0.16    5.35 v clkbuf_2_3__f_SCK/X (sky130_fd_sc_hd__clkbuf_16)
     6    0.02                           clknet_2_3__leaf_SCK (net)
                  0.04    0.00    5.35 v _437_/A (sky130_fd_sc_hd__buf_1)
                  0.06    0.12    5.46 v _437_/X (sky130_fd_sc_hd__buf_1)
     1    0.01                           _221_ (net)
                  0.06    0.00    5.46 v clkbuf_0__221_/A (sky130_fd_sc_hd__clkbuf_16)
                  0.03    0.16    5.62 v clkbuf_0__221_/X (sky130_fd_sc_hd__clkbuf_16)
     2    0.02                           clknet_0__221_ (net)
                  0.03    0.00    5.62 v clkbuf_1_1__f__221_/A (sky130_fd_sc_hd__clkbuf_16)
                  0.04    0.16    5.78 v clkbuf_1_1__f__221_/X (sky130_fd_sc_hd__clkbuf_16)
     6    0.03                           clknet_1_1__leaf__221_ (net)
                  0.04    0.00    5.78 v _447__4/A (sky130_fd_sc_hd__inv_2)
                  0.02    0.04    5.82 ^ _447__4/Y (sky130_fd_sc_hd__inv_2)
     1    0.00                           net42 (net)
                  0.02    0.00    5.82 ^ _492_/CLK (sky130_fd_sc_hd__dfrtp_1)
                          0.25    6.07   clock uncertainty
                         -0.07    6.00   clock reconvergence pessimism
                         -0.04    5.96   library hold time
                                  5.96   data required time
-----------------------------------------------------------------------------
                                  5.96   data required time
                                 -6.35   data arrival time
-----------------------------------------------------------------------------
                                  0.39   slack (MET)


Startpoint: _495_ (rising edge-triggered flip-flop clocked by SCK')
Endpoint: _496_ (rising edge-triggered flip-flop clocked by SCK')
Path Group: SCK
Path Type: min

Fanout     Cap    Slew   Delay    Time   Description
-----------------------------------------------------------------------------
                          5.00    5.00   clock SCK' (rise edge)
                          0.00    5.00   clock source latency
                  0.04    0.02    5.02 v SCK (in)
     1    0.02                           SCK (net)
                  0.04    0.00    5.02 v clkbuf_0_SCK/A (sky130_fd_sc_hd__clkbuf_16)
                  0.05    0.15    5.17 v clkbuf_0_SCK/X (sky130_fd_sc_hd__clkbuf_16)
     4    0.04                           clknet_0_SCK (net)
                  0.05    0.00    5.17 v clkbuf_2_3__f_SCK/A (sky130_fd_sc_hd__clkbuf_16)
                  0.04    0.14    5.32 v clkbuf_2_3__f_SCK/X (sky130_fd_sc_hd__clkbuf_16)
     6    0.02                           clknet_2_3__leaf_SCK (net)
                  0.04    0.00    5.32 v _437_/A (sky130_fd_sc_hd__buf_1)
                  0.06    0.10    5.42 v _437_/X (sky130_fd_sc_hd__buf_1)
     1    0.01                           _221_ (net)
                  0.06    0.00    5.42 v clkbuf_0__221_/A (sky130_fd_sc_hd__clkbuf_16)
                  0.03    0.14    5.56 v clkbuf_0__221_/X (sky130_fd_sc_hd__clkbuf_16)
     2    0.02                           clknet_0__221_ (net)
                  0.03    0.00    5.56 v clkbuf_1_0__f__221_/A (sky130_fd_sc_hd__clkbuf_16)
                  0.04    0.14    5.70 v clkbuf_1_0__f__221_/X (sky130_fd_sc_hd__clkbuf_16)
     4    0.02                           clknet_1_0__leaf__221_ (net)
                  0.04    0.00    5.70 v _450__7/A (sky130_fd_sc_hd__inv_2)
                  0.02    0.03    5.73 ^ _450__7/Y (sky130_fd_sc_hd__inv_2)
     1    0.00                           net45 (net)
                  0.02    0.00    5.73 ^ _495_/CLK (sky130_fd_sc_hd__dfrtp_1)
                  0.08    0.32    6.05 ^ _495_/Q (sky130_fd_sc_hd__dfrtp_1)
     2    0.01                           ldata[4] (net)
                  0.08    0.00    6.05 ^ _238_/A1 (sky130_fd_sc_hd__mux2_1)
                  0.04    0.12    6.17 ^ _238_/X (sky130_fd_sc_hd__mux2_1)
     1    0.00                           _111_ (net)
                  0.04    0.00    6.17 ^ _239_/A0 (sky130_fd_sc_hd__mux2_1)
                  0.04    0.10    6.27 ^ _239_/X (sky130_fd_sc_hd__mux2_1)
     1    0.00                           _112_ (net)
                  0.04    0.00    6.27 ^ _240_/A (sky130_fd_sc_hd__clkbuf_1)
                  0.04    0.07    6.35 ^ _240_/X (sky130_fd_sc_hd__clkbuf_1)
     1    0.00                           _097_ (net)
                  0.04    0.00    6.35 ^ _496_/D (sky130_fd_sc_hd__dfrtp_1)
                                  6.35   data arrival time

                          5.00    5.00   clock SCK' (rise edge)
                          0.00    5.00   clock source latency
                  0.04    0.03    5.03 v SCK (in)
     1    0.02                           SCK (net)
                  0.04    0.00    5.03 v clkbuf_0_SCK/A (sky130_fd_sc_hd__clkbuf_16)
                  0.05    0.16    5.19 v clkbuf_0_SCK/X (sky130_fd_sc_hd__clkbuf_16)
     4    0.04                           clknet_0_SCK (net)
                  0.05    0.00    5.19 v clkbuf_2_3__f_SCK/A (sky130_fd_sc_hd__clkbuf_16)
                  0.04    0.16    5.35 v clkbuf_2_3__f_SCK/X (sky130_fd_sc_hd__clkbuf_16)
     6    0.02                           clknet_2_3__leaf_SCK (net)
                  0.04    0.00    5.35 v _437_/A (sky130_fd_sc_hd__buf_1)
                  0.06    0.12    5.46 v _437_/X (sky130_fd_sc_hd__buf_1)
     1    0.01                           _221_ (net)
                  0.06    0.00    5.46 v clkbuf_0__221_/A (sky130_fd_sc_hd__clkbuf_16)
                  0.03    0.16    5.62 v clkbuf_0__221_/X (sky130_fd_sc_hd__clkbuf_16)
     2    0.02                           clknet_0__221_ (net)
                  0.03    0.00    5.62 v clkbuf_1_0__f__221_/A (sky130_fd_sc_hd__clkbuf_16)
                  0.04    0.15    5.77 v clkbuf_1_0__f__221_/X (sky130_fd_sc_hd__clkbuf_16)
     4    0.02                           clknet_1_0__leaf__221_ (net)
                  0.04    0.00    5.77 v _451__8/A (sky130_fd_sc_hd__inv_2)
                  0.02    0.04    5.81 ^ _451__8/Y (sky130_fd_sc_hd__inv_2)
     1    0.00                           net46 (net)
                  0.02    0.00    5.81 ^ _496_/CLK (sky130_fd_sc_hd__dfrtp_1)
                          0.25    6.06   clock uncertainty
                         -0.07    5.99   clock reconvergence pessimism
                         -0.04    5.95   library hold time
                                  5.95   data required time
-----------------------------------------------------------------------------
                                  5.95   data required time
                                 -6.35   data arrival time
-----------------------------------------------------------------------------
                                  0.40   slack (MET)


Startpoint: _454_ (rising edge-triggered flip-flop clocked by SCK)
Endpoint: _454_ (rising edge-triggered flip-flop clocked by SCK)
Path Group: SCK
Path Type: min

Fanout     Cap    Slew   Delay    Time   Description
-----------------------------------------------------------------------------
                          0.00    0.00   clock SCK (rise edge)
                          0.00    0.00   clock source latency
                  0.08    0.05    0.05 ^ SCK (in)
     1    0.02                           SCK (net)
                  0.08    0.00    0.05 ^ clkbuf_0_SCK/A (sky130_fd_sc_hd__clkbuf_16)
                  0.06    0.15    0.20 ^ clkbuf_0_SCK/X (sky130_fd_sc_hd__clkbuf_16)
     4    0.04                           clknet_0_SCK (net)
                  0.06    0.00    0.20 ^ clkbuf_2_3__f_SCK/A (sky130_fd_sc_hd__clkbuf_16)
                  0.04    0.13    0.33 ^ clkbuf_2_3__f_SCK/X (sky130_fd_sc_hd__clkbuf_16)
     6    0.02                           clknet_2_3__leaf_SCK (net)
                  0.04    0.00    0.33 ^ _454_/CLK (sky130_fd_sc_hd__dfrtp_1)
                  0.13    0.36    0.70 ^ _454_/Q (sky130_fd_sc_hd__dfrtp_1)
     3    0.01                           net35 (net)
                  0.13    0.00    0.70 ^ _374_/A2 (sky130_fd_sc_hd__o211a_1)
                  0.05    0.14    0.84 ^ _374_/X (sky130_fd_sc_hd__o211a_1)
     1    0.00                           _203_ (net)
                  0.05    0.00    0.84 ^ _375_/B1 (sky130_fd_sc_hd__a22o_1)
                  0.05    0.11    0.95 ^ _375_/X (sky130_fd_sc_hd__a22o_1)
     1    0.00                           _061_ (net)
                  0.05    0.00    0.95 ^ _454_/D (sky130_fd_sc_hd__dfrtp_1)
                                  0.95   data arrival time

                          0.00    0.00   clock SCK (rise edge)
                          0.00    0.00   clock source latency
                  0.08    0.06    0.06 ^ SCK (in)
     1    0.02                           SCK (net)
                  0.08    0.00    0.06 ^ clkbuf_0_SCK/A (sky130_fd_sc_hd__clkbuf_16)
                  0.06    0.17    0.23 ^ clkbuf_0_SCK/X (sky130_fd_sc_hd__clkbuf_16)
     4    0.04                           clknet_0_SCK (net)
                  0.06    0.00    0.23 ^ clkbuf_2_3__f_SCK/A (sky130_fd_sc_hd__clkbuf_16)
                  0.04    0.14    0.37 ^ clkbuf_2_3__f_SCK/X (sky130_fd_sc_hd__clkbuf_16)
     6    0.02                           clknet_2_3__leaf_SCK (net)
                  0.04    0.00    0.37 ^ _454_/CLK (sky130_fd_sc_hd__dfrtp_1)
                          0.25    0.62   clock uncertainty
                         -0.03    0.58   clock reconvergence pessimism
                         -0.03    0.55   library hold time
                                  0.55   data required time
-----------------------------------------------------------------------------
                                  0.55   data required time
                                 -0.95   data arrival time
-----------------------------------------------------------------------------
                                  0.40   slack (MET)


Startpoint: _467_ (rising edge-triggered flip-flop clocked by SCK)
Endpoint: _467_ (rising edge-triggered flip-flop clocked by SCK)
Path Group: SCK
Path Type: min

Fanout     Cap    Slew   Delay    Time   Description
-----------------------------------------------------------------------------
                          0.00    0.00   clock SCK (rise edge)
                          0.00    0.00   clock source latency
                  0.08    0.05    0.05 ^ SCK (in)
     1    0.02                           SCK (net)
                  0.08    0.00    0.05 ^ clkbuf_0_SCK/A (sky130_fd_sc_hd__clkbuf_16)
                  0.06    0.15    0.20 ^ clkbuf_0_SCK/X (sky130_fd_sc_hd__clkbuf_16)
     4    0.04                           clknet_0_SCK (net)
                  0.06    0.00    0.20 ^ clkbuf_2_1__f_SCK/A (sky130_fd_sc_hd__clkbuf_16)
                  0.06    0.14    0.35 ^ clkbuf_2_1__f_SCK/X (sky130_fd_sc_hd__clkbuf_16)
    12    0.04                           clknet_2_1__leaf_SCK (net)
                  0.06    0.00    0.35 ^ _467_/CLK (sky130_fd_sc_hd__dfrtp_1)
                  0.08    0.34    0.68 ^ _467_/Q (sky130_fd_sc_hd__dfrtp_1)
     3    0.01                           count[0] (net)
                  0.08    0.00    0.68 ^ _265_/A (sky130_fd_sc_hd__clkbuf_4)
                  0.13    0.20    0.88 ^ _265_/X (sky130_fd_sc_hd__clkbuf_4)
    10    0.04                           _125_ (net)
                  0.13    0.00    0.88 ^ _320_/A (sky130_fd_sc_hd__xor2_1)
                  0.03    0.07    0.96 v _320_/X (sky130_fd_sc_hd__xor2_1)
     1    0.00                           _074_ (net)
                  0.03    0.00    0.96 v _467_/D (sky130_fd_sc_hd__dfrtp_1)
                                  0.96   data arrival time

                          0.00    0.00   clock SCK (rise edge)
                          0.00    0.00   clock source latency
                  0.08    0.06    0.06 ^ SCK (in)
     1    0.02                           SCK (net)
                  0.08    0.00    0.06 ^ clkbuf_0_SCK/A (sky130_fd_sc_hd__clkbuf_16)
                  0.06    0.17    0.23 ^ clkbuf_0_SCK/X (sky130_fd_sc_hd__clkbuf_16)
     4    0.04                           clknet_0_SCK (net)
                  0.06    0.00    0.23 ^ clkbuf_2_1__f_SCK/A (sky130_fd_sc_hd__clkbuf_16)
                  0.06    0.16    0.38 ^ clkbuf_2_1__f_SCK/X (sky130_fd_sc_hd__clkbuf_16)
    12    0.04                           clknet_2_1__leaf_SCK (net)
                  0.06    0.00    0.38 ^ _467_/CLK (sky130_fd_sc_hd__dfrtp_1)
                          0.25    0.63   clock uncertainty
                         -0.04    0.60   clock reconvergence pessimism
                         -0.04    0.56   library hold time
                                  0.56   data required time
-----------------------------------------------------------------------------
                                  0.56   data required time
                                 -0.96   data arrival time
-----------------------------------------------------------------------------
                                  0.40   slack (MET)


Startpoint: _461_ (rising edge-triggered flip-flop clocked by SCK)
Endpoint: _461_ (rising edge-triggered flip-flop clocked by SCK)
Path Group: SCK
Path Type: min

Fanout     Cap    Slew   Delay    Time   Description
-----------------------------------------------------------------------------
                          0.00    0.00   clock SCK (rise edge)
                          0.00    0.00   clock source latency
                  0.08    0.05    0.05 ^ SCK (in)
     1    0.02                           SCK (net)
                  0.08    0.00    0.05 ^ clkbuf_0_SCK/A (sky130_fd_sc_hd__clkbuf_16)
                  0.06    0.15    0.20 ^ clkbuf_0_SCK/X (sky130_fd_sc_hd__clkbuf_16)
     4    0.04                           clknet_0_SCK (net)
                  0.06    0.00    0.20 ^ clkbuf_2_2__f_SCK/A (sky130_fd_sc_hd__clkbuf_16)
                  0.05    0.14    0.34 ^ clkbuf_2_2__f_SCK/X (sky130_fd_sc_hd__clkbuf_16)
     9    0.03                           clknet_2_2__leaf_SCK (net)
                  0.05    0.00    0.34 ^ _461_/CLK (sky130_fd_sc_hd__dfrtp_4)
                  0.10    0.43    0.77 ^ _461_/Q (sky130_fd_sc_hd__dfrtp_4)
     8    0.02                           addr[2] (net)
                  0.10    0.00    0.77 ^ _356_/A0 (sky130_fd_sc_hd__mux2_1)
                  0.04    0.12    0.89 ^ _356_/X (sky130_fd_sc_hd__mux2_1)
     1    0.00                           _192_ (net)
                  0.04    0.00    0.89 ^ _357_/A (sky130_fd_sc_hd__clkbuf_1)
                  0.04    0.07    0.96 ^ _357_/X (sky130_fd_sc_hd__clkbuf_1)
     1    0.00                           _068_ (net)
                  0.04    0.00    0.96 ^ _461_/D (sky130_fd_sc_hd__dfrtp_4)
                                  0.96   data arrival time

                          0.00    0.00   clock SCK (rise edge)
                          0.00    0.00   clock source latency
                  0.08    0.06    0.06 ^ SCK (in)
     1    0.02                           SCK (net)
                  0.08    0.00    0.06 ^ clkbuf_0_SCK/A (sky130_fd_sc_hd__clkbuf_16)
                  0.06    0.17    0.23 ^ clkbuf_0_SCK/X (sky130_fd_sc_hd__clkbuf_16)
     4    0.04                           clknet_0_SCK (net)
                  0.06    0.00    0.23 ^ clkbuf_2_2__f_SCK/A (sky130_fd_sc_hd__clkbuf_16)
                  0.05    0.15    0.38 ^ clkbuf_2_2__f_SCK/X (sky130_fd_sc_hd__clkbuf_16)
     9    0.03                           clknet_2_2__leaf_SCK (net)
                  0.05    0.00    0.38 ^ _461_/CLK (sky130_fd_sc_hd__dfrtp_4)
                          0.25    0.63   clock uncertainty
                         -0.04    0.59   clock reconvergence pessimism
                         -0.03    0.56   library hold time
                                  0.56   data required time
-----------------------------------------------------------------------------
                                  0.56   data required time
                                 -0.96   data arrival time
-----------------------------------------------------------------------------
                                  0.40   slack (MET)


Startpoint: _460_ (rising edge-triggered flip-flop clocked by SCK)
Endpoint: _460_ (rising edge-triggered flip-flop clocked by SCK)
Path Group: SCK
Path Type: min

Fanout     Cap    Slew   Delay    Time   Description
-----------------------------------------------------------------------------
                          0.00    0.00   clock SCK (rise edge)
                          0.00    0.00   clock source latency
                  0.08    0.05    0.05 ^ SCK (in)
     1    0.02                           SCK (net)
                  0.08    0.00    0.05 ^ clkbuf_0_SCK/A (sky130_fd_sc_hd__clkbuf_16)
                  0.06    0.15    0.20 ^ clkbuf_0_SCK/X (sky130_fd_sc_hd__clkbuf_16)
     4    0.04                           clknet_0_SCK (net)
                  0.06    0.00    0.20 ^ clkbuf_2_2__f_SCK/A (sky130_fd_sc_hd__clkbuf_16)
                  0.05    0.14    0.34 ^ clkbuf_2_2__f_SCK/X (sky130_fd_sc_hd__clkbuf_16)
     9    0.03                           clknet_2_2__leaf_SCK (net)
                  0.05    0.00    0.34 ^ _460_/CLK (sky130_fd_sc_hd__dfrtp_4)
                  0.10    0.43    0.77 ^ _460_/Q (sky130_fd_sc_hd__dfrtp_4)
     8    0.03                           addr[1] (net)
                  0.10    0.00    0.77 ^ _360_/A0 (sky130_fd_sc_hd__mux2_1)
                  0.04    0.13    0.90 ^ _360_/X (sky130_fd_sc_hd__mux2_1)
     1    0.00                           _195_ (net)
                  0.04    0.00    0.90 ^ _361_/A (sky130_fd_sc_hd__clkbuf_1)
                  0.04    0.07    0.97 ^ _361_/X (sky130_fd_sc_hd__clkbuf_1)
     1    0.00                           _067_ (net)
                  0.04    0.00    0.97 ^ _460_/D (sky130_fd_sc_hd__dfrtp_4)
                                  0.97   data arrival time

                          0.00    0.00   clock SCK (rise edge)
                          0.00    0.00   clock source latency
                  0.08    0.06    0.06 ^ SCK (in)
     1    0.02                           SCK (net)
                  0.08    0.00    0.06 ^ clkbuf_0_SCK/A (sky130_fd_sc_hd__clkbuf_16)
                  0.06    0.17    0.23 ^ clkbuf_0_SCK/X (sky130_fd_sc_hd__clkbuf_16)
     4    0.04                           clknet_0_SCK (net)
                  0.06    0.00    0.23 ^ clkbuf_2_2__f_SCK/A (sky130_fd_sc_hd__clkbuf_16)
                  0.05    0.15    0.38 ^ clkbuf_2_2__f_SCK/X (sky130_fd_sc_hd__clkbuf_16)
     9    0.03                           clknet_2_2__leaf_SCK (net)
                  0.05    0.00    0.38 ^ _460_/CLK (sky130_fd_sc_hd__dfrtp_4)
                          0.25    0.63   clock uncertainty
                         -0.04    0.59   clock reconvergence pessimism
                         -0.03    0.56   library hold time
                                  0.56   data required time
-----------------------------------------------------------------------------
                                  0.56   data required time
                                 -0.97   data arrival time
-----------------------------------------------------------------------------
                                  0.41   slack (MET)


Startpoint: _459_ (rising edge-triggered flip-flop clocked by SCK)
Endpoint: _459_ (rising edge-triggered flip-flop clocked by SCK)
Path Group: SCK
Path Type: min

Fanout     Cap    Slew   Delay    Time   Description
-----------------------------------------------------------------------------
                          0.00    0.00   clock SCK (rise edge)
                          0.00    0.00   clock source latency
                  0.08    0.05    0.05 ^ SCK (in)
     1    0.02                           SCK (net)
                  0.08    0.00    0.05 ^ clkbuf_0_SCK/A (sky130_fd_sc_hd__clkbuf_16)
                  0.06    0.15    0.20 ^ clkbuf_0_SCK/X (sky130_fd_sc_hd__clkbuf_16)
     4    0.04                           clknet_0_SCK (net)
                  0.06    0.00    0.20 ^ clkbuf_2_2__f_SCK/A (sky130_fd_sc_hd__clkbuf_16)
                  0.05    0.14    0.34 ^ clkbuf_2_2__f_SCK/X (sky130_fd_sc_hd__clkbuf_16)
     9    0.03                           clknet_2_2__leaf_SCK (net)
                  0.05    0.00    0.34 ^ _459_/CLK (sky130_fd_sc_hd__dfrtp_4)
                  0.11    0.44    0.78 ^ _459_/Q (sky130_fd_sc_hd__dfrtp_4)
     8    0.03                           addr[0] (net)
                  0.11    0.00    0.78 ^ _364_/A0 (sky130_fd_sc_hd__mux2_1)
                  0.04    0.13    0.91 ^ _364_/X (sky130_fd_sc_hd__mux2_1)
     1    0.00                           _198_ (net)
                  0.04    0.00    0.91 ^ _365_/A (sky130_fd_sc_hd__clkbuf_1)
                  0.04    0.07    0.98 ^ _365_/X (sky130_fd_sc_hd__clkbuf_1)
     1    0.00                           _066_ (net)
                  0.04    0.00    0.98 ^ _459_/D (sky130_fd_sc_hd__dfrtp_4)
                                  0.98   data arrival time

                          0.00    0.00   clock SCK (rise edge)
                          0.00    0.00   clock source latency
                  0.08    0.06    0.06 ^ SCK (in)
     1    0.02                           SCK (net)
                  0.08    0.00    0.06 ^ clkbuf_0_SCK/A (sky130_fd_sc_hd__clkbuf_16)
                  0.06    0.17    0.23 ^ clkbuf_0_SCK/X (sky130_fd_sc_hd__clkbuf_16)
     4    0.04                           clknet_0_SCK (net)
                  0.06    0.00    0.23 ^ clkbuf_2_2__f_SCK/A (sky130_fd_sc_hd__clkbuf_16)
                  0.05    0.15    0.38 ^ clkbuf_2_2__f_SCK/X (sky130_fd_sc_hd__clkbuf_16)
     9    0.03                           clknet_2_2__leaf_SCK (net)
                  0.05    0.00    0.38 ^ _459_/CLK (sky130_fd_sc_hd__dfrtp_4)
                          0.25    0.63   clock uncertainty
                         -0.04    0.59   clock reconvergence pessimism
                         -0.03    0.56   library hold time
                                  0.56   data required time
-----------------------------------------------------------------------------
                                  0.56   data required time
                                 -0.98   data arrival time
-----------------------------------------------------------------------------
                                  0.42   slack (MET)


Startpoint: _463_ (rising edge-triggered flip-flop clocked by SCK)
Endpoint: _463_ (rising edge-triggered flip-flop clocked by SCK)
Path Group: SCK
Path Type: min

Fanout     Cap    Slew   Delay    Time   Description
-----------------------------------------------------------------------------
                          0.00    0.00   clock SCK (rise edge)
                          0.00    0.00   clock source latency
                  0.08    0.05    0.05 ^ SCK (in)
     1    0.02                           SCK (net)
                  0.08    0.00    0.05 ^ clkbuf_0_SCK/A (sky130_fd_sc_hd__clkbuf_16)
                  0.06    0.15    0.20 ^ clkbuf_0_SCK/X (sky130_fd_sc_hd__clkbuf_16)
     4    0.04                           clknet_0_SCK (net)
                  0.06    0.00    0.20 ^ clkbuf_2_2__f_SCK/A (sky130_fd_sc_hd__clkbuf_16)
                  0.05    0.14    0.34 ^ clkbuf_2_2__f_SCK/X (sky130_fd_sc_hd__clkbuf_16)
     9    0.03                           clknet_2_2__leaf_SCK (net)
                  0.05    0.00    0.34 ^ _463_/CLK (sky130_fd_sc_hd__dfrtp_4)
                  0.12    0.44    0.78 ^ _463_/Q (sky130_fd_sc_hd__dfrtp_4)
    10    0.03                           addr[4] (net)
                  0.12    0.00    0.78 ^ _346_/A0 (sky130_fd_sc_hd__mux2_1)
                  0.05    0.14    0.92 ^ _346_/X (sky130_fd_sc_hd__mux2_1)
     1    0.00                           _184_ (net)
                  0.05    0.00    0.92 ^ _347_/A (sky130_fd_sc_hd__clkbuf_1)
                  0.04    0.08    1.00 ^ _347_/X (sky130_fd_sc_hd__clkbuf_1)
     1    0.00                           _070_ (net)
                  0.04    0.00    1.00 ^ _463_/D (sky130_fd_sc_hd__dfrtp_4)
                                  1.00   data arrival time

                          0.00    0.00   clock SCK (rise edge)
                          0.00    0.00   clock source latency
                  0.08    0.06    0.06 ^ SCK (in)
     1    0.02                           SCK (net)
                  0.08    0.00    0.06 ^ clkbuf_0_SCK/A (sky130_fd_sc_hd__clkbuf_16)
                  0.06    0.17    0.23 ^ clkbuf_0_SCK/X (sky130_fd_sc_hd__clkbuf_16)
     4    0.04                           clknet_0_SCK (net)
                  0.06    0.00    0.23 ^ clkbuf_2_2__f_SCK/A (sky130_fd_sc_hd__clkbuf_16)
                  0.05    0.15    0.38 ^ clkbuf_2_2__f_SCK/X (sky130_fd_sc_hd__clkbuf_16)
     9    0.03                           clknet_2_2__leaf_SCK (net)
                  0.05    0.00    0.38 ^ _463_/CLK (sky130_fd_sc_hd__dfrtp_4)
                          0.25    0.63   clock uncertainty
                         -0.04    0.59   clock reconvergence pessimism
                         -0.03    0.56   library hold time
                                  0.56   data required time
-----------------------------------------------------------------------------
                                  0.56   data required time
                                 -1.00   data arrival time
-----------------------------------------------------------------------------
                                  0.44   slack (MET)


Startpoint: _482_ (rising edge-triggered flip-flop clocked by SCK)
Endpoint: _484_ (rising edge-triggered flip-flop clocked by SCK)
Path Group: SCK
Path Type: min

Fanout     Cap    Slew   Delay    Time   Description
-----------------------------------------------------------------------------
                          0.00    0.00   clock SCK (rise edge)
                          0.00    0.00   clock source latency
                  0.08    0.05    0.05 ^ SCK (in)
     1    0.02                           SCK (net)
                  0.08    0.00    0.05 ^ clkbuf_0_SCK/A (sky130_fd_sc_hd__clkbuf_16)
                  0.06    0.15    0.20 ^ clkbuf_0_SCK/X (sky130_fd_sc_hd__clkbuf_16)
     4    0.04                           clknet_0_SCK (net)
                  0.06    0.00    0.20 ^ clkbuf_2_1__f_SCK/A (sky130_fd_sc_hd__clkbuf_16)
                  0.06    0.14    0.35 ^ clkbuf_2_1__f_SCK/X (sky130_fd_sc_hd__clkbuf_16)
    12    0.04                           clknet_2_1__leaf_SCK (net)
                  0.06    0.00    0.35 ^ _482_/CLK (sky130_fd_sc_hd__dfrtp_4)
                  0.11    0.44    0.78 ^ _482_/Q (sky130_fd_sc_hd__dfrtp_4)
     6    0.03                           pre_pass_thru_mgmt (net)
                  0.11    0.00    0.78 ^ _269_/A1 (sky130_fd_sc_hd__a211o_1)
                  0.04    0.13    0.91 ^ _269_/X (sky130_fd_sc_hd__a211o_1)
     1    0.00                           _129_ (net)
                  0.04    0.00    0.91 ^ _270_/B1 (sky130_fd_sc_hd__a32o_1)
                  0.05    0.10    1.01 ^ _270_/X (sky130_fd_sc_hd__a32o_1)
     1    0.00                           _090_ (net)
                  0.05    0.00    1.01 ^ _484_/D (sky130_fd_sc_hd__dfrtp_1)
                                  1.01   data arrival time

                          0.00    0.00   clock SCK (rise edge)
                          0.00    0.00   clock source latency
                  0.08    0.06    0.06 ^ SCK (in)
     1    0.02                           SCK (net)
                  0.08    0.00    0.06 ^ clkbuf_0_SCK/A (sky130_fd_sc_hd__clkbuf_16)
                  0.06    0.17    0.23 ^ clkbuf_0_SCK/X (sky130_fd_sc_hd__clkbuf_16)
     4    0.04                           clknet_0_SCK (net)
                  0.06    0.00    0.23 ^ clkbuf_2_1__f_SCK/A (sky130_fd_sc_hd__clkbuf_16)
                  0.06    0.16    0.38 ^ clkbuf_2_1__f_SCK/X (sky130_fd_sc_hd__clkbuf_16)
    12    0.04                           clknet_2_1__leaf_SCK (net)
                  0.06    0.00    0.38 ^ _484_/CLK (sky130_fd_sc_hd__dfrtp_1)
                          0.25    0.63   clock uncertainty
                         -0.04    0.60   clock reconvergence pessimism
                         -0.03    0.56   library hold time
                                  0.56   data required time
-----------------------------------------------------------------------------
                                  0.56   data required time
                                 -1.01   data arrival time
-----------------------------------------------------------------------------
                                  0.45   slack (MET)


Startpoint: _493_ (rising edge-triggered flip-flop clocked by SCK')
Endpoint: _494_ (rising edge-triggered flip-flop clocked by SCK')
Path Group: SCK
Path Type: min

Fanout     Cap    Slew   Delay    Time   Description
-----------------------------------------------------------------------------
                          5.00    5.00   clock SCK' (rise edge)
                          0.00    5.00   clock source latency
                  0.04    0.02    5.02 v SCK (in)
     1    0.02                           SCK (net)
                  0.04    0.00    5.02 v clkbuf_0_SCK/A (sky130_fd_sc_hd__clkbuf_16)
                  0.05    0.15    5.17 v clkbuf_0_SCK/X (sky130_fd_sc_hd__clkbuf_16)
     4    0.04                           clknet_0_SCK (net)
                  0.05    0.00    5.17 v clkbuf_2_3__f_SCK/A (sky130_fd_sc_hd__clkbuf_16)
                  0.04    0.14    5.32 v clkbuf_2_3__f_SCK/X (sky130_fd_sc_hd__clkbuf_16)
     6    0.02                           clknet_2_3__leaf_SCK (net)
                  0.04    0.00    5.32 v _437_/A (sky130_fd_sc_hd__buf_1)
                  0.06    0.10    5.42 v _437_/X (sky130_fd_sc_hd__buf_1)
     1    0.01                           _221_ (net)
                  0.06    0.00    5.42 v clkbuf_0__221_/A (sky130_fd_sc_hd__clkbuf_16)
                  0.03    0.14    5.56 v clkbuf_0__221_/X (sky130_fd_sc_hd__clkbuf_16)
     2    0.02                           clknet_0__221_ (net)
                  0.03    0.00    5.56 v clkbuf_1_1__f__221_/A (sky130_fd_sc_hd__clkbuf_16)
                  0.04    0.14    5.71 v clkbuf_1_1__f__221_/X (sky130_fd_sc_hd__clkbuf_16)
     6    0.03                           clknet_1_1__leaf__221_ (net)
                  0.04    0.00    5.71 v _448__5/A (sky130_fd_sc_hd__inv_2)
                  0.02    0.04    5.74 ^ _448__5/Y (sky130_fd_sc_hd__inv_2)
     1    0.00                           net43 (net)
                  0.02    0.00    5.74 ^ _493_/CLK (sky130_fd_sc_hd__dfrtp_1)
                  0.13    0.36    6.10 ^ _493_/Q (sky130_fd_sc_hd__dfrtp_1)
     2    0.01                           ldata[2] (net)
                  0.13    0.00    6.10 ^ _246_/A1 (sky130_fd_sc_hd__mux2_1)
                  0.04    0.13    6.24 ^ _246_/X (sky130_fd_sc_hd__mux2_1)
     1    0.00                           _115_ (net)
                  0.04    0.00    6.24 ^ _247_/A0 (sky130_fd_sc_hd__mux2_1)
                  0.04    0.11    6.35 ^ _247_/X (sky130_fd_sc_hd__mux2_1)
     1    0.00                           _116_ (net)
                  0.04    0.00    6.35 ^ _248_/A (sky130_fd_sc_hd__clkbuf_1)
                  0.04    0.07    6.42 ^ _248_/X (sky130_fd_sc_hd__clkbuf_1)
     1    0.00                           _095_ (net)
                  0.04    0.00    6.42 ^ _494_/D (sky130_fd_sc_hd__dfrtp_1)
                                  6.42   data arrival time

                          5.00    5.00   clock SCK' (rise edge)
                          0.00    5.00   clock source latency
                  0.04    0.03    5.03 v SCK (in)
     1    0.02                           SCK (net)
                  0.04    0.00    5.03 v clkbuf_0_SCK/A (sky130_fd_sc_hd__clkbuf_16)
                  0.05    0.16    5.19 v clkbuf_0_SCK/X (sky130_fd_sc_hd__clkbuf_16)
     4    0.04                           clknet_0_SCK (net)
                  0.05    0.00    5.19 v clkbuf_2_3__f_SCK/A (sky130_fd_sc_hd__clkbuf_16)
                  0.04    0.16    5.35 v clkbuf_2_3__f_SCK/X (sky130_fd_sc_hd__clkbuf_16)
     6    0.02                           clknet_2_3__leaf_SCK (net)
                  0.04    0.00    5.35 v _437_/A (sky130_fd_sc_hd__buf_1)
                  0.06    0.12    5.46 v _437_/X (sky130_fd_sc_hd__buf_1)
     1    0.01                           _221_ (net)
                  0.06    0.00    5.46 v clkbuf_0__221_/A (sky130_fd_sc_hd__clkbuf_16)
                  0.03    0.16    5.62 v clkbuf_0__221_/X (sky130_fd_sc_hd__clkbuf_16)
     2    0.02                           clknet_0__221_ (net)
                  0.03    0.00    5.62 v clkbuf_1_0__f__221_/A (sky130_fd_sc_hd__clkbuf_16)
                  0.04    0.15    5.77 v clkbuf_1_0__f__221_/X (sky130_fd_sc_hd__clkbuf_16)
     4    0.02                           clknet_1_0__leaf__221_ (net)
                  0.04    0.00    5.77 v _449__6/A (sky130_fd_sc_hd__inv_2)
                  0.02    0.04    5.81 ^ _449__6/Y (sky130_fd_sc_hd__inv_2)
     1    0.00                           net44 (net)
                  0.02    0.00    5.81 ^ _494_/CLK (sky130_fd_sc_hd__dfrtp_1)
                          0.25    6.06   clock uncertainty
                         -0.06    6.00   clock reconvergence pessimism
                         -0.04    5.96   library hold time
                                  5.96   data required time
-----------------------------------------------------------------------------
                                  5.96   data required time
                                 -6.42   data arrival time
-----------------------------------------------------------------------------
                                  0.46   slack (MET)


Startpoint: _469_ (rising edge-triggered flip-flop clocked by SCK)
Endpoint: _486_ (rising edge-triggered flip-flop clocked by SCK)
Path Group: SCK
Path Type: min

Fanout     Cap    Slew   Delay    Time   Description
-----------------------------------------------------------------------------
                          0.00    0.00   clock SCK (rise edge)
                          0.00    0.00   clock source latency
                  0.08    0.05    0.05 ^ SCK (in)
     1    0.02                           SCK (net)
                  0.08    0.00    0.05 ^ clkbuf_0_SCK/A (sky130_fd_sc_hd__clkbuf_16)
                  0.06    0.15    0.20 ^ clkbuf_0_SCK/X (sky130_fd_sc_hd__clkbuf_16)
     4    0.04                           clknet_0_SCK (net)
                  0.06    0.00    0.20 ^ clkbuf_2_1__f_SCK/A (sky130_fd_sc_hd__clkbuf_16)
                  0.06    0.14    0.35 ^ clkbuf_2_1__f_SCK/X (sky130_fd_sc_hd__clkbuf_16)
    12    0.04                           clknet_2_1__leaf_SCK (net)
                  0.06    0.00    0.35 ^ _469_/CLK (sky130_fd_sc_hd__dfrtp_4)
                  0.09    0.50    0.84 v _469_/Q (sky130_fd_sc_hd__dfrtp_4)
     9    0.03                           count[2] (net)
                  0.09    0.00    0.84 v _380_/A (sky130_fd_sc_hd__nand3_1)
                  0.07    0.09    0.93 ^ _380_/Y (sky130_fd_sc_hd__nand3_1)
     2    0.00                           _205_ (net)
                  0.07    0.00    0.93 ^ _383_/B1 (sky130_fd_sc_hd__a2bb2o_1)
                  0.06    0.14    1.07 ^ _383_/X (sky130_fd_sc_hd__a2bb2o_1)
     1    0.01                           _001_ (net)
                  0.06    0.00    1.07 ^ _486_/D (sky130_fd_sc_hd__dfstp_2)
                                  1.07   data arrival time

                          0.00    0.00   clock SCK (rise edge)
                          0.00    0.00   clock source latency
                  0.08    0.06    0.06 ^ SCK (in)
     1    0.02                           SCK (net)
                  0.08    0.00    0.06 ^ clkbuf_0_SCK/A (sky130_fd_sc_hd__clkbuf_16)
                  0.06    0.17    0.23 ^ clkbuf_0_SCK/X (sky130_fd_sc_hd__clkbuf_16)
     4    0.04                           clknet_0_SCK (net)
                  0.06    0.00    0.23 ^ clkbuf_2_0__f_SCK/A (sky130_fd_sc_hd__clkbuf_16)
                  0.05    0.15    0.38 ^ clkbuf_2_0__f_SCK/X (sky130_fd_sc_hd__clkbuf_16)
     9    0.03                           clknet_2_0__leaf_SCK (net)
                  0.05    0.00    0.38 ^ _486_/CLK (sky130_fd_sc_hd__dfstp_2)
                          0.25    0.63   clock uncertainty
                         -0.02    0.61   clock reconvergence pessimism
                         -0.03    0.57   library hold time
                                  0.57   data required time
-----------------------------------------------------------------------------
                                  0.57   data required time
                                 -1.07   data arrival time
-----------------------------------------------------------------------------
                                  0.50   slack (MET)


Startpoint: _468_ (rising edge-triggered flip-flop clocked by SCK)
Endpoint: _469_ (rising edge-triggered flip-flop clocked by SCK)
Path Group: SCK
Path Type: min

Fanout     Cap    Slew   Delay    Time   Description
-----------------------------------------------------------------------------
                          0.00    0.00   clock SCK (rise edge)
                          0.00    0.00   clock source latency
                  0.08    0.05    0.05 ^ SCK (in)
     1    0.02                           SCK (net)
                  0.08    0.00    0.05 ^ clkbuf_0_SCK/A (sky130_fd_sc_hd__clkbuf_16)
                  0.06    0.15    0.20 ^ clkbuf_0_SCK/X (sky130_fd_sc_hd__clkbuf_16)
     4    0.04                           clknet_0_SCK (net)
                  0.06    0.00    0.20 ^ clkbuf_2_1__f_SCK/A (sky130_fd_sc_hd__clkbuf_16)
                  0.06    0.14    0.35 ^ clkbuf_2_1__f_SCK/X (sky130_fd_sc_hd__clkbuf_16)
    12    0.04                           clknet_2_1__leaf_SCK (net)
                  0.06    0.00    0.35 ^ _468_/CLK (sky130_fd_sc_hd__dfrtp_4)
                  0.12    0.44    0.79 ^ _468_/Q (sky130_fd_sc_hd__dfrtp_4)
     9    0.03                           count[1] (net)
                  0.12    0.00    0.79 ^ _313_/B (sky130_fd_sc_hd__or2_1)
                  0.03    0.10    0.89 ^ _313_/X (sky130_fd_sc_hd__or2_1)
     1    0.00                           _158_ (net)
                  0.03    0.00    0.89 ^ _314_/A (sky130_fd_sc_hd__and2_1)
                  0.07    0.12    1.01 ^ _314_/X (sky130_fd_sc_hd__and2_1)
     1    0.01                           _159_ (net)
                  0.07    0.00    1.01 ^ _315_/B (sky130_fd_sc_hd__xnor2_1)
                  0.04    0.06    1.07 v _315_/Y (sky130_fd_sc_hd__xnor2_1)
     1    0.00                           _076_ (net)
                  0.04    0.00    1.07 v _469_/D (sky130_fd_sc_hd__dfrtp_4)
                                  1.07   data arrival time

                          0.00    0.00   clock SCK (rise edge)
                          0.00    0.00   clock source latency
                  0.08    0.06    0.06 ^ SCK (in)
     1    0.02                           SCK (net)
                  0.08    0.00    0.06 ^ clkbuf_0_SCK/A (sky130_fd_sc_hd__clkbuf_16)
                  0.06    0.17    0.23 ^ clkbuf_0_SCK/X (sky130_fd_sc_hd__clkbuf_16)
     4    0.04                           clknet_0_SCK (net)
                  0.06    0.00    0.23 ^ clkbuf_2_1__f_SCK/A (sky130_fd_sc_hd__clkbuf_16)
                  0.06    0.16    0.38 ^ clkbuf_2_1__f_SCK/X (sky130_fd_sc_hd__clkbuf_16)
    12    0.04                           clknet_2_1__leaf_SCK (net)
                  0.06    0.00    0.38 ^ _469_/CLK (sky130_fd_sc_hd__dfrtp_4)
                          0.25    0.63   clock uncertainty
                         -0.04    0.60   clock reconvergence pessimism
                         -0.04    0.56   library hold time
                                  0.56   data required time
-----------------------------------------------------------------------------
                                  0.56   data required time
                                 -1.07   data arrival time
-----------------------------------------------------------------------------
                                  0.51   slack (MET)


Startpoint: _468_ (rising edge-triggered flip-flop clocked by SCK)
Endpoint: _468_ (rising edge-triggered flip-flop clocked by SCK)
Path Group: SCK
Path Type: min

Fanout     Cap    Slew   Delay    Time   Description
-----------------------------------------------------------------------------
                          0.00    0.00   clock SCK (rise edge)
                          0.00    0.00   clock source latency
                  0.08    0.05    0.05 ^ SCK (in)
     1    0.02                           SCK (net)
                  0.08    0.00    0.05 ^ clkbuf_0_SCK/A (sky130_fd_sc_hd__clkbuf_16)
                  0.06    0.15    0.20 ^ clkbuf_0_SCK/X (sky130_fd_sc_hd__clkbuf_16)
     4    0.04                           clknet_0_SCK (net)
                  0.06    0.00    0.20 ^ clkbuf_2_1__f_SCK/A (sky130_fd_sc_hd__clkbuf_16)
                  0.06    0.14    0.35 ^ clkbuf_2_1__f_SCK/X (sky130_fd_sc_hd__clkbuf_16)
    12    0.04                           clknet_2_1__leaf_SCK (net)
                  0.06    0.00    0.35 ^ _468_/CLK (sky130_fd_sc_hd__dfrtp_4)
                  0.12    0.44    0.79 ^ _468_/Q (sky130_fd_sc_hd__dfrtp_4)
     9    0.03                           count[1] (net)
                  0.12    0.00    0.79 ^ _272_/A_N (sky130_fd_sc_hd__nand2b_2)
                  0.14    0.19    0.98 ^ _272_/Y (sky130_fd_sc_hd__nand2b_2)
     6    0.02                           _130_ (net)
                  0.14    0.00    0.98 ^ _319_/A1 (sky130_fd_sc_hd__o21ai_1)
                  0.05    0.09    1.07 v _319_/Y (sky130_fd_sc_hd__o21ai_1)
     1    0.00                           _075_ (net)
                  0.05    0.00    1.07 v _468_/D (sky130_fd_sc_hd__dfrtp_4)
                                  1.07   data arrival time

                          0.00    0.00   clock SCK (rise edge)
                          0.00    0.00   clock source latency
                  0.08    0.06    0.06 ^ SCK (in)
     1    0.02                           SCK (net)
                  0.08    0.00    0.06 ^ clkbuf_0_SCK/A (sky130_fd_sc_hd__clkbuf_16)
                  0.06    0.17    0.23 ^ clkbuf_0_SCK/X (sky130_fd_sc_hd__clkbuf_16)
     4    0.04                           clknet_0_SCK (net)
                  0.06    0.00    0.23 ^ clkbuf_2_1__f_SCK/A (sky130_fd_sc_hd__clkbuf_16)
                  0.06    0.16    0.38 ^ clkbuf_2_1__f_SCK/X (sky130_fd_sc_hd__clkbuf_16)
    12    0.04                           clknet_2_1__leaf_SCK (net)
                  0.06    0.00    0.38 ^ _468_/CLK (sky130_fd_sc_hd__dfrtp_4)
                          0.25    0.63   clock uncertainty
                         -0.04    0.60   clock reconvergence pessimism
                         -0.04    0.56   library hold time
                                  0.56   data required time
-----------------------------------------------------------------------------
                                  0.56   data required time
                                 -1.07   data arrival time
-----------------------------------------------------------------------------
                                  0.52   slack (MET)


Startpoint: _489_ (rising edge-triggered flip-flop clocked by SCK)
Endpoint: _466_ (rising edge-triggered flip-flop clocked by SCK)
Path Group: SCK
Path Type: min

Fanout     Cap    Slew   Delay    Time   Description
-----------------------------------------------------------------------------
                          0.00    0.00   clock SCK (rise edge)
                          0.00    0.00   clock source latency
                  0.08    0.05    0.05 ^ SCK (in)
     1    0.02                           SCK (net)
                  0.08    0.00    0.05 ^ clkbuf_0_SCK/A (sky130_fd_sc_hd__clkbuf_16)
                  0.06    0.15    0.20 ^ clkbuf_0_SCK/X (sky130_fd_sc_hd__clkbuf_16)
     4    0.04                           clknet_0_SCK (net)
                  0.06    0.00    0.20 ^ clkbuf_2_2__f_SCK/A (sky130_fd_sc_hd__clkbuf_16)
                  0.05    0.14    0.34 ^ clkbuf_2_2__f_SCK/X (sky130_fd_sc_hd__clkbuf_16)
     9    0.03                           clknet_2_2__leaf_SCK (net)
                  0.05    0.00    0.34 ^ _489_/CLK (sky130_fd_sc_hd__dfrtp_1)
                  0.15    0.38    0.72 ^ _489_/Q (sky130_fd_sc_hd__dfrtp_1)
     4    0.02                           state[3] (net)
                  0.15    0.00    0.72 ^ _321_/A (sky130_fd_sc_hd__or2b_1)
                  0.05    0.12    0.85 ^ _321_/X (sky130_fd_sc_hd__or2b_1)
     2    0.00                           _163_ (net)
                  0.05    0.00    0.85 ^ _327_/A1 (sky130_fd_sc_hd__mux2_1)
                  0.04    0.11    0.96 ^ _327_/X (sky130_fd_sc_hd__mux2_1)
     1    0.00                           _168_ (net)
                  0.04    0.00    0.96 ^ _330_/A1 (sky130_fd_sc_hd__mux2_1)
                  0.04    0.11    1.07 ^ _330_/X (sky130_fd_sc_hd__mux2_1)
     1    0.00                           _171_ (net)
                  0.04    0.00    1.07 ^ _331_/A (sky130_fd_sc_hd__clkbuf_1)
                  0.04    0.07    1.14 ^ _331_/X (sky130_fd_sc_hd__clkbuf_1)
     1    0.00                           _073_ (net)
                  0.04    0.00    1.14 ^ _466_/D (sky130_fd_sc_hd__dfrtp_1)
                                  1.14   data arrival time

                          0.00    0.00   clock SCK (rise edge)
                          0.00    0.00   clock source latency
                  0.08    0.06    0.06 ^ SCK (in)
     1    0.02                           SCK (net)
                  0.08    0.00    0.06 ^ clkbuf_0_SCK/A (sky130_fd_sc_hd__clkbuf_16)
                  0.06    0.17    0.23 ^ clkbuf_0_SCK/X (sky130_fd_sc_hd__clkbuf_16)
     4    0.04                           clknet_0_SCK (net)
                  0.06    0.00    0.23 ^ clkbuf_2_0__f_SCK/A (sky130_fd_sc_hd__clkbuf_16)
                  0.05    0.15    0.38 ^ clkbuf_2_0__f_SCK/X (sky130_fd_sc_hd__clkbuf_16)
     9    0.03                           clknet_2_0__leaf_SCK (net)
                  0.05    0.00    0.38 ^ _466_/CLK (sky130_fd_sc_hd__dfrtp_1)
                          0.25    0.63   clock uncertainty
                         -0.02    0.61   clock reconvergence pessimism
                         -0.03    0.57   library hold time
                                  0.57   data required time
-----------------------------------------------------------------------------
                                  0.57   data required time
                                 -1.14   data arrival time
-----------------------------------------------------------------------------
                                  0.56   slack (MET)


Startpoint: _491_ (rising edge-triggered flip-flop clocked by SCK')
Endpoint: _491_ (rising edge-triggered flip-flop clocked by SCK')
Path Group: SCK
Path Type: min

Fanout     Cap    Slew   Delay    Time   Description
-----------------------------------------------------------------------------
                          5.00    5.00   clock SCK' (rise edge)
                          0.00    5.00   clock source latency
                  0.04    0.02    5.02 v SCK (in)
     1    0.02                           SCK (net)
                  0.04    0.00    5.02 v clkbuf_0_SCK/A (sky130_fd_sc_hd__clkbuf_16)
                  0.05    0.15    5.17 v clkbuf_0_SCK/X (sky130_fd_sc_hd__clkbuf_16)
     4    0.04                           clknet_0_SCK (net)
                  0.05    0.00    5.17 v clkbuf_2_3__f_SCK/A (sky130_fd_sc_hd__clkbuf_16)
                  0.04    0.14    5.32 v clkbuf_2_3__f_SCK/X (sky130_fd_sc_hd__clkbuf_16)
     6    0.02                           clknet_2_3__leaf_SCK (net)
                  0.04    0.00    5.32 v _437_/A (sky130_fd_sc_hd__buf_1)
                  0.06    0.10    5.42 v _437_/X (sky130_fd_sc_hd__buf_1)
     1    0.01                           _221_ (net)
                  0.06    0.00    5.42 v clkbuf_0__221_/A (sky130_fd_sc_hd__clkbuf_16)
                  0.03    0.14    5.56 v clkbuf_0__221_/X (sky130_fd_sc_hd__clkbuf_16)
     2    0.02                           clknet_0__221_ (net)
                  0.03    0.00    5.56 v clkbuf_1_1__f__221_/A (sky130_fd_sc_hd__clkbuf_16)
                  0.04    0.14    5.71 v clkbuf_1_1__f__221_/X (sky130_fd_sc_hd__clkbuf_16)
     6    0.03                           clknet_1_1__leaf__221_ (net)
                  0.04    0.00    5.71 v _446__3/A (sky130_fd_sc_hd__inv_2)
                  0.02    0.04    5.74 ^ _446__3/Y (sky130_fd_sc_hd__inv_2)
     1    0.00                           net41 (net)
                  0.02    0.00    5.74 ^ _491_/CLK (sky130_fd_sc_hd__dfrtp_1)
                  0.07    0.31    6.05 ^ _491_/Q (sky130_fd_sc_hd__dfrtp_1)
     2    0.01                           ldata[0] (net)
                  0.07    0.00    6.05 ^ hold5/A (sky130_fd_sc_hd__dlygate4sd3_1)
                  0.06    0.52    6.57 ^ hold5/X (sky130_fd_sc_hd__dlygate4sd3_1)
     1    0.00                           net53 (net)
                  0.06    0.00    6.57 ^ _259_/A1 (sky130_fd_sc_hd__a22o_1)
                  0.04    0.12    6.69 ^ _259_/X (sky130_fd_sc_hd__a22o_1)
     1    0.00                           _092_ (net)
                  0.04    0.00    6.69 ^ _491_/D (sky130_fd_sc_hd__dfrtp_1)
                                  6.69   data arrival time

                          5.00    5.00   clock SCK' (rise edge)
                          0.00    5.00   clock source latency
                  0.04    0.03    5.03 v SCK (in)
     1    0.02                           SCK (net)
                  0.04    0.00    5.03 v clkbuf_0_SCK/A (sky130_fd_sc_hd__clkbuf_16)
                  0.05    0.16    5.19 v clkbuf_0_SCK/X (sky130_fd_sc_hd__clkbuf_16)
     4    0.04                           clknet_0_SCK (net)
                  0.05    0.00    5.19 v clkbuf_2_3__f_SCK/A (sky130_fd_sc_hd__clkbuf_16)
                  0.04    0.16    5.35 v clkbuf_2_3__f_SCK/X (sky130_fd_sc_hd__clkbuf_16)
     6    0.02                           clknet_2_3__leaf_SCK (net)
                  0.04    0.00    5.35 v _437_/A (sky130_fd_sc_hd__buf_1)
                  0.06    0.12    5.46 v _437_/X (sky130_fd_sc_hd__buf_1)
     1    0.01                           _221_ (net)
                  0.06    0.00    5.46 v clkbuf_0__221_/A (sky130_fd_sc_hd__clkbuf_16)
                  0.03    0.16    5.62 v clkbuf_0__221_/X (sky130_fd_sc_hd__clkbuf_16)
     2    0.02                           clknet_0__221_ (net)
                  0.03    0.00    5.62 v clkbuf_1_1__f__221_/A (sky130_fd_sc_hd__clkbuf_16)
                  0.04    0.16    5.78 v clkbuf_1_1__f__221_/X (sky130_fd_sc_hd__clkbuf_16)
     6    0.03                           clknet_1_1__leaf__221_ (net)
                  0.04    0.00    5.78 v _446__3/A (sky130_fd_sc_hd__inv_2)
                  0.02    0.04    5.82 ^ _446__3/Y (sky130_fd_sc_hd__inv_2)
     1    0.00                           net41 (net)
                  0.02    0.00    5.82 ^ _491_/CLK (sky130_fd_sc_hd__dfrtp_1)
                          0.25    6.07   clock uncertainty
                         -0.08    5.99   clock reconvergence pessimism
                         -0.04    5.96   library hold time
                                  5.96   data required time
-----------------------------------------------------------------------------
                                  5.96   data required time
                                 -6.69   data arrival time
-----------------------------------------------------------------------------
                                  0.74   slack (MET)


Startpoint: _485_ (rising edge-triggered flip-flop clocked by SCK')
Endpoint: _485_ (rising edge-triggered flip-flop clocked by SCK')
Path Group: SCK
Path Type: min

Fanout     Cap    Slew   Delay    Time   Description
-----------------------------------------------------------------------------
                          5.00    5.00   clock SCK' (rise edge)
                          0.00    5.00   clock source latency
                  0.04    0.02    5.02 v SCK (in)
     1    0.02                           SCK (net)
                  0.04    0.00    5.02 v clkbuf_0_SCK/A (sky130_fd_sc_hd__clkbuf_16)
                  0.05    0.15    5.17 v clkbuf_0_SCK/X (sky130_fd_sc_hd__clkbuf_16)
     4    0.04                           clknet_0_SCK (net)
                  0.05    0.00    5.17 v clkbuf_2_3__f_SCK/A (sky130_fd_sc_hd__clkbuf_16)
                  0.04    0.14    5.32 v clkbuf_2_3__f_SCK/X (sky130_fd_sc_hd__clkbuf_16)
     6    0.02                           clknet_2_3__leaf_SCK (net)
                  0.04    0.00    5.32 v _437_/A (sky130_fd_sc_hd__buf_1)
                  0.06    0.10    5.42 v _437_/X (sky130_fd_sc_hd__buf_1)
     1    0.01                           _221_ (net)
                  0.06    0.00    5.42 v clkbuf_0__221_/A (sky130_fd_sc_hd__clkbuf_16)
                  0.03    0.14    5.56 v clkbuf_0__221_/X (sky130_fd_sc_hd__clkbuf_16)
     2    0.02                           clknet_0__221_ (net)
                  0.03    0.00    5.56 v clkbuf_1_0__f__221_/A (sky130_fd_sc_hd__clkbuf_16)
                  0.04    0.14    5.70 v clkbuf_1_0__f__221_/X (sky130_fd_sc_hd__clkbuf_16)
     4    0.02                           clknet_1_0__leaf__221_ (net)
                  0.04    0.00    5.70 v _440__2/A (sky130_fd_sc_hd__inv_2)
                  0.02    0.03    5.73 ^ _440__2/Y (sky130_fd_sc_hd__inv_2)
     1    0.00                           net40 (net)
                  0.02    0.00    5.73 ^ _485_/CLK (sky130_fd_sc_hd__dfrtp_1)
                  0.06    0.31    6.04 ^ _485_/Q (sky130_fd_sc_hd__dfrtp_1)
     2    0.01                           net37 (net)
                  0.06    0.00    6.04 ^ hold9/A (sky130_fd_sc_hd__dlygate4sd3_1)
                  0.06    0.52    6.56 ^ hold9/X (sky130_fd_sc_hd__dlygate4sd3_1)
     1    0.00                           net57 (net)
                  0.06    0.00    6.56 ^ _263_/A1 (sky130_fd_sc_hd__o211a_1)
                  0.04    0.14    6.70 ^ _263_/X (sky130_fd_sc_hd__o211a_1)
     1    0.00                           _091_ (net)
                  0.04    0.00    6.70 ^ _485_/D (sky130_fd_sc_hd__dfrtp_1)
                                  6.70   data arrival time

                          5.00    5.00   clock SCK' (rise edge)
                          0.00    5.00   clock source latency
                  0.04    0.03    5.03 v SCK (in)
     1    0.02                           SCK (net)
                  0.04    0.00    5.03 v clkbuf_0_SCK/A (sky130_fd_sc_hd__clkbuf_16)
                  0.05    0.16    5.19 v clkbuf_0_SCK/X (sky130_fd_sc_hd__clkbuf_16)
     4    0.04                           clknet_0_SCK (net)
                  0.05    0.00    5.19 v clkbuf_2_3__f_SCK/A (sky130_fd_sc_hd__clkbuf_16)
                  0.04    0.16    5.35 v clkbuf_2_3__f_SCK/X (sky130_fd_sc_hd__clkbuf_16)
     6    0.02                           clknet_2_3__leaf_SCK (net)
                  0.04    0.00    5.35 v _437_/A (sky130_fd_sc_hd__buf_1)
                  0.06    0.12    5.46 v _437_/X (sky130_fd_sc_hd__buf_1)
     1    0.01                           _221_ (net)
                  0.06    0.00    5.46 v clkbuf_0__221_/A (sky130_fd_sc_hd__clkbuf_16)
                  0.03    0.16    5.62 v clkbuf_0__221_/X (sky130_fd_sc_hd__clkbuf_16)
     2    0.02                           clknet_0__221_ (net)
                  0.03    0.00    5.62 v clkbuf_1_0__f__221_/A (sky130_fd_sc_hd__clkbuf_16)
                  0.04    0.15    5.77 v clkbuf_1_0__f__221_/X (sky130_fd_sc_hd__clkbuf_16)
     4    0.02                           clknet_1_0__leaf__221_ (net)
                  0.04    0.00    5.77 v _440__2/A (sky130_fd_sc_hd__inv_2)
                  0.02    0.04    5.81 ^ _440__2/Y (sky130_fd_sc_hd__inv_2)
     1    0.00                           net40 (net)
                  0.02    0.00    5.81 ^ _485_/CLK (sky130_fd_sc_hd__dfrtp_1)
                          0.25    6.06   clock uncertainty
                         -0.08    5.98   clock reconvergence pessimism
                         -0.04    5.94   library hold time
                                  5.94   data required time
-----------------------------------------------------------------------------
                                  5.94   data required time
                                 -6.70   data arrival time
-----------------------------------------------------------------------------
                                  0.75   slack (MET)


Startpoint: _487_ (rising edge-triggered flip-flop clocked by SCK)
Endpoint: _457_ (rising edge-triggered flip-flop clocked by SCK)
Path Group: SCK
Path Type: min

Fanout     Cap    Slew   Delay    Time   Description
-----------------------------------------------------------------------------
                          0.00    0.00   clock SCK (rise edge)
                          0.00    0.00   clock source latency
                  0.08    0.05    0.05 ^ SCK (in)
     1    0.02                           SCK (net)
                  0.08    0.00    0.05 ^ clkbuf_0_SCK/A (sky130_fd_sc_hd__clkbuf_16)
                  0.06    0.15    0.20 ^ clkbuf_0_SCK/X (sky130_fd_sc_hd__clkbuf_16)
     4    0.04                           clknet_0_SCK (net)
                  0.06    0.00    0.20 ^ clkbuf_2_2__f_SCK/A (sky130_fd_sc_hd__clkbuf_16)
                  0.05    0.14    0.34 ^ clkbuf_2_2__f_SCK/X (sky130_fd_sc_hd__clkbuf_16)
     9    0.03                           clknet_2_2__leaf_SCK (net)
                  0.05    0.00    0.34 ^ _487_/CLK (sky130_fd_sc_hd__dfrtp_1)
                  0.09    0.34    0.68 ^ _487_/Q (sky130_fd_sc_hd__dfrtp_1)
     3    0.01                           state[1] (net)
                  0.09    0.00    0.68 ^ _370_/A2 (sky130_fd_sc_hd__a31o_1)
                  0.04    0.13    0.82 ^ _370_/X (sky130_fd_sc_hd__a31o_1)
     1    0.00                           _064_ (net)
                  0.04    0.00    0.82 ^ hold2/A (sky130_fd_sc_hd__dlygate4sd3_1)
                  0.05    0.50    1.32 ^ hold2/X (sky130_fd_sc_hd__dlygate4sd3_1)
     1    0.00                           net50 (net)
                  0.05    0.00    1.32 ^ _457_/D (sky130_fd_sc_hd__dfrtp_1)
                                  1.32   data arrival time

                          0.00    0.00   clock SCK (rise edge)
                          0.00    0.00   clock source latency
                  0.08    0.06    0.06 ^ SCK (in)
     1    0.02                           SCK (net)
                  0.08    0.00    0.06 ^ clkbuf_0_SCK/A (sky130_fd_sc_hd__clkbuf_16)
                  0.06    0.17    0.23 ^ clkbuf_0_SCK/X (sky130_fd_sc_hd__clkbuf_16)
     4    0.04                           clknet_0_SCK (net)
                  0.06    0.00    0.23 ^ clkbuf_2_3__f_SCK/A (sky130_fd_sc_hd__clkbuf_16)
                  0.04    0.14    0.37 ^ clkbuf_2_3__f_SCK/X (sky130_fd_sc_hd__clkbuf_16)
     6    0.02                           clknet_2_3__leaf_SCK (net)
                  0.04    0.00    0.37 ^ _457_/CLK (sky130_fd_sc_hd__dfrtp_1)
                          0.25    0.62   clock uncertainty
                         -0.02    0.60   clock reconvergence pessimism
                         -0.04    0.56   library hold time
                                  0.56   data required time
-----------------------------------------------------------------------------
                                  0.56   data required time
                                 -1.32   data arrival time
-----------------------------------------------------------------------------
                                  0.76   slack (MET)


Startpoint: _490_ (rising edge-triggered flip-flop clocked by SCK)
Endpoint: _455_ (rising edge-triggered flip-flop clocked by SCK)
Path Group: SCK
Path Type: min

Fanout     Cap    Slew   Delay    Time   Description
-----------------------------------------------------------------------------
                          0.00    0.00   clock SCK (rise edge)
                          0.00    0.00   clock source latency
                  0.08    0.05    0.05 ^ SCK (in)
     1    0.02                           SCK (net)
                  0.08    0.00    0.05 ^ clkbuf_0_SCK/A (sky130_fd_sc_hd__clkbuf_16)
                  0.06    0.15    0.20 ^ clkbuf_0_SCK/X (sky130_fd_sc_hd__clkbuf_16)
     4    0.04                           clknet_0_SCK (net)
                  0.06    0.00    0.20 ^ clkbuf_2_3__f_SCK/A (sky130_fd_sc_hd__clkbuf_16)
                  0.04    0.13    0.33 ^ clkbuf_2_3__f_SCK/X (sky130_fd_sc_hd__clkbuf_16)
     6    0.02                           clknet_2_3__leaf_SCK (net)
                  0.04    0.00    0.33 ^ _490_/CLK (sky130_fd_sc_hd__dfrtp_1)
                  0.15    0.38    0.71 ^ _490_/Q (sky130_fd_sc_hd__dfrtp_1)
     4    0.02                           state[4] (net)
                  0.15    0.00    0.71 ^ _373_/A1 (sky130_fd_sc_hd__a21o_1)
                  0.03    0.12    0.83 ^ _373_/X (sky130_fd_sc_hd__a21o_1)
     1    0.00                           _062_ (net)
                  0.03    0.00    0.83 ^ hold4/A (sky130_fd_sc_hd__dlygate4sd3_1)
                  0.05    0.50    1.33 ^ hold4/X (sky130_fd_sc_hd__dlygate4sd3_1)
     1    0.00                           net52 (net)
                  0.05    0.00    1.33 ^ _455_/D (sky130_fd_sc_hd__dfrtp_1)
                                  1.33   data arrival time

                          0.00    0.00   clock SCK (rise edge)
                          0.00    0.00   clock source latency
                  0.08    0.06    0.06 ^ SCK (in)
     1    0.02                           SCK (net)
                  0.08    0.00    0.06 ^ clkbuf_0_SCK/A (sky130_fd_sc_hd__clkbuf_16)
                  0.06    0.17    0.23 ^ clkbuf_0_SCK/X (sky130_fd_sc_hd__clkbuf_16)
     4    0.04                           clknet_0_SCK (net)
                  0.06    0.00    0.23 ^ clkbuf_2_3__f_SCK/A (sky130_fd_sc_hd__clkbuf_16)
                  0.04    0.14    0.37 ^ clkbuf_2_3__f_SCK/X (sky130_fd_sc_hd__clkbuf_16)
     6    0.02                           clknet_2_3__leaf_SCK (net)
                  0.04    0.00    0.37 ^ _455_/CLK (sky130_fd_sc_hd__dfrtp_1)
                          0.25    0.62   clock uncertainty
                         -0.03    0.58   clock reconvergence pessimism
                         -0.04    0.55   library hold time
                                  0.55   data required time
-----------------------------------------------------------------------------
                                  0.55   data required time
                                 -1.33   data arrival time
-----------------------------------------------------------------------------
                                  0.78   slack (MET)


Startpoint: _480_ (rising edge-triggered flip-flop clocked by SCK)
Endpoint: _481_ (rising edge-triggered flip-flop clocked by SCK)
Path Group: SCK
Path Type: min

Fanout     Cap    Slew   Delay    Time   Description
-----------------------------------------------------------------------------
                          0.00    0.00   clock SCK (rise edge)
                          0.00    0.00   clock source latency
                  0.08    0.05    0.05 ^ SCK (in)
     1    0.02                           SCK (net)
                  0.08    0.00    0.05 ^ clkbuf_0_SCK/A (sky130_fd_sc_hd__clkbuf_16)
                  0.06    0.15    0.20 ^ clkbuf_0_SCK/X (sky130_fd_sc_hd__clkbuf_16)
     4    0.04                           clknet_0_SCK (net)
                  0.06    0.00    0.20 ^ clkbuf_2_0__f_SCK/A (sky130_fd_sc_hd__clkbuf_16)
                  0.05    0.13    0.34 ^ clkbuf_2_0__f_SCK/X (sky130_fd_sc_hd__clkbuf_16)
     9    0.03                           clknet_2_0__leaf_SCK (net)
                  0.05    0.00    0.34 ^ _480_/CLK (sky130_fd_sc_hd__dfrtp_1)
                  0.09    0.34    0.68 ^ _480_/Q (sky130_fd_sc_hd__dfrtp_1)
     3    0.01                           net27 (net)
                  0.09    0.00    0.68 ^ _278_/A1 (sky130_fd_sc_hd__mux2_1)
                  0.03    0.12    0.79 ^ _278_/X (sky130_fd_sc_hd__mux2_1)
     1    0.00                           _135_ (net)
                  0.03    0.00    0.79 ^ hold20/A (sky130_fd_sc_hd__dlygate4sd3_1)
                  0.05    0.50    1.30 ^ hold20/X (sky130_fd_sc_hd__dlygate4sd3_1)
     1    0.00                           net68 (net)
                  0.05    0.00    1.30 ^ _279_/A (sky130_fd_sc_hd__clkbuf_1)
                  0.04    0.07    1.37 ^ _279_/X (sky130_fd_sc_hd__clkbuf_1)
     1    0.00                           _088_ (net)
                  0.04    0.00    1.37 ^ _481_/D (sky130_fd_sc_hd__dfrtp_1)
                                  1.37   data arrival time

                          0.00    0.00   clock SCK (rise edge)
                          0.00    0.00   clock source latency
                  0.08    0.06    0.06 ^ SCK (in)
     1    0.02                           SCK (net)
                  0.08    0.00    0.06 ^ clkbuf_0_SCK/A (sky130_fd_sc_hd__clkbuf_16)
                  0.06    0.17    0.23 ^ clkbuf_0_SCK/X (sky130_fd_sc_hd__clkbuf_16)
     4    0.04                           clknet_0_SCK (net)
                  0.06    0.00    0.23 ^ clkbuf_2_0__f_SCK/A (sky130_fd_sc_hd__clkbuf_16)
                  0.05    0.15    0.38 ^ clkbuf_2_0__f_SCK/X (sky130_fd_sc_hd__clkbuf_16)
     9    0.03                           clknet_2_0__leaf_SCK (net)
                  0.05    0.00    0.38 ^ _481_/CLK (sky130_fd_sc_hd__dfrtp_1)
                          0.25    0.63   clock uncertainty
                         -0.04    0.59   clock reconvergence pessimism
                         -0.03    0.56   library hold time
                                  0.56   data required time
-----------------------------------------------------------------------------
                                  0.56   data required time
                                 -1.37   data arrival time
-----------------------------------------------------------------------------
                                  0.81   slack (MET)


Startpoint: _484_ (rising edge-triggered flip-flop clocked by SCK)
Endpoint: _487_ (rising edge-triggered flip-flop clocked by SCK)
Path Group: SCK
Path Type: min

Fanout     Cap    Slew   Delay    Time   Description
-----------------------------------------------------------------------------
                          0.00    0.00   clock SCK (rise edge)
                          0.00    0.00   clock source latency
                  0.08    0.05    0.05 ^ SCK (in)
     1    0.02                           SCK (net)
                  0.08    0.00    0.05 ^ clkbuf_0_SCK/A (sky130_fd_sc_hd__clkbuf_16)
                  0.06    0.15    0.20 ^ clkbuf_0_SCK/X (sky130_fd_sc_hd__clkbuf_16)
     4    0.04                           clknet_0_SCK (net)
                  0.06    0.00    0.20 ^ clkbuf_2_1__f_SCK/A (sky130_fd_sc_hd__clkbuf_16)
                  0.06    0.14    0.35 ^ clkbuf_2_1__f_SCK/X (sky130_fd_sc_hd__clkbuf_16)
    12    0.04                           clknet_2_1__leaf_SCK (net)
                  0.06    0.00    0.35 ^ _484_/CLK (sky130_fd_sc_hd__dfrtp_1)
                  0.17    0.40    0.75 ^ _484_/Q (sky130_fd_sc_hd__dfrtp_1)
     5    0.02                           pre_pass_thru_user (net)
                  0.17    0.00    0.75 ^ _377_/A1 (sky130_fd_sc_hd__a41o_1)
                  0.04    0.17    0.91 ^ _377_/X (sky130_fd_sc_hd__a41o_1)
     1    0.00                           _002_ (net)
                  0.04    0.00    0.91 ^ hold8/A (sky130_fd_sc_hd__dlygate4sd3_1)
                  0.05    0.51    1.42 ^ hold8/X (sky130_fd_sc_hd__dlygate4sd3_1)
     1    0.00                           net56 (net)
                  0.05    0.00    1.42 ^ _487_/D (sky130_fd_sc_hd__dfrtp_1)
                                  1.42   data arrival time

                          0.00    0.00   clock SCK (rise edge)
                          0.00    0.00   clock source latency
                  0.08    0.06    0.06 ^ SCK (in)
     1    0.02                           SCK (net)
                  0.08    0.00    0.06 ^ clkbuf_0_SCK/A (sky130_fd_sc_hd__clkbuf_16)
                  0.06    0.17    0.23 ^ clkbuf_0_SCK/X (sky130_fd_sc_hd__clkbuf_16)
     4    0.04                           clknet_0_SCK (net)
                  0.06    0.00    0.23 ^ clkbuf_2_2__f_SCK/A (sky130_fd_sc_hd__clkbuf_16)
                  0.05    0.15    0.38 ^ clkbuf_2_2__f_SCK/X (sky130_fd_sc_hd__clkbuf_16)
     9    0.03                           clknet_2_2__leaf_SCK (net)
                  0.05    0.00    0.38 ^ _487_/CLK (sky130_fd_sc_hd__dfrtp_1)
                          0.25    0.63   clock uncertainty
                         -0.02    0.61   clock reconvergence pessimism
                         -0.04    0.57   library hold time
                                  0.57   data required time
-----------------------------------------------------------------------------
                                  0.57   data required time
                                 -1.42   data arrival time
-----------------------------------------------------------------------------
                                  0.85   slack (MET)


Startpoint: _482_ (rising edge-triggered flip-flop clocked by SCK)
Endpoint: _490_ (rising edge-triggered flip-flop clocked by SCK)
Path Group: SCK
Path Type: min

Fanout     Cap    Slew   Delay    Time   Description
-----------------------------------------------------------------------------
                          0.00    0.00   clock SCK (rise edge)
                          0.00    0.00   clock source latency
                  0.08    0.05    0.05 ^ SCK (in)
     1    0.02                           SCK (net)
                  0.08    0.00    0.05 ^ clkbuf_0_SCK/A (sky130_fd_sc_hd__clkbuf_16)
                  0.06    0.15    0.20 ^ clkbuf_0_SCK/X (sky130_fd_sc_hd__clkbuf_16)
     4    0.04                           clknet_0_SCK (net)
                  0.06    0.00    0.20 ^ clkbuf_2_1__f_SCK/A (sky130_fd_sc_hd__clkbuf_16)
                  0.06    0.14    0.35 ^ clkbuf_2_1__f_SCK/X (sky130_fd_sc_hd__clkbuf_16)
    12    0.04                           clknet_2_1__leaf_SCK (net)
                  0.06    0.00    0.35 ^ _482_/CLK (sky130_fd_sc_hd__dfrtp_4)
                  0.11    0.44    0.78 ^ _482_/Q (sky130_fd_sc_hd__dfrtp_4)
     6    0.03                           pre_pass_thru_mgmt (net)
                  0.11    0.00    0.78 ^ _376_/A1 (sky130_fd_sc_hd__a31o_1)
                  0.04    0.13    0.92 ^ _376_/X (sky130_fd_sc_hd__a31o_1)
     1    0.00                           _005_ (net)
                  0.04    0.00    0.92 ^ hold11/A (sky130_fd_sc_hd__dlygate4sd3_1)
                  0.06    0.51    1.42 ^ hold11/X (sky130_fd_sc_hd__dlygate4sd3_1)
     1    0.00                           net59 (net)
                  0.06    0.00    1.42 ^ _490_/D (sky130_fd_sc_hd__dfrtp_1)
                                  1.42   data arrival time

                          0.00    0.00   clock SCK (rise edge)
                          0.00    0.00   clock source latency
                  0.08    0.06    0.06 ^ SCK (in)
     1    0.02                           SCK (net)
                  0.08    0.00    0.06 ^ clkbuf_0_SCK/A (sky130_fd_sc_hd__clkbuf_16)
                  0.06    0.17    0.23 ^ clkbuf_0_SCK/X (sky130_fd_sc_hd__clkbuf_16)
     4    0.04                           clknet_0_SCK (net)
                  0.06    0.00    0.23 ^ clkbuf_2_3__f_SCK/A (sky130_fd_sc_hd__clkbuf_16)
                  0.04    0.14    0.37 ^ clkbuf_2_3__f_SCK/X (sky130_fd_sc_hd__clkbuf_16)
     6    0.02                           clknet_2_3__leaf_SCK (net)
                  0.04    0.00    0.37 ^ _490_/CLK (sky130_fd_sc_hd__dfrtp_1)
                          0.25    0.62   clock uncertainty
                         -0.02    0.60   clock reconvergence pessimism
                         -0.04    0.56   library hold time
                                  0.56   data required time
-----------------------------------------------------------------------------
                                  0.56   data required time
                                 -1.42   data arrival time
-----------------------------------------------------------------------------
                                  0.86   slack (MET)


Startpoint: CSB (input port clocked by SCK)
Endpoint: _489_ (removal check against rising-edge clock SCK)
Path Group: asynchronous
Path Type: min

Fanout     Cap    Slew   Delay    Time   Description
-----------------------------------------------------------------------------
                          0.00    0.00   clock SCK (rise edge)
                          0.00    0.00   clock network delay (propagated)
                          2.00    2.00 v input external delay
                  0.01    0.00    2.00 v CSB (in)
     1    0.00                           CSB (net)
                  0.01    0.00    2.00 v input1/A (sky130_fd_sc_hd__clkbuf_1)
                  0.02    0.06    2.07 v input1/X (sky130_fd_sc_hd__clkbuf_1)
     1    0.00                           net1 (net)
                  0.02    0.00    2.07 v _224_/A (sky130_fd_sc_hd__buf_2)
                  0.09    0.16    2.23 v _224_/X (sky130_fd_sc_hd__buf_2)
     9    0.03                           _102_ (net)
                  0.09    0.00    2.23 v _444_/B (sky130_fd_sc_hd__nor2_1)
                  0.10    0.11    2.34 ^ _444_/Y (sky130_fd_sc_hd__nor2_1)
     1    0.00                           _043_ (net)
                  0.10    0.00    2.34 ^ _489_/RESET_B (sky130_fd_sc_hd__dfrtp_1)
                                  2.34   data arrival time

                          0.00    0.00   clock SCK (rise edge)
                          0.00    0.00   clock source latency
                  0.08    0.06    0.06 ^ SCK (in)
     1    0.02                           SCK (net)
                  0.08    0.00    0.06 ^ clkbuf_0_SCK/A (sky130_fd_sc_hd__clkbuf_16)
                  0.06    0.17    0.23 ^ clkbuf_0_SCK/X (sky130_fd_sc_hd__clkbuf_16)
     4    0.04                           clknet_0_SCK (net)
                  0.06    0.00    0.23 ^ clkbuf_2_2__f_SCK/A (sky130_fd_sc_hd__clkbuf_16)
                  0.05    0.15    0.38 ^ clkbuf_2_2__f_SCK/X (sky130_fd_sc_hd__clkbuf_16)
     9    0.03                           clknet_2_2__leaf_SCK (net)
                  0.05    0.00    0.38 ^ _489_/CLK (sky130_fd_sc_hd__dfrtp_1)
                          0.25    0.63   clock uncertainty
                          0.00    0.63   clock reconvergence pessimism
                          0.34    0.96   library removal time
                                  0.96   data required time
-----------------------------------------------------------------------------
                                  0.96   data required time
                                 -2.34   data arrival time
-----------------------------------------------------------------------------
                                  1.38   slack (MET)


Startpoint: CSB (input port clocked by SCK)
Endpoint: _488_ (removal check against rising-edge clock SCK)
Path Group: asynchronous
Path Type: min

Fanout     Cap    Slew   Delay    Time   Description
-----------------------------------------------------------------------------
                          0.00    0.00   clock SCK (rise edge)
                          0.00    0.00   clock network delay (propagated)
                          2.00    2.00 v input external delay
                  0.01    0.00    2.00 v CSB (in)
     1    0.00                           CSB (net)
                  0.01    0.00    2.00 v input1/A (sky130_fd_sc_hd__clkbuf_1)
                  0.02    0.06    2.07 v input1/X (sky130_fd_sc_hd__clkbuf_1)
     1    0.00                           net1 (net)
                  0.02    0.00    2.07 v _224_/A (sky130_fd_sc_hd__buf_2)
                  0.09    0.16    2.23 v _224_/X (sky130_fd_sc_hd__buf_2)
     9    0.03                           _102_ (net)
                  0.09    0.00    2.23 v _443_/B (sky130_fd_sc_hd__nor2_1)
                  0.10    0.11    2.34 ^ _443_/Y (sky130_fd_sc_hd__nor2_1)
     1    0.00                           _042_ (net)
                  0.10    0.00    2.34 ^ _488_/RESET_B (sky130_fd_sc_hd__dfrtp_4)
                                  2.34   data arrival time

                          0.00    0.00   clock SCK (rise edge)
                          0.00    0.00   clock source latency
                  0.08    0.06    0.06 ^ SCK (in)
     1    0.02                           SCK (net)
                  0.08    0.00    0.06 ^ clkbuf_0_SCK/A (sky130_fd_sc_hd__clkbuf_16)
                  0.06    0.17    0.23 ^ clkbuf_0_SCK/X (sky130_fd_sc_hd__clkbuf_16)
     4    0.04                           clknet_0_SCK (net)
                  0.06    0.00    0.23 ^ clkbuf_2_2__f_SCK/A (sky130_fd_sc_hd__clkbuf_16)
                  0.05    0.15    0.38 ^ clkbuf_2_2__f_SCK/X (sky130_fd_sc_hd__clkbuf_16)
     9    0.03                           clknet_2_2__leaf_SCK (net)
                  0.05    0.00    0.38 ^ _488_/CLK (sky130_fd_sc_hd__dfrtp_4)
                          0.25    0.63   clock uncertainty
                          0.00    0.63   clock reconvergence pessimism
                          0.34    0.96   library removal time
                                  0.96   data required time
-----------------------------------------------------------------------------
                                  0.96   data required time
                                 -2.34   data arrival time
-----------------------------------------------------------------------------
                                  1.38   slack (MET)


Startpoint: CSB (input port clocked by SCK)
Endpoint: _487_ (removal check against rising-edge clock SCK)
Path Group: asynchronous
Path Type: min

Fanout     Cap    Slew   Delay    Time   Description
-----------------------------------------------------------------------------
                          0.00    0.00   clock SCK (rise edge)
                          0.00    0.00   clock network delay (propagated)
                          2.00    2.00 v input external delay
                  0.01    0.00    2.00 v CSB (in)
     1    0.00                           CSB (net)
                  0.01    0.00    2.00 v input1/A (sky130_fd_sc_hd__clkbuf_1)
                  0.02    0.06    2.07 v input1/X (sky130_fd_sc_hd__clkbuf_1)
     1    0.00                           net1 (net)
                  0.02    0.00    2.07 v _224_/A (sky130_fd_sc_hd__buf_2)
                  0.09    0.16    2.23 v _224_/X (sky130_fd_sc_hd__buf_2)
     9    0.03                           _102_ (net)
                  0.09    0.00    2.23 v _442_/B (sky130_fd_sc_hd__nor2_1)
                  0.10    0.11    2.35 ^ _442_/Y (sky130_fd_sc_hd__nor2_1)
     1    0.00                           _041_ (net)
                  0.10    0.00    2.35 ^ _487_/RESET_B (sky130_fd_sc_hd__dfrtp_1)
                                  2.35   data arrival time

                          0.00    0.00   clock SCK (rise edge)
                          0.00    0.00   clock source latency
                  0.08    0.06    0.06 ^ SCK (in)
     1    0.02                           SCK (net)
                  0.08    0.00    0.06 ^ clkbuf_0_SCK/A (sky130_fd_sc_hd__clkbuf_16)
                  0.06    0.17    0.23 ^ clkbuf_0_SCK/X (sky130_fd_sc_hd__clkbuf_16)
     4    0.04                           clknet_0_SCK (net)
                  0.06    0.00    0.23 ^ clkbuf_2_2__f_SCK/A (sky130_fd_sc_hd__clkbuf_16)
                  0.05    0.15    0.38 ^ clkbuf_2_2__f_SCK/X (sky130_fd_sc_hd__clkbuf_16)
     9    0.03                           clknet_2_2__leaf_SCK (net)
                  0.05    0.00    0.38 ^ _487_/CLK (sky130_fd_sc_hd__dfrtp_1)
                          0.25    0.63   clock uncertainty
                          0.00    0.63   clock reconvergence pessimism
                          0.34    0.97   library removal time
                                  0.97   data required time
-----------------------------------------------------------------------------
                                  0.97   data required time
                                 -2.35   data arrival time
-----------------------------------------------------------------------------
                                  1.38   slack (MET)


Startpoint: CSB (input port clocked by SCK)
Endpoint: _490_ (removal check against rising-edge clock SCK)
Path Group: asynchronous
Path Type: min

Fanout     Cap    Slew   Delay    Time   Description
-----------------------------------------------------------------------------
                          0.00    0.00   clock SCK (rise edge)
                          0.00    0.00   clock network delay (propagated)
                          2.00    2.00 v input external delay
                  0.01    0.00    2.00 v CSB (in)
     1    0.00                           CSB (net)
                  0.01    0.00    2.00 v input1/A (sky130_fd_sc_hd__clkbuf_1)
                  0.02    0.06    2.07 v input1/X (sky130_fd_sc_hd__clkbuf_1)
     1    0.00                           net1 (net)
                  0.02    0.00    2.07 v _224_/A (sky130_fd_sc_hd__buf_2)
                  0.09    0.16    2.23 v _224_/X (sky130_fd_sc_hd__buf_2)
     9    0.03                           _102_ (net)
                  0.09    0.00    2.23 v _445_/B (sky130_fd_sc_hd__nor2_1)
                  0.12    0.12    2.36 ^ _445_/Y (sky130_fd_sc_hd__nor2_1)
     1    0.01                           _044_ (net)
                  0.12    0.00    2.36 ^ _490_/RESET_B (sky130_fd_sc_hd__dfrtp_1)
                                  2.36   data arrival time

                          0.00    0.00   clock SCK (rise edge)
                          0.00    0.00   clock source latency
                  0.08    0.06    0.06 ^ SCK (in)
     1    0.02                           SCK (net)
                  0.08    0.00    0.06 ^ clkbuf_0_SCK/A (sky130_fd_sc_hd__clkbuf_16)
                  0.06    0.17    0.23 ^ clkbuf_0_SCK/X (sky130_fd_sc_hd__clkbuf_16)
     4    0.04                           clknet_0_SCK (net)
                  0.06    0.00    0.23 ^ clkbuf_2_3__f_SCK/A (sky130_fd_sc_hd__clkbuf_16)
                  0.04    0.14    0.37 ^ clkbuf_2_3__f_SCK/X (sky130_fd_sc_hd__clkbuf_16)
     6    0.02                           clknet_2_3__leaf_SCK (net)
                  0.04    0.00    0.37 ^ _490_/CLK (sky130_fd_sc_hd__dfrtp_1)
                          0.25    0.62   clock uncertainty
                          0.00    0.62   clock reconvergence pessimism
                          0.34    0.96   library removal time
                                  0.96   data required time
-----------------------------------------------------------------------------
                                  0.96   data required time
                                 -2.36   data arrival time
-----------------------------------------------------------------------------
                                  1.40   slack (MET)


Startpoint: CSB (input port clocked by SCK)
Endpoint: _486_ (removal check against rising-edge clock SCK)
Path Group: asynchronous
Path Type: min

Fanout     Cap    Slew   Delay    Time   Description
-----------------------------------------------------------------------------
                          0.00    0.00   clock SCK (rise edge)
                          0.00    0.00   clock network delay (propagated)
                          2.00    2.00 v input external delay
                  0.01    0.00    2.00 v CSB (in)
     1    0.00                           CSB (net)
                  0.01    0.00    2.00 v input1/A (sky130_fd_sc_hd__clkbuf_1)
                  0.02    0.06    2.07 v input1/X (sky130_fd_sc_hd__clkbuf_1)
     1    0.00                           net1 (net)
                  0.02    0.00    2.07 v _224_/A (sky130_fd_sc_hd__buf_2)
                  0.09    0.16    2.23 v _224_/X (sky130_fd_sc_hd__buf_2)
     9    0.03                           _102_ (net)
                  0.09    0.00    2.23 v _441_/B (sky130_fd_sc_hd__nor2_1)
                  0.09    0.10    2.34 ^ _441_/Y (sky130_fd_sc_hd__nor2_1)
     1    0.00                           _040_ (net)
                  0.09    0.00    2.34 ^ _486_/SET_B (sky130_fd_sc_hd__dfstp_2)
                                  2.34   data arrival time

                          0.00    0.00   clock SCK (rise edge)
                          0.00    0.00   clock source latency
                  0.08    0.06    0.06 ^ SCK (in)
     1    0.02                           SCK (net)
                  0.08    0.00    0.06 ^ clkbuf_0_SCK/A (sky130_fd_sc_hd__clkbuf_16)
                  0.06    0.17    0.23 ^ clkbuf_0_SCK/X (sky130_fd_sc_hd__clkbuf_16)
     4    0.04                           clknet_0_SCK (net)
                  0.06    0.00    0.23 ^ clkbuf_2_0__f_SCK/A (sky130_fd_sc_hd__clkbuf_16)
                  0.05    0.15    0.38 ^ clkbuf_2_0__f_SCK/X (sky130_fd_sc_hd__clkbuf_16)
     9    0.03                           clknet_2_0__leaf_SCK (net)
                  0.05    0.00    0.38 ^ _486_/CLK (sky130_fd_sc_hd__dfstp_2)
                          0.25    0.63   clock uncertainty
                          0.00    0.63   clock reconvergence pessimism
                          0.15    0.78   library removal time
                                  0.78   data required time
-----------------------------------------------------------------------------
                                  0.78   data required time
                                 -2.34   data arrival time
-----------------------------------------------------------------------------
                                  1.56   slack (MET)


Startpoint: CSB (input port clocked by SCK)
Endpoint: _471_ (removal check against rising-edge clock SCK)
Path Group: asynchronous
Path Type: min

Fanout     Cap    Slew   Delay    Time   Description
-----------------------------------------------------------------------------
                          0.00    0.00   clock SCK (rise edge)
                          0.00    0.00   clock network delay (propagated)
                          2.00    2.00 v input external delay
                  0.01    0.00    2.00 v CSB (in)
     1    0.00                           CSB (net)
                  0.01    0.00    2.00 v input1/A (sky130_fd_sc_hd__clkbuf_1)
                  0.02    0.06    2.07 v input1/X (sky130_fd_sc_hd__clkbuf_1)
     1    0.00                           net1 (net)
                  0.02    0.00    2.07 v _224_/A (sky130_fd_sc_hd__buf_2)
                  0.09    0.16    2.23 v _224_/X (sky130_fd_sc_hd__buf_2)
     9    0.03                           _102_ (net)
                  0.09    0.00    2.23 v _415_/A (sky130_fd_sc_hd__clkbuf_4)
                  0.09    0.20    2.43 v _415_/X (sky130_fd_sc_hd__clkbuf_4)
    10    0.04                           _218_ (net)
                  0.09    0.00    2.43 v _423_/B (sky130_fd_sc_hd__nor2_1)
                  0.09    0.11    2.54 ^ _423_/Y (sky130_fd_sc_hd__nor2_1)
     1    0.00                           _023_ (net)
                  0.09    0.00    2.54 ^ _471_/RESET_B (sky130_fd_sc_hd__dfrtp_1)
                                  2.54   data arrival time

                          0.00    0.00   clock SCK (rise edge)
                          0.00    0.00   clock source latency
                  0.08    0.06    0.06 ^ SCK (in)
     1    0.02                           SCK (net)
                  0.08    0.00    0.06 ^ clkbuf_0_SCK/A (sky130_fd_sc_hd__clkbuf_16)
                  0.06    0.17    0.23 ^ clkbuf_0_SCK/X (sky130_fd_sc_hd__clkbuf_16)
     4    0.04                           clknet_0_SCK (net)
                  0.06    0.00    0.23 ^ clkbuf_2_1__f_SCK/A (sky130_fd_sc_hd__clkbuf_16)
                  0.06    0.16    0.38 ^ clkbuf_2_1__f_SCK/X (sky130_fd_sc_hd__clkbuf_16)
    12    0.04                           clknet_2_1__leaf_SCK (net)
                  0.06    0.00    0.38 ^ _471_/CLK (sky130_fd_sc_hd__dfrtp_1)
                          0.25    0.63   clock uncertainty
                          0.00    0.63   clock reconvergence pessimism
                          0.34    0.97   library removal time
                                  0.97   data required time
-----------------------------------------------------------------------------
                                  0.97   data required time
                                 -2.54   data arrival time
-----------------------------------------------------------------------------
                                  1.57   slack (MET)


Startpoint: CSB (input port clocked by SCK)
Endpoint: _470_ (removal check against rising-edge clock SCK)
Path Group: asynchronous
Path Type: min

Fanout     Cap    Slew   Delay    Time   Description
-----------------------------------------------------------------------------
                          0.00    0.00   clock SCK (rise edge)
                          0.00    0.00   clock network delay (propagated)
                          2.00    2.00 v input external delay
                  0.01    0.00    2.00 v CSB (in)
     1    0.00                           CSB (net)
                  0.01    0.00    2.00 v input1/A (sky130_fd_sc_hd__clkbuf_1)
                  0.02    0.06    2.07 v input1/X (sky130_fd_sc_hd__clkbuf_1)
     1    0.00                           net1 (net)
                  0.02    0.00    2.07 v _224_/A (sky130_fd_sc_hd__buf_2)
                  0.09    0.16    2.23 v _224_/X (sky130_fd_sc_hd__buf_2)
     9    0.03                           _102_ (net)
                  0.09    0.00    2.23 v _415_/A (sky130_fd_sc_hd__clkbuf_4)
                  0.09    0.20    2.43 v _415_/X (sky130_fd_sc_hd__clkbuf_4)
    10    0.04                           _218_ (net)
                  0.09    0.00    2.43 v _422_/B (sky130_fd_sc_hd__nor2_1)
                  0.09    0.11    2.54 ^ _422_/Y (sky130_fd_sc_hd__nor2_1)
     1    0.00                           _022_ (net)
                  0.09    0.00    2.54 ^ _470_/RESET_B (sky130_fd_sc_hd__dfrtp_1)
                                  2.54   data arrival time

                          0.00    0.00   clock SCK (rise edge)
                          0.00    0.00   clock source latency
                  0.08    0.06    0.06 ^ SCK (in)
     1    0.02                           SCK (net)
                  0.08    0.00    0.06 ^ clkbuf_0_SCK/A (sky130_fd_sc_hd__clkbuf_16)
                  0.06    0.17    0.23 ^ clkbuf_0_SCK/X (sky130_fd_sc_hd__clkbuf_16)
     4    0.04                           clknet_0_SCK (net)
                  0.06    0.00    0.23 ^ clkbuf_2_1__f_SCK/A (sky130_fd_sc_hd__clkbuf_16)
                  0.06    0.16    0.38 ^ clkbuf_2_1__f_SCK/X (sky130_fd_sc_hd__clkbuf_16)
    12    0.04                           clknet_2_1__leaf_SCK (net)
                  0.06    0.00    0.38 ^ _470_/CLK (sky130_fd_sc_hd__dfrtp_1)
                          0.25    0.63   clock uncertainty
                          0.00    0.63   clock reconvergence pessimism
                          0.34    0.97   library removal time
                                  0.97   data required time
-----------------------------------------------------------------------------
                                  0.97   data required time
                                 -2.54   data arrival time
-----------------------------------------------------------------------------
                                  1.57   slack (MET)


Startpoint: CSB (input port clocked by SCK)
Endpoint: _469_ (removal check against rising-edge clock SCK)
Path Group: asynchronous
Path Type: min

Fanout     Cap    Slew   Delay    Time   Description
-----------------------------------------------------------------------------
                          0.00    0.00   clock SCK (rise edge)
                          0.00    0.00   clock network delay (propagated)
                          2.00    2.00 v input external delay
                  0.01    0.00    2.00 v CSB (in)
     1    0.00                           CSB (net)
                  0.01    0.00    2.00 v input1/A (sky130_fd_sc_hd__clkbuf_1)
                  0.02    0.06    2.07 v input1/X (sky130_fd_sc_hd__clkbuf_1)
     1    0.00                           net1 (net)
                  0.02    0.00    2.07 v _224_/A (sky130_fd_sc_hd__buf_2)
                  0.09    0.16    2.23 v _224_/X (sky130_fd_sc_hd__buf_2)
     9    0.03                           _102_ (net)
                  0.09    0.00    2.23 v _415_/A (sky130_fd_sc_hd__clkbuf_4)
                  0.09    0.20    2.43 v _415_/X (sky130_fd_sc_hd__clkbuf_4)
    10    0.04                           _218_ (net)
                  0.09    0.00    2.43 v _421_/B (sky130_fd_sc_hd__nor2_1)
                  0.10    0.11    2.54 ^ _421_/Y (sky130_fd_sc_hd__nor2_1)
     1    0.00                           _021_ (net)
                  0.10    0.00    2.54 ^ _469_/RESET_B (sky130_fd_sc_hd__dfrtp_4)
                                  2.54   data arrival time

                          0.00    0.00   clock SCK (rise edge)
                          0.00    0.00   clock source latency
                  0.08    0.06    0.06 ^ SCK (in)
     1    0.02                           SCK (net)
                  0.08    0.00    0.06 ^ clkbuf_0_SCK/A (sky130_fd_sc_hd__clkbuf_16)
                  0.06    0.17    0.23 ^ clkbuf_0_SCK/X (sky130_fd_sc_hd__clkbuf_16)
     4    0.04                           clknet_0_SCK (net)
                  0.06    0.00    0.23 ^ clkbuf_2_1__f_SCK/A (sky130_fd_sc_hd__clkbuf_16)
                  0.06    0.16    0.38 ^ clkbuf_2_1__f_SCK/X (sky130_fd_sc_hd__clkbuf_16)
    12    0.04                           clknet_2_1__leaf_SCK (net)
                  0.06    0.00    0.38 ^ _469_/CLK (sky130_fd_sc_hd__dfrtp_4)
                          0.25    0.63   clock uncertainty
                          0.00    0.63   clock reconvergence pessimism
                          0.34    0.97   library removal time
                                  0.97   data required time
-----------------------------------------------------------------------------
                                  0.97   data required time
                                 -2.54   data arrival time
-----------------------------------------------------------------------------
                                  1.57   slack (MET)


Startpoint: CSB (input port clocked by SCK)
Endpoint: _467_ (removal check against rising-edge clock SCK)
Path Group: asynchronous
Path Type: min

Fanout     Cap    Slew   Delay    Time   Description
-----------------------------------------------------------------------------
                          0.00    0.00   clock SCK (rise edge)
                          0.00    0.00   clock network delay (propagated)
                          2.00    2.00 v input external delay
                  0.01    0.00    2.00 v CSB (in)
     1    0.00                           CSB (net)
                  0.01    0.00    2.00 v input1/A (sky130_fd_sc_hd__clkbuf_1)
                  0.02    0.06    2.07 v input1/X (sky130_fd_sc_hd__clkbuf_1)
     1    0.00                           net1 (net)
                  0.02    0.00    2.07 v _224_/A (sky130_fd_sc_hd__buf_2)
                  0.09    0.16    2.23 v _224_/X (sky130_fd_sc_hd__buf_2)
     9    0.03                           _102_ (net)
                  0.09    0.00    2.23 v _415_/A (sky130_fd_sc_hd__clkbuf_4)
                  0.09    0.20    2.43 v _415_/X (sky130_fd_sc_hd__clkbuf_4)
    10    0.04                           _218_ (net)
                  0.09    0.00    2.43 v _419_/B (sky130_fd_sc_hd__nor2_1)
                  0.10    0.11    2.54 ^ _419_/Y (sky130_fd_sc_hd__nor2_1)
     1    0.00                           _019_ (net)
                  0.10    0.00    2.54 ^ _467_/RESET_B (sky130_fd_sc_hd__dfrtp_1)
                                  2.54   data arrival time

                          0.00    0.00   clock SCK (rise edge)
                          0.00    0.00   clock source latency
                  0.08    0.06    0.06 ^ SCK (in)
     1    0.02                           SCK (net)
                  0.08    0.00    0.06 ^ clkbuf_0_SCK/A (sky130_fd_sc_hd__clkbuf_16)
                  0.06    0.17    0.23 ^ clkbuf_0_SCK/X (sky130_fd_sc_hd__clkbuf_16)
     4    0.04                           clknet_0_SCK (net)
                  0.06    0.00    0.23 ^ clkbuf_2_1__f_SCK/A (sky130_fd_sc_hd__clkbuf_16)
                  0.06    0.16    0.38 ^ clkbuf_2_1__f_SCK/X (sky130_fd_sc_hd__clkbuf_16)
    12    0.04                           clknet_2_1__leaf_SCK (net)
                  0.06    0.00    0.38 ^ _467_/CLK (sky130_fd_sc_hd__dfrtp_1)
                          0.25    0.63   clock uncertainty
                          0.00    0.63   clock reconvergence pessimism
                          0.34    0.97   library removal time
                                  0.97   data required time
-----------------------------------------------------------------------------
                                  0.97   data required time
                                 -2.54   data arrival time
-----------------------------------------------------------------------------
                                  1.57   slack (MET)


Startpoint: CSB (input port clocked by SCK)
Endpoint: _468_ (removal check against rising-edge clock SCK)
Path Group: asynchronous
Path Type: min

Fanout     Cap    Slew   Delay    Time   Description
-----------------------------------------------------------------------------
                          0.00    0.00   clock SCK (rise edge)
                          0.00    0.00   clock network delay (propagated)
                          2.00    2.00 v input external delay
                  0.01    0.00    2.00 v CSB (in)
     1    0.00                           CSB (net)
                  0.01    0.00    2.00 v input1/A (sky130_fd_sc_hd__clkbuf_1)
                  0.02    0.06    2.07 v input1/X (sky130_fd_sc_hd__clkbuf_1)
     1    0.00                           net1 (net)
                  0.02    0.00    2.07 v _224_/A (sky130_fd_sc_hd__buf_2)
                  0.09    0.16    2.23 v _224_/X (sky130_fd_sc_hd__buf_2)
     9    0.03                           _102_ (net)
                  0.09    0.00    2.23 v _415_/A (sky130_fd_sc_hd__clkbuf_4)
                  0.09    0.20    2.43 v _415_/X (sky130_fd_sc_hd__clkbuf_4)
    10    0.04                           _218_ (net)
                  0.09    0.00    2.43 v _420_/B (sky130_fd_sc_hd__nor2_1)
                  0.10    0.11    2.55 ^ _420_/Y (sky130_fd_sc_hd__nor2_1)
     1    0.00                           _020_ (net)
                  0.10    0.00    2.55 ^ _468_/RESET_B (sky130_fd_sc_hd__dfrtp_4)
                                  2.55   data arrival time

                          0.00    0.00   clock SCK (rise edge)
                          0.00    0.00   clock source latency
                  0.08    0.06    0.06 ^ SCK (in)
     1    0.02                           SCK (net)
                  0.08    0.00    0.06 ^ clkbuf_0_SCK/A (sky130_fd_sc_hd__clkbuf_16)
                  0.06    0.17    0.23 ^ clkbuf_0_SCK/X (sky130_fd_sc_hd__clkbuf_16)
     4    0.04                           clknet_0_SCK (net)
                  0.06    0.00    0.23 ^ clkbuf_2_1__f_SCK/A (sky130_fd_sc_hd__clkbuf_16)
                  0.06    0.16    0.38 ^ clkbuf_2_1__f_SCK/X (sky130_fd_sc_hd__clkbuf_16)
    12    0.04                           clknet_2_1__leaf_SCK (net)
                  0.06    0.00    0.38 ^ _468_/CLK (sky130_fd_sc_hd__dfrtp_4)
                          0.25    0.63   clock uncertainty
                          0.00    0.63   clock reconvergence pessimism
                          0.34    0.97   library removal time
                                  0.97   data required time
-----------------------------------------------------------------------------
                                  0.97   data required time
                                 -2.55   data arrival time
-----------------------------------------------------------------------------
                                  1.57   slack (MET)


Startpoint: CSB (input port clocked by SCK)
Endpoint: _464_ (removal check against rising-edge clock SCK)
Path Group: asynchronous
Path Type: min

Fanout     Cap    Slew   Delay    Time   Description
-----------------------------------------------------------------------------
                          0.00    0.00   clock SCK (rise edge)
                          0.00    0.00   clock network delay (propagated)
                          2.00    2.00 v input external delay
                  0.01    0.00    2.00 v CSB (in)
     1    0.00                           CSB (net)
                  0.01    0.00    2.00 v input1/A (sky130_fd_sc_hd__clkbuf_1)
                  0.02    0.06    2.07 v input1/X (sky130_fd_sc_hd__clkbuf_1)
     1    0.00                           net1 (net)
                  0.02    0.00    2.07 v _224_/A (sky130_fd_sc_hd__buf_2)
                  0.09    0.16    2.23 v _224_/X (sky130_fd_sc_hd__buf_2)
     9    0.03                           _102_ (net)
                  0.09    0.00    2.23 v _415_/A (sky130_fd_sc_hd__clkbuf_4)
                  0.09    0.20    2.43 v _415_/X (sky130_fd_sc_hd__clkbuf_4)
    10    0.04                           _218_ (net)
                  0.09    0.00    2.43 v _416_/B (sky130_fd_sc_hd__nor2_1)
                  0.10    0.11    2.54 ^ _416_/Y (sky130_fd_sc_hd__nor2_1)
     1    0.00                           _016_ (net)
                  0.10    0.00    2.54 ^ _464_/RESET_B (sky130_fd_sc_hd__dfrtp_2)
                                  2.54   data arrival time

                          0.00    0.00   clock SCK (rise edge)
                          0.00    0.00   clock source latency
                  0.08    0.06    0.06 ^ SCK (in)
     1    0.02                           SCK (net)
                  0.08    0.00    0.06 ^ clkbuf_0_SCK/A (sky130_fd_sc_hd__clkbuf_16)
                  0.06    0.17    0.23 ^ clkbuf_0_SCK/X (sky130_fd_sc_hd__clkbuf_16)
     4    0.04                           clknet_0_SCK (net)
                  0.06    0.00    0.23 ^ clkbuf_2_0__f_SCK/A (sky130_fd_sc_hd__clkbuf_16)
                  0.05    0.15    0.38 ^ clkbuf_2_0__f_SCK/X (sky130_fd_sc_hd__clkbuf_16)
     9    0.03                           clknet_2_0__leaf_SCK (net)
                  0.05    0.00    0.38 ^ _464_/CLK (sky130_fd_sc_hd__dfrtp_2)
                          0.25    0.63   clock uncertainty
                          0.00    0.63   clock reconvergence pessimism
                          0.34    0.96   library removal time
                                  0.96   data required time
-----------------------------------------------------------------------------
                                  0.96   data required time
                                 -2.54   data arrival time
-----------------------------------------------------------------------------
                                  1.58   slack (MET)


Startpoint: CSB (input port clocked by SCK)
Endpoint: _466_ (removal check against rising-edge clock SCK)
Path Group: asynchronous
Path Type: min

Fanout     Cap    Slew   Delay    Time   Description
-----------------------------------------------------------------------------
                          0.00    0.00   clock SCK (rise edge)
                          0.00    0.00   clock network delay (propagated)
                          2.00    2.00 v input external delay
                  0.01    0.00    2.00 v CSB (in)
     1    0.00                           CSB (net)
                  0.01    0.00    2.00 v input1/A (sky130_fd_sc_hd__clkbuf_1)
                  0.02    0.06    2.07 v input1/X (sky130_fd_sc_hd__clkbuf_1)
     1    0.00                           net1 (net)
                  0.02    0.00    2.07 v _224_/A (sky130_fd_sc_hd__buf_2)
                  0.09    0.16    2.23 v _224_/X (sky130_fd_sc_hd__buf_2)
     9    0.03                           _102_ (net)
                  0.09    0.00    2.23 v _415_/A (sky130_fd_sc_hd__clkbuf_4)
                  0.09    0.20    2.43 v _415_/X (sky130_fd_sc_hd__clkbuf_4)
    10    0.04                           _218_ (net)
                  0.09    0.00    2.43 v _418_/B (sky130_fd_sc_hd__nor2_1)
                  0.10    0.11    2.54 ^ _418_/Y (sky130_fd_sc_hd__nor2_1)
     1    0.00                           _018_ (net)
                  0.10    0.00    2.54 ^ _466_/RESET_B (sky130_fd_sc_hd__dfrtp_1)
                                  2.54   data arrival time

                          0.00    0.00   clock SCK (rise edge)
                          0.00    0.00   clock source latency
                  0.08    0.06    0.06 ^ SCK (in)
     1    0.02                           SCK (net)
                  0.08    0.00    0.06 ^ clkbuf_0_SCK/A (sky130_fd_sc_hd__clkbuf_16)
                  0.06    0.17    0.23 ^ clkbuf_0_SCK/X (sky130_fd_sc_hd__clkbuf_16)
     4    0.04                           clknet_0_SCK (net)
                  0.06    0.00    0.23 ^ clkbuf_2_0__f_SCK/A (sky130_fd_sc_hd__clkbuf_16)
                  0.05    0.15    0.38 ^ clkbuf_2_0__f_SCK/X (sky130_fd_sc_hd__clkbuf_16)
     9    0.03                           clknet_2_0__leaf_SCK (net)
                  0.05    0.00    0.38 ^ _466_/CLK (sky130_fd_sc_hd__dfrtp_1)
                          0.25    0.63   clock uncertainty
                          0.00    0.63   clock reconvergence pessimism
                          0.34    0.96   library removal time
                                  0.96   data required time
-----------------------------------------------------------------------------
                                  0.96   data required time
                                 -2.54   data arrival time
-----------------------------------------------------------------------------
                                  1.58   slack (MET)


Startpoint: CSB (input port clocked by SCK)
Endpoint: _472_ (removal check against rising-edge clock SCK)
Path Group: asynchronous
Path Type: min

Fanout     Cap    Slew   Delay    Time   Description
-----------------------------------------------------------------------------
                          0.00    0.00   clock SCK (rise edge)
                          0.00    0.00   clock network delay (propagated)
                          2.00    2.00 v input external delay
                  0.01    0.00    2.00 v CSB (in)
     1    0.00                           CSB (net)
                  0.01    0.00    2.00 v input1/A (sky130_fd_sc_hd__clkbuf_1)
                  0.02    0.06    2.07 v input1/X (sky130_fd_sc_hd__clkbuf_1)
     1    0.00                           net1 (net)
                  0.02    0.00    2.07 v _224_/A (sky130_fd_sc_hd__buf_2)
                  0.09    0.16    2.23 v _224_/X (sky130_fd_sc_hd__buf_2)
     9    0.03                           _102_ (net)
                  0.09    0.00    2.23 v _415_/A (sky130_fd_sc_hd__clkbuf_4)
                  0.09    0.20    2.43 v _415_/X (sky130_fd_sc_hd__clkbuf_4)
    10    0.04                           _218_ (net)
                  0.09    0.00    2.43 v _424_/B (sky130_fd_sc_hd__nor2_1)
                  0.09    0.11    2.54 ^ _424_/Y (sky130_fd_sc_hd__nor2_1)
     1    0.00                           _024_ (net)
                  0.09    0.00    2.54 ^ _472_/RESET_B (sky130_fd_sc_hd__dfrtp_1)
                                  2.54   data arrival time

                          0.00    0.00   clock SCK (rise edge)
                          0.00    0.00   clock source latency
                  0.08    0.06    0.06 ^ SCK (in)
     1    0.02                           SCK (net)
                  0.08    0.00    0.06 ^ clkbuf_0_SCK/A (sky130_fd_sc_hd__clkbuf_16)
                  0.06    0.17    0.23 ^ clkbuf_0_SCK/X (sky130_fd_sc_hd__clkbuf_16)
     4    0.04                           clknet_0_SCK (net)
                  0.06    0.00    0.23 ^ clkbuf_2_0__f_SCK/A (sky130_fd_sc_hd__clkbuf_16)
                  0.05    0.15    0.38 ^ clkbuf_2_0__f_SCK/X (sky130_fd_sc_hd__clkbuf_16)
     9    0.03                           clknet_2_0__leaf_SCK (net)
                  0.05    0.00    0.38 ^ _472_/CLK (sky130_fd_sc_hd__dfrtp_1)
                          0.25    0.63   clock uncertainty
                          0.00    0.63   clock reconvergence pessimism
                          0.34    0.96   library removal time
                                  0.96   data required time
-----------------------------------------------------------------------------
                                  0.96   data required time
                                 -2.54   data arrival time
-----------------------------------------------------------------------------
                                  1.58   slack (MET)


Startpoint: CSB (input port clocked by SCK)
Endpoint: _473_ (removal check against rising-edge clock SCK)
Path Group: asynchronous
Path Type: min

Fanout     Cap    Slew   Delay    Time   Description
-----------------------------------------------------------------------------
                          0.00    0.00   clock SCK (rise edge)
                          0.00    0.00   clock network delay (propagated)
                          2.00    2.00 v input external delay
                  0.01    0.00    2.00 v CSB (in)
     1    0.00                           CSB (net)
                  0.01    0.00    2.00 v input1/A (sky130_fd_sc_hd__clkbuf_1)
                  0.02    0.06    2.07 v input1/X (sky130_fd_sc_hd__clkbuf_1)
     1    0.00                           net1 (net)
                  0.02    0.00    2.07 v _224_/A (sky130_fd_sc_hd__buf_2)
                  0.09    0.16    2.23 v _224_/X (sky130_fd_sc_hd__buf_2)
     9    0.03                           _102_ (net)
                  0.09    0.00    2.23 v _415_/A (sky130_fd_sc_hd__clkbuf_4)
                  0.09    0.20    2.43 v _415_/X (sky130_fd_sc_hd__clkbuf_4)
    10    0.04                           _218_ (net)
                  0.09    0.00    2.43 v _425_/B (sky130_fd_sc_hd__nor2_1)
                  0.10    0.11    2.54 ^ _425_/Y (sky130_fd_sc_hd__nor2_1)
     1    0.00                           _025_ (net)
                  0.10    0.00    2.54 ^ _473_/RESET_B (sky130_fd_sc_hd__dfrtp_2)
                                  2.54   data arrival time

                          0.00    0.00   clock SCK (rise edge)
                          0.00    0.00   clock source latency
                  0.08    0.06    0.06 ^ SCK (in)
     1    0.02                           SCK (net)
                  0.08    0.00    0.06 ^ clkbuf_0_SCK/A (sky130_fd_sc_hd__clkbuf_16)
                  0.06    0.17    0.23 ^ clkbuf_0_SCK/X (sky130_fd_sc_hd__clkbuf_16)
     4    0.04                           clknet_0_SCK (net)
                  0.06    0.00    0.23 ^ clkbuf_2_0__f_SCK/A (sky130_fd_sc_hd__clkbuf_16)
                  0.05    0.15    0.38 ^ clkbuf_2_0__f_SCK/X (sky130_fd_sc_hd__clkbuf_16)
     9    0.03                           clknet_2_0__leaf_SCK (net)
                  0.05    0.00    0.38 ^ _473_/CLK (sky130_fd_sc_hd__dfrtp_2)
                          0.25    0.63   clock uncertainty
                          0.00    0.63   clock reconvergence pessimism
                          0.34    0.96   library removal time
                                  0.96   data required time
-----------------------------------------------------------------------------
                                  0.96   data required time
                                 -2.54   data arrival time
-----------------------------------------------------------------------------
                                  1.58   slack (MET)


Startpoint: CSB (input port clocked by SCK)
Endpoint: _465_ (removal check against rising-edge clock SCK)
Path Group: asynchronous
Path Type: min

Fanout     Cap    Slew   Delay    Time   Description
-----------------------------------------------------------------------------
                          0.00    0.00   clock SCK (rise edge)
                          0.00    0.00   clock network delay (propagated)
                          2.00    2.00 v input external delay
                  0.01    0.00    2.00 v CSB (in)
     1    0.00                           CSB (net)
                  0.01    0.00    2.00 v input1/A (sky130_fd_sc_hd__clkbuf_1)
                  0.02    0.06    2.07 v input1/X (sky130_fd_sc_hd__clkbuf_1)
     1    0.00                           net1 (net)
                  0.02    0.00    2.07 v _224_/A (sky130_fd_sc_hd__buf_2)
                  0.09    0.16    2.23 v _224_/X (sky130_fd_sc_hd__buf_2)
     9    0.03                           _102_ (net)
                  0.09    0.00    2.23 v _415_/A (sky130_fd_sc_hd__clkbuf_4)
                  0.09    0.20    2.43 v _415_/X (sky130_fd_sc_hd__clkbuf_4)
    10    0.04                           _218_ (net)
                  0.09    0.00    2.43 v _417_/B (sky130_fd_sc_hd__nor2_1)
                  0.10    0.11    2.55 ^ _417_/Y (sky130_fd_sc_hd__nor2_1)
     1    0.00                           _017_ (net)
                  0.10    0.00    2.55 ^ _465_/RESET_B (sky130_fd_sc_hd__dfrtp_1)
                                  2.55   data arrival time

                          0.00    0.00   clock SCK (rise edge)
                          0.00    0.00   clock source latency
                  0.08    0.06    0.06 ^ SCK (in)
     1    0.02                           SCK (net)
                  0.08    0.00    0.06 ^ clkbuf_0_SCK/A (sky130_fd_sc_hd__clkbuf_16)
                  0.06    0.17    0.23 ^ clkbuf_0_SCK/X (sky130_fd_sc_hd__clkbuf_16)
     4    0.04                           clknet_0_SCK (net)
                  0.06    0.00    0.23 ^ clkbuf_2_0__f_SCK/A (sky130_fd_sc_hd__clkbuf_16)
                  0.05    0.15    0.38 ^ clkbuf_2_0__f_SCK/X (sky130_fd_sc_hd__clkbuf_16)
     9    0.03                           clknet_2_0__leaf_SCK (net)
                  0.05    0.00    0.38 ^ _465_/CLK (sky130_fd_sc_hd__dfrtp_1)
                          0.25    0.63   clock uncertainty
                          0.00    0.63   clock reconvergence pessimism
                          0.34    0.97   library removal time
                                  0.97   data required time
-----------------------------------------------------------------------------
                                  0.97   data required time
                                 -2.55   data arrival time
-----------------------------------------------------------------------------
                                  1.58   slack (MET)


Startpoint: CSB (input port clocked by SCK)
Endpoint: _462_ (removal check against rising-edge clock SCK)
Path Group: asynchronous
Path Type: min

Fanout     Cap    Slew   Delay    Time   Description
-----------------------------------------------------------------------------
                          0.00    0.00   clock SCK (rise edge)
                          0.00    0.00   clock network delay (propagated)
                          2.00    2.00 v input external delay
                  0.01    0.00    2.00 v CSB (in)
     1    0.00                           CSB (net)
                  0.01    0.00    2.00 v input1/A (sky130_fd_sc_hd__clkbuf_1)
                  0.02    0.06    2.07 v input1/X (sky130_fd_sc_hd__clkbuf_1)
     1    0.00                           net1 (net)
                  0.02    0.00    2.07 v _224_/A (sky130_fd_sc_hd__buf_2)
                  0.09    0.16    2.23 v _224_/X (sky130_fd_sc_hd__buf_2)
     9    0.03                           _102_ (net)
                  0.09    0.00    2.23 v _403_/A (sky130_fd_sc_hd__clkbuf_4)
                  0.09    0.20    2.44 v _403_/X (sky130_fd_sc_hd__clkbuf_4)
    10    0.04                           _216_ (net)
                  0.09    0.00    2.44 v _412_/B (sky130_fd_sc_hd__nor2_1)
                  0.09    0.11    2.55 ^ _412_/Y (sky130_fd_sc_hd__nor2_1)
     1    0.00                           _014_ (net)
                  0.09    0.00    2.55 ^ _462_/RESET_B (sky130_fd_sc_hd__dfrtp_2)
                                  2.55   data arrival time

                          0.00    0.00   clock SCK (rise edge)
                          0.00    0.00   clock source latency
                  0.08    0.06    0.06 ^ SCK (in)
     1    0.02                           SCK (net)
                  0.08    0.00    0.06 ^ clkbuf_0_SCK/A (sky130_fd_sc_hd__clkbuf_16)
                  0.06    0.17    0.23 ^ clkbuf_0_SCK/X (sky130_fd_sc_hd__clkbuf_16)
     4    0.04                           clknet_0_SCK (net)
                  0.06    0.00    0.23 ^ clkbuf_2_2__f_SCK/A (sky130_fd_sc_hd__clkbuf_16)
                  0.05    0.15    0.38 ^ clkbuf_2_2__f_SCK/X (sky130_fd_sc_hd__clkbuf_16)
     9    0.03                           clknet_2_2__leaf_SCK (net)
                  0.05    0.00    0.38 ^ _462_/CLK (sky130_fd_sc_hd__dfrtp_2)
                          0.25    0.63   clock uncertainty
                          0.00    0.63   clock reconvergence pessimism
                          0.34    0.96   library removal time
                                  0.96   data required time
-----------------------------------------------------------------------------
                                  0.96   data required time
                                 -2.55   data arrival time
-----------------------------------------------------------------------------
                                  1.58   slack (MET)


Startpoint: CSB (input port clocked by SCK)
Endpoint: _458_ (removal check against rising-edge clock SCK)
Path Group: asynchronous
Path Type: min

Fanout     Cap    Slew   Delay    Time   Description
-----------------------------------------------------------------------------
                          0.00    0.00   clock SCK (rise edge)
                          0.00    0.00   clock network delay (propagated)
                          2.00    2.00 v input external delay
                  0.01    0.00    2.00 v CSB (in)
     1    0.00                           CSB (net)
                  0.01    0.00    2.00 v input1/A (sky130_fd_sc_hd__clkbuf_1)
                  0.02    0.06    2.07 v input1/X (sky130_fd_sc_hd__clkbuf_1)
     1    0.00                           net1 (net)
                  0.02    0.00    2.07 v _224_/A (sky130_fd_sc_hd__buf_2)
                  0.09    0.16    2.23 v _224_/X (sky130_fd_sc_hd__buf_2)
     9    0.03                           _102_ (net)
                  0.09    0.00    2.23 v _403_/A (sky130_fd_sc_hd__clkbuf_4)
                  0.09    0.20    2.44 v _403_/X (sky130_fd_sc_hd__clkbuf_4)
    10    0.04                           _216_ (net)
                  0.09    0.00    2.44 v _408_/B (sky130_fd_sc_hd__nor2_1)
                  0.10    0.11    2.55 ^ _408_/Y (sky130_fd_sc_hd__nor2_1)
     1    0.00                           _010_ (net)
                  0.10    0.00    2.55 ^ _458_/RESET_B (sky130_fd_sc_hd__dfrtp_1)
                                  2.55   data arrival time

                          0.00    0.00   clock SCK (rise edge)
                          0.00    0.00   clock source latency
                  0.08    0.06    0.06 ^ SCK (in)
     1    0.02                           SCK (net)
                  0.08    0.00    0.06 ^ clkbuf_0_SCK/A (sky130_fd_sc_hd__clkbuf_16)
                  0.06    0.17    0.23 ^ clkbuf_0_SCK/X (sky130_fd_sc_hd__clkbuf_16)
     4    0.04                           clknet_0_SCK (net)
                  0.06    0.00    0.23 ^ clkbuf_2_2__f_SCK/A (sky130_fd_sc_hd__clkbuf_16)
                  0.05    0.15    0.38 ^ clkbuf_2_2__f_SCK/X (sky130_fd_sc_hd__clkbuf_16)
     9    0.03                           clknet_2_2__leaf_SCK (net)
                  0.05    0.00    0.38 ^ _458_/CLK (sky130_fd_sc_hd__dfrtp_1)
                          0.25    0.63   clock uncertainty
                          0.00    0.63   clock reconvergence pessimism
                          0.34    0.96   library removal time
                                  0.96   data required time
-----------------------------------------------------------------------------
                                  0.96   data required time
                                 -2.55   data arrival time
-----------------------------------------------------------------------------
                                  1.58   slack (MET)


Startpoint: CSB (input port clocked by SCK)
Endpoint: _461_ (removal check against rising-edge clock SCK)
Path Group: asynchronous
Path Type: min

Fanout     Cap    Slew   Delay    Time   Description
-----------------------------------------------------------------------------
                          0.00    0.00   clock SCK (rise edge)
                          0.00    0.00   clock network delay (propagated)
                          2.00    2.00 v input external delay
                  0.01    0.00    2.00 v CSB (in)
     1    0.00                           CSB (net)
                  0.01    0.00    2.00 v input1/A (sky130_fd_sc_hd__clkbuf_1)
                  0.02    0.06    2.07 v input1/X (sky130_fd_sc_hd__clkbuf_1)
     1    0.00                           net1 (net)
                  0.02    0.00    2.07 v _224_/A (sky130_fd_sc_hd__buf_2)
                  0.09    0.16    2.23 v _224_/X (sky130_fd_sc_hd__buf_2)
     9    0.03                           _102_ (net)
                  0.09    0.00    2.23 v _403_/A (sky130_fd_sc_hd__clkbuf_4)
                  0.09    0.20    2.44 v _403_/X (sky130_fd_sc_hd__clkbuf_4)
    10    0.04                           _216_ (net)
                  0.09    0.00    2.44 v _411_/B (sky130_fd_sc_hd__nor2_1)
                  0.10    0.11    2.55 ^ _411_/Y (sky130_fd_sc_hd__nor2_1)
     1    0.00                           _013_ (net)
                  0.10    0.00    2.55 ^ _461_/RESET_B (sky130_fd_sc_hd__dfrtp_4)
                                  2.55   data arrival time

                          0.00    0.00   clock SCK (rise edge)
                          0.00    0.00   clock source latency
                  0.08    0.06    0.06 ^ SCK (in)
     1    0.02                           SCK (net)
                  0.08    0.00    0.06 ^ clkbuf_0_SCK/A (sky130_fd_sc_hd__clkbuf_16)
                  0.06    0.17    0.23 ^ clkbuf_0_SCK/X (sky130_fd_sc_hd__clkbuf_16)
     4    0.04                           clknet_0_SCK (net)
                  0.06    0.00    0.23 ^ clkbuf_2_2__f_SCK/A (sky130_fd_sc_hd__clkbuf_16)
                  0.05    0.15    0.38 ^ clkbuf_2_2__f_SCK/X (sky130_fd_sc_hd__clkbuf_16)
     9    0.03                           clknet_2_2__leaf_SCK (net)
                  0.05    0.00    0.38 ^ _461_/CLK (sky130_fd_sc_hd__dfrtp_4)
                          0.25    0.63   clock uncertainty
                          0.00    0.63   clock reconvergence pessimism
                          0.34    0.96   library removal time
                                  0.96   data required time
-----------------------------------------------------------------------------
                                  0.96   data required time
                                 -2.55   data arrival time
-----------------------------------------------------------------------------
                                  1.58   slack (MET)


Startpoint: CSB (input port clocked by SCK)
Endpoint: _479_ (removal check against rising-edge clock SCK)
Path Group: asynchronous
Path Type: min

Fanout     Cap    Slew   Delay    Time   Description
-----------------------------------------------------------------------------
                          0.00    0.00   clock SCK (rise edge)
                          0.00    0.00   clock network delay (propagated)
                          2.00    2.00 v input external delay
                  0.01    0.00    2.00 v CSB (in)
     1    0.00                           CSB (net)
                  0.01    0.00    2.00 v input1/A (sky130_fd_sc_hd__clkbuf_1)
                  0.02    0.06    2.07 v input1/X (sky130_fd_sc_hd__clkbuf_1)
     1    0.00                           net1 (net)
                  0.02    0.00    2.07 v _224_/A (sky130_fd_sc_hd__buf_2)
                  0.09    0.16    2.23 v _224_/X (sky130_fd_sc_hd__buf_2)
     9    0.03                           _102_ (net)
                  0.09    0.00    2.23 v _427_/A (sky130_fd_sc_hd__clkbuf_4)
                  0.10    0.21    2.44 v _427_/X (sky130_fd_sc_hd__clkbuf_4)
    10    0.05                           _220_ (net)
                  0.10    0.00    2.44 v _433_/B (sky130_fd_sc_hd__nor2_1)
                  0.09    0.11    2.55 ^ _433_/Y (sky130_fd_sc_hd__nor2_1)
     1    0.00                           _031_ (net)
                  0.09    0.00    2.55 ^ _479_/RESET_B (sky130_fd_sc_hd__dfrtp_1)
                                  2.55   data arrival time

                          0.00    0.00   clock SCK (rise edge)
                          0.00    0.00   clock source latency
                  0.08    0.06    0.06 ^ SCK (in)
     1    0.02                           SCK (net)
                  0.08    0.00    0.06 ^ clkbuf_0_SCK/A (sky130_fd_sc_hd__clkbuf_16)
                  0.06    0.17    0.23 ^ clkbuf_0_SCK/X (sky130_fd_sc_hd__clkbuf_16)
     4    0.04                           clknet_0_SCK (net)
                  0.06    0.00    0.23 ^ clkbuf_2_1__f_SCK/A (sky130_fd_sc_hd__clkbuf_16)
                  0.06    0.16    0.38 ^ clkbuf_2_1__f_SCK/X (sky130_fd_sc_hd__clkbuf_16)
    12    0.04                           clknet_2_1__leaf_SCK (net)
                  0.06    0.00    0.38 ^ _479_/CLK (sky130_fd_sc_hd__dfrtp_1)
                          0.25    0.63   clock uncertainty
                          0.00    0.63   clock reconvergence pessimism
                          0.34    0.97   library removal time
                                  0.97   data required time
-----------------------------------------------------------------------------
                                  0.97   data required time
                                 -2.55   data arrival time
-----------------------------------------------------------------------------
                                  1.58   slack (MET)


Startpoint: CSB (input port clocked by SCK)
Endpoint: _460_ (removal check against rising-edge clock SCK)
Path Group: asynchronous
Path Type: min

Fanout     Cap    Slew   Delay    Time   Description
-----------------------------------------------------------------------------
                          0.00    0.00   clock SCK (rise edge)
                          0.00    0.00   clock network delay (propagated)
                          2.00    2.00 v input external delay
                  0.01    0.00    2.00 v CSB (in)
     1    0.00                           CSB (net)
                  0.01    0.00    2.00 v input1/A (sky130_fd_sc_hd__clkbuf_1)
                  0.02    0.06    2.07 v input1/X (sky130_fd_sc_hd__clkbuf_1)
     1    0.00                           net1 (net)
                  0.02    0.00    2.07 v _224_/A (sky130_fd_sc_hd__buf_2)
                  0.09    0.16    2.23 v _224_/X (sky130_fd_sc_hd__buf_2)
     9    0.03                           _102_ (net)
                  0.09    0.00    2.23 v _403_/A (sky130_fd_sc_hd__clkbuf_4)
                  0.09    0.20    2.44 v _403_/X (sky130_fd_sc_hd__clkbuf_4)
    10    0.04                           _216_ (net)
                  0.09    0.00    2.44 v _410_/B (sky130_fd_sc_hd__nor2_1)
                  0.10    0.11    2.55 ^ _410_/Y (sky130_fd_sc_hd__nor2_1)
     1    0.00                           _012_ (net)
                  0.10    0.00    2.55 ^ _460_/RESET_B (sky130_fd_sc_hd__dfrtp_4)
                                  2.55   data arrival time

                          0.00    0.00   clock SCK (rise edge)
                          0.00    0.00   clock source latency
                  0.08    0.06    0.06 ^ SCK (in)
     1    0.02                           SCK (net)
                  0.08    0.00    0.06 ^ clkbuf_0_SCK/A (sky130_fd_sc_hd__clkbuf_16)
                  0.06    0.17    0.23 ^ clkbuf_0_SCK/X (sky130_fd_sc_hd__clkbuf_16)
     4    0.04                           clknet_0_SCK (net)
                  0.06    0.00    0.23 ^ clkbuf_2_2__f_SCK/A (sky130_fd_sc_hd__clkbuf_16)
                  0.05    0.15    0.38 ^ clkbuf_2_2__f_SCK/X (sky130_fd_sc_hd__clkbuf_16)
     9    0.03                           clknet_2_2__leaf_SCK (net)
                  0.05    0.00    0.38 ^ _460_/CLK (sky130_fd_sc_hd__dfrtp_4)
                          0.25    0.63   clock uncertainty
                          0.00    0.63   clock reconvergence pessimism
                          0.34    0.96   library removal time
                                  0.96   data required time
-----------------------------------------------------------------------------
                                  0.96   data required time
                                 -2.55   data arrival time
-----------------------------------------------------------------------------
                                  1.58   slack (MET)


Startpoint: CSB (input port clocked by SCK)
Endpoint: _478_ (removal check against rising-edge clock SCK)
Path Group: asynchronous
Path Type: min

Fanout     Cap    Slew   Delay    Time   Description
-----------------------------------------------------------------------------
                          0.00    0.00   clock SCK (rise edge)
                          0.00    0.00   clock network delay (propagated)
                          2.00    2.00 v input external delay
                  0.01    0.00    2.00 v CSB (in)
     1    0.00                           CSB (net)
                  0.01    0.00    2.00 v input1/A (sky130_fd_sc_hd__clkbuf_1)
                  0.02    0.06    2.07 v input1/X (sky130_fd_sc_hd__clkbuf_1)
     1    0.00                           net1 (net)
                  0.02    0.00    2.07 v _224_/A (sky130_fd_sc_hd__buf_2)
                  0.09    0.16    2.23 v _224_/X (sky130_fd_sc_hd__buf_2)
     9    0.03                           _102_ (net)
                  0.09    0.00    2.23 v _427_/A (sky130_fd_sc_hd__clkbuf_4)
                  0.10    0.21    2.44 v _427_/X (sky130_fd_sc_hd__clkbuf_4)
    10    0.05                           _220_ (net)
                  0.10    0.00    2.44 v _432_/B (sky130_fd_sc_hd__nor2_1)
                  0.10    0.11    2.56 ^ _432_/Y (sky130_fd_sc_hd__nor2_1)
     1    0.00                           _030_ (net)
                  0.10    0.00    2.56 ^ _478_/RESET_B (sky130_fd_sc_hd__dfrtp_1)
                                  2.56   data arrival time

                          0.00    0.00   clock SCK (rise edge)
                          0.00    0.00   clock source latency
                  0.08    0.06    0.06 ^ SCK (in)
     1    0.02                           SCK (net)
                  0.08    0.00    0.06 ^ clkbuf_0_SCK/A (sky130_fd_sc_hd__clkbuf_16)
                  0.06    0.17    0.23 ^ clkbuf_0_SCK/X (sky130_fd_sc_hd__clkbuf_16)
     4    0.04                           clknet_0_SCK (net)
                  0.06    0.00    0.23 ^ clkbuf_2_1__f_SCK/A (sky130_fd_sc_hd__clkbuf_16)
                  0.06    0.16    0.38 ^ clkbuf_2_1__f_SCK/X (sky130_fd_sc_hd__clkbuf_16)
    12    0.04                           clknet_2_1__leaf_SCK (net)
                  0.06    0.00    0.38 ^ _478_/CLK (sky130_fd_sc_hd__dfrtp_1)
                          0.25    0.63   clock uncertainty
                          0.00    0.63   clock reconvergence pessimism
                          0.34    0.97   library removal time
                                  0.97   data required time
-----------------------------------------------------------------------------
                                  0.97   data required time
                                 -2.56   data arrival time
-----------------------------------------------------------------------------
                                  1.58   slack (MET)


Startpoint: CSB (input port clocked by SCK)
Endpoint: _476_ (removal check against rising-edge clock SCK)
Path Group: asynchronous
Path Type: min

Fanout     Cap    Slew   Delay    Time   Description
-----------------------------------------------------------------------------
                          0.00    0.00   clock SCK (rise edge)
                          0.00    0.00   clock network delay (propagated)
                          2.00    2.00 v input external delay
                  0.01    0.00    2.00 v CSB (in)
     1    0.00                           CSB (net)
                  0.01    0.00    2.00 v input1/A (sky130_fd_sc_hd__clkbuf_1)
                  0.02    0.06    2.07 v input1/X (sky130_fd_sc_hd__clkbuf_1)
     1    0.00                           net1 (net)
                  0.02    0.00    2.07 v _224_/A (sky130_fd_sc_hd__buf_2)
                  0.09    0.16    2.23 v _224_/X (sky130_fd_sc_hd__buf_2)
     9    0.03                           _102_ (net)
                  0.09    0.00    2.23 v _427_/A (sky130_fd_sc_hd__clkbuf_4)
                  0.10    0.21    2.44 v _427_/X (sky130_fd_sc_hd__clkbuf_4)
    10    0.05                           _220_ (net)
                  0.10    0.00    2.44 v _430_/B (sky130_fd_sc_hd__nor2_1)
                  0.10    0.11    2.55 ^ _430_/Y (sky130_fd_sc_hd__nor2_1)
     1    0.00                           _028_ (net)
                  0.10    0.00    2.55 ^ _476_/RESET_B (sky130_fd_sc_hd__dfrtp_1)
                                  2.55   data arrival time

                          0.00    0.00   clock SCK (rise edge)
                          0.00    0.00   clock source latency
                  0.08    0.06    0.06 ^ SCK (in)
     1    0.02                           SCK (net)
                  0.08    0.00    0.06 ^ clkbuf_0_SCK/A (sky130_fd_sc_hd__clkbuf_16)
                  0.06    0.17    0.23 ^ clkbuf_0_SCK/X (sky130_fd_sc_hd__clkbuf_16)
     4    0.04                           clknet_0_SCK (net)
                  0.06    0.00    0.23 ^ clkbuf_2_1__f_SCK/A (sky130_fd_sc_hd__clkbuf_16)
                  0.06    0.16    0.38 ^ clkbuf_2_1__f_SCK/X (sky130_fd_sc_hd__clkbuf_16)
    12    0.04                           clknet_2_1__leaf_SCK (net)
                  0.06    0.00    0.38 ^ _476_/CLK (sky130_fd_sc_hd__dfrtp_1)
                          0.25    0.63   clock uncertainty
                          0.00    0.63   clock reconvergence pessimism
                          0.34    0.97   library removal time
                                  0.97   data required time
-----------------------------------------------------------------------------
                                  0.97   data required time
                                 -2.55   data arrival time
-----------------------------------------------------------------------------
                                  1.58   slack (MET)


Startpoint: CSB (input port clocked by SCK)
Endpoint: _482_ (removal check against rising-edge clock SCK)
Path Group: asynchronous
Path Type: min

Fanout     Cap    Slew   Delay    Time   Description
-----------------------------------------------------------------------------
                          0.00    0.00   clock SCK (rise edge)
                          0.00    0.00   clock network delay (propagated)
                          2.00    2.00 v input external delay
                  0.01    0.00    2.00 v CSB (in)
     1    0.00                           CSB (net)
                  0.01    0.00    2.00 v input1/A (sky130_fd_sc_hd__clkbuf_1)
                  0.02    0.06    2.07 v input1/X (sky130_fd_sc_hd__clkbuf_1)
     1    0.00                           net1 (net)
                  0.02    0.00    2.07 v _224_/A (sky130_fd_sc_hd__buf_2)
                  0.09    0.16    2.23 v _224_/X (sky130_fd_sc_hd__buf_2)
     9    0.03                           _102_ (net)
                  0.09    0.00    2.23 v _427_/A (sky130_fd_sc_hd__clkbuf_4)
                  0.10    0.21    2.44 v _427_/X (sky130_fd_sc_hd__clkbuf_4)
    10    0.05                           _220_ (net)
                  0.10    0.00    2.44 v _436_/B (sky130_fd_sc_hd__nor2_1)
                  0.10    0.11    2.56 ^ _436_/Y (sky130_fd_sc_hd__nor2_1)
     1    0.00                           _034_ (net)
                  0.10    0.00    2.56 ^ _482_/RESET_B (sky130_fd_sc_hd__dfrtp_4)
                                  2.56   data arrival time

                          0.00    0.00   clock SCK (rise edge)
                          0.00    0.00   clock source latency
                  0.08    0.06    0.06 ^ SCK (in)
     1    0.02                           SCK (net)
                  0.08    0.00    0.06 ^ clkbuf_0_SCK/A (sky130_fd_sc_hd__clkbuf_16)
                  0.06    0.17    0.23 ^ clkbuf_0_SCK/X (sky130_fd_sc_hd__clkbuf_16)
     4    0.04                           clknet_0_SCK (net)
                  0.06    0.00    0.23 ^ clkbuf_2_1__f_SCK/A (sky130_fd_sc_hd__clkbuf_16)
                  0.06    0.16    0.38 ^ clkbuf_2_1__f_SCK/X (sky130_fd_sc_hd__clkbuf_16)
    12    0.04                           clknet_2_1__leaf_SCK (net)
                  0.06    0.00    0.38 ^ _482_/CLK (sky130_fd_sc_hd__dfrtp_4)
                          0.25    0.63   clock uncertainty
                          0.00    0.63   clock reconvergence pessimism
                          0.34    0.97   library removal time
                                  0.97   data required time
-----------------------------------------------------------------------------
                                  0.97   data required time
                                 -2.56   data arrival time
-----------------------------------------------------------------------------
                                  1.58   slack (MET)


Startpoint: CSB (input port clocked by SCK)
Endpoint: _463_ (removal check against rising-edge clock SCK)
Path Group: asynchronous
Path Type: min

Fanout     Cap    Slew   Delay    Time   Description
-----------------------------------------------------------------------------
                          0.00    0.00   clock SCK (rise edge)
                          0.00    0.00   clock network delay (propagated)
                          2.00    2.00 v input external delay
                  0.01    0.00    2.00 v CSB (in)
     1    0.00                           CSB (net)
                  0.01    0.00    2.00 v input1/A (sky130_fd_sc_hd__clkbuf_1)
                  0.02    0.06    2.07 v input1/X (sky130_fd_sc_hd__clkbuf_1)
     1    0.00                           net1 (net)
                  0.02    0.00    2.07 v _224_/A (sky130_fd_sc_hd__buf_2)
                  0.09    0.16    2.23 v _224_/X (sky130_fd_sc_hd__buf_2)
     9    0.03                           _102_ (net)
                  0.09    0.00    2.23 v _403_/A (sky130_fd_sc_hd__clkbuf_4)
                  0.09    0.20    2.44 v _403_/X (sky130_fd_sc_hd__clkbuf_4)
    10    0.04                           _216_ (net)
                  0.09    0.00    2.44 v _413_/B (sky130_fd_sc_hd__nor2_1)
                  0.10    0.11    2.55 ^ _413_/Y (sky130_fd_sc_hd__nor2_1)
     1    0.00                           _015_ (net)
                  0.10    0.00    2.55 ^ _463_/RESET_B (sky130_fd_sc_hd__dfrtp_4)
                                  2.55   data arrival time

                          0.00    0.00   clock SCK (rise edge)
                          0.00    0.00   clock source latency
                  0.08    0.06    0.06 ^ SCK (in)
     1    0.02                           SCK (net)
                  0.08    0.00    0.06 ^ clkbuf_0_SCK/A (sky130_fd_sc_hd__clkbuf_16)
                  0.06    0.17    0.23 ^ clkbuf_0_SCK/X (sky130_fd_sc_hd__clkbuf_16)
     4    0.04                           clknet_0_SCK (net)
                  0.06    0.00    0.23 ^ clkbuf_2_2__f_SCK/A (sky130_fd_sc_hd__clkbuf_16)
                  0.05    0.15    0.38 ^ clkbuf_2_2__f_SCK/X (sky130_fd_sc_hd__clkbuf_16)
     9    0.03                           clknet_2_2__leaf_SCK (net)
                  0.05    0.00    0.38 ^ _463_/CLK (sky130_fd_sc_hd__dfrtp_4)
                          0.25    0.63   clock uncertainty
                          0.00    0.63   clock reconvergence pessimism
                          0.34    0.96   library removal time
                                  0.96   data required time
-----------------------------------------------------------------------------
                                  0.96   data required time
                                 -2.55   data arrival time
-----------------------------------------------------------------------------
                                  1.59   slack (MET)


Startpoint: CSB (input port clocked by SCK)
Endpoint: _475_ (removal check against rising-edge clock SCK)
Path Group: asynchronous
Path Type: min

Fanout     Cap    Slew   Delay    Time   Description
-----------------------------------------------------------------------------
                          0.00    0.00   clock SCK (rise edge)
                          0.00    0.00   clock network delay (propagated)
                          2.00    2.00 v input external delay
                  0.01    0.00    2.00 v CSB (in)
     1    0.00                           CSB (net)
                  0.01    0.00    2.00 v input1/A (sky130_fd_sc_hd__clkbuf_1)
                  0.02    0.06    2.07 v input1/X (sky130_fd_sc_hd__clkbuf_1)
     1    0.00                           net1 (net)
                  0.02    0.00    2.07 v _224_/A (sky130_fd_sc_hd__buf_2)
                  0.09    0.16    2.23 v _224_/X (sky130_fd_sc_hd__buf_2)
     9    0.03                           _102_ (net)
                  0.09    0.00    2.23 v _427_/A (sky130_fd_sc_hd__clkbuf_4)
                  0.10    0.21    2.44 v _427_/X (sky130_fd_sc_hd__clkbuf_4)
    10    0.05                           _220_ (net)
                  0.10    0.00    2.44 v _429_/B (sky130_fd_sc_hd__nor2_1)
                  0.10    0.11    2.56 ^ _429_/Y (sky130_fd_sc_hd__nor2_1)
     1    0.00                           _027_ (net)
                  0.10    0.00    2.56 ^ _475_/RESET_B (sky130_fd_sc_hd__dfrtp_1)
                                  2.56   data arrival time

                          0.00    0.00   clock SCK (rise edge)
                          0.00    0.00   clock source latency
                  0.08    0.06    0.06 ^ SCK (in)
     1    0.02                           SCK (net)
                  0.08    0.00    0.06 ^ clkbuf_0_SCK/A (sky130_fd_sc_hd__clkbuf_16)
                  0.06    0.17    0.23 ^ clkbuf_0_SCK/X (sky130_fd_sc_hd__clkbuf_16)
     4    0.04                           clknet_0_SCK (net)
                  0.06    0.00    0.23 ^ clkbuf_2_1__f_SCK/A (sky130_fd_sc_hd__clkbuf_16)
                  0.06    0.16    0.38 ^ clkbuf_2_1__f_SCK/X (sky130_fd_sc_hd__clkbuf_16)
    12    0.04                           clknet_2_1__leaf_SCK (net)
                  0.06    0.00    0.38 ^ _475_/CLK (sky130_fd_sc_hd__dfrtp_1)
                          0.25    0.63   clock uncertainty
                          0.00    0.63   clock reconvergence pessimism
                          0.34    0.97   library removal time
                                  0.97   data required time
-----------------------------------------------------------------------------
                                  0.97   data required time
                                 -2.56   data arrival time
-----------------------------------------------------------------------------
                                  1.59   slack (MET)


Startpoint: CSB (input port clocked by SCK)
Endpoint: _477_ (removal check against rising-edge clock SCK)
Path Group: asynchronous
Path Type: min

Fanout     Cap    Slew   Delay    Time   Description
-----------------------------------------------------------------------------
                          0.00    0.00   clock SCK (rise edge)
                          0.00    0.00   clock network delay (propagated)
                          2.00    2.00 v input external delay
                  0.01    0.00    2.00 v CSB (in)
     1    0.00                           CSB (net)
                  0.01    0.00    2.00 v input1/A (sky130_fd_sc_hd__clkbuf_1)
                  0.02    0.06    2.07 v input1/X (sky130_fd_sc_hd__clkbuf_1)
     1    0.00                           net1 (net)
                  0.02    0.00    2.07 v _224_/A (sky130_fd_sc_hd__buf_2)
                  0.09    0.16    2.23 v _224_/X (sky130_fd_sc_hd__buf_2)
     9    0.03                           _102_ (net)
                  0.09    0.00    2.23 v _427_/A (sky130_fd_sc_hd__clkbuf_4)
                  0.10    0.21    2.44 v _427_/X (sky130_fd_sc_hd__clkbuf_4)
    10    0.05                           _220_ (net)
                  0.10    0.00    2.44 v _431_/B (sky130_fd_sc_hd__nor2_1)
                  0.10    0.12    2.56 ^ _431_/Y (sky130_fd_sc_hd__nor2_1)
     1    0.00                           _029_ (net)
                  0.10    0.00    2.56 ^ _477_/RESET_B (sky130_fd_sc_hd__dfrtp_1)
                                  2.56   data arrival time

                          0.00    0.00   clock SCK (rise edge)
                          0.00    0.00   clock source latency
                  0.08    0.06    0.06 ^ SCK (in)
     1    0.02                           SCK (net)
                  0.08    0.00    0.06 ^ clkbuf_0_SCK/A (sky130_fd_sc_hd__clkbuf_16)
                  0.06    0.17    0.23 ^ clkbuf_0_SCK/X (sky130_fd_sc_hd__clkbuf_16)
     4    0.04                           clknet_0_SCK (net)
                  0.06    0.00    0.23 ^ clkbuf_2_1__f_SCK/A (sky130_fd_sc_hd__clkbuf_16)
                  0.06    0.16    0.38 ^ clkbuf_2_1__f_SCK/X (sky130_fd_sc_hd__clkbuf_16)
    12    0.04                           clknet_2_1__leaf_SCK (net)
                  0.06    0.00    0.38 ^ _477_/CLK (sky130_fd_sc_hd__dfrtp_1)
                          0.25    0.63   clock uncertainty
                          0.00    0.63   clock reconvergence pessimism
                          0.34    0.97   library removal time
                                  0.97   data required time
-----------------------------------------------------------------------------
                                  0.97   data required time
                                 -2.56   data arrival time
-----------------------------------------------------------------------------
                                  1.59   slack (MET)


Startpoint: CSB (input port clocked by SCK)
Endpoint: _459_ (removal check against rising-edge clock SCK)
Path Group: asynchronous
Path Type: min

Fanout     Cap    Slew   Delay    Time   Description
-----------------------------------------------------------------------------
                          0.00    0.00   clock SCK (rise edge)
                          0.00    0.00   clock network delay (propagated)
                          2.00    2.00 v input external delay
                  0.01    0.00    2.00 v CSB (in)
     1    0.00                           CSB (net)
                  0.01    0.00    2.00 v input1/A (sky130_fd_sc_hd__clkbuf_1)
                  0.02    0.06    2.07 v input1/X (sky130_fd_sc_hd__clkbuf_1)
     1    0.00                           net1 (net)
                  0.02    0.00    2.07 v _224_/A (sky130_fd_sc_hd__buf_2)
                  0.09    0.16    2.23 v _224_/X (sky130_fd_sc_hd__buf_2)
     9    0.03                           _102_ (net)
                  0.09    0.00    2.23 v _403_/A (sky130_fd_sc_hd__clkbuf_4)
                  0.09    0.20    2.44 v _403_/X (sky130_fd_sc_hd__clkbuf_4)
    10    0.04                           _216_ (net)
                  0.09    0.00    2.44 v _409_/B (sky130_fd_sc_hd__nor2_1)
                  0.11    0.12    2.56 ^ _409_/Y (sky130_fd_sc_hd__nor2_1)
     1    0.00                           _011_ (net)
                  0.11    0.00    2.56 ^ _459_/RESET_B (sky130_fd_sc_hd__dfrtp_4)
                                  2.56   data arrival time

                          0.00    0.00   clock SCK (rise edge)
                          0.00    0.00   clock source latency
                  0.08    0.06    0.06 ^ SCK (in)
     1    0.02                           SCK (net)
                  0.08    0.00    0.06 ^ clkbuf_0_SCK/A (sky130_fd_sc_hd__clkbuf_16)
                  0.06    0.17    0.23 ^ clkbuf_0_SCK/X (sky130_fd_sc_hd__clkbuf_16)
     4    0.04                           clknet_0_SCK (net)
                  0.06    0.00    0.23 ^ clkbuf_2_2__f_SCK/A (sky130_fd_sc_hd__clkbuf_16)
                  0.05    0.15    0.38 ^ clkbuf_2_2__f_SCK/X (sky130_fd_sc_hd__clkbuf_16)
     9    0.03                           clknet_2_2__leaf_SCK (net)
                  0.05    0.00    0.38 ^ _459_/CLK (sky130_fd_sc_hd__dfrtp_4)
                          0.25    0.63   clock uncertainty
                          0.00    0.63   clock reconvergence pessimism
                          0.34    0.97   library removal time
                                  0.97   data required time
-----------------------------------------------------------------------------
                                  0.97   data required time
                                 -2.56   data arrival time
-----------------------------------------------------------------------------
                                  1.59   slack (MET)


Startpoint: CSB (input port clocked by SCK)
Endpoint: _474_ (removal check against rising-edge clock SCK)
Path Group: asynchronous
Path Type: min

Fanout     Cap    Slew   Delay    Time   Description
-----------------------------------------------------------------------------
                          0.00    0.00   clock SCK (rise edge)
                          0.00    0.00   clock network delay (propagated)
                          2.00    2.00 v input external delay
                  0.01    0.00    2.00 v CSB (in)
     1    0.00                           CSB (net)
                  0.01    0.00    2.00 v input1/A (sky130_fd_sc_hd__clkbuf_1)
                  0.02    0.06    2.07 v input1/X (sky130_fd_sc_hd__clkbuf_1)
     1    0.00                           net1 (net)
                  0.02    0.00    2.07 v _224_/A (sky130_fd_sc_hd__buf_2)
                  0.09    0.16    2.23 v _224_/X (sky130_fd_sc_hd__buf_2)
     9    0.03                           _102_ (net)
                  0.09    0.00    2.23 v _427_/A (sky130_fd_sc_hd__clkbuf_4)
                  0.10    0.21    2.44 v _427_/X (sky130_fd_sc_hd__clkbuf_4)
    10    0.05                           _220_ (net)
                  0.10    0.00    2.44 v _428_/B (sky130_fd_sc_hd__nor2_1)
                  0.10    0.11    2.56 ^ _428_/Y (sky130_fd_sc_hd__nor2_1)
     1    0.00                           _026_ (net)
                  0.10    0.00    2.56 ^ _474_/RESET_B (sky130_fd_sc_hd__dfrtp_1)
                                  2.56   data arrival time

                          0.00    0.00   clock SCK (rise edge)
                          0.00    0.00   clock source latency
                  0.08    0.06    0.06 ^ SCK (in)
     1    0.02                           SCK (net)
                  0.08    0.00    0.06 ^ clkbuf_0_SCK/A (sky130_fd_sc_hd__clkbuf_16)
                  0.06    0.17    0.23 ^ clkbuf_0_SCK/X (sky130_fd_sc_hd__clkbuf_16)
     4    0.04                           clknet_0_SCK (net)
                  0.06    0.00    0.23 ^ clkbuf_2_0__f_SCK/A (sky130_fd_sc_hd__clkbuf_16)
                  0.05    0.15    0.38 ^ clkbuf_2_0__f_SCK/X (sky130_fd_sc_hd__clkbuf_16)
     9    0.03                           clknet_2_0__leaf_SCK (net)
                  0.05    0.00    0.38 ^ _474_/CLK (sky130_fd_sc_hd__dfrtp_1)
                          0.25    0.63   clock uncertainty
                          0.00    0.63   clock reconvergence pessimism
                          0.34    0.96   library removal time
                                  0.96   data required time
-----------------------------------------------------------------------------
                                  0.96   data required time
                                 -2.56   data arrival time
-----------------------------------------------------------------------------
                                  1.59   slack (MET)


Startpoint: CSB (input port clocked by SCK)
Endpoint: _484_ (removal check against rising-edge clock SCK)
Path Group: asynchronous
Path Type: min

Fanout     Cap    Slew   Delay    Time   Description
-----------------------------------------------------------------------------
                          0.00    0.00   clock SCK (rise edge)
                          0.00    0.00   clock network delay (propagated)
                          2.00    2.00 v input external delay
                  0.01    0.00    2.00 v CSB (in)
     1    0.00                           CSB (net)
                  0.01    0.00    2.00 v input1/A (sky130_fd_sc_hd__clkbuf_1)
                  0.02    0.06    2.07 v input1/X (sky130_fd_sc_hd__clkbuf_1)
     1    0.00                           net1 (net)
                  0.02    0.00    2.07 v _224_/A (sky130_fd_sc_hd__buf_2)
                  0.09    0.16    2.23 v _224_/X (sky130_fd_sc_hd__buf_2)
     9    0.03                           _102_ (net)
                  0.09    0.00    2.23 v _427_/A (sky130_fd_sc_hd__clkbuf_4)
                  0.10    0.21    2.44 v _427_/X (sky130_fd_sc_hd__clkbuf_4)
    10    0.05                           _220_ (net)
                  0.10    0.00    2.44 v _439_/B (sky130_fd_sc_hd__nor2_1)
                  0.12    0.13    2.57 ^ _439_/Y (sky130_fd_sc_hd__nor2_1)
     1    0.01                           _037_ (net)
                  0.12    0.00    2.57 ^ _484_/RESET_B (sky130_fd_sc_hd__dfrtp_1)
                                  2.57   data arrival time

                          0.00    0.00   clock SCK (rise edge)
                          0.00    0.00   clock source latency
                  0.08    0.06    0.06 ^ SCK (in)
     1    0.02                           SCK (net)
                  0.08    0.00    0.06 ^ clkbuf_0_SCK/A (sky130_fd_sc_hd__clkbuf_16)
                  0.06    0.17    0.23 ^ clkbuf_0_SCK/X (sky130_fd_sc_hd__clkbuf_16)
     4    0.04                           clknet_0_SCK (net)
                  0.06    0.00    0.23 ^ clkbuf_2_1__f_SCK/A (sky130_fd_sc_hd__clkbuf_16)
                  0.06    0.16    0.38 ^ clkbuf_2_1__f_SCK/X (sky130_fd_sc_hd__clkbuf_16)
    12    0.04                           clknet_2_1__leaf_SCK (net)
                  0.06    0.00    0.38 ^ _484_/CLK (sky130_fd_sc_hd__dfrtp_1)
                          0.25    0.63   clock uncertainty
                          0.00    0.63   clock reconvergence pessimism
                          0.34    0.98   library removal time
                                  0.98   data required time
-----------------------------------------------------------------------------
                                  0.98   data required time
                                 -2.57   data arrival time
-----------------------------------------------------------------------------
                                  1.59   slack (MET)


Startpoint: CSB (input port clocked by SCK)
Endpoint: _481_ (removal check against rising-edge clock SCK)
Path Group: asynchronous
Path Type: min

Fanout     Cap    Slew   Delay    Time   Description
-----------------------------------------------------------------------------
                          0.00    0.00   clock SCK (rise edge)
                          0.00    0.00   clock network delay (propagated)
                          2.00    2.00 v input external delay
                  0.01    0.00    2.00 v CSB (in)
     1    0.00                           CSB (net)
                  0.01    0.00    2.00 v input1/A (sky130_fd_sc_hd__clkbuf_1)
                  0.02    0.06    2.07 v input1/X (sky130_fd_sc_hd__clkbuf_1)
     1    0.00                           net1 (net)
                  0.02    0.00    2.07 v _224_/A (sky130_fd_sc_hd__buf_2)
                  0.09    0.16    2.23 v _224_/X (sky130_fd_sc_hd__buf_2)
     9    0.03                           _102_ (net)
                  0.09    0.00    2.23 v _427_/A (sky130_fd_sc_hd__clkbuf_4)
                  0.10    0.21    2.44 v _427_/X (sky130_fd_sc_hd__clkbuf_4)
    10    0.05                           _220_ (net)
                  0.10    0.00    2.44 v _435_/B (sky130_fd_sc_hd__nor2_1)
                  0.11    0.12    2.56 ^ _435_/Y (sky130_fd_sc_hd__nor2_1)
     1    0.00                           _033_ (net)
                  0.11    0.00    2.56 ^ _481_/RESET_B (sky130_fd_sc_hd__dfrtp_1)
                                  2.56   data arrival time

                          0.00    0.00   clock SCK (rise edge)
                          0.00    0.00   clock source latency
                  0.08    0.06    0.06 ^ SCK (in)
     1    0.02                           SCK (net)
                  0.08    0.00    0.06 ^ clkbuf_0_SCK/A (sky130_fd_sc_hd__clkbuf_16)
                  0.06    0.17    0.23 ^ clkbuf_0_SCK/X (sky130_fd_sc_hd__clkbuf_16)
     4    0.04                           clknet_0_SCK (net)
                  0.06    0.00    0.23 ^ clkbuf_2_0__f_SCK/A (sky130_fd_sc_hd__clkbuf_16)
                  0.05    0.15    0.38 ^ clkbuf_2_0__f_SCK/X (sky130_fd_sc_hd__clkbuf_16)
     9    0.03                           clknet_2_0__leaf_SCK (net)
                  0.05    0.00    0.38 ^ _481_/CLK (sky130_fd_sc_hd__dfrtp_1)
                          0.25    0.63   clock uncertainty
                          0.00    0.63   clock reconvergence pessimism
                          0.34    0.97   library removal time
                                  0.97   data required time
-----------------------------------------------------------------------------
                                  0.97   data required time
                                 -2.56   data arrival time
-----------------------------------------------------------------------------
                                  1.59   slack (MET)


Startpoint: CSB (input port clocked by SCK)
Endpoint: _454_ (removal check against rising-edge clock SCK)
Path Group: asynchronous
Path Type: min

Fanout     Cap    Slew   Delay    Time   Description
-----------------------------------------------------------------------------
                          0.00    0.00   clock SCK (rise edge)
                          0.00    0.00   clock network delay (propagated)
                          2.00    2.00 v input external delay
                  0.01    0.00    2.00 v CSB (in)
     1    0.00                           CSB (net)
                  0.01    0.00    2.00 v input1/A (sky130_fd_sc_hd__clkbuf_1)
                  0.02    0.06    2.07 v input1/X (sky130_fd_sc_hd__clkbuf_1)
     1    0.00                           net1 (net)
                  0.02    0.00    2.07 v _224_/A (sky130_fd_sc_hd__buf_2)
                  0.09    0.16    2.23 v _224_/X (sky130_fd_sc_hd__buf_2)
     9    0.03                           _102_ (net)
                  0.09    0.00    2.23 v _403_/A (sky130_fd_sc_hd__clkbuf_4)
                  0.09    0.20    2.44 v _403_/X (sky130_fd_sc_hd__clkbuf_4)
    10    0.04                           _216_ (net)
                  0.09    0.00    2.44 v _404_/B (sky130_fd_sc_hd__nor2_1)
                  0.10    0.11    2.55 ^ _404_/Y (sky130_fd_sc_hd__nor2_1)
     1    0.00                           _006_ (net)
                  0.10    0.00    2.55 ^ _454_/RESET_B (sky130_fd_sc_hd__dfrtp_1)
                                  2.55   data arrival time

                          0.00    0.00   clock SCK (rise edge)
                          0.00    0.00   clock source latency
                  0.08    0.06    0.06 ^ SCK (in)
     1    0.02                           SCK (net)
                  0.08    0.00    0.06 ^ clkbuf_0_SCK/A (sky130_fd_sc_hd__clkbuf_16)
                  0.06    0.17    0.23 ^ clkbuf_0_SCK/X (sky130_fd_sc_hd__clkbuf_16)
     4    0.04                           clknet_0_SCK (net)
                  0.06    0.00    0.23 ^ clkbuf_2_3__f_SCK/A (sky130_fd_sc_hd__clkbuf_16)
                  0.04    0.14    0.37 ^ clkbuf_2_3__f_SCK/X (sky130_fd_sc_hd__clkbuf_16)
     6    0.02                           clknet_2_3__leaf_SCK (net)
                  0.04    0.00    0.37 ^ _454_/CLK (sky130_fd_sc_hd__dfrtp_1)
                          0.25    0.62   clock uncertainty
                          0.00    0.62   clock reconvergence pessimism
                          0.33    0.95   library removal time
                                  0.95   data required time
-----------------------------------------------------------------------------
                                  0.95   data required time
                                 -2.55   data arrival time
-----------------------------------------------------------------------------
                                  1.60   slack (MET)


Startpoint: CSB (input port clocked by SCK)
Endpoint: _480_ (removal check against rising-edge clock SCK)
Path Group: asynchronous
Path Type: min

Fanout     Cap    Slew   Delay    Time   Description
-----------------------------------------------------------------------------
                          0.00    0.00   clock SCK (rise edge)
                          0.00    0.00   clock network delay (propagated)
                          2.00    2.00 v input external delay
                  0.01    0.00    2.00 v CSB (in)
     1    0.00                           CSB (net)
                  0.01    0.00    2.00 v input1/A (sky130_fd_sc_hd__clkbuf_1)
                  0.02    0.06    2.07 v input1/X (sky130_fd_sc_hd__clkbuf_1)
     1    0.00                           net1 (net)
                  0.02    0.00    2.07 v _224_/A (sky130_fd_sc_hd__buf_2)
                  0.09    0.16    2.23 v _224_/X (sky130_fd_sc_hd__buf_2)
     9    0.03                           _102_ (net)
                  0.09    0.00    2.23 v _427_/A (sky130_fd_sc_hd__clkbuf_4)
                  0.10    0.21    2.44 v _427_/X (sky130_fd_sc_hd__clkbuf_4)
    10    0.05                           _220_ (net)
                  0.10    0.00    2.44 v _434_/B (sky130_fd_sc_hd__nor2_1)
                  0.11    0.12    2.56 ^ _434_/Y (sky130_fd_sc_hd__nor2_1)
     1    0.00                           _032_ (net)
                  0.11    0.00    2.56 ^ _480_/RESET_B (sky130_fd_sc_hd__dfrtp_1)
                                  2.56   data arrival time

                          0.00    0.00   clock SCK (rise edge)
                          0.00    0.00   clock source latency
                  0.08    0.06    0.06 ^ SCK (in)
     1    0.02                           SCK (net)
                  0.08    0.00    0.06 ^ clkbuf_0_SCK/A (sky130_fd_sc_hd__clkbuf_16)
                  0.06    0.17    0.23 ^ clkbuf_0_SCK/X (sky130_fd_sc_hd__clkbuf_16)
     4    0.04                           clknet_0_SCK (net)
                  0.06    0.00    0.23 ^ clkbuf_2_0__f_SCK/A (sky130_fd_sc_hd__clkbuf_16)
                  0.05    0.15    0.38 ^ clkbuf_2_0__f_SCK/X (sky130_fd_sc_hd__clkbuf_16)
     9    0.03                           clknet_2_0__leaf_SCK (net)
                  0.05    0.00    0.38 ^ _480_/CLK (sky130_fd_sc_hd__dfrtp_1)
                          0.25    0.63   clock uncertainty
                          0.00    0.63   clock reconvergence pessimism
                          0.34    0.97   library removal time
                                  0.97   data required time
-----------------------------------------------------------------------------
                                  0.97   data required time
                                 -2.56   data arrival time
-----------------------------------------------------------------------------
                                  1.60   slack (MET)


Startpoint: CSB (input port clocked by SCK)
Endpoint: _456_ (removal check against rising-edge clock SCK)
Path Group: asynchronous
Path Type: min

Fanout     Cap    Slew   Delay    Time   Description
-----------------------------------------------------------------------------
                          0.00    0.00   clock SCK (rise edge)
                          0.00    0.00   clock network delay (propagated)
                          2.00    2.00 v input external delay
                  0.01    0.00    2.00 v CSB (in)
     1    0.00                           CSB (net)
                  0.01    0.00    2.00 v input1/A (sky130_fd_sc_hd__clkbuf_1)
                  0.02    0.06    2.07 v input1/X (sky130_fd_sc_hd__clkbuf_1)
     1    0.00                           net1 (net)
                  0.02    0.00    2.07 v _224_/A (sky130_fd_sc_hd__buf_2)
                  0.09    0.16    2.23 v _224_/X (sky130_fd_sc_hd__buf_2)
     9    0.03                           _102_ (net)
                  0.09    0.00    2.23 v _403_/A (sky130_fd_sc_hd__clkbuf_4)
                  0.09    0.20    2.44 v _403_/X (sky130_fd_sc_hd__clkbuf_4)
    10    0.04                           _216_ (net)
                  0.09    0.00    2.44 v _406_/B (sky130_fd_sc_hd__nor2_1)
                  0.10    0.11    2.55 ^ _406_/Y (sky130_fd_sc_hd__nor2_1)
     1    0.00                           _008_ (net)
                  0.10    0.00    2.55 ^ _456_/RESET_B (sky130_fd_sc_hd__dfrtp_1)
                                  2.55   data arrival time

                          0.00    0.00   clock SCK (rise edge)
                          0.00    0.00   clock source latency
                  0.08    0.06    0.06 ^ SCK (in)
     1    0.02                           SCK (net)
                  0.08    0.00    0.06 ^ clkbuf_0_SCK/A (sky130_fd_sc_hd__clkbuf_16)
                  0.06    0.17    0.23 ^ clkbuf_0_SCK/X (sky130_fd_sc_hd__clkbuf_16)
     4    0.04                           clknet_0_SCK (net)
                  0.06    0.00    0.23 ^ clkbuf_2_3__f_SCK/A (sky130_fd_sc_hd__clkbuf_16)
                  0.04    0.14    0.37 ^ clkbuf_2_3__f_SCK/X (sky130_fd_sc_hd__clkbuf_16)
     6    0.02                           clknet_2_3__leaf_SCK (net)
                  0.04    0.00    0.37 ^ _456_/CLK (sky130_fd_sc_hd__dfrtp_1)
                          0.25    0.62   clock uncertainty
                          0.00    0.62   clock reconvergence pessimism
                          0.33    0.95   library removal time
                                  0.95   data required time
-----------------------------------------------------------------------------
                                  0.95   data required time
                                 -2.55   data arrival time
-----------------------------------------------------------------------------
                                  1.60   slack (MET)


Startpoint: CSB (input port clocked by SCK)
Endpoint: _457_ (removal check against rising-edge clock SCK)
Path Group: asynchronous
Path Type: min

Fanout     Cap    Slew   Delay    Time   Description
-----------------------------------------------------------------------------
                          0.00    0.00   clock SCK (rise edge)
                          0.00    0.00   clock network delay (propagated)
                          2.00    2.00 v input external delay
                  0.01    0.00    2.00 v CSB (in)
     1    0.00                           CSB (net)
                  0.01    0.00    2.00 v input1/A (sky130_fd_sc_hd__clkbuf_1)
                  0.02    0.06    2.07 v input1/X (sky130_fd_sc_hd__clkbuf_1)
     1    0.00                           net1 (net)
                  0.02    0.00    2.07 v _224_/A (sky130_fd_sc_hd__buf_2)
                  0.09    0.16    2.23 v _224_/X (sky130_fd_sc_hd__buf_2)
     9    0.03                           _102_ (net)
                  0.09    0.00    2.23 v _403_/A (sky130_fd_sc_hd__clkbuf_4)
                  0.09    0.20    2.44 v _403_/X (sky130_fd_sc_hd__clkbuf_4)
    10    0.04                           _216_ (net)
                  0.09    0.00    2.44 v _407_/B (sky130_fd_sc_hd__nor2_1)
                  0.11    0.12    2.56 ^ _407_/Y (sky130_fd_sc_hd__nor2_1)
     1    0.00                           _009_ (net)
                  0.11    0.00    2.56 ^ _457_/RESET_B (sky130_fd_sc_hd__dfrtp_1)
                                  2.56   data arrival time

                          0.00    0.00   clock SCK (rise edge)
                          0.00    0.00   clock source latency
                  0.08    0.06    0.06 ^ SCK (in)
     1    0.02                           SCK (net)
                  0.08    0.00    0.06 ^ clkbuf_0_SCK/A (sky130_fd_sc_hd__clkbuf_16)
                  0.06    0.17    0.23 ^ clkbuf_0_SCK/X (sky130_fd_sc_hd__clkbuf_16)
     4    0.04                           clknet_0_SCK (net)
                  0.06    0.00    0.23 ^ clkbuf_2_3__f_SCK/A (sky130_fd_sc_hd__clkbuf_16)
                  0.04    0.14    0.37 ^ clkbuf_2_3__f_SCK/X (sky130_fd_sc_hd__clkbuf_16)
     6    0.02                           clknet_2_3__leaf_SCK (net)
                  0.04    0.00    0.37 ^ _457_/CLK (sky130_fd_sc_hd__dfrtp_1)
                          0.25    0.62   clock uncertainty
                          0.00    0.62   clock reconvergence pessimism
                          0.34    0.95   library removal time
                                  0.95   data required time
-----------------------------------------------------------------------------
                                  0.95   data required time
                                 -2.56   data arrival time
-----------------------------------------------------------------------------
                                  1.60   slack (MET)


Startpoint: CSB (input port clocked by SCK)
Endpoint: _455_ (removal check against rising-edge clock SCK)
Path Group: asynchronous
Path Type: min

Fanout     Cap    Slew   Delay    Time   Description
-----------------------------------------------------------------------------
                          0.00    0.00   clock SCK (rise edge)
                          0.00    0.00   clock network delay (propagated)
                          2.00    2.00 v input external delay
                  0.01    0.00    2.00 v CSB (in)
     1    0.00                           CSB (net)
                  0.01    0.00    2.00 v input1/A (sky130_fd_sc_hd__clkbuf_1)
                  0.02    0.06    2.07 v input1/X (sky130_fd_sc_hd__clkbuf_1)
     1    0.00                           net1 (net)
                  0.02    0.00    2.07 v _224_/A (sky130_fd_sc_hd__buf_2)
                  0.09    0.16    2.23 v _224_/X (sky130_fd_sc_hd__buf_2)
     9    0.03                           _102_ (net)
                  0.09    0.00    2.23 v _403_/A (sky130_fd_sc_hd__clkbuf_4)
                  0.09    0.20    2.44 v _403_/X (sky130_fd_sc_hd__clkbuf_4)
    10    0.04                           _216_ (net)
                  0.09    0.00    2.44 v _405_/B (sky130_fd_sc_hd__nor2_1)
                  0.11    0.12    2.56 ^ _405_/Y (sky130_fd_sc_hd__nor2_1)
     1    0.00                           _007_ (net)
                  0.11    0.00    2.56 ^ _455_/RESET_B (sky130_fd_sc_hd__dfrtp_1)
                                  2.56   data arrival time

                          0.00    0.00   clock SCK (rise edge)
                          0.00    0.00   clock source latency
                  0.08    0.06    0.06 ^ SCK (in)
     1    0.02                           SCK (net)
                  0.08    0.00    0.06 ^ clkbuf_0_SCK/A (sky130_fd_sc_hd__clkbuf_16)
                  0.06    0.17    0.23 ^ clkbuf_0_SCK/X (sky130_fd_sc_hd__clkbuf_16)
     4    0.04                           clknet_0_SCK (net)
                  0.06    0.00    0.23 ^ clkbuf_2_3__f_SCK/A (sky130_fd_sc_hd__clkbuf_16)
                  0.04    0.14    0.37 ^ clkbuf_2_3__f_SCK/X (sky130_fd_sc_hd__clkbuf_16)
     6    0.02                           clknet_2_3__leaf_SCK (net)
                  0.04    0.00    0.37 ^ _455_/CLK (sky130_fd_sc_hd__dfrtp_1)
                          0.25    0.62   clock uncertainty
                          0.00    0.62   clock reconvergence pessimism
                          0.34    0.95   library removal time
                                  0.95   data required time
-----------------------------------------------------------------------------
                                  0.95   data required time
                                 -2.56   data arrival time
-----------------------------------------------------------------------------
                                  1.60   slack (MET)


Startpoint: _457_ (rising edge-triggered flip-flop clocked by SCK)
Endpoint: pass_thru_user (output port clocked by SCK)
Path Group: SCK
Path Type: min

Fanout     Cap    Slew   Delay    Time   Description
-----------------------------------------------------------------------------
                          0.00    0.00   clock SCK (rise edge)
                          0.00    0.00   clock source latency
                  0.08    0.05    0.05 ^ SCK (in)
     1    0.02                           SCK (net)
                  0.08    0.00    0.05 ^ clkbuf_0_SCK/A (sky130_fd_sc_hd__clkbuf_16)
                  0.06    0.15    0.20 ^ clkbuf_0_SCK/X (sky130_fd_sc_hd__clkbuf_16)
     4    0.04                           clknet_0_SCK (net)
                  0.06    0.00    0.20 ^ clkbuf_2_3__f_SCK/A (sky130_fd_sc_hd__clkbuf_16)
                  0.04    0.13    0.33 ^ clkbuf_2_3__f_SCK/X (sky130_fd_sc_hd__clkbuf_16)
     6    0.02                           clknet_2_3__leaf_SCK (net)
                  0.04    0.00    0.33 ^ _457_/CLK (sky130_fd_sc_hd__dfrtp_1)
                  0.08    0.33    0.66 ^ _457_/Q (sky130_fd_sc_hd__dfrtp_1)
     2    0.01                           net32 (net)
                  0.08    0.00    0.66 ^ output32/A (sky130_fd_sc_hd__clkbuf_4)
                  0.12    0.19    0.85 ^ output32/X (sky130_fd_sc_hd__clkbuf_4)
     1    0.04                           pass_thru_user (net)
                  0.12    0.00    0.85 ^ pass_thru_user (out)
                                  0.85   data arrival time

                          0.00    0.00   clock SCK (rise edge)
                          0.00    0.00   clock network delay (propagated)
                          0.25    0.25   clock uncertainty
                          0.00    0.25   clock reconvergence pessimism
                         -2.00   -1.75   output external delay
                                 -1.75   data required time
-----------------------------------------------------------------------------
                                 -1.75   data required time
                                 -0.85   data arrival time
-----------------------------------------------------------------------------
                                  2.60   slack (MET)


Startpoint: _481_ (rising edge-triggered flip-flop clocked by SCK)
Endpoint: odata[7] (output port clocked by SCK)
Path Group: SCK
Path Type: min

Fanout     Cap    Slew   Delay    Time   Description
-----------------------------------------------------------------------------
                          0.00    0.00   clock SCK (rise edge)
                          0.00    0.00   clock source latency
                  0.08    0.05    0.05 ^ SCK (in)
     1    0.02                           SCK (net)
                  0.08    0.00    0.05 ^ clkbuf_0_SCK/A (sky130_fd_sc_hd__clkbuf_16)
                  0.06    0.15    0.20 ^ clkbuf_0_SCK/X (sky130_fd_sc_hd__clkbuf_16)
     4    0.04                           clknet_0_SCK (net)
                  0.06    0.00    0.20 ^ clkbuf_2_0__f_SCK/A (sky130_fd_sc_hd__clkbuf_16)
                  0.05    0.13    0.34 ^ clkbuf_2_0__f_SCK/X (sky130_fd_sc_hd__clkbuf_16)
     9    0.03                           clknet_2_0__leaf_SCK (net)
                  0.05    0.00    0.34 ^ _481_/CLK (sky130_fd_sc_hd__dfrtp_1)
                  0.07    0.33    0.67 ^ _481_/Q (sky130_fd_sc_hd__dfrtp_1)
     2    0.01                           net28 (net)
                  0.07    0.00    0.67 ^ output28/A (sky130_fd_sc_hd__clkbuf_4)
                  0.11    0.18    0.85 ^ output28/X (sky130_fd_sc_hd__clkbuf_4)
     1    0.03                           odata[7] (net)
                  0.11    0.00    0.85 ^ odata[7] (out)
                                  0.85   data arrival time

                          0.00    0.00   clock SCK (rise edge)
                          0.00    0.00   clock network delay (propagated)
                          0.25    0.25   clock uncertainty
                          0.00    0.25   clock reconvergence pessimism
                         -2.00   -1.75   output external delay
                                 -1.75   data required time
-----------------------------------------------------------------------------
                                 -1.75   data required time
                                 -0.85   data arrival time
-----------------------------------------------------------------------------
                                  2.60   slack (MET)


Startpoint: _480_ (rising edge-triggered flip-flop clocked by SCK)
Endpoint: odata[6] (output port clocked by SCK)
Path Group: SCK
Path Type: min

Fanout     Cap    Slew   Delay    Time   Description
-----------------------------------------------------------------------------
                          0.00    0.00   clock SCK (rise edge)
                          0.00    0.00   clock source latency
                  0.08    0.05    0.05 ^ SCK (in)
     1    0.02                           SCK (net)
                  0.08    0.00    0.05 ^ clkbuf_0_SCK/A (sky130_fd_sc_hd__clkbuf_16)
                  0.06    0.15    0.20 ^ clkbuf_0_SCK/X (sky130_fd_sc_hd__clkbuf_16)
     4    0.04                           clknet_0_SCK (net)
                  0.06    0.00    0.20 ^ clkbuf_2_0__f_SCK/A (sky130_fd_sc_hd__clkbuf_16)
                  0.05    0.13    0.34 ^ clkbuf_2_0__f_SCK/X (sky130_fd_sc_hd__clkbuf_16)
     9    0.03                           clknet_2_0__leaf_SCK (net)
                  0.05    0.00    0.34 ^ _480_/CLK (sky130_fd_sc_hd__dfrtp_1)
                  0.09    0.34    0.68 ^ _480_/Q (sky130_fd_sc_hd__dfrtp_1)
     3    0.01                           net27 (net)
                  0.09    0.00    0.68 ^ output27/A (sky130_fd_sc_hd__clkbuf_4)
                  0.12    0.19    0.87 ^ output27/X (sky130_fd_sc_hd__clkbuf_4)
     1    0.04                           odata[6] (net)
                  0.12    0.00    0.87 ^ odata[6] (out)
                                  0.87   data arrival time

                          0.00    0.00   clock SCK (rise edge)
                          0.00    0.00   clock network delay (propagated)
                          0.25    0.25   clock uncertainty
                          0.00    0.25   clock reconvergence pessimism
                         -2.00   -1.75   output external delay
                                 -1.75   data required time
-----------------------------------------------------------------------------
                                 -1.75   data required time
                                 -0.87   data arrival time
-----------------------------------------------------------------------------
                                  2.62   slack (MET)


Startpoint: _458_ (rising edge-triggered flip-flop clocked by SCK)
Endpoint: pass_thru_user_delay (output port clocked by SCK)
Path Group: SCK
Path Type: min

Fanout     Cap    Slew   Delay    Time   Description
-----------------------------------------------------------------------------
                          0.00    0.00   clock SCK (rise edge)
                          0.00    0.00   clock source latency
                  0.08    0.05    0.05 ^ SCK (in)
     1    0.02                           SCK (net)
                  0.08    0.00    0.05 ^ clkbuf_0_SCK/A (sky130_fd_sc_hd__clkbuf_16)
                  0.06    0.15    0.20 ^ clkbuf_0_SCK/X (sky130_fd_sc_hd__clkbuf_16)
     4    0.04                           clknet_0_SCK (net)
                  0.06    0.00    0.20 ^ clkbuf_2_2__f_SCK/A (sky130_fd_sc_hd__clkbuf_16)
                  0.05    0.14    0.34 ^ clkbuf_2_2__f_SCK/X (sky130_fd_sc_hd__clkbuf_16)
     9    0.03                           clknet_2_2__leaf_SCK (net)
                  0.05    0.00    0.34 ^ _458_/CLK (sky130_fd_sc_hd__dfrtp_1)
                  0.09    0.34    0.68 ^ _458_/Q (sky130_fd_sc_hd__dfrtp_1)
     3    0.01                           net33 (net)
                  0.09    0.00    0.68 ^ output33/A (sky130_fd_sc_hd__clkbuf_4)
                  0.11    0.19    0.87 ^ output33/X (sky130_fd_sc_hd__clkbuf_4)
     1    0.03                           pass_thru_user_delay (net)
                  0.11    0.00    0.88 ^ pass_thru_user_delay (out)
                                  0.88   data arrival time

                          0.00    0.00   clock SCK (rise edge)
                          0.00    0.00   clock network delay (propagated)
                          0.25    0.25   clock uncertainty
                          0.00    0.25   clock reconvergence pessimism
                         -2.00   -1.75   output external delay
                                 -1.75   data required time
-----------------------------------------------------------------------------
                                 -1.75   data required time
                                 -0.88   data arrival time
-----------------------------------------------------------------------------
                                  2.63   slack (MET)


Startpoint: _476_ (rising edge-triggered flip-flop clocked by SCK)
Endpoint: odata[2] (output port clocked by SCK)
Path Group: SCK
Path Type: min

Fanout     Cap    Slew   Delay    Time   Description
-----------------------------------------------------------------------------
                          0.00    0.00   clock SCK (rise edge)
                          0.00    0.00   clock source latency
                  0.08    0.05    0.05 ^ SCK (in)
     1    0.02                           SCK (net)
                  0.08    0.00    0.05 ^ clkbuf_0_SCK/A (sky130_fd_sc_hd__clkbuf_16)
                  0.06    0.15    0.20 ^ clkbuf_0_SCK/X (sky130_fd_sc_hd__clkbuf_16)
     4    0.04                           clknet_0_SCK (net)
                  0.06    0.00    0.20 ^ clkbuf_2_1__f_SCK/A (sky130_fd_sc_hd__clkbuf_16)
                  0.06    0.14    0.35 ^ clkbuf_2_1__f_SCK/X (sky130_fd_sc_hd__clkbuf_16)
    12    0.04                           clknet_2_1__leaf_SCK (net)
                  0.06    0.00    0.35 ^ _476_/CLK (sky130_fd_sc_hd__dfrtp_1)
                  0.09    0.34    0.69 ^ _476_/Q (sky130_fd_sc_hd__dfrtp_1)
     3    0.01                           net23 (net)
                  0.09    0.00    0.69 ^ output23/A (sky130_fd_sc_hd__clkbuf_4)
                  0.11    0.19    0.88 ^ output23/X (sky130_fd_sc_hd__clkbuf_4)
     1    0.03                           odata[2] (net)
                  0.11    0.00    0.89 ^ odata[2] (out)
                                  0.89   data arrival time

                          0.00    0.00   clock SCK (rise edge)
                          0.00    0.00   clock network delay (propagated)
                          0.25    0.25   clock uncertainty
                          0.00    0.25   clock reconvergence pessimism
                         -2.00   -1.75   output external delay
                                 -1.75   data required time
-----------------------------------------------------------------------------
                                 -1.75   data required time
                                 -0.89   data arrival time
-----------------------------------------------------------------------------
                                  2.64   slack (MET)


Startpoint: _475_ (rising edge-triggered flip-flop clocked by SCK)
Endpoint: odata[1] (output port clocked by SCK)
Path Group: SCK
Path Type: min

Fanout     Cap    Slew   Delay    Time   Description
-----------------------------------------------------------------------------
                          0.00    0.00   clock SCK (rise edge)
                          0.00    0.00   clock source latency
                  0.08    0.05    0.05 ^ SCK (in)
     1    0.02                           SCK (net)
                  0.08    0.00    0.05 ^ clkbuf_0_SCK/A (sky130_fd_sc_hd__clkbuf_16)
                  0.06    0.15    0.20 ^ clkbuf_0_SCK/X (sky130_fd_sc_hd__clkbuf_16)
     4    0.04                           clknet_0_SCK (net)
                  0.06    0.00    0.20 ^ clkbuf_2_1__f_SCK/A (sky130_fd_sc_hd__clkbuf_16)
                  0.06    0.14    0.35 ^ clkbuf_2_1__f_SCK/X (sky130_fd_sc_hd__clkbuf_16)
    12    0.04                           clknet_2_1__leaf_SCK (net)
                  0.06    0.00    0.35 ^ _475_/CLK (sky130_fd_sc_hd__dfrtp_1)
                  0.10    0.35    0.70 ^ _475_/Q (sky130_fd_sc_hd__dfrtp_1)
     3    0.01                           net22 (net)
                  0.10    0.00    0.70 ^ output22/A (sky130_fd_sc_hd__clkbuf_4)
                  0.11    0.19    0.89 ^ output22/X (sky130_fd_sc_hd__clkbuf_4)
     1    0.03                           odata[1] (net)
                  0.11    0.00    0.89 ^ odata[1] (out)
                                  0.89   data arrival time

                          0.00    0.00   clock SCK (rise edge)
                          0.00    0.00   clock network delay (propagated)
                          0.25    0.25   clock uncertainty
                          0.00    0.25   clock reconvergence pessimism
                         -2.00   -1.75   output external delay
                                 -1.75   data required time
-----------------------------------------------------------------------------
                                 -1.75   data required time
                                 -0.89   data arrival time
-----------------------------------------------------------------------------
                                  2.64   slack (MET)


Startpoint: _478_ (rising edge-triggered flip-flop clocked by SCK)
Endpoint: odata[4] (output port clocked by SCK)
Path Group: SCK
Path Type: min

Fanout     Cap    Slew   Delay    Time   Description
-----------------------------------------------------------------------------
                          0.00    0.00   clock SCK (rise edge)
                          0.00    0.00   clock source latency
                  0.08    0.05    0.05 ^ SCK (in)
     1    0.02                           SCK (net)
                  0.08    0.00    0.05 ^ clkbuf_0_SCK/A (sky130_fd_sc_hd__clkbuf_16)
                  0.06    0.15    0.20 ^ clkbuf_0_SCK/X (sky130_fd_sc_hd__clkbuf_16)
     4    0.04                           clknet_0_SCK (net)
                  0.06    0.00    0.20 ^ clkbuf_2_1__f_SCK/A (sky130_fd_sc_hd__clkbuf_16)
                  0.06    0.14    0.35 ^ clkbuf_2_1__f_SCK/X (sky130_fd_sc_hd__clkbuf_16)
    12    0.04                           clknet_2_1__leaf_SCK (net)
                  0.06    0.00    0.35 ^ _478_/CLK (sky130_fd_sc_hd__dfrtp_1)
                  0.09    0.34    0.69 ^ _478_/Q (sky130_fd_sc_hd__dfrtp_1)
     3    0.01                           net25 (net)
                  0.09    0.00    0.69 ^ output25/A (sky130_fd_sc_hd__buf_2)
                  0.17    0.20    0.89 ^ output25/X (sky130_fd_sc_hd__buf_2)
     1    0.03                           odata[4] (net)
                  0.17    0.00    0.89 ^ odata[4] (out)
                                  0.89   data arrival time

                          0.00    0.00   clock SCK (rise edge)
                          0.00    0.00   clock network delay (propagated)
                          0.25    0.25   clock uncertainty
                          0.00    0.25   clock reconvergence pessimism
                         -2.00   -1.75   output external delay
                                 -1.75   data required time
-----------------------------------------------------------------------------
                                 -1.75   data required time
                                 -0.89   data arrival time
-----------------------------------------------------------------------------
                                  2.64   slack (MET)


Startpoint: _455_ (rising edge-triggered flip-flop clocked by SCK)
Endpoint: pass_thru_mgmt (output port clocked by SCK)
Path Group: SCK
Path Type: min

Fanout     Cap    Slew   Delay    Time   Description
-----------------------------------------------------------------------------
                          0.00    0.00   clock SCK (rise edge)
                          0.00    0.00   clock source latency
                  0.08    0.05    0.05 ^ SCK (in)
     1    0.02                           SCK (net)
                  0.08    0.00    0.05 ^ clkbuf_0_SCK/A (sky130_fd_sc_hd__clkbuf_16)
                  0.06    0.15    0.20 ^ clkbuf_0_SCK/X (sky130_fd_sc_hd__clkbuf_16)
     4    0.04                           clknet_0_SCK (net)
                  0.06    0.00    0.20 ^ clkbuf_2_3__f_SCK/A (sky130_fd_sc_hd__clkbuf_16)
                  0.04    0.13    0.33 ^ clkbuf_2_3__f_SCK/X (sky130_fd_sc_hd__clkbuf_16)
     6    0.02                           clknet_2_3__leaf_SCK (net)
                  0.04    0.00    0.33 ^ _455_/CLK (sky130_fd_sc_hd__dfrtp_1)
                  0.08    0.38    0.71 v _455_/Q (sky130_fd_sc_hd__dfrtp_1)
     2    0.01                           net29 (net)
                  0.08    0.00    0.71 v output29/A (sky130_fd_sc_hd__buf_2)
                  0.09    0.18    0.89 v output29/X (sky130_fd_sc_hd__buf_2)
     1    0.03                           pass_thru_mgmt (net)
                  0.09    0.00    0.89 v pass_thru_mgmt (out)
                                  0.89   data arrival time

                          0.00    0.00   clock SCK (rise edge)
                          0.00    0.00   clock network delay (propagated)
                          0.25    0.25   clock uncertainty
                          0.00    0.25   clock reconvergence pessimism
                         -2.00   -1.75   output external delay
                                 -1.75   data required time
-----------------------------------------------------------------------------
                                 -1.75   data required time
                                 -0.89   data arrival time
-----------------------------------------------------------------------------
                                  2.64   slack (MET)


Startpoint: _454_ (rising edge-triggered flip-flop clocked by SCK)
Endpoint: rdstb (output port clocked by SCK)
Path Group: SCK
Path Type: min

Fanout     Cap    Slew   Delay    Time   Description
-----------------------------------------------------------------------------
                          0.00    0.00   clock SCK (rise edge)
                          0.00    0.00   clock source latency
                  0.08    0.05    0.05 ^ SCK (in)
     1    0.02                           SCK (net)
                  0.08    0.00    0.05 ^ clkbuf_0_SCK/A (sky130_fd_sc_hd__clkbuf_16)
                  0.06    0.15    0.20 ^ clkbuf_0_SCK/X (sky130_fd_sc_hd__clkbuf_16)
     4    0.04                           clknet_0_SCK (net)
                  0.06    0.00    0.20 ^ clkbuf_2_3__f_SCK/A (sky130_fd_sc_hd__clkbuf_16)
                  0.04    0.13    0.33 ^ clkbuf_2_3__f_SCK/X (sky130_fd_sc_hd__clkbuf_16)
     6    0.02                           clknet_2_3__leaf_SCK (net)
                  0.04    0.00    0.33 ^ _454_/CLK (sky130_fd_sc_hd__dfrtp_1)
                  0.13    0.36    0.70 ^ _454_/Q (sky130_fd_sc_hd__dfrtp_1)
     3    0.01                           net35 (net)
                  0.13    0.00    0.70 ^ output35/A (sky130_fd_sc_hd__clkbuf_4)
                  0.11    0.20    0.90 ^ output35/X (sky130_fd_sc_hd__clkbuf_4)
     1    0.03                           rdstb (net)
                  0.11    0.00    0.90 ^ rdstb (out)
                                  0.90   data arrival time

                          0.00    0.00   clock SCK (rise edge)
                          0.00    0.00   clock network delay (propagated)
                          0.25    0.25   clock uncertainty
                          0.00    0.25   clock reconvergence pessimism
                         -2.00   -1.75   output external delay
                                 -1.75   data required time
-----------------------------------------------------------------------------
                                 -1.75   data required time
                                 -0.90   data arrival time
-----------------------------------------------------------------------------
                                  2.65   slack (MET)


Startpoint: _456_ (rising edge-triggered flip-flop clocked by SCK)
Endpoint: pass_thru_mgmt_delay (output port clocked by SCK)
Path Group: SCK
Path Type: min

Fanout     Cap    Slew   Delay    Time   Description
-----------------------------------------------------------------------------
                          0.00    0.00   clock SCK (rise edge)
                          0.00    0.00   clock source latency
                  0.08    0.05    0.05 ^ SCK (in)
     1    0.02                           SCK (net)
                  0.08    0.00    0.05 ^ clkbuf_0_SCK/A (sky130_fd_sc_hd__clkbuf_16)
                  0.06    0.15    0.20 ^ clkbuf_0_SCK/X (sky130_fd_sc_hd__clkbuf_16)
     4    0.04                           clknet_0_SCK (net)
                  0.06    0.00    0.20 ^ clkbuf_2_3__f_SCK/A (sky130_fd_sc_hd__clkbuf_16)
                  0.04    0.13    0.33 ^ clkbuf_2_3__f_SCK/X (sky130_fd_sc_hd__clkbuf_16)
     6    0.02                           clknet_2_3__leaf_SCK (net)
                  0.04    0.00    0.33 ^ _456_/CLK (sky130_fd_sc_hd__dfrtp_1)
                  0.09    0.39    0.72 v _456_/Q (sky130_fd_sc_hd__dfrtp_1)
     3    0.01                           net30 (net)
                  0.09    0.00    0.72 v output30/A (sky130_fd_sc_hd__clkbuf_4)
                  0.08    0.19    0.92 v output30/X (sky130_fd_sc_hd__clkbuf_4)
     1    0.03                           pass_thru_mgmt_delay (net)
                  0.08    0.00    0.92 v pass_thru_mgmt_delay (out)
                                  0.92   data arrival time

                          0.00    0.00   clock SCK (rise edge)
                          0.00    0.00   clock network delay (propagated)
                          0.25    0.25   clock uncertainty
                          0.00    0.25   clock reconvergence pessimism
                         -2.00   -1.75   output external delay
                                 -1.75   data required time
-----------------------------------------------------------------------------
                                 -1.75   data required time
                                 -0.92   data arrival time
-----------------------------------------------------------------------------
                                  2.67   slack (MET)


Startpoint: _479_ (rising edge-triggered flip-flop clocked by SCK)
Endpoint: odata[5] (output port clocked by SCK)
Path Group: SCK
Path Type: min

Fanout     Cap    Slew   Delay    Time   Description
-----------------------------------------------------------------------------
                          0.00    0.00   clock SCK (rise edge)
                          0.00    0.00   clock source latency
                  0.08    0.05    0.05 ^ SCK (in)
     1    0.02                           SCK (net)
                  0.08    0.00    0.05 ^ clkbuf_0_SCK/A (sky130_fd_sc_hd__clkbuf_16)
                  0.06    0.15    0.20 ^ clkbuf_0_SCK/X (sky130_fd_sc_hd__clkbuf_16)
     4    0.04                           clknet_0_SCK (net)
                  0.06    0.00    0.20 ^ clkbuf_2_1__f_SCK/A (sky130_fd_sc_hd__clkbuf_16)
                  0.06    0.14    0.35 ^ clkbuf_2_1__f_SCK/X (sky130_fd_sc_hd__clkbuf_16)
    12    0.04                           clknet_2_1__leaf_SCK (net)
                  0.06    0.00    0.35 ^ _479_/CLK (sky130_fd_sc_hd__dfrtp_1)
                  0.09    0.39    0.74 v _479_/Q (sky130_fd_sc_hd__dfrtp_1)
     3    0.01                           net26 (net)
                  0.09    0.00    0.74 v output26/A (sky130_fd_sc_hd__clkbuf_4)
                  0.08    0.19    0.93 v output26/X (sky130_fd_sc_hd__clkbuf_4)
     1    0.03                           odata[5] (net)
                  0.08    0.00    0.93 v odata[5] (out)
                                  0.93   data arrival time

                          0.00    0.00   clock SCK (rise edge)
                          0.00    0.00   clock network delay (propagated)
                          0.25    0.25   clock uncertainty
                          0.00    0.25   clock reconvergence pessimism
                         -2.00   -1.75   output external delay
                                 -1.75   data required time
-----------------------------------------------------------------------------
                                 -1.75   data required time
                                 -0.93   data arrival time
-----------------------------------------------------------------------------
                                  2.68   slack (MET)


Startpoint: _477_ (rising edge-triggered flip-flop clocked by SCK)
Endpoint: odata[3] (output port clocked by SCK)
Path Group: SCK
Path Type: min

Fanout     Cap    Slew   Delay    Time   Description
-----------------------------------------------------------------------------
                          0.00    0.00   clock SCK (rise edge)
                          0.00    0.00   clock source latency
                  0.08    0.05    0.05 ^ SCK (in)
     1    0.02                           SCK (net)
                  0.08    0.00    0.05 ^ clkbuf_0_SCK/A (sky130_fd_sc_hd__clkbuf_16)
                  0.06    0.15    0.20 ^ clkbuf_0_SCK/X (sky130_fd_sc_hd__clkbuf_16)
     4    0.04                           clknet_0_SCK (net)
                  0.06    0.00    0.20 ^ clkbuf_2_1__f_SCK/A (sky130_fd_sc_hd__clkbuf_16)
                  0.06    0.14    0.35 ^ clkbuf_2_1__f_SCK/X (sky130_fd_sc_hd__clkbuf_16)
    12    0.04                           clknet_2_1__leaf_SCK (net)
                  0.06    0.00    0.35 ^ _477_/CLK (sky130_fd_sc_hd__dfrtp_1)
                  0.11    0.41    0.76 v _477_/Q (sky130_fd_sc_hd__dfrtp_1)
     3    0.02                           net24 (net)
                  0.11    0.00    0.76 v output24/A (sky130_fd_sc_hd__clkbuf_4)
                  0.08    0.20    0.96 v output24/X (sky130_fd_sc_hd__clkbuf_4)
     1    0.03                           odata[3] (net)
                  0.08    0.00    0.96 v odata[3] (out)
                                  0.96   data arrival time

                          0.00    0.00   clock SCK (rise edge)
                          0.00    0.00   clock network delay (propagated)
                          0.25    0.25   clock uncertainty
                          0.00    0.25   clock reconvergence pessimism
                         -2.00   -1.75   output external delay
                                 -1.75   data required time
-----------------------------------------------------------------------------
                                 -1.75   data required time
                                 -0.96   data arrival time
-----------------------------------------------------------------------------
                                  2.71   slack (MET)


Startpoint: _458_ (rising edge-triggered flip-flop clocked by SCK)
Endpoint: pass_thru_user_reset (output port clocked by SCK)
Path Group: SCK
Path Type: min

Fanout     Cap    Slew   Delay    Time   Description
-----------------------------------------------------------------------------
                          0.00    0.00   clock SCK (rise edge)
                          0.00    0.00   clock source latency
                  0.08    0.05    0.05 ^ SCK (in)
     1    0.02                           SCK (net)
                  0.08    0.00    0.05 ^ clkbuf_0_SCK/A (sky130_fd_sc_hd__clkbuf_16)
                  0.06    0.15    0.20 ^ clkbuf_0_SCK/X (sky130_fd_sc_hd__clkbuf_16)
     4    0.04                           clknet_0_SCK (net)
                  0.06    0.00    0.20 ^ clkbuf_2_2__f_SCK/A (sky130_fd_sc_hd__clkbuf_16)
                  0.05    0.14    0.34 ^ clkbuf_2_2__f_SCK/X (sky130_fd_sc_hd__clkbuf_16)
     9    0.03                           clknet_2_2__leaf_SCK (net)
                  0.05    0.00    0.34 ^ _458_/CLK (sky130_fd_sc_hd__dfrtp_1)
                  0.09    0.34    0.68 ^ _458_/Q (sky130_fd_sc_hd__dfrtp_1)
     3    0.01                           net33 (net)
                  0.09    0.00    0.68 ^ _400_/B (sky130_fd_sc_hd__or2_1)
                  0.04    0.10    0.78 ^ _400_/X (sky130_fd_sc_hd__or2_1)
     1    0.00                           _214_ (net)
                  0.04    0.00    0.78 ^ _401_/A (sky130_fd_sc_hd__clkbuf_1)
                  0.04    0.07    0.85 ^ _401_/X (sky130_fd_sc_hd__clkbuf_1)
     1    0.00                           net34 (net)
                  0.04    0.00    0.85 ^ output34/A (sky130_fd_sc_hd__clkbuf_4)
                  0.11    0.18    1.03 ^ output34/X (sky130_fd_sc_hd__clkbuf_4)
     1    0.03                           pass_thru_user_reset (net)
                  0.11    0.00    1.03 ^ pass_thru_user_reset (out)
                                  1.03   data arrival time

                          0.00    0.00   clock SCK (rise edge)
                          0.00    0.00   clock network delay (propagated)
                          0.25    0.25   clock uncertainty
                          0.00    0.25   clock reconvergence pessimism
                         -2.00   -1.75   output external delay
                                 -1.75   data required time
-----------------------------------------------------------------------------
                                 -1.75   data required time
                                 -1.03   data arrival time
-----------------------------------------------------------------------------
                                  2.78   slack (MET)


Startpoint: _465_ (rising edge-triggered flip-flop clocked by SCK)
Endpoint: oaddr[6] (output port clocked by SCK)
Path Group: SCK
Path Type: min

Fanout     Cap    Slew   Delay    Time   Description
-----------------------------------------------------------------------------
                          0.00    0.00   clock SCK (rise edge)
                          0.00    0.00   clock source latency
                  0.08    0.05    0.05 ^ SCK (in)
     1    0.02                           SCK (net)
                  0.08    0.00    0.05 ^ clkbuf_0_SCK/A (sky130_fd_sc_hd__clkbuf_16)
                  0.06    0.15    0.20 ^ clkbuf_0_SCK/X (sky130_fd_sc_hd__clkbuf_16)
     4    0.04                           clknet_0_SCK (net)
                  0.06    0.00    0.20 ^ clkbuf_2_0__f_SCK/A (sky130_fd_sc_hd__clkbuf_16)
                  0.05    0.13    0.34 ^ clkbuf_2_0__f_SCK/X (sky130_fd_sc_hd__clkbuf_16)
     9    0.03                           clknet_2_0__leaf_SCK (net)
                  0.05    0.00    0.34 ^ _465_/CLK (sky130_fd_sc_hd__dfrtp_1)
                  0.15    0.38    0.72 ^ _465_/Q (sky130_fd_sc_hd__dfrtp_1)
     5    0.02                           addr[6] (net)
                  0.15    0.00    0.72 ^ _397_/A1 (sky130_fd_sc_hd__a21bo_1)
                  0.06    0.14    0.86 ^ _397_/X (sky130_fd_sc_hd__a21bo_1)
     1    0.01                           net19 (net)
                  0.06    0.00    0.86 ^ output19/A (sky130_fd_sc_hd__clkbuf_4)
                  0.12    0.18    1.04 ^ output19/X (sky130_fd_sc_hd__clkbuf_4)
     1    0.04                           oaddr[6] (net)
                  0.12    0.00    1.04 ^ oaddr[6] (out)
                                  1.04   data arrival time

                          0.00    0.00   clock SCK (rise edge)
                          0.00    0.00   clock network delay (propagated)
                          0.25    0.25   clock uncertainty
                          0.00    0.25   clock reconvergence pessimism
                         -2.00   -1.75   output external delay
                                 -1.75   data required time
-----------------------------------------------------------------------------
                                 -1.75   data required time
                                 -1.04   data arrival time
-----------------------------------------------------------------------------
                                  2.79   slack (MET)


Startpoint: _456_ (rising edge-triggered flip-flop clocked by SCK)
Endpoint: pass_thru_mgmt_reset (output port clocked by SCK)
Path Group: SCK
Path Type: min

Fanout     Cap    Slew   Delay    Time   Description
-----------------------------------------------------------------------------
                          0.00    0.00   clock SCK (rise edge)
                          0.00    0.00   clock source latency
                  0.08    0.05    0.05 ^ SCK (in)
     1    0.02                           SCK (net)
                  0.08    0.00    0.05 ^ clkbuf_0_SCK/A (sky130_fd_sc_hd__clkbuf_16)
                  0.06    0.15    0.20 ^ clkbuf_0_SCK/X (sky130_fd_sc_hd__clkbuf_16)
     4    0.04                           clknet_0_SCK (net)
                  0.06    0.00    0.20 ^ clkbuf_2_3__f_SCK/A (sky130_fd_sc_hd__clkbuf_16)
                  0.04    0.13    0.33 ^ clkbuf_2_3__f_SCK/X (sky130_fd_sc_hd__clkbuf_16)
     6    0.02                           clknet_2_3__leaf_SCK (net)
                  0.04    0.00    0.33 ^ _456_/CLK (sky130_fd_sc_hd__dfrtp_1)
                  0.14    0.37    0.71 ^ _456_/Q (sky130_fd_sc_hd__dfrtp_1)
     3    0.02                           net30 (net)
                  0.14    0.00    0.71 ^ _398_/B (sky130_fd_sc_hd__or2_1)
                  0.09    0.15    0.86 ^ _398_/X (sky130_fd_sc_hd__or2_1)
     1    0.01                           _213_ (net)
                  0.09    0.00    0.86 ^ _399_/A (sky130_fd_sc_hd__clkbuf_1)
                  0.05    0.09    0.95 ^ _399_/X (sky130_fd_sc_hd__clkbuf_1)
     1    0.00                           net31 (net)
                  0.05    0.00    0.95 ^ output31/A (sky130_fd_sc_hd__clkbuf_4)
                  0.11    0.18    1.13 ^ output31/X (sky130_fd_sc_hd__clkbuf_4)
     1    0.03                           pass_thru_mgmt_reset (net)
                  0.11    0.00    1.13 ^ pass_thru_mgmt_reset (out)
                                  1.13   data arrival time

                          0.00    0.00   clock SCK (rise edge)
                          0.00    0.00   clock network delay (propagated)
                          0.25    0.25   clock uncertainty
                          0.00    0.25   clock reconvergence pessimism
                         -2.00   -1.75   output external delay
                                 -1.75   data required time
-----------------------------------------------------------------------------
                                 -1.75   data required time
                                 -1.13   data arrival time
-----------------------------------------------------------------------------
                                  2.88   slack (MET)


Startpoint: _459_ (rising edge-triggered flip-flop clocked by SCK)
Endpoint: oaddr[1] (output port clocked by SCK)
Path Group: SCK
Path Type: min

Fanout     Cap    Slew   Delay    Time   Description
-----------------------------------------------------------------------------
                          0.00    0.00   clock SCK (rise edge)
                          0.00    0.00   clock source latency
                  0.08    0.05    0.05 ^ SCK (in)
     1    0.02                           SCK (net)
                  0.08    0.00    0.05 ^ clkbuf_0_SCK/A (sky130_fd_sc_hd__clkbuf_16)
                  0.06    0.15    0.20 ^ clkbuf_0_SCK/X (sky130_fd_sc_hd__clkbuf_16)
     4    0.04                           clknet_0_SCK (net)
                  0.06    0.00    0.20 ^ clkbuf_2_2__f_SCK/A (sky130_fd_sc_hd__clkbuf_16)
                  0.05    0.14    0.34 ^ clkbuf_2_2__f_SCK/X (sky130_fd_sc_hd__clkbuf_16)
     9    0.03                           clknet_2_2__leaf_SCK (net)
                  0.05    0.00    0.34 ^ _459_/CLK (sky130_fd_sc_hd__dfrtp_4)
                  0.09    0.49    0.83 v _459_/Q (sky130_fd_sc_hd__dfrtp_4)
     8    0.03                           addr[0] (net)
                  0.09    0.00    0.83 v _362_/A (sky130_fd_sc_hd__inv_2)
                  0.04    0.06    0.89 ^ _362_/Y (sky130_fd_sc_hd__inv_2)
     2    0.01                           _196_ (net)
                  0.04    0.00    0.89 ^ _388_/A1 (sky130_fd_sc_hd__o21ai_1)
                  0.05    0.07    0.97 v _388_/Y (sky130_fd_sc_hd__o21ai_1)
     1    0.01                           net14 (net)
                  0.05    0.00    0.97 v output14/A (sky130_fd_sc_hd__clkbuf_4)
                  0.08    0.18    1.14 v output14/X (sky130_fd_sc_hd__clkbuf_4)
     1    0.03                           oaddr[1] (net)
                  0.08    0.00    1.14 v oaddr[1] (out)
                                  1.14   data arrival time

                          0.00    0.00   clock SCK (rise edge)
                          0.00    0.00   clock network delay (propagated)
                          0.25    0.25   clock uncertainty
                          0.00    0.25   clock reconvergence pessimism
                         -2.00   -1.75   output external delay
                                 -1.75   data required time
-----------------------------------------------------------------------------
                                 -1.75   data required time
                                 -1.14   data arrival time
-----------------------------------------------------------------------------
                                  2.89   slack (MET)


Startpoint: _465_ (rising edge-triggered flip-flop clocked by SCK)
Endpoint: oaddr[7] (output port clocked by SCK)
Path Group: SCK
Path Type: min

Fanout     Cap    Slew   Delay    Time   Description
-----------------------------------------------------------------------------
                          0.00    0.00   clock SCK (rise edge)
                          0.00    0.00   clock source latency
                  0.08    0.05    0.05 ^ SCK (in)
     1    0.02                           SCK (net)
                  0.08    0.00    0.05 ^ clkbuf_0_SCK/A (sky130_fd_sc_hd__clkbuf_16)
                  0.06    0.15    0.20 ^ clkbuf_0_SCK/X (sky130_fd_sc_hd__clkbuf_16)
     4    0.04                           clknet_0_SCK (net)
                  0.06    0.00    0.20 ^ clkbuf_2_0__f_SCK/A (sky130_fd_sc_hd__clkbuf_16)
                  0.05    0.13    0.34 ^ clkbuf_2_0__f_SCK/X (sky130_fd_sc_hd__clkbuf_16)
     9    0.03                           clknet_2_0__leaf_SCK (net)
                  0.05    0.00    0.34 ^ _465_/CLK (sky130_fd_sc_hd__dfrtp_1)
                  0.15    0.38    0.72 ^ _465_/Q (sky130_fd_sc_hd__dfrtp_1)
     5    0.02                           addr[6] (net)
                  0.15    0.00    0.72 ^ _322_/A1 (sky130_fd_sc_hd__a21bo_1)
                  0.04    0.12    0.84 ^ _322_/X (sky130_fd_sc_hd__a21bo_1)
     1    0.00                           _164_ (net)
                  0.04    0.00    0.84 ^ _323_/A (sky130_fd_sc_hd__buf_1)
                  0.10    0.11    0.95 ^ _323_/X (sky130_fd_sc_hd__buf_1)
     2    0.01                           net20 (net)
                  0.10    0.00    0.95 ^ output20/A (sky130_fd_sc_hd__clkbuf_4)
                  0.11    0.19    1.15 ^ output20/X (sky130_fd_sc_hd__clkbuf_4)
     1    0.03                           oaddr[7] (net)
                  0.11    0.00    1.15 ^ oaddr[7] (out)
                                  1.15   data arrival time

                          0.00    0.00   clock SCK (rise edge)
                          0.00    0.00   clock network delay (propagated)
                          0.25    0.25   clock uncertainty
                          0.00    0.25   clock reconvergence pessimism
                         -2.00   -1.75   output external delay
                                 -1.75   data required time
-----------------------------------------------------------------------------
                                 -1.75   data required time
                                 -1.15   data arrival time
-----------------------------------------------------------------------------
                                  2.90   slack (MET)


Startpoint: _464_ (rising edge-triggered flip-flop clocked by SCK)
Endpoint: oaddr[5] (output port clocked by SCK)
Path Group: SCK
Path Type: min

Fanout     Cap    Slew   Delay    Time   Description
-----------------------------------------------------------------------------
                          0.00    0.00   clock SCK (rise edge)
                          0.00    0.00   clock source latency
                  0.08    0.05    0.05 ^ SCK (in)
     1    0.02                           SCK (net)
                  0.08    0.00    0.05 ^ clkbuf_0_SCK/A (sky130_fd_sc_hd__clkbuf_16)
                  0.06    0.15    0.20 ^ clkbuf_0_SCK/X (sky130_fd_sc_hd__clkbuf_16)
     4    0.04                           clknet_0_SCK (net)
                  0.06    0.00    0.20 ^ clkbuf_2_0__f_SCK/A (sky130_fd_sc_hd__clkbuf_16)
                  0.05    0.13    0.34 ^ clkbuf_2_0__f_SCK/X (sky130_fd_sc_hd__clkbuf_16)
     9    0.03                           clknet_2_0__leaf_SCK (net)
                  0.05    0.00    0.34 ^ _464_/CLK (sky130_fd_sc_hd__dfrtp_2)
                  0.11    0.38    0.72 ^ _464_/Q (sky130_fd_sc_hd__dfrtp_2)
     7    0.02                           addr[5] (net)
                  0.11    0.00    0.73 ^ _395_/A0 (sky130_fd_sc_hd__mux2_1)
                  0.07    0.16    0.88 ^ _395_/X (sky130_fd_sc_hd__mux2_1)
     1    0.01                           _212_ (net)
                  0.07    0.00    0.88 ^ _396_/A (sky130_fd_sc_hd__clkbuf_1)
                  0.04    0.08    0.97 ^ _396_/X (sky130_fd_sc_hd__clkbuf_1)
     1    0.00                           net18 (net)
                  0.04    0.00    0.97 ^ output18/A (sky130_fd_sc_hd__clkbuf_4)
                  0.12    0.18    1.15 ^ output18/X (sky130_fd_sc_hd__clkbuf_4)
     1    0.04                           oaddr[5] (net)
                  0.12    0.00    1.15 ^ oaddr[5] (out)
                                  1.15   data arrival time

                          0.00    0.00   clock SCK (rise edge)
                          0.00    0.00   clock network delay (propagated)
                          0.25    0.25   clock uncertainty
                          0.00    0.25   clock reconvergence pessimism
                         -2.00   -1.75   output external delay
                                 -1.75   data required time
-----------------------------------------------------------------------------
                                 -1.75   data required time
                                 -1.15   data arrival time
-----------------------------------------------------------------------------
                                  2.90   slack (MET)


Startpoint: _462_ (rising edge-triggered flip-flop clocked by SCK)
Endpoint: oaddr[3] (output port clocked by SCK)
Path Group: SCK
Path Type: min

Fanout     Cap    Slew   Delay    Time   Description
-----------------------------------------------------------------------------
                          0.00    0.00   clock SCK (rise edge)
                          0.00    0.00   clock source latency
                  0.08    0.05    0.05 ^ SCK (in)
     1    0.02                           SCK (net)
                  0.08    0.00    0.05 ^ clkbuf_0_SCK/A (sky130_fd_sc_hd__clkbuf_16)
                  0.06    0.15    0.20 ^ clkbuf_0_SCK/X (sky130_fd_sc_hd__clkbuf_16)
     4    0.04                           clknet_0_SCK (net)
                  0.06    0.00    0.20 ^ clkbuf_2_2__f_SCK/A (sky130_fd_sc_hd__clkbuf_16)
                  0.05    0.14    0.34 ^ clkbuf_2_2__f_SCK/X (sky130_fd_sc_hd__clkbuf_16)
     9    0.03                           clknet_2_2__leaf_SCK (net)
                  0.05    0.00    0.34 ^ _462_/CLK (sky130_fd_sc_hd__dfrtp_2)
                  0.11    0.38    0.72 ^ _462_/Q (sky130_fd_sc_hd__dfrtp_2)
     6    0.02                           addr[3] (net)
                  0.11    0.00    0.72 ^ _391_/A0 (sky130_fd_sc_hd__mux2_1)
                  0.09    0.17    0.89 ^ _391_/X (sky130_fd_sc_hd__mux2_1)
     1    0.01                           _210_ (net)
                  0.09    0.00    0.89 ^ _392_/A (sky130_fd_sc_hd__clkbuf_1)
                  0.04    0.09    0.98 ^ _392_/X (sky130_fd_sc_hd__clkbuf_1)
     1    0.00                           net16 (net)
                  0.04    0.00    0.98 ^ output16/A (sky130_fd_sc_hd__clkbuf_4)
                  0.11    0.17    1.15 ^ output16/X (sky130_fd_sc_hd__clkbuf_4)
     1    0.03                           oaddr[3] (net)
                  0.11    0.00    1.16 ^ oaddr[3] (out)
                                  1.16   data arrival time

                          0.00    0.00   clock SCK (rise edge)
                          0.00    0.00   clock network delay (propagated)
                          0.25    0.25   clock uncertainty
                          0.00    0.25   clock reconvergence pessimism
                         -2.00   -1.75   output external delay
                                 -1.75   data required time
-----------------------------------------------------------------------------
                                 -1.75   data required time
                                 -1.16   data arrival time
-----------------------------------------------------------------------------
                                  2.91   slack (MET)


Startpoint: _459_ (rising edge-triggered flip-flop clocked by SCK)
Endpoint: oaddr[0] (output port clocked by SCK)
Path Group: SCK
Path Type: min

Fanout     Cap    Slew   Delay    Time   Description
-----------------------------------------------------------------------------
                          0.00    0.00   clock SCK (rise edge)
                          0.00    0.00   clock source latency
                  0.08    0.05    0.05 ^ SCK (in)
     1    0.02                           SCK (net)
                  0.08    0.00    0.05 ^ clkbuf_0_SCK/A (sky130_fd_sc_hd__clkbuf_16)
                  0.06    0.15    0.20 ^ clkbuf_0_SCK/X (sky130_fd_sc_hd__clkbuf_16)
     4    0.04                           clknet_0_SCK (net)
                  0.06    0.00    0.20 ^ clkbuf_2_2__f_SCK/A (sky130_fd_sc_hd__clkbuf_16)
                  0.05    0.14    0.34 ^ clkbuf_2_2__f_SCK/X (sky130_fd_sc_hd__clkbuf_16)
     9    0.03                           clknet_2_2__leaf_SCK (net)
                  0.05    0.00    0.34 ^ _459_/CLK (sky130_fd_sc_hd__dfrtp_4)
                  0.11    0.44    0.78 ^ _459_/Q (sky130_fd_sc_hd__dfrtp_4)
     8    0.03                           addr[0] (net)
                  0.11    0.00    0.78 ^ _386_/A0 (sky130_fd_sc_hd__mux2_1)
                  0.04    0.13    0.91 ^ _386_/X (sky130_fd_sc_hd__mux2_1)
     1    0.00                           _208_ (net)
                  0.04    0.00    0.91 ^ _387_/A (sky130_fd_sc_hd__clkbuf_1)
                  0.05    0.08    0.99 ^ _387_/X (sky130_fd_sc_hd__clkbuf_1)
     1    0.00                           net13 (net)
                  0.05    0.00    0.99 ^ output13/A (sky130_fd_sc_hd__clkbuf_4)
                  0.11    0.18    1.16 ^ output13/X (sky130_fd_sc_hd__clkbuf_4)
     1    0.03                           oaddr[0] (net)
                  0.11    0.00    1.17 ^ oaddr[0] (out)
                                  1.17   data arrival time

                          0.00    0.00   clock SCK (rise edge)
                          0.00    0.00   clock network delay (propagated)
                          0.25    0.25   clock uncertainty
                          0.00    0.25   clock reconvergence pessimism
                         -2.00   -1.75   output external delay
                                 -1.75   data required time
-----------------------------------------------------------------------------
                                 -1.75   data required time
                                 -1.17   data arrival time
-----------------------------------------------------------------------------
                                  2.92   slack (MET)


Startpoint: _462_ (rising edge-triggered flip-flop clocked by SCK)
Endpoint: oaddr[4] (output port clocked by SCK)
Path Group: SCK
Path Type: min

Fanout     Cap    Slew   Delay    Time   Description
-----------------------------------------------------------------------------
                          0.00    0.00   clock SCK (rise edge)
                          0.00    0.00   clock source latency
                  0.08    0.05    0.05 ^ SCK (in)
     1    0.02                           SCK (net)
                  0.08    0.00    0.05 ^ clkbuf_0_SCK/A (sky130_fd_sc_hd__clkbuf_16)
                  0.06    0.15    0.20 ^ clkbuf_0_SCK/X (sky130_fd_sc_hd__clkbuf_16)
     4    0.04                           clknet_0_SCK (net)
                  0.06    0.00    0.20 ^ clkbuf_2_2__f_SCK/A (sky130_fd_sc_hd__clkbuf_16)
                  0.05    0.14    0.34 ^ clkbuf_2_2__f_SCK/X (sky130_fd_sc_hd__clkbuf_16)
     9    0.03                           clknet_2_2__leaf_SCK (net)
                  0.05    0.00    0.34 ^ _462_/CLK (sky130_fd_sc_hd__dfrtp_2)
                  0.11    0.38    0.72 ^ _462_/Q (sky130_fd_sc_hd__dfrtp_2)
     6    0.02                           addr[3] (net)
                  0.11    0.00    0.72 ^ _393_/A1 (sky130_fd_sc_hd__mux2_1)
                  0.10    0.18    0.90 ^ _393_/X (sky130_fd_sc_hd__mux2_1)
     1    0.01                           _211_ (net)
                  0.10    0.00    0.90 ^ _394_/A (sky130_fd_sc_hd__clkbuf_1)
                  0.04    0.09    0.99 ^ _394_/X (sky130_fd_sc_hd__clkbuf_1)
     1    0.00                           net17 (net)
                  0.04    0.00    0.99 ^ output17/A (sky130_fd_sc_hd__buf_2)
                  0.17    0.19    1.18 ^ output17/X (sky130_fd_sc_hd__buf_2)
     1    0.03                           oaddr[4] (net)
                  0.17    0.00    1.18 ^ oaddr[4] (out)
                                  1.18   data arrival time

                          0.00    0.00   clock SCK (rise edge)
                          0.00    0.00   clock network delay (propagated)
                          0.25    0.25   clock uncertainty
                          0.00    0.25   clock reconvergence pessimism
                         -2.00   -1.75   output external delay
                                 -1.75   data required time
-----------------------------------------------------------------------------
                                 -1.75   data required time
                                 -1.18   data arrival time
-----------------------------------------------------------------------------
                                  2.93   slack (MET)


Startpoint: _461_ (rising edge-triggered flip-flop clocked by SCK)
Endpoint: oaddr[2] (output port clocked by SCK)
Path Group: SCK
Path Type: min

Fanout     Cap    Slew   Delay    Time   Description
-----------------------------------------------------------------------------
                          0.00    0.00   clock SCK (rise edge)
                          0.00    0.00   clock source latency
                  0.08    0.05    0.05 ^ SCK (in)
     1    0.02                           SCK (net)
                  0.08    0.00    0.05 ^ clkbuf_0_SCK/A (sky130_fd_sc_hd__clkbuf_16)
                  0.06    0.15    0.20 ^ clkbuf_0_SCK/X (sky130_fd_sc_hd__clkbuf_16)
     4    0.04                           clknet_0_SCK (net)
                  0.06    0.00    0.20 ^ clkbuf_2_2__f_SCK/A (sky130_fd_sc_hd__clkbuf_16)
                  0.05    0.14    0.34 ^ clkbuf_2_2__f_SCK/X (sky130_fd_sc_hd__clkbuf_16)
     9    0.03                           clknet_2_2__leaf_SCK (net)
                  0.05    0.00    0.34 ^ _461_/CLK (sky130_fd_sc_hd__dfrtp_4)
                  0.10    0.43    0.77 ^ _461_/Q (sky130_fd_sc_hd__dfrtp_4)
     8    0.02                           addr[2] (net)
                  0.10    0.00    0.77 ^ _389_/A0 (sky130_fd_sc_hd__mux2_1)
                  0.10    0.17    0.94 ^ _389_/X (sky130_fd_sc_hd__mux2_1)
     1    0.01                           _209_ (net)
                  0.10    0.00    0.94 ^ _390_/A (sky130_fd_sc_hd__buf_1)
                  0.12    0.14    1.08 ^ _390_/X (sky130_fd_sc_hd__buf_1)
     1    0.01                           net15 (net)
                  0.12    0.00    1.08 ^ output15/A (sky130_fd_sc_hd__clkbuf_4)
                  0.11    0.20    1.29 ^ output15/X (sky130_fd_sc_hd__clkbuf_4)
     1    0.03                           oaddr[2] (net)
                  0.11    0.00    1.29 ^ oaddr[2] (out)
                                  1.29   data arrival time

                          0.00    0.00   clock SCK (rise edge)
                          0.00    0.00   clock network delay (propagated)
                          0.25    0.25   clock uncertainty
                          0.00    0.25   clock reconvergence pessimism
                         -2.00   -1.75   output external delay
                                 -1.75   data required time
-----------------------------------------------------------------------------
                                 -1.75   data required time
                                 -1.29   data arrival time
-----------------------------------------------------------------------------
                                  3.04   slack (MET)


Startpoint: SDI (input port clocked by SCK)
Endpoint: odata[0] (output port clocked by SCK)
Path Group: SCK
Path Type: min

Fanout     Cap    Slew   Delay    Time   Description
-----------------------------------------------------------------------------
                          0.00    0.00   clock SCK (rise edge)
                          0.00    0.00   clock network delay (propagated)
                          2.00    2.00 v input external delay
                  0.01    0.00    2.00 v SDI (in)
     1    0.00                           SDI (net)
                  0.01    0.00    2.00 v input2/A (sky130_fd_sc_hd__buf_2)
                  0.10    0.17    2.17 v input2/X (sky130_fd_sc_hd__buf_2)
     8    0.04                           net2 (net)
                  0.10    0.00    2.17 v _499_/A (sky130_fd_sc_hd__clkbuf_1)
                  0.02    0.10    2.28 v _499_/X (sky130_fd_sc_hd__clkbuf_1)
     1    0.00                           net21 (net)
                  0.02    0.00    2.28 v output21/A (sky130_fd_sc_hd__clkbuf_4)
                  0.08    0.16    2.44 v output21/X (sky130_fd_sc_hd__clkbuf_4)
     1    0.03                           odata[0] (net)
                  0.08    0.00    2.44 v odata[0] (out)
                                  2.44   data arrival time

                          0.00    0.00   clock SCK (rise edge)
                          0.00    0.00   clock network delay (propagated)
                          0.25    0.25   clock uncertainty
                          0.00    0.25   clock reconvergence pessimism
                         -2.00   -1.75   output external delay
                                 -1.75   data required time
-----------------------------------------------------------------------------
                                 -1.75   data required time
                                 -2.44   data arrival time
-----------------------------------------------------------------------------
                                  4.19   slack (MET)


Startpoint: _487_ (rising edge-triggered flip-flop clocked by SCK)
Endpoint: _483_ (rising edge-triggered flip-flop clocked by SCK')
Path Group: SCK
Path Type: min

Fanout     Cap    Slew   Delay    Time   Description
-----------------------------------------------------------------------------
                         10.00   10.00   clock SCK (rise edge)
                          0.00   10.00   clock source latency
                  0.08    0.05   10.05 ^ SCK (in)
     1    0.02                           SCK (net)
                  0.08    0.00   10.05 ^ clkbuf_0_SCK/A (sky130_fd_sc_hd__clkbuf_16)
                  0.06    0.15   10.20 ^ clkbuf_0_SCK/X (sky130_fd_sc_hd__clkbuf_16)
     4    0.04                           clknet_0_SCK (net)
                  0.06    0.00   10.20 ^ clkbuf_2_2__f_SCK/A (sky130_fd_sc_hd__clkbuf_16)
                  0.05    0.14   10.34 ^ clkbuf_2_2__f_SCK/X (sky130_fd_sc_hd__clkbuf_16)
     9    0.03                           clknet_2_2__leaf_SCK (net)
                  0.05    0.00   10.34 ^ _487_/CLK (sky130_fd_sc_hd__dfrtp_1)
                  0.09    0.34   10.68 ^ _487_/Q (sky130_fd_sc_hd__dfrtp_1)
     3    0.01                           state[1] (net)
                  0.09    0.00   10.68 ^ _384_/B (sky130_fd_sc_hd__nor2_1)
                  0.03    0.05   10.73 v _384_/Y (sky130_fd_sc_hd__nor2_1)
     1    0.00                           _207_ (net)
                  0.03    0.00   10.73 v _385_/A2 (sky130_fd_sc_hd__o21a_1)
                  0.03    0.15   10.88 v _385_/X (sky130_fd_sc_hd__o21a_1)
     1    0.00                           _000_ (net)
                  0.03    0.00   10.88 v _483_/D (sky130_fd_sc_hd__dfstp_1)
                                 10.88   data arrival time

                          5.00    5.00   clock SCK' (rise edge)
                          0.00    5.00   clock source latency
                  0.04    0.03    5.03 v SCK (in)
     1    0.02                           SCK (net)
                  0.04    0.00    5.03 v clkbuf_0_SCK/A (sky130_fd_sc_hd__clkbuf_16)
                  0.05    0.16    5.19 v clkbuf_0_SCK/X (sky130_fd_sc_hd__clkbuf_16)
     4    0.04                           clknet_0_SCK (net)
                  0.05    0.00    5.19 v clkbuf_2_3__f_SCK/A (sky130_fd_sc_hd__clkbuf_16)
                  0.04    0.16    5.35 v clkbuf_2_3__f_SCK/X (sky130_fd_sc_hd__clkbuf_16)
     6    0.02                           clknet_2_3__leaf_SCK (net)
                  0.04    0.00    5.35 v _437_/A (sky130_fd_sc_hd__buf_1)
                  0.06    0.12    5.46 v _437_/X (sky130_fd_sc_hd__buf_1)
     1    0.01                           _221_ (net)
                  0.06    0.00    5.46 v clkbuf_0__221_/A (sky130_fd_sc_hd__clkbuf_16)
                  0.03    0.16    5.62 v clkbuf_0__221_/X (sky130_fd_sc_hd__clkbuf_16)
     2    0.02                           clknet_0__221_ (net)
                  0.03    0.00    5.62 v clkbuf_1_1__f__221_/A (sky130_fd_sc_hd__clkbuf_16)
                  0.04    0.16    5.78 v clkbuf_1_1__f__221_/X (sky130_fd_sc_hd__clkbuf_16)
     6    0.03                           clknet_1_1__leaf__221_ (net)
                  0.04    0.00    5.78 v _438__1/A (sky130_fd_sc_hd__inv_2)
                  0.02    0.04    5.82 ^ _438__1/Y (sky130_fd_sc_hd__inv_2)
     1    0.00                           net39 (net)
                  0.02    0.00    5.82 ^ _483_/CLK (sky130_fd_sc_hd__dfstp_1)
                          0.25    6.07   clock uncertainty
                         -0.02    6.05   clock reconvergence pessimism
                         -0.01    6.04   library hold time
                                  6.04   data required time
-----------------------------------------------------------------------------
                                  6.04   data required time
                                -10.88   data arrival time
-----------------------------------------------------------------------------
                                  4.84   slack (MET)


Startpoint: CSB (input port clocked by SCK)
Endpoint: _493_ (removal check against rising-edge clock SCK')
Path Group: asynchronous
Path Type: min

Fanout     Cap    Slew   Delay    Time   Description
-----------------------------------------------------------------------------
                         10.00   10.00   clock SCK (rise edge)
                          0.00   10.00   clock network delay (propagated)
                          2.00   12.00 v input external delay
                  0.01    0.00   12.00 v CSB (in)
     1    0.00                           CSB (net)
                  0.01    0.00   12.00 v input1/A (sky130_fd_sc_hd__clkbuf_1)
                  0.02    0.06   12.07 v input1/X (sky130_fd_sc_hd__clkbuf_1)
     1    0.00                           net1 (net)
                  0.02    0.00   12.07 v _224_/A (sky130_fd_sc_hd__buf_2)
                  0.09    0.16   12.23 v _224_/X (sky130_fd_sc_hd__buf_2)
     9    0.03                           _102_ (net)
                  0.09    0.00   12.23 v _225_/A (sky130_fd_sc_hd__clkbuf_4)
                  0.09    0.20   12.43 v _225_/X (sky130_fd_sc_hd__clkbuf_4)
    10    0.04                           _103_ (net)
                  0.09    0.00   12.44 v _249_/B (sky130_fd_sc_hd__nor2_1)
                  0.10    0.11   12.54 ^ _249_/Y (sky130_fd_sc_hd__nor2_1)
     1    0.00                           _049_ (net)
                  0.10    0.00   12.54 ^ _493_/RESET_B (sky130_fd_sc_hd__dfrtp_1)
                                 12.54   data arrival time

                          5.00    5.00   clock SCK' (rise edge)
                          0.00    5.00   clock source latency
                  0.04    0.03    5.03 v SCK (in)
     1    0.02                           SCK (net)
                  0.04    0.00    5.03 v clkbuf_0_SCK/A (sky130_fd_sc_hd__clkbuf_16)
                  0.05    0.16    5.19 v clkbuf_0_SCK/X (sky130_fd_sc_hd__clkbuf_16)
     4    0.04                           clknet_0_SCK (net)
                  0.05    0.00    5.19 v clkbuf_2_3__f_SCK/A (sky130_fd_sc_hd__clkbuf_16)
                  0.04    0.16    5.35 v clkbuf_2_3__f_SCK/X (sky130_fd_sc_hd__clkbuf_16)
     6    0.02                           clknet_2_3__leaf_SCK (net)
                  0.04    0.00    5.35 v _437_/A (sky130_fd_sc_hd__buf_1)
                  0.06    0.12    5.46 v _437_/X (sky130_fd_sc_hd__buf_1)
     1    0.01                           _221_ (net)
                  0.06    0.00    5.46 v clkbuf_0__221_/A (sky130_fd_sc_hd__clkbuf_16)
                  0.03    0.16    5.62 v clkbuf_0__221_/X (sky130_fd_sc_hd__clkbuf_16)
     2    0.02                           clknet_0__221_ (net)
                  0.03    0.00    5.62 v clkbuf_1_1__f__221_/A (sky130_fd_sc_hd__clkbuf_16)
                  0.04    0.16    5.78 v clkbuf_1_1__f__221_/X (sky130_fd_sc_hd__clkbuf_16)
     6    0.03                           clknet_1_1__leaf__221_ (net)
                  0.04    0.00    5.78 v _448__5/A (sky130_fd_sc_hd__inv_2)
                  0.02    0.04    5.82 ^ _448__5/Y (sky130_fd_sc_hd__inv_2)
     1    0.00                           net43 (net)
                  0.02    0.00    5.82 ^ _493_/CLK (sky130_fd_sc_hd__dfrtp_1)
                          0.25    6.07   clock uncertainty
                          0.00    6.07   clock reconvergence pessimism
                          0.33    6.40   library removal time
                                  6.40   data required time
-----------------------------------------------------------------------------
                                  6.40   data required time
                                -12.54   data arrival time
-----------------------------------------------------------------------------
                                  6.14   slack (MET)


Startpoint: CSB (input port clocked by SCK)
Endpoint: _492_ (removal check against rising-edge clock SCK')
Path Group: asynchronous
Path Type: min

Fanout     Cap    Slew   Delay    Time   Description
-----------------------------------------------------------------------------
                         10.00   10.00   clock SCK (rise edge)
                          0.00   10.00   clock network delay (propagated)
                          2.00   12.00 v input external delay
                  0.01    0.00   12.00 v CSB (in)
     1    0.00                           CSB (net)
                  0.01    0.00   12.00 v input1/A (sky130_fd_sc_hd__clkbuf_1)
                  0.02    0.06   12.07 v input1/X (sky130_fd_sc_hd__clkbuf_1)
     1    0.00                           net1 (net)
                  0.02    0.00   12.07 v _224_/A (sky130_fd_sc_hd__buf_2)
                  0.09    0.16   12.23 v _224_/X (sky130_fd_sc_hd__buf_2)
     9    0.03                           _102_ (net)
                  0.09    0.00   12.23 v _225_/A (sky130_fd_sc_hd__clkbuf_4)
                  0.09    0.20   12.43 v _225_/X (sky130_fd_sc_hd__clkbuf_4)
    10    0.04                           _103_ (net)
                  0.09    0.00   12.44 v _253_/B (sky130_fd_sc_hd__nor2_1)
                  0.09    0.11   12.54 ^ _253_/Y (sky130_fd_sc_hd__nor2_1)
     1    0.00                           _047_ (net)
                  0.09    0.00   12.54 ^ _492_/RESET_B (sky130_fd_sc_hd__dfrtp_1)
                                 12.54   data arrival time

                          5.00    5.00   clock SCK' (rise edge)
                          0.00    5.00   clock source latency
                  0.04    0.03    5.03 v SCK (in)
     1    0.02                           SCK (net)
                  0.04    0.00    5.03 v clkbuf_0_SCK/A (sky130_fd_sc_hd__clkbuf_16)
                  0.05    0.16    5.19 v clkbuf_0_SCK/X (sky130_fd_sc_hd__clkbuf_16)
     4    0.04                           clknet_0_SCK (net)
                  0.05    0.00    5.19 v clkbuf_2_3__f_SCK/A (sky130_fd_sc_hd__clkbuf_16)
                  0.04    0.16    5.35 v clkbuf_2_3__f_SCK/X (sky130_fd_sc_hd__clkbuf_16)
     6    0.02                           clknet_2_3__leaf_SCK (net)
                  0.04    0.00    5.35 v _437_/A (sky130_fd_sc_hd__buf_1)
                  0.06    0.12    5.46 v _437_/X (sky130_fd_sc_hd__buf_1)
     1    0.01                           _221_ (net)
                  0.06    0.00    5.46 v clkbuf_0__221_/A (sky130_fd_sc_hd__clkbuf_16)
                  0.03    0.16    5.62 v clkbuf_0__221_/X (sky130_fd_sc_hd__clkbuf_16)
     2    0.02                           clknet_0__221_ (net)
                  0.03    0.00    5.62 v clkbuf_1_1__f__221_/A (sky130_fd_sc_hd__clkbuf_16)
                  0.04    0.16    5.78 v clkbuf_1_1__f__221_/X (sky130_fd_sc_hd__clkbuf_16)
     6    0.03                           clknet_1_1__leaf__221_ (net)
                  0.04    0.00    5.78 v _447__4/A (sky130_fd_sc_hd__inv_2)
                  0.02    0.04    5.82 ^ _447__4/Y (sky130_fd_sc_hd__inv_2)
     1    0.00                           net42 (net)
                  0.02    0.00    5.82 ^ _492_/CLK (sky130_fd_sc_hd__dfrtp_1)
                          0.25    6.07   clock uncertainty
                          0.00    6.07   clock reconvergence pessimism
                          0.33    6.40   library removal time
                                  6.40   data required time
-----------------------------------------------------------------------------
                                  6.40   data required time
                                -12.54   data arrival time
-----------------------------------------------------------------------------
                                  6.14   slack (MET)


Startpoint: CSB (input port clocked by SCK)
Endpoint: _498_ (removal check against rising-edge clock SCK')
Path Group: asynchronous
Path Type: min

Fanout     Cap    Slew   Delay    Time   Description
-----------------------------------------------------------------------------
                         10.00   10.00   clock SCK (rise edge)
                          0.00   10.00   clock network delay (propagated)
                          2.00   12.00 v input external delay
                  0.01    0.00   12.00 v CSB (in)
     1    0.00                           CSB (net)
                  0.01    0.00   12.00 v input1/A (sky130_fd_sc_hd__clkbuf_1)
                  0.02    0.06   12.07 v input1/X (sky130_fd_sc_hd__clkbuf_1)
     1    0.00                           net1 (net)
                  0.02    0.00   12.07 v _224_/A (sky130_fd_sc_hd__buf_2)
                  0.09    0.16   12.23 v _224_/X (sky130_fd_sc_hd__buf_2)
     9    0.03                           _102_ (net)
                  0.09    0.00   12.23 v _225_/A (sky130_fd_sc_hd__clkbuf_4)
                  0.09    0.20   12.43 v _225_/X (sky130_fd_sc_hd__clkbuf_4)
    10    0.04                           _103_ (net)
                  0.09    0.00   12.44 v _226_/B (sky130_fd_sc_hd__nor2_1)
                  0.09    0.11   12.54 ^ _226_/Y (sky130_fd_sc_hd__nor2_1)
     1    0.00                           _059_ (net)
                  0.09    0.00   12.54 ^ _498_/RESET_B (sky130_fd_sc_hd__dfrtp_1)
                                 12.54   data arrival time

                          5.00    5.00   clock SCK' (rise edge)
                          0.00    5.00   clock source latency
                  0.04    0.03    5.03 v SCK (in)
     1    0.02                           SCK (net)
                  0.04    0.00    5.03 v clkbuf_0_SCK/A (sky130_fd_sc_hd__clkbuf_16)
                  0.05    0.16    5.19 v clkbuf_0_SCK/X (sky130_fd_sc_hd__clkbuf_16)
     4    0.04                           clknet_0_SCK (net)
                  0.05    0.00    5.19 v clkbuf_2_3__f_SCK/A (sky130_fd_sc_hd__clkbuf_16)
                  0.04    0.16    5.35 v clkbuf_2_3__f_SCK/X (sky130_fd_sc_hd__clkbuf_16)
     6    0.02                           clknet_2_3__leaf_SCK (net)
                  0.04    0.00    5.35 v _437_/A (sky130_fd_sc_hd__buf_1)
                  0.06    0.12    5.46 v _437_/X (sky130_fd_sc_hd__buf_1)
     1    0.01                           _221_ (net)
                  0.06    0.00    5.46 v clkbuf_0__221_/A (sky130_fd_sc_hd__clkbuf_16)
                  0.03    0.16    5.62 v clkbuf_0__221_/X (sky130_fd_sc_hd__clkbuf_16)
     2    0.02                           clknet_0__221_ (net)
                  0.03    0.00    5.62 v clkbuf_1_1__f__221_/A (sky130_fd_sc_hd__clkbuf_16)
                  0.04    0.16    5.78 v clkbuf_1_1__f__221_/X (sky130_fd_sc_hd__clkbuf_16)
     6    0.03                           clknet_1_1__leaf__221_ (net)
                  0.04    0.00    5.78 v _453__10/A (sky130_fd_sc_hd__inv_2)
                  0.02    0.04    5.82 ^ _453__10/Y (sky130_fd_sc_hd__inv_2)
     1    0.00                           net48 (net)
                  0.02    0.00    5.82 ^ _498_/CLK (sky130_fd_sc_hd__dfrtp_1)
                          0.25    6.07   clock uncertainty
                          0.00    6.07   clock reconvergence pessimism
                          0.33    6.40   library removal time
                                  6.40   data required time
-----------------------------------------------------------------------------
                                  6.40   data required time
                                -12.54   data arrival time
-----------------------------------------------------------------------------
                                  6.14   slack (MET)


Startpoint: CSB (input port clocked by SCK)
Endpoint: _491_ (removal check against rising-edge clock SCK')
Path Group: asynchronous
Path Type: min

Fanout     Cap    Slew   Delay    Time   Description
-----------------------------------------------------------------------------
                         10.00   10.00   clock SCK (rise edge)
                          0.00   10.00   clock network delay (propagated)
                          2.00   12.00 v input external delay
                  0.01    0.00   12.00 v CSB (in)
     1    0.00                           CSB (net)
                  0.01    0.00   12.00 v input1/A (sky130_fd_sc_hd__clkbuf_1)
                  0.02    0.06   12.07 v input1/X (sky130_fd_sc_hd__clkbuf_1)
     1    0.00                           net1 (net)
                  0.02    0.00   12.07 v _224_/A (sky130_fd_sc_hd__buf_2)
                  0.09    0.16   12.23 v _224_/X (sky130_fd_sc_hd__buf_2)
     9    0.03                           _102_ (net)
                  0.09    0.00   12.23 v _225_/A (sky130_fd_sc_hd__clkbuf_4)
                  0.09    0.20   12.43 v _225_/X (sky130_fd_sc_hd__clkbuf_4)
    10    0.04                           _103_ (net)
                  0.09    0.00   12.44 v _257_/B (sky130_fd_sc_hd__nor2_1)
                  0.10    0.11   12.54 ^ _257_/Y (sky130_fd_sc_hd__nor2_1)
     1    0.00                           _045_ (net)
                  0.10    0.00   12.54 ^ _491_/RESET_B (sky130_fd_sc_hd__dfrtp_1)
                                 12.54   data arrival time

                          5.00    5.00   clock SCK' (rise edge)
                          0.00    5.00   clock source latency
                  0.04    0.03    5.03 v SCK (in)
     1    0.02                           SCK (net)
                  0.04    0.00    5.03 v clkbuf_0_SCK/A (sky130_fd_sc_hd__clkbuf_16)
                  0.05    0.16    5.19 v clkbuf_0_SCK/X (sky130_fd_sc_hd__clkbuf_16)
     4    0.04                           clknet_0_SCK (net)
                  0.05    0.00    5.19 v clkbuf_2_3__f_SCK/A (sky130_fd_sc_hd__clkbuf_16)
                  0.04    0.16    5.35 v clkbuf_2_3__f_SCK/X (sky130_fd_sc_hd__clkbuf_16)
     6    0.02                           clknet_2_3__leaf_SCK (net)
                  0.04    0.00    5.35 v _437_/A (sky130_fd_sc_hd__buf_1)
                  0.06    0.12    5.46 v _437_/X (sky130_fd_sc_hd__buf_1)
     1    0.01                           _221_ (net)
                  0.06    0.00    5.46 v clkbuf_0__221_/A (sky130_fd_sc_hd__clkbuf_16)
                  0.03    0.16    5.62 v clkbuf_0__221_/X (sky130_fd_sc_hd__clkbuf_16)
     2    0.02                           clknet_0__221_ (net)
                  0.03    0.00    5.62 v clkbuf_1_1__f__221_/A (sky130_fd_sc_hd__clkbuf_16)
                  0.04    0.16    5.78 v clkbuf_1_1__f__221_/X (sky130_fd_sc_hd__clkbuf_16)
     6    0.03                           clknet_1_1__leaf__221_ (net)
                  0.04    0.00    5.78 v _446__3/A (sky130_fd_sc_hd__inv_2)
                  0.02    0.04    5.82 ^ _446__3/Y (sky130_fd_sc_hd__inv_2)
     1    0.00                           net41 (net)
                  0.02    0.00    5.82 ^ _491_/CLK (sky130_fd_sc_hd__dfrtp_1)
                          0.25    6.07   clock uncertainty
                          0.00    6.07   clock reconvergence pessimism
                          0.33    6.40   library removal time
                                  6.40   data required time
-----------------------------------------------------------------------------
                                  6.40   data required time
                                -12.54   data arrival time
-----------------------------------------------------------------------------
                                  6.14   slack (MET)


Startpoint: CSB (input port clocked by SCK)
Endpoint: _497_ (removal check against rising-edge clock SCK')
Path Group: asynchronous
Path Type: min

Fanout     Cap    Slew   Delay    Time   Description
-----------------------------------------------------------------------------
                         10.00   10.00   clock SCK (rise edge)
                          0.00   10.00   clock network delay (propagated)
                          2.00   12.00 v input external delay
                  0.01    0.00   12.00 v CSB (in)
     1    0.00                           CSB (net)
                  0.01    0.00   12.00 v input1/A (sky130_fd_sc_hd__clkbuf_1)
                  0.02    0.06   12.07 v input1/X (sky130_fd_sc_hd__clkbuf_1)
     1    0.00                           net1 (net)
                  0.02    0.00   12.07 v _224_/A (sky130_fd_sc_hd__buf_2)
                  0.09    0.16   12.23 v _224_/X (sky130_fd_sc_hd__buf_2)
     9    0.03                           _102_ (net)
                  0.09    0.00   12.23 v _225_/A (sky130_fd_sc_hd__clkbuf_4)
                  0.09    0.20   12.43 v _225_/X (sky130_fd_sc_hd__clkbuf_4)
    10    0.04                           _103_ (net)
                  0.09    0.00   12.44 v _233_/B (sky130_fd_sc_hd__nor2_1)
                  0.10    0.11   12.54 ^ _233_/Y (sky130_fd_sc_hd__nor2_1)
     1    0.00                           _057_ (net)
                  0.10    0.00   12.54 ^ _497_/RESET_B (sky130_fd_sc_hd__dfrtp_1)
                                 12.54   data arrival time

                          5.00    5.00   clock SCK' (rise edge)
                          0.00    5.00   clock source latency
                  0.04    0.03    5.03 v SCK (in)
     1    0.02                           SCK (net)
                  0.04    0.00    5.03 v clkbuf_0_SCK/A (sky130_fd_sc_hd__clkbuf_16)
                  0.05    0.16    5.19 v clkbuf_0_SCK/X (sky130_fd_sc_hd__clkbuf_16)
     4    0.04                           clknet_0_SCK (net)
                  0.05    0.00    5.19 v clkbuf_2_3__f_SCK/A (sky130_fd_sc_hd__clkbuf_16)
                  0.04    0.16    5.35 v clkbuf_2_3__f_SCK/X (sky130_fd_sc_hd__clkbuf_16)
     6    0.02                           clknet_2_3__leaf_SCK (net)
                  0.04    0.00    5.35 v _437_/A (sky130_fd_sc_hd__buf_1)
                  0.06    0.12    5.46 v _437_/X (sky130_fd_sc_hd__buf_1)
     1    0.01                           _221_ (net)
                  0.06    0.00    5.46 v clkbuf_0__221_/A (sky130_fd_sc_hd__clkbuf_16)
                  0.03    0.16    5.62 v clkbuf_0__221_/X (sky130_fd_sc_hd__clkbuf_16)
     2    0.02                           clknet_0__221_ (net)
                  0.03    0.00    5.62 v clkbuf_1_1__f__221_/A (sky130_fd_sc_hd__clkbuf_16)
                  0.04    0.16    5.78 v clkbuf_1_1__f__221_/X (sky130_fd_sc_hd__clkbuf_16)
     6    0.03                           clknet_1_1__leaf__221_ (net)
                  0.04    0.00    5.78 v _452__9/A (sky130_fd_sc_hd__inv_2)
                  0.02    0.04    5.82 ^ _452__9/Y (sky130_fd_sc_hd__inv_2)
     1    0.00                           net47 (net)
                  0.02    0.00    5.82 ^ _497_/CLK (sky130_fd_sc_hd__dfrtp_1)
                          0.25    6.07   clock uncertainty
                          0.00    6.07   clock reconvergence pessimism
                          0.33    6.40   library removal time
                                  6.40   data required time
-----------------------------------------------------------------------------
                                  6.40   data required time
                                -12.54   data arrival time
-----------------------------------------------------------------------------
                                  6.14   slack (MET)


Startpoint: CSB (input port clocked by SCK)
Endpoint: _485_ (removal check against rising-edge clock SCK')
Path Group: asynchronous
Path Type: min

Fanout     Cap    Slew   Delay    Time   Description
-----------------------------------------------------------------------------
                         10.00   10.00   clock SCK (rise edge)
                          0.00   10.00   clock network delay (propagated)
                          2.00   12.00 v input external delay
                  0.01    0.00   12.00 v CSB (in)
     1    0.00                           CSB (net)
                  0.01    0.00   12.00 v input1/A (sky130_fd_sc_hd__clkbuf_1)
                  0.02    0.06   12.07 v input1/X (sky130_fd_sc_hd__clkbuf_1)
     1    0.00                           net1 (net)
                  0.02    0.00   12.07 v _224_/A (sky130_fd_sc_hd__buf_2)
                  0.09    0.16   12.23 v _224_/X (sky130_fd_sc_hd__buf_2)
     9    0.03                           _102_ (net)
                  0.09    0.00   12.23 v _225_/A (sky130_fd_sc_hd__clkbuf_4)
                  0.09    0.20   12.43 v _225_/X (sky130_fd_sc_hd__clkbuf_4)
    10    0.04                           _103_ (net)
                  0.09    0.00   12.44 v _260_/B (sky130_fd_sc_hd__nor2_1)
                  0.10    0.11   12.55 ^ _260_/Y (sky130_fd_sc_hd__nor2_1)
     1    0.00                           _038_ (net)
                  0.10    0.00   12.55 ^ _485_/RESET_B (sky130_fd_sc_hd__dfrtp_1)
                                 12.55   data arrival time

                          5.00    5.00   clock SCK' (rise edge)
                          0.00    5.00   clock source latency
                  0.04    0.03    5.03 v SCK (in)
     1    0.02                           SCK (net)
                  0.04    0.00    5.03 v clkbuf_0_SCK/A (sky130_fd_sc_hd__clkbuf_16)
                  0.05    0.16    5.19 v clkbuf_0_SCK/X (sky130_fd_sc_hd__clkbuf_16)
     4    0.04                           clknet_0_SCK (net)
                  0.05    0.00    5.19 v clkbuf_2_3__f_SCK/A (sky130_fd_sc_hd__clkbuf_16)
                  0.04    0.16    5.35 v clkbuf_2_3__f_SCK/X (sky130_fd_sc_hd__clkbuf_16)
     6    0.02                           clknet_2_3__leaf_SCK (net)
                  0.04    0.00    5.35 v _437_/A (sky130_fd_sc_hd__buf_1)
                  0.06    0.12    5.46 v _437_/X (sky130_fd_sc_hd__buf_1)
     1    0.01                           _221_ (net)
                  0.06    0.00    5.46 v clkbuf_0__221_/A (sky130_fd_sc_hd__clkbuf_16)
                  0.03    0.16    5.62 v clkbuf_0__221_/X (sky130_fd_sc_hd__clkbuf_16)
     2    0.02                           clknet_0__221_ (net)
                  0.03    0.00    5.62 v clkbuf_1_0__f__221_/A (sky130_fd_sc_hd__clkbuf_16)
                  0.04    0.15    5.77 v clkbuf_1_0__f__221_/X (sky130_fd_sc_hd__clkbuf_16)
     4    0.02                           clknet_1_0__leaf__221_ (net)
                  0.04    0.00    5.77 v _440__2/A (sky130_fd_sc_hd__inv_2)
                  0.02    0.04    5.81 ^ _440__2/Y (sky130_fd_sc_hd__inv_2)
     1    0.00                           net40 (net)
                  0.02    0.00    5.81 ^ _485_/CLK (sky130_fd_sc_hd__dfrtp_1)
                          0.25    6.06   clock uncertainty
                          0.00    6.06   clock reconvergence pessimism
                          0.33    6.39   library removal time
                                  6.39   data required time
-----------------------------------------------------------------------------
                                  6.39   data required time
                                -12.55   data arrival time
-----------------------------------------------------------------------------
                                  6.16   slack (MET)


Startpoint: CSB (input port clocked by SCK)
Endpoint: _495_ (removal check against rising-edge clock SCK')
Path Group: asynchronous
Path Type: min

Fanout     Cap    Slew   Delay    Time   Description
-----------------------------------------------------------------------------
                         10.00   10.00   clock SCK (rise edge)
                          0.00   10.00   clock network delay (propagated)
                          2.00   12.00 v input external delay
                  0.01    0.00   12.00 v CSB (in)
     1    0.00                           CSB (net)
                  0.01    0.00   12.00 v input1/A (sky130_fd_sc_hd__clkbuf_1)
                  0.02    0.06   12.07 v input1/X (sky130_fd_sc_hd__clkbuf_1)
     1    0.00                           net1 (net)
                  0.02    0.00   12.07 v _224_/A (sky130_fd_sc_hd__buf_2)
                  0.09    0.16   12.23 v _224_/X (sky130_fd_sc_hd__buf_2)
     9    0.03                           _102_ (net)
                  0.09    0.00   12.23 v _225_/A (sky130_fd_sc_hd__clkbuf_4)
                  0.09    0.20   12.43 v _225_/X (sky130_fd_sc_hd__clkbuf_4)
    10    0.04                           _103_ (net)
                  0.09    0.00   12.44 v _241_/B (sky130_fd_sc_hd__nor2_1)
                  0.10    0.11   12.55 ^ _241_/Y (sky130_fd_sc_hd__nor2_1)
     1    0.00                           _053_ (net)
                  0.10    0.00   12.55 ^ _495_/RESET_B (sky130_fd_sc_hd__dfrtp_1)
                                 12.55   data arrival time

                          5.00    5.00   clock SCK' (rise edge)
                          0.00    5.00   clock source latency
                  0.04    0.03    5.03 v SCK (in)
     1    0.02                           SCK (net)
                  0.04    0.00    5.03 v clkbuf_0_SCK/A (sky130_fd_sc_hd__clkbuf_16)
                  0.05    0.16    5.19 v clkbuf_0_SCK/X (sky130_fd_sc_hd__clkbuf_16)
     4    0.04                           clknet_0_SCK (net)
                  0.05    0.00    5.19 v clkbuf_2_3__f_SCK/A (sky130_fd_sc_hd__clkbuf_16)
                  0.04    0.16    5.35 v clkbuf_2_3__f_SCK/X (sky130_fd_sc_hd__clkbuf_16)
     6    0.02                           clknet_2_3__leaf_SCK (net)
                  0.04    0.00    5.35 v _437_/A (sky130_fd_sc_hd__buf_1)
                  0.06    0.12    5.46 v _437_/X (sky130_fd_sc_hd__buf_1)
     1    0.01                           _221_ (net)
                  0.06    0.00    5.46 v clkbuf_0__221_/A (sky130_fd_sc_hd__clkbuf_16)
                  0.03    0.16    5.62 v clkbuf_0__221_/X (sky130_fd_sc_hd__clkbuf_16)
     2    0.02                           clknet_0__221_ (net)
                  0.03    0.00    5.62 v clkbuf_1_0__f__221_/A (sky130_fd_sc_hd__clkbuf_16)
                  0.04    0.15    5.77 v clkbuf_1_0__f__221_/X (sky130_fd_sc_hd__clkbuf_16)
     4    0.02                           clknet_1_0__leaf__221_ (net)
                  0.04    0.00    5.77 v _450__7/A (sky130_fd_sc_hd__inv_2)
                  0.02    0.04    5.81 ^ _450__7/Y (sky130_fd_sc_hd__inv_2)
     1    0.00                           net45 (net)
                  0.02    0.00    5.81 ^ _495_/CLK (sky130_fd_sc_hd__dfrtp_1)
                          0.25    6.06   clock uncertainty
                          0.00    6.06   clock reconvergence pessimism
                          0.33    6.39   library removal time
                                  6.39   data required time
-----------------------------------------------------------------------------
                                  6.39   data required time
                                -12.55   data arrival time
-----------------------------------------------------------------------------
                                  6.16   slack (MET)


Startpoint: CSB (input port clocked by SCK)
Endpoint: _496_ (removal check against rising-edge clock SCK')
Path Group: asynchronous
Path Type: min

Fanout     Cap    Slew   Delay    Time   Description
-----------------------------------------------------------------------------
                         10.00   10.00   clock SCK (rise edge)
                          0.00   10.00   clock network delay (propagated)
                          2.00   12.00 v input external delay
                  0.01    0.00   12.00 v CSB (in)
     1    0.00                           CSB (net)
                  0.01    0.00   12.00 v input1/A (sky130_fd_sc_hd__clkbuf_1)
                  0.02    0.06   12.07 v input1/X (sky130_fd_sc_hd__clkbuf_1)
     1    0.00                           net1 (net)
                  0.02    0.00   12.07 v _224_/A (sky130_fd_sc_hd__buf_2)
                  0.09    0.16   12.23 v _224_/X (sky130_fd_sc_hd__buf_2)
     9    0.03                           _102_ (net)
                  0.09    0.00   12.23 v _225_/A (sky130_fd_sc_hd__clkbuf_4)
                  0.09    0.20   12.43 v _225_/X (sky130_fd_sc_hd__clkbuf_4)
    10    0.04                           _103_ (net)
                  0.09    0.00   12.44 v _237_/B (sky130_fd_sc_hd__nor2_1)
                  0.10    0.11   12.55 ^ _237_/Y (sky130_fd_sc_hd__nor2_1)
     1    0.00                           _055_ (net)
                  0.10    0.00   12.55 ^ _496_/RESET_B (sky130_fd_sc_hd__dfrtp_1)
                                 12.55   data arrival time

                          5.00    5.00   clock SCK' (rise edge)
                          0.00    5.00   clock source latency
                  0.04    0.03    5.03 v SCK (in)
     1    0.02                           SCK (net)
                  0.04    0.00    5.03 v clkbuf_0_SCK/A (sky130_fd_sc_hd__clkbuf_16)
                  0.05    0.16    5.19 v clkbuf_0_SCK/X (sky130_fd_sc_hd__clkbuf_16)
     4    0.04                           clknet_0_SCK (net)
                  0.05    0.00    5.19 v clkbuf_2_3__f_SCK/A (sky130_fd_sc_hd__clkbuf_16)
                  0.04    0.16    5.35 v clkbuf_2_3__f_SCK/X (sky130_fd_sc_hd__clkbuf_16)
     6    0.02                           clknet_2_3__leaf_SCK (net)
                  0.04    0.00    5.35 v _437_/A (sky130_fd_sc_hd__buf_1)
                  0.06    0.12    5.46 v _437_/X (sky130_fd_sc_hd__buf_1)
     1    0.01                           _221_ (net)
                  0.06    0.00    5.46 v clkbuf_0__221_/A (sky130_fd_sc_hd__clkbuf_16)
                  0.03    0.16    5.62 v clkbuf_0__221_/X (sky130_fd_sc_hd__clkbuf_16)
     2    0.02                           clknet_0__221_ (net)
                  0.03    0.00    5.62 v clkbuf_1_0__f__221_/A (sky130_fd_sc_hd__clkbuf_16)
                  0.04    0.15    5.77 v clkbuf_1_0__f__221_/X (sky130_fd_sc_hd__clkbuf_16)
     4    0.02                           clknet_1_0__leaf__221_ (net)
                  0.04    0.00    5.77 v _451__8/A (sky130_fd_sc_hd__inv_2)
                  0.02    0.04    5.81 ^ _451__8/Y (sky130_fd_sc_hd__inv_2)
     1    0.00                           net46 (net)
                  0.02    0.00    5.81 ^ _496_/CLK (sky130_fd_sc_hd__dfrtp_1)
                          0.25    6.06   clock uncertainty
                          0.00    6.06   clock reconvergence pessimism
                          0.33    6.39   library removal time
                                  6.39   data required time
-----------------------------------------------------------------------------
                                  6.39   data required time
                                -12.55   data arrival time
-----------------------------------------------------------------------------
                                  6.16   slack (MET)


Startpoint: CSB (input port clocked by SCK)
Endpoint: _494_ (removal check against rising-edge clock SCK')
Path Group: asynchronous
Path Type: min

Fanout     Cap    Slew   Delay    Time   Description
-----------------------------------------------------------------------------
                         10.00   10.00   clock SCK (rise edge)
                          0.00   10.00   clock network delay (propagated)
                          2.00   12.00 v input external delay
                  0.01    0.00   12.00 v CSB (in)
     1    0.00                           CSB (net)
                  0.01    0.00   12.00 v input1/A (sky130_fd_sc_hd__clkbuf_1)
                  0.02    0.06   12.07 v input1/X (sky130_fd_sc_hd__clkbuf_1)
     1    0.00                           net1 (net)
                  0.02    0.00   12.07 v _224_/A (sky130_fd_sc_hd__buf_2)
                  0.09    0.16   12.23 v _224_/X (sky130_fd_sc_hd__buf_2)
     9    0.03                           _102_ (net)
                  0.09    0.00   12.23 v _225_/A (sky130_fd_sc_hd__clkbuf_4)
                  0.09    0.20   12.43 v _225_/X (sky130_fd_sc_hd__clkbuf_4)
    10    0.04                           _103_ (net)
                  0.09    0.00   12.44 v _245_/B (sky130_fd_sc_hd__nor2_1)
                  0.12    0.12   12.56 ^ _245_/Y (sky130_fd_sc_hd__nor2_1)
     1    0.01                           _051_ (net)
                  0.12    0.00   12.56 ^ _494_/RESET_B (sky130_fd_sc_hd__dfrtp_1)
                                 12.56   data arrival time

                          5.00    5.00   clock SCK' (rise edge)
                          0.00    5.00   clock source latency
                  0.04    0.03    5.03 v SCK (in)
     1    0.02                           SCK (net)
                  0.04    0.00    5.03 v clkbuf_0_SCK/A (sky130_fd_sc_hd__clkbuf_16)
                  0.05    0.16    5.19 v clkbuf_0_SCK/X (sky130_fd_sc_hd__clkbuf_16)
     4    0.04                           clknet_0_SCK (net)
                  0.05    0.00    5.19 v clkbuf_2_3__f_SCK/A (sky130_fd_sc_hd__clkbuf_16)
                  0.04    0.16    5.35 v clkbuf_2_3__f_SCK/X (sky130_fd_sc_hd__clkbuf_16)
     6    0.02                           clknet_2_3__leaf_SCK (net)
                  0.04    0.00    5.35 v _437_/A (sky130_fd_sc_hd__buf_1)
                  0.06    0.12    5.46 v _437_/X (sky130_fd_sc_hd__buf_1)
     1    0.01                           _221_ (net)
                  0.06    0.00    5.46 v clkbuf_0__221_/A (sky130_fd_sc_hd__clkbuf_16)
                  0.03    0.16    5.62 v clkbuf_0__221_/X (sky130_fd_sc_hd__clkbuf_16)
     2    0.02                           clknet_0__221_ (net)
                  0.03    0.00    5.62 v clkbuf_1_0__f__221_/A (sky130_fd_sc_hd__clkbuf_16)
                  0.04    0.15    5.77 v clkbuf_1_0__f__221_/X (sky130_fd_sc_hd__clkbuf_16)
     4    0.02                           clknet_1_0__leaf__221_ (net)
                  0.04    0.00    5.77 v _449__6/A (sky130_fd_sc_hd__inv_2)
                  0.02    0.04    5.81 ^ _449__6/Y (sky130_fd_sc_hd__inv_2)
     1    0.00                           net44 (net)
                  0.02    0.00    5.81 ^ _494_/CLK (sky130_fd_sc_hd__dfrtp_1)
                          0.25    6.06   clock uncertainty
                          0.00    6.06   clock reconvergence pessimism
                          0.33    6.39   library removal time
                                  6.39   data required time
-----------------------------------------------------------------------------
                                  6.39   data required time
                                -12.56   data arrival time
-----------------------------------------------------------------------------
                                  6.17   slack (MET)


Startpoint: CSB (input port clocked by SCK)
Endpoint: _483_ (removal check against rising-edge clock SCK')
Path Group: asynchronous
Path Type: min

Fanout     Cap    Slew   Delay    Time   Description
-----------------------------------------------------------------------------
                         10.00   10.00   clock SCK (rise edge)
                          0.00   10.00   clock network delay (propagated)
                          2.00   12.00 v input external delay
                  0.01    0.00   12.00 v CSB (in)
     1    0.00                           CSB (net)
                  0.01    0.00   12.00 v input1/A (sky130_fd_sc_hd__clkbuf_1)
                  0.02    0.06   12.07 v input1/X (sky130_fd_sc_hd__clkbuf_1)
     1    0.00                           net1 (net)
                  0.02    0.00   12.07 v _224_/A (sky130_fd_sc_hd__buf_2)
                  0.09    0.16   12.23 v _224_/X (sky130_fd_sc_hd__buf_2)
     9    0.03                           _102_ (net)
                  0.09    0.00   12.23 v _225_/A (sky130_fd_sc_hd__clkbuf_4)
                  0.09    0.20   12.43 v _225_/X (sky130_fd_sc_hd__clkbuf_4)
    10    0.04                           _103_ (net)
                  0.09    0.00   12.43 v _271_/B (sky130_fd_sc_hd__nor2_1)
                  0.09    0.11   12.54 ^ _271_/Y (sky130_fd_sc_hd__nor2_1)
     1    0.00                           _035_ (net)
                  0.09    0.00   12.54 ^ _483_/SET_B (sky130_fd_sc_hd__dfstp_1)
                                 12.54   data arrival time

                          5.00    5.00   clock SCK' (rise edge)
                          0.00    5.00   clock source latency
                  0.04    0.03    5.03 v SCK (in)
     1    0.02                           SCK (net)
                  0.04    0.00    5.03 v clkbuf_0_SCK/A (sky130_fd_sc_hd__clkbuf_16)
                  0.05    0.16    5.19 v clkbuf_0_SCK/X (sky130_fd_sc_hd__clkbuf_16)
     4    0.04                           clknet_0_SCK (net)
                  0.05    0.00    5.19 v clkbuf_2_3__f_SCK/A (sky130_fd_sc_hd__clkbuf_16)
                  0.04    0.16    5.35 v clkbuf_2_3__f_SCK/X (sky130_fd_sc_hd__clkbuf_16)
     6    0.02                           clknet_2_3__leaf_SCK (net)
                  0.04    0.00    5.35 v _437_/A (sky130_fd_sc_hd__buf_1)
                  0.06    0.12    5.46 v _437_/X (sky130_fd_sc_hd__buf_1)
     1    0.01                           _221_ (net)
                  0.06    0.00    5.46 v clkbuf_0__221_/A (sky130_fd_sc_hd__clkbuf_16)
                  0.03    0.16    5.62 v clkbuf_0__221_/X (sky130_fd_sc_hd__clkbuf_16)
     2    0.02                           clknet_0__221_ (net)
                  0.03    0.00    5.62 v clkbuf_1_1__f__221_/A (sky130_fd_sc_hd__clkbuf_16)
                  0.04    0.16    5.78 v clkbuf_1_1__f__221_/X (sky130_fd_sc_hd__clkbuf_16)
     6    0.03                           clknet_1_1__leaf__221_ (net)
                  0.04    0.00    5.78 v _438__1/A (sky130_fd_sc_hd__inv_2)
                  0.02    0.04    5.82 ^ _438__1/Y (sky130_fd_sc_hd__inv_2)
     1    0.00                           net39 (net)
                  0.02    0.00    5.82 ^ _483_/CLK (sky130_fd_sc_hd__dfstp_1)
                          0.25    6.07   clock uncertainty
                          0.00    6.07   clock reconvergence pessimism
                          0.14    6.22   library removal time
                                  6.22   data required time
-----------------------------------------------------------------------------
                                  6.22   data required time
                                -12.54   data arrival time
-----------------------------------------------------------------------------
                                  6.32   slack (MET)


Startpoint: _485_ (rising edge-triggered flip-flop clocked by SCK')
Endpoint: wrstb (output port clocked by SCK)
Path Group: SCK
Path Type: min

Fanout     Cap    Slew   Delay    Time   Description
-----------------------------------------------------------------------------
                          5.00    5.00   clock SCK' (rise edge)
                          0.00    5.00   clock source latency
                  0.04    0.02    5.02 v SCK (in)
     1    0.02                           SCK (net)
                  0.04    0.00    5.02 v clkbuf_0_SCK/A (sky130_fd_sc_hd__clkbuf_16)
                  0.05    0.15    5.17 v clkbuf_0_SCK/X (sky130_fd_sc_hd__clkbuf_16)
     4    0.04                           clknet_0_SCK (net)
                  0.05    0.00    5.17 v clkbuf_2_3__f_SCK/A (sky130_fd_sc_hd__clkbuf_16)
                  0.04    0.14    5.32 v clkbuf_2_3__f_SCK/X (sky130_fd_sc_hd__clkbuf_16)
     6    0.02                           clknet_2_3__leaf_SCK (net)
                  0.04    0.00    5.32 v _437_/A (sky130_fd_sc_hd__buf_1)
                  0.06    0.10    5.42 v _437_/X (sky130_fd_sc_hd__buf_1)
     1    0.01                           _221_ (net)
                  0.06    0.00    5.42 v clkbuf_0__221_/A (sky130_fd_sc_hd__clkbuf_16)
                  0.03    0.14    5.56 v clkbuf_0__221_/X (sky130_fd_sc_hd__clkbuf_16)
     2    0.02                           clknet_0__221_ (net)
                  0.03    0.00    5.56 v clkbuf_1_0__f__221_/A (sky130_fd_sc_hd__clkbuf_16)
                  0.04    0.14    5.70 v clkbuf_1_0__f__221_/X (sky130_fd_sc_hd__clkbuf_16)
     4    0.02                           clknet_1_0__leaf__221_ (net)
                  0.04    0.00    5.70 v _440__2/A (sky130_fd_sc_hd__inv_2)
                  0.02    0.03    5.73 ^ _440__2/Y (sky130_fd_sc_hd__inv_2)
     1    0.00                           net40 (net)
                  0.02    0.00    5.73 ^ _485_/CLK (sky130_fd_sc_hd__dfrtp_1)
                  0.06    0.31    6.04 ^ _485_/Q (sky130_fd_sc_hd__dfrtp_1)
     2    0.01                           net37 (net)
                  0.06    0.00    6.04 ^ output37/A (sky130_fd_sc_hd__buf_2)
                  0.17    0.19    6.23 ^ output37/X (sky130_fd_sc_hd__buf_2)
     1    0.03                           wrstb (net)
                  0.17    0.00    6.23 ^ wrstb (out)
                                  6.23   data arrival time

                          0.00    0.00   clock SCK (rise edge)
                          0.00    0.00   clock network delay (propagated)
                          0.25    0.25   clock uncertainty
                          0.00    0.25   clock reconvergence pessimism
                         -2.00   -1.75   output external delay
                                 -1.75   data required time
-----------------------------------------------------------------------------
                                 -1.75   data required time
                                 -6.23   data arrival time
-----------------------------------------------------------------------------
                                  7.98   slack (MET)


Startpoint: _483_ (rising edge-triggered flip-flop clocked by SCK')
Endpoint: sdoenb (output port clocked by SCK)
Path Group: SCK
Path Type: min

Fanout     Cap    Slew   Delay    Time   Description
-----------------------------------------------------------------------------
                          5.00    5.00   clock SCK' (rise edge)
                          0.00    5.00   clock source latency
                  0.04    0.02    5.02 v SCK (in)
     1    0.02                           SCK (net)
                  0.04    0.00    5.02 v clkbuf_0_SCK/A (sky130_fd_sc_hd__clkbuf_16)
                  0.05    0.15    5.17 v clkbuf_0_SCK/X (sky130_fd_sc_hd__clkbuf_16)
     4    0.04                           clknet_0_SCK (net)
                  0.05    0.00    5.17 v clkbuf_2_3__f_SCK/A (sky130_fd_sc_hd__clkbuf_16)
                  0.04    0.14    5.32 v clkbuf_2_3__f_SCK/X (sky130_fd_sc_hd__clkbuf_16)
     6    0.02                           clknet_2_3__leaf_SCK (net)
                  0.04    0.00    5.32 v _437_/A (sky130_fd_sc_hd__buf_1)
                  0.06    0.10    5.42 v _437_/X (sky130_fd_sc_hd__buf_1)
     1    0.01                           _221_ (net)
                  0.06    0.00    5.42 v clkbuf_0__221_/A (sky130_fd_sc_hd__clkbuf_16)
                  0.03    0.14    5.56 v clkbuf_0__221_/X (sky130_fd_sc_hd__clkbuf_16)
     2    0.02                           clknet_0__221_ (net)
                  0.03    0.00    5.56 v clkbuf_1_1__f__221_/A (sky130_fd_sc_hd__clkbuf_16)
                  0.04    0.14    5.71 v clkbuf_1_1__f__221_/X (sky130_fd_sc_hd__clkbuf_16)
     6    0.03                           clknet_1_1__leaf__221_ (net)
                  0.04    0.00    5.71 v _438__1/A (sky130_fd_sc_hd__inv_2)
                  0.02    0.04    5.74 ^ _438__1/Y (sky130_fd_sc_hd__inv_2)
     1    0.00                           net39 (net)
                  0.02    0.00    5.74 ^ _483_/CLK (sky130_fd_sc_hd__dfstp_1)
                  0.06    0.35    6.10 v _483_/Q (sky130_fd_sc_hd__dfstp_1)
     1    0.01                           net36 (net)
                  0.06    0.00    6.10 v output36/A (sky130_fd_sc_hd__buf_6)
                  0.04    0.14    6.24 v output36/X (sky130_fd_sc_hd__buf_6)
     1    0.03                           sdoenb (net)
                  0.04    0.00    6.24 v sdoenb (out)
                                  6.24   data arrival time

                          0.00    0.00   clock SCK (rise edge)
                          0.00    0.00   clock network delay (propagated)
                          0.25    0.25   clock uncertainty
                          0.00    0.25   clock reconvergence pessimism
                         -2.00   -1.75   output external delay
                                 -1.75   data required time
-----------------------------------------------------------------------------
                                 -1.75   data required time
                                 -6.24   data arrival time
-----------------------------------------------------------------------------
                                  7.99   slack (MET)


Startpoint: _498_ (rising edge-triggered flip-flop clocked by SCK')
Endpoint: SDO (output port clocked by SCK)
Path Group: SCK
Path Type: min

Fanout     Cap    Slew   Delay    Time   Description
-----------------------------------------------------------------------------
                          5.00    5.00   clock SCK' (rise edge)
                          0.00    5.00   clock source latency
                  0.04    0.02    5.02 v SCK (in)
     1    0.02                           SCK (net)
                  0.04    0.00    5.02 v clkbuf_0_SCK/A (sky130_fd_sc_hd__clkbuf_16)
                  0.05    0.15    5.17 v clkbuf_0_SCK/X (sky130_fd_sc_hd__clkbuf_16)
     4    0.04                           clknet_0_SCK (net)
                  0.05    0.00    5.17 v clkbuf_2_3__f_SCK/A (sky130_fd_sc_hd__clkbuf_16)
                  0.04    0.14    5.32 v clkbuf_2_3__f_SCK/X (sky130_fd_sc_hd__clkbuf_16)
     6    0.02                           clknet_2_3__leaf_SCK (net)
                  0.04    0.00    5.32 v _437_/A (sky130_fd_sc_hd__buf_1)
                  0.06    0.10    5.42 v _437_/X (sky130_fd_sc_hd__buf_1)
     1    0.01                           _221_ (net)
                  0.06    0.00    5.42 v clkbuf_0__221_/A (sky130_fd_sc_hd__clkbuf_16)
                  0.03    0.14    5.56 v clkbuf_0__221_/X (sky130_fd_sc_hd__clkbuf_16)
     2    0.02                           clknet_0__221_ (net)
                  0.03    0.00    5.56 v clkbuf_1_1__f__221_/A (sky130_fd_sc_hd__clkbuf_16)
                  0.04    0.14    5.71 v clkbuf_1_1__f__221_/X (sky130_fd_sc_hd__clkbuf_16)
     6    0.03                           clknet_1_1__leaf__221_ (net)
                  0.04    0.00    5.71 v _453__10/A (sky130_fd_sc_hd__inv_2)
                  0.02    0.03    5.74 ^ _453__10/Y (sky130_fd_sc_hd__inv_2)
     1    0.00                           net48 (net)
                  0.02    0.00    5.74 ^ _498_/CLK (sky130_fd_sc_hd__dfrtp_1)
                  0.07    0.31    6.06 ^ _498_/Q (sky130_fd_sc_hd__dfrtp_1)
     2    0.01                           net12 (net)
                  0.07    0.00    6.06 ^ output12/A (sky130_fd_sc_hd__clkbuf_4)
                  0.11    0.18    6.24 ^ output12/X (sky130_fd_sc_hd__clkbuf_4)
     1    0.03                           SDO (net)
                  0.11    0.00    6.24 ^ SDO (out)
                                  6.24   data arrival time

                          0.00    0.00   clock SCK (rise edge)
                          0.00    0.00   clock network delay (propagated)
                          0.25    0.25   clock uncertainty
                          0.00    0.25   clock reconvergence pessimism
                         -2.00   -1.75   output external delay
                                 -1.75   data required time
-----------------------------------------------------------------------------
                                 -1.75   data required time
                                 -6.24   data arrival time
-----------------------------------------------------------------------------
                                  7.99   slack (MET)



