
===========================================================================
report_checks -path_delay max (Setup)
============================================================================
======================= Typical Corner ===================================

Startpoint: _483_ (rising edge-triggered flip-flop clocked by SCK')
Endpoint: sdoenb (output port clocked by SCK)
Path Group: SCK
Path Type: max

Fanout     Cap    Slew   Delay    Time   Description
-----------------------------------------------------------------------------
                          5.00    5.00   clock SCK' (rise edge)
                          0.00    5.00   clock source latency
                  0.04    0.03    5.03 v SCK (in)
     1    0.02                           SCK (net)
                  0.04    0.00    5.03 v clkbuf_0_SCK/A (sky130_fd_sc_hd__clkbuf_16)
                  0.05    0.16    5.19 v clkbuf_0_SCK/X (sky130_fd_sc_hd__clkbuf_16)
     4    0.04                           clknet_0_SCK (net)
                  0.05    0.00    5.19 v clkbuf_2_3__f_SCK/A (sky130_fd_sc_hd__clkbuf_16)
                  0.04    0.16    5.35 v clkbuf_2_3__f_SCK/X (sky130_fd_sc_hd__clkbuf_16)
     6    0.02                           clknet_2_3__leaf_SCK (net)
                  0.04    0.00    5.35 v _437_/A (sky130_fd_sc_hd__buf_1)
                  0.06    0.12    5.46 v _437_/X (sky130_fd_sc_hd__buf_1)
     1    0.01                           _221_ (net)
                  0.06    0.00    5.46 v clkbuf_0__221_/A (sky130_fd_sc_hd__clkbuf_16)
                  0.03    0.16    5.62 v clkbuf_0__221_/X (sky130_fd_sc_hd__clkbuf_16)
     2    0.02                           clknet_0__221_ (net)
                  0.03    0.00    5.62 v clkbuf_1_1__f__221_/A (sky130_fd_sc_hd__clkbuf_16)
                  0.04    0.16    5.78 v clkbuf_1_1__f__221_/X (sky130_fd_sc_hd__clkbuf_16)
     6    0.03                           clknet_1_1__leaf__221_ (net)
                  0.04    0.00    5.78 v _438__1/A (sky130_fd_sc_hd__inv_2)
                  0.02    0.04    5.82 ^ _438__1/Y (sky130_fd_sc_hd__inv_2)
     1    0.00                           net39 (net)
                  0.02    0.00    5.82 ^ _483_/CLK (sky130_fd_sc_hd__dfstp_1)
                  0.12    0.57    6.39 ^ _483_/Q (sky130_fd_sc_hd__dfstp_1)
     1    0.01                           net36 (net)
                  0.12    0.00    6.39 ^ output36/A (sky130_fd_sc_hd__buf_6)
                  0.08    0.16    6.55 ^ output36/X (sky130_fd_sc_hd__buf_6)
     1    0.03                           sdoenb (net)
                  0.08    0.00    6.55 ^ sdoenb (out)
                                  6.55   data arrival time

                         10.00   10.00   clock SCK (rise edge)
                          0.00   10.00   clock network delay (propagated)
                         -0.25    9.75   clock uncertainty
                          0.00    9.75   clock reconvergence pessimism
                         -2.00    7.75   output external delay
                                  7.75   data required time
-----------------------------------------------------------------------------
                                  7.75   data required time
                                 -6.55   data arrival time
-----------------------------------------------------------------------------
                                  1.20   slack (MET)


Startpoint: _498_ (rising edge-triggered flip-flop clocked by SCK')
Endpoint: SDO (output port clocked by SCK)
Path Group: SCK
Path Type: max

Fanout     Cap    Slew   Delay    Time   Description
-----------------------------------------------------------------------------
                          5.00    5.00   clock SCK' (rise edge)
                          0.00    5.00   clock source latency
                  0.04    0.03    5.03 v SCK (in)
     1    0.02                           SCK (net)
                  0.04    0.00    5.03 v clkbuf_0_SCK/A (sky130_fd_sc_hd__clkbuf_16)
                  0.05    0.16    5.19 v clkbuf_0_SCK/X (sky130_fd_sc_hd__clkbuf_16)
     4    0.04                           clknet_0_SCK (net)
                  0.05    0.00    5.19 v clkbuf_2_3__f_SCK/A (sky130_fd_sc_hd__clkbuf_16)
                  0.04    0.16    5.35 v clkbuf_2_3__f_SCK/X (sky130_fd_sc_hd__clkbuf_16)
     6    0.02                           clknet_2_3__leaf_SCK (net)
                  0.04    0.00    5.35 v _437_/A (sky130_fd_sc_hd__buf_1)
                  0.06    0.12    5.46 v _437_/X (sky130_fd_sc_hd__buf_1)
     1    0.01                           _221_ (net)
                  0.06    0.00    5.46 v clkbuf_0__221_/A (sky130_fd_sc_hd__clkbuf_16)
                  0.03    0.16    5.62 v clkbuf_0__221_/X (sky130_fd_sc_hd__clkbuf_16)
     2    0.02                           clknet_0__221_ (net)
                  0.03    0.00    5.62 v clkbuf_1_1__f__221_/A (sky130_fd_sc_hd__clkbuf_16)
                  0.04    0.16    5.78 v clkbuf_1_1__f__221_/X (sky130_fd_sc_hd__clkbuf_16)
     6    0.03                           clknet_1_1__leaf__221_ (net)
                  0.04    0.00    5.78 v _453__10/A (sky130_fd_sc_hd__inv_2)
                  0.02    0.04    5.82 ^ _453__10/Y (sky130_fd_sc_hd__inv_2)
     1    0.00                           net48 (net)
                  0.02    0.00    5.82 ^ _498_/CLK (sky130_fd_sc_hd__dfrtp_1)
                  0.05    0.38    6.20 v _498_/Q (sky130_fd_sc_hd__dfrtp_1)
     2    0.01                           net12 (net)
                  0.05    0.00    6.20 v output12/A (sky130_fd_sc_hd__clkbuf_4)
                  0.08    0.20    6.40 v output12/X (sky130_fd_sc_hd__clkbuf_4)
     1    0.03                           SDO (net)
                  0.08    0.00    6.40 v SDO (out)
                                  6.40   data arrival time

                         10.00   10.00   clock SCK (rise edge)
                          0.00   10.00   clock network delay (propagated)
                         -0.25    9.75   clock uncertainty
                          0.00    9.75   clock reconvergence pessimism
                         -2.00    7.75   output external delay
                                  7.75   data required time
-----------------------------------------------------------------------------
                                  7.75   data required time
                                 -6.40   data arrival time
-----------------------------------------------------------------------------
                                  1.35   slack (MET)


Startpoint: _485_ (rising edge-triggered flip-flop clocked by SCK')
Endpoint: wrstb (output port clocked by SCK)
Path Group: SCK
Path Type: max

Fanout     Cap    Slew   Delay    Time   Description
-----------------------------------------------------------------------------
                          5.00    5.00   clock SCK' (rise edge)
                          0.00    5.00   clock source latency
                  0.04    0.03    5.03 v SCK (in)
     1    0.02                           SCK (net)
                  0.04    0.00    5.03 v clkbuf_0_SCK/A (sky130_fd_sc_hd__clkbuf_16)
                  0.05    0.16    5.19 v clkbuf_0_SCK/X (sky130_fd_sc_hd__clkbuf_16)
     4    0.04                           clknet_0_SCK (net)
                  0.05    0.00    5.19 v clkbuf_2_3__f_SCK/A (sky130_fd_sc_hd__clkbuf_16)
                  0.04    0.16    5.35 v clkbuf_2_3__f_SCK/X (sky130_fd_sc_hd__clkbuf_16)
     6    0.02                           clknet_2_3__leaf_SCK (net)
                  0.04    0.00    5.35 v _437_/A (sky130_fd_sc_hd__buf_1)
                  0.06    0.12    5.46 v _437_/X (sky130_fd_sc_hd__buf_1)
     1    0.01                           _221_ (net)
                  0.06    0.00    5.46 v clkbuf_0__221_/A (sky130_fd_sc_hd__clkbuf_16)
                  0.03    0.16    5.62 v clkbuf_0__221_/X (sky130_fd_sc_hd__clkbuf_16)
     2    0.02                           clknet_0__221_ (net)
                  0.03    0.00    5.62 v clkbuf_1_0__f__221_/A (sky130_fd_sc_hd__clkbuf_16)
                  0.04    0.15    5.77 v clkbuf_1_0__f__221_/X (sky130_fd_sc_hd__clkbuf_16)
     4    0.02                           clknet_1_0__leaf__221_ (net)
                  0.04    0.00    5.77 v _440__2/A (sky130_fd_sc_hd__inv_2)
                  0.02    0.04    5.81 ^ _440__2/Y (sky130_fd_sc_hd__inv_2)
     1    0.00                           net40 (net)
                  0.02    0.00    5.81 ^ _485_/CLK (sky130_fd_sc_hd__dfrtp_1)
                  0.05    0.37    6.18 v _485_/Q (sky130_fd_sc_hd__dfrtp_1)
     2    0.01                           net37 (net)
                  0.05    0.00    6.18 v output37/A (sky130_fd_sc_hd__buf_2)
                  0.09    0.19    6.37 v output37/X (sky130_fd_sc_hd__buf_2)
     1    0.03                           wrstb (net)
                  0.09    0.00    6.37 v wrstb (out)
                                  6.37   data arrival time

                         10.00   10.00   clock SCK (rise edge)
                          0.00   10.00   clock network delay (propagated)
                         -0.25    9.75   clock uncertainty
                          0.00    9.75   clock reconvergence pessimism
                         -2.00    7.75   output external delay
                                  7.75   data required time
-----------------------------------------------------------------------------
                                  7.75   data required time
                                 -6.37   data arrival time
-----------------------------------------------------------------------------
                                  1.38   slack (MET)


Startpoint: idata[5] (input port clocked by SCK)
Endpoint: _496_ (rising edge-triggered flip-flop clocked by SCK')
Path Group: SCK
Path Type: max

Fanout     Cap    Slew   Delay    Time   Description
-----------------------------------------------------------------------------
                          0.00    0.00   clock SCK (rise edge)
                          0.00    0.00   clock network delay (propagated)
                          2.00    2.00 v input external delay
                  0.01    0.00    2.00 v idata[5] (in)
     1    0.00                           idata[5] (net)
                  0.01    0.00    2.00 v input8/A (sky130_fd_sc_hd__buf_1)
                  0.08    0.12    2.13 v input8/X (sky130_fd_sc_hd__buf_1)
     1    0.01                           net8 (net)
                  0.08    0.00    2.13 v _238_/A0 (sky130_fd_sc_hd__mux2_1)
                  0.05    0.30    2.43 v _238_/X (sky130_fd_sc_hd__mux2_1)
     1    0.00                           _111_ (net)
                  0.05    0.00    2.43 v _239_/A0 (sky130_fd_sc_hd__mux2_1)
                  0.05    0.29    2.72 v _239_/X (sky130_fd_sc_hd__mux2_1)
     1    0.00                           _112_ (net)
                  0.05    0.00    2.72 v _240_/A (sky130_fd_sc_hd__clkbuf_1)
                  0.02    0.09    2.81 v _240_/X (sky130_fd_sc_hd__clkbuf_1)
     1    0.00                           _097_ (net)
                  0.02    0.00    2.81 v _496_/D (sky130_fd_sc_hd__dfrtp_1)
                                  2.81   data arrival time

                          5.00    5.00   clock SCK' (rise edge)
                          0.00    5.00   clock source latency
                  0.04    0.02    5.02 v SCK (in)
     1    0.02                           SCK (net)
                  0.04    0.00    5.02 v clkbuf_0_SCK/A (sky130_fd_sc_hd__clkbuf_16)
                  0.05    0.15    5.17 v clkbuf_0_SCK/X (sky130_fd_sc_hd__clkbuf_16)
     4    0.04                           clknet_0_SCK (net)
                  0.05    0.00    5.17 v clkbuf_2_3__f_SCK/A (sky130_fd_sc_hd__clkbuf_16)
                  0.04    0.14    5.32 v clkbuf_2_3__f_SCK/X (sky130_fd_sc_hd__clkbuf_16)
     6    0.02                           clknet_2_3__leaf_SCK (net)
                  0.04    0.00    5.32 v _437_/A (sky130_fd_sc_hd__buf_1)
                  0.06    0.10    5.42 v _437_/X (sky130_fd_sc_hd__buf_1)
     1    0.01                           _221_ (net)
                  0.06    0.00    5.42 v clkbuf_0__221_/A (sky130_fd_sc_hd__clkbuf_16)
                  0.03    0.14    5.56 v clkbuf_0__221_/X (sky130_fd_sc_hd__clkbuf_16)
     2    0.02                           clknet_0__221_ (net)
                  0.03    0.00    5.56 v clkbuf_1_0__f__221_/A (sky130_fd_sc_hd__clkbuf_16)
                  0.04    0.14    5.70 v clkbuf_1_0__f__221_/X (sky130_fd_sc_hd__clkbuf_16)
     4    0.02                           clknet_1_0__leaf__221_ (net)
                  0.04    0.00    5.70 v _451__8/A (sky130_fd_sc_hd__inv_2)
                  0.02    0.03    5.73 ^ _451__8/Y (sky130_fd_sc_hd__inv_2)
     1    0.00                           net46 (net)
                  0.02    0.00    5.73 ^ _496_/CLK (sky130_fd_sc_hd__dfrtp_1)
                         -0.25    5.48   clock uncertainty
                          0.00    5.48   clock reconvergence pessimism
                         -0.11    5.37   library setup time
                                  5.37   data required time
-----------------------------------------------------------------------------
                                  5.37   data required time
                                 -2.81   data arrival time
-----------------------------------------------------------------------------
                                  2.56   slack (MET)


Startpoint: idata[2] (input port clocked by SCK)
Endpoint: _493_ (rising edge-triggered flip-flop clocked by SCK')
Path Group: SCK
Path Type: max

Fanout     Cap    Slew   Delay    Time   Description
-----------------------------------------------------------------------------
                          0.00    0.00   clock SCK (rise edge)
                          0.00    0.00   clock network delay (propagated)
                          2.00    2.00 v input external delay
                  0.01    0.01    2.01 v idata[2] (in)
     1    0.00                           idata[2] (net)
                  0.01    0.00    2.01 v input5/A (sky130_fd_sc_hd__clkbuf_1)
                  0.06    0.11    2.12 v input5/X (sky130_fd_sc_hd__clkbuf_1)
     1    0.01                           net5 (net)
                  0.06    0.00    2.12 v _250_/A0 (sky130_fd_sc_hd__mux2_1)
                  0.05    0.29    2.41 v _250_/X (sky130_fd_sc_hd__mux2_1)
     1    0.00                           _117_ (net)
                  0.05    0.00    2.41 v _251_/A0 (sky130_fd_sc_hd__mux2_1)
                  0.05    0.29    2.70 v _251_/X (sky130_fd_sc_hd__mux2_1)
     1    0.00                           _118_ (net)
                  0.05    0.00    2.70 v _252_/A (sky130_fd_sc_hd__clkbuf_1)
                  0.02    0.09    2.80 v _252_/X (sky130_fd_sc_hd__clkbuf_1)
     1    0.00                           _094_ (net)
                  0.02    0.00    2.80 v _493_/D (sky130_fd_sc_hd__dfrtp_1)
                                  2.80   data arrival time

                          5.00    5.00   clock SCK' (rise edge)
                          0.00    5.00   clock source latency
                  0.04    0.02    5.02 v SCK (in)
     1    0.02                           SCK (net)
                  0.04    0.00    5.02 v clkbuf_0_SCK/A (sky130_fd_sc_hd__clkbuf_16)
                  0.05    0.15    5.17 v clkbuf_0_SCK/X (sky130_fd_sc_hd__clkbuf_16)
     4    0.04                           clknet_0_SCK (net)
                  0.05    0.00    5.17 v clkbuf_2_3__f_SCK/A (sky130_fd_sc_hd__clkbuf_16)
                  0.04    0.14    5.32 v clkbuf_2_3__f_SCK/X (sky130_fd_sc_hd__clkbuf_16)
     6    0.02                           clknet_2_3__leaf_SCK (net)
                  0.04    0.00    5.32 v _437_/A (sky130_fd_sc_hd__buf_1)
                  0.06    0.10    5.42 v _437_/X (sky130_fd_sc_hd__buf_1)
     1    0.01                           _221_ (net)
                  0.06    0.00    5.42 v clkbuf_0__221_/A (sky130_fd_sc_hd__clkbuf_16)
                  0.03    0.14    5.56 v clkbuf_0__221_/X (sky130_fd_sc_hd__clkbuf_16)
     2    0.02                           clknet_0__221_ (net)
                  0.03    0.00    5.56 v clkbuf_1_1__f__221_/A (sky130_fd_sc_hd__clkbuf_16)
                  0.04    0.14    5.71 v clkbuf_1_1__f__221_/X (sky130_fd_sc_hd__clkbuf_16)
     6    0.03                           clknet_1_1__leaf__221_ (net)
                  0.04    0.00    5.71 v _448__5/A (sky130_fd_sc_hd__inv_2)
                  0.02    0.04    5.74 ^ _448__5/Y (sky130_fd_sc_hd__inv_2)
     1    0.00                           net43 (net)
                  0.02    0.00    5.74 ^ _493_/CLK (sky130_fd_sc_hd__dfrtp_1)
                         -0.25    5.49   clock uncertainty
                          0.00    5.49   clock reconvergence pessimism
                         -0.11    5.38   library setup time
                                  5.38   data required time
-----------------------------------------------------------------------------
                                  5.38   data required time
                                 -2.80   data arrival time
-----------------------------------------------------------------------------
                                  2.59   slack (MET)


Startpoint: idata[4] (input port clocked by SCK)
Endpoint: _495_ (rising edge-triggered flip-flop clocked by SCK')
Path Group: SCK
Path Type: max

Fanout     Cap    Slew   Delay    Time   Description
-----------------------------------------------------------------------------
                          0.00    0.00   clock SCK (rise edge)
                          0.00    0.00   clock network delay (propagated)
                          2.00    2.00 v input external delay
                  0.01    0.00    2.00 v idata[4] (in)
     1    0.00                           idata[4] (net)
                  0.01    0.00    2.00 v input7/A (sky130_fd_sc_hd__clkbuf_1)
                  0.04    0.09    2.10 v input7/X (sky130_fd_sc_hd__clkbuf_1)
     1    0.01                           net7 (net)
                  0.04    0.00    2.10 v _242_/A0 (sky130_fd_sc_hd__mux2_1)
                  0.06    0.29    2.39 v _242_/X (sky130_fd_sc_hd__mux2_1)
     1    0.00                           _113_ (net)
                  0.06    0.00    2.39 v _243_/A0 (sky130_fd_sc_hd__mux2_1)
                  0.06    0.29    2.68 v _243_/X (sky130_fd_sc_hd__mux2_1)
     1    0.00                           _114_ (net)
                  0.06    0.00    2.68 v _244_/A (sky130_fd_sc_hd__clkbuf_1)
                  0.02    0.09    2.77 v _244_/X (sky130_fd_sc_hd__clkbuf_1)
     1    0.00                           _096_ (net)
                  0.02    0.00    2.77 v _495_/D (sky130_fd_sc_hd__dfrtp_1)
                                  2.77   data arrival time

                          5.00    5.00   clock SCK' (rise edge)
                          0.00    5.00   clock source latency
                  0.04    0.02    5.02 v SCK (in)
     1    0.02                           SCK (net)
                  0.04    0.00    5.02 v clkbuf_0_SCK/A (sky130_fd_sc_hd__clkbuf_16)
                  0.05    0.15    5.17 v clkbuf_0_SCK/X (sky130_fd_sc_hd__clkbuf_16)
     4    0.04                           clknet_0_SCK (net)
                  0.05    0.00    5.17 v clkbuf_2_3__f_SCK/A (sky130_fd_sc_hd__clkbuf_16)
                  0.04    0.14    5.32 v clkbuf_2_3__f_SCK/X (sky130_fd_sc_hd__clkbuf_16)
     6    0.02                           clknet_2_3__leaf_SCK (net)
                  0.04    0.00    5.32 v _437_/A (sky130_fd_sc_hd__buf_1)
                  0.06    0.10    5.42 v _437_/X (sky130_fd_sc_hd__buf_1)
     1    0.01                           _221_ (net)
                  0.06    0.00    5.42 v clkbuf_0__221_/A (sky130_fd_sc_hd__clkbuf_16)
                  0.03    0.14    5.56 v clkbuf_0__221_/X (sky130_fd_sc_hd__clkbuf_16)
     2    0.02                           clknet_0__221_ (net)
                  0.03    0.00    5.56 v clkbuf_1_0__f__221_/A (sky130_fd_sc_hd__clkbuf_16)
                  0.04    0.14    5.70 v clkbuf_1_0__f__221_/X (sky130_fd_sc_hd__clkbuf_16)
     4    0.02                           clknet_1_0__leaf__221_ (net)
                  0.04    0.00    5.70 v _450__7/A (sky130_fd_sc_hd__inv_2)
                  0.02    0.03    5.73 ^ _450__7/Y (sky130_fd_sc_hd__inv_2)
     1    0.00                           net45 (net)
                  0.02    0.00    5.73 ^ _495_/CLK (sky130_fd_sc_hd__dfrtp_1)
                         -0.25    5.48   clock uncertainty
                          0.00    5.48   clock reconvergence pessimism
                         -0.11    5.37   library setup time
                                  5.37   data required time
-----------------------------------------------------------------------------
                                  5.37   data required time
                                 -2.77   data arrival time
-----------------------------------------------------------------------------
                                  2.60   slack (MET)


Startpoint: idata[7] (input port clocked by SCK)
Endpoint: _498_ (rising edge-triggered flip-flop clocked by SCK')
Path Group: SCK
Path Type: max

Fanout     Cap    Slew   Delay    Time   Description
-----------------------------------------------------------------------------
                          0.00    0.00   clock SCK (rise edge)
                          0.00    0.00   clock network delay (propagated)
                          2.00    2.00 v input external delay
                  0.01    0.01    2.01 v idata[7] (in)
     1    0.00                           idata[7] (net)
                  0.01    0.00    2.01 v input10/A (sky130_fd_sc_hd__clkbuf_1)
                  0.07    0.11    2.12 v input10/X (sky130_fd_sc_hd__clkbuf_1)
     1    0.01                           net10 (net)
                  0.07    0.00    2.12 v _229_/A0 (sky130_fd_sc_hd__mux2_1)
                  0.05    0.29    2.41 v _229_/X (sky130_fd_sc_hd__mux2_1)
     1    0.00                           _106_ (net)
                  0.05    0.00    2.41 v _231_/A0 (sky130_fd_sc_hd__mux2_1)
                  0.05    0.29    2.69 v _231_/X (sky130_fd_sc_hd__mux2_1)
     1    0.00                           _108_ (net)
                  0.05    0.00    2.69 v _232_/A (sky130_fd_sc_hd__clkbuf_1)
                  0.02    0.09    2.78 v _232_/X (sky130_fd_sc_hd__clkbuf_1)
     1    0.00                           _099_ (net)
                  0.02    0.00    2.78 v _498_/D (sky130_fd_sc_hd__dfrtp_1)
                                  2.78   data arrival time

                          5.00    5.00   clock SCK' (rise edge)
                          0.00    5.00   clock source latency
                  0.04    0.02    5.02 v SCK (in)
     1    0.02                           SCK (net)
                  0.04    0.00    5.02 v clkbuf_0_SCK/A (sky130_fd_sc_hd__clkbuf_16)
                  0.05    0.15    5.17 v clkbuf_0_SCK/X (sky130_fd_sc_hd__clkbuf_16)
     4    0.04                           clknet_0_SCK (net)
                  0.05    0.00    5.17 v clkbuf_2_3__f_SCK/A (sky130_fd_sc_hd__clkbuf_16)
                  0.04    0.14    5.32 v clkbuf_2_3__f_SCK/X (sky130_fd_sc_hd__clkbuf_16)
     6    0.02                           clknet_2_3__leaf_SCK (net)
                  0.04    0.00    5.32 v _437_/A (sky130_fd_sc_hd__buf_1)
                  0.06    0.10    5.42 v _437_/X (sky130_fd_sc_hd__buf_1)
     1    0.01                           _221_ (net)
                  0.06    0.00    5.42 v clkbuf_0__221_/A (sky130_fd_sc_hd__clkbuf_16)
                  0.03    0.14    5.56 v clkbuf_0__221_/X (sky130_fd_sc_hd__clkbuf_16)
     2    0.02                           clknet_0__221_ (net)
                  0.03    0.00    5.56 v clkbuf_1_1__f__221_/A (sky130_fd_sc_hd__clkbuf_16)
                  0.04    0.14    5.71 v clkbuf_1_1__f__221_/X (sky130_fd_sc_hd__clkbuf_16)
     6    0.03                           clknet_1_1__leaf__221_ (net)
                  0.04    0.00    5.71 v _453__10/A (sky130_fd_sc_hd__inv_2)
                  0.02    0.03    5.74 ^ _453__10/Y (sky130_fd_sc_hd__inv_2)
     1    0.00                           net48 (net)
                  0.02    0.00    5.74 ^ _498_/CLK (sky130_fd_sc_hd__dfrtp_1)
                         -0.25    5.49   clock uncertainty
                          0.00    5.49   clock reconvergence pessimism
                         -0.11    5.38   library setup time
                                  5.38   data required time
-----------------------------------------------------------------------------
                                  5.38   data required time
                                 -2.78   data arrival time
-----------------------------------------------------------------------------
                                  2.60   slack (MET)


Startpoint: idata[3] (input port clocked by SCK)
Endpoint: _494_ (rising edge-triggered flip-flop clocked by SCK')
Path Group: SCK
Path Type: max

Fanout     Cap    Slew   Delay    Time   Description
-----------------------------------------------------------------------------
                          0.00    0.00   clock SCK (rise edge)
                          0.00    0.00   clock network delay (propagated)
                          2.00    2.00 v input external delay
                  0.01    0.01    2.01 v idata[3] (in)
     1    0.00                           idata[3] (net)
                  0.01    0.00    2.01 v input6/A (sky130_fd_sc_hd__clkbuf_1)
                  0.05    0.09    2.10 v input6/X (sky130_fd_sc_hd__clkbuf_1)
     1    0.01                           net6 (net)
                  0.05    0.00    2.10 v _246_/A0 (sky130_fd_sc_hd__mux2_1)
                  0.05    0.28    2.38 v _246_/X (sky130_fd_sc_hd__mux2_1)
     1    0.00                           _115_ (net)
                  0.05    0.00    2.38 v _247_/A0 (sky130_fd_sc_hd__mux2_1)
                  0.06    0.29    2.68 v _247_/X (sky130_fd_sc_hd__mux2_1)
     1    0.00                           _116_ (net)
                  0.06    0.00    2.68 v _248_/A (sky130_fd_sc_hd__clkbuf_1)
                  0.03    0.10    2.77 v _248_/X (sky130_fd_sc_hd__clkbuf_1)
     1    0.00                           _095_ (net)
                  0.03    0.00    2.77 v _494_/D (sky130_fd_sc_hd__dfrtp_1)
                                  2.77   data arrival time

                          5.00    5.00   clock SCK' (rise edge)
                          0.00    5.00   clock source latency
                  0.04    0.02    5.02 v SCK (in)
     1    0.02                           SCK (net)
                  0.04    0.00    5.02 v clkbuf_0_SCK/A (sky130_fd_sc_hd__clkbuf_16)
                  0.05    0.15    5.17 v clkbuf_0_SCK/X (sky130_fd_sc_hd__clkbuf_16)
     4    0.04                           clknet_0_SCK (net)
                  0.05    0.00    5.17 v clkbuf_2_3__f_SCK/A (sky130_fd_sc_hd__clkbuf_16)
                  0.04    0.14    5.32 v clkbuf_2_3__f_SCK/X (sky130_fd_sc_hd__clkbuf_16)
     6    0.02                           clknet_2_3__leaf_SCK (net)
                  0.04    0.00    5.32 v _437_/A (sky130_fd_sc_hd__buf_1)
                  0.06    0.10    5.42 v _437_/X (sky130_fd_sc_hd__buf_1)
     1    0.01                           _221_ (net)
                  0.06    0.00    5.42 v clkbuf_0__221_/A (sky130_fd_sc_hd__clkbuf_16)
                  0.03    0.14    5.56 v clkbuf_0__221_/X (sky130_fd_sc_hd__clkbuf_16)
     2    0.02                           clknet_0__221_ (net)
                  0.03    0.00    5.56 v clkbuf_1_0__f__221_/A (sky130_fd_sc_hd__clkbuf_16)
                  0.04    0.14    5.70 v clkbuf_1_0__f__221_/X (sky130_fd_sc_hd__clkbuf_16)
     4    0.02                           clknet_1_0__leaf__221_ (net)
                  0.04    0.00    5.70 v _449__6/A (sky130_fd_sc_hd__inv_2)
                  0.02    0.03    5.73 ^ _449__6/Y (sky130_fd_sc_hd__inv_2)
     1    0.00                           net44 (net)
                  0.02    0.00    5.73 ^ _494_/CLK (sky130_fd_sc_hd__dfrtp_1)
                         -0.25    5.48   clock uncertainty
                          0.00    5.48   clock reconvergence pessimism
                         -0.11    5.37   library setup time
                                  5.37   data required time
-----------------------------------------------------------------------------
                                  5.37   data required time
                                 -2.77   data arrival time
-----------------------------------------------------------------------------
                                  2.60   slack (MET)


Startpoint: idata[6] (input port clocked by SCK)
Endpoint: _497_ (rising edge-triggered flip-flop clocked by SCK')
Path Group: SCK
Path Type: max

Fanout     Cap    Slew   Delay    Time   Description
-----------------------------------------------------------------------------
                          0.00    0.00   clock SCK (rise edge)
                          0.00    0.00   clock network delay (propagated)
                          2.00    2.00 v input external delay
                  0.01    0.00    2.00 v idata[6] (in)
     1    0.00                           idata[6] (net)
                  0.01    0.00    2.00 v input9/A (sky130_fd_sc_hd__clkbuf_1)
                  0.02    0.07    2.08 v input9/X (sky130_fd_sc_hd__clkbuf_1)
     1    0.00                           net9 (net)
                  0.02    0.00    2.08 v _234_/A0 (sky130_fd_sc_hd__mux2_1)
                  0.05    0.28    2.36 v _234_/X (sky130_fd_sc_hd__mux2_1)
     1    0.00                           _109_ (net)
                  0.05    0.00    2.36 v _235_/A0 (sky130_fd_sc_hd__mux2_1)
                  0.06    0.30    2.66 v _235_/X (sky130_fd_sc_hd__mux2_1)
     1    0.00                           _110_ (net)
                  0.06    0.00    2.66 v _236_/A (sky130_fd_sc_hd__clkbuf_1)
                  0.03    0.10    2.75 v _236_/X (sky130_fd_sc_hd__clkbuf_1)
     1    0.00                           _098_ (net)
                  0.03    0.00    2.75 v _497_/D (sky130_fd_sc_hd__dfrtp_1)
                                  2.75   data arrival time

                          5.00    5.00   clock SCK' (rise edge)
                          0.00    5.00   clock source latency
                  0.04    0.02    5.02 v SCK (in)
     1    0.02                           SCK (net)
                  0.04    0.00    5.02 v clkbuf_0_SCK/A (sky130_fd_sc_hd__clkbuf_16)
                  0.05    0.15    5.17 v clkbuf_0_SCK/X (sky130_fd_sc_hd__clkbuf_16)
     4    0.04                           clknet_0_SCK (net)
                  0.05    0.00    5.17 v clkbuf_2_3__f_SCK/A (sky130_fd_sc_hd__clkbuf_16)
                  0.04    0.14    5.32 v clkbuf_2_3__f_SCK/X (sky130_fd_sc_hd__clkbuf_16)
     6    0.02                           clknet_2_3__leaf_SCK (net)
                  0.04    0.00    5.32 v _437_/A (sky130_fd_sc_hd__buf_1)
                  0.06    0.10    5.42 v _437_/X (sky130_fd_sc_hd__buf_1)
     1    0.01                           _221_ (net)
                  0.06    0.00    5.42 v clkbuf_0__221_/A (sky130_fd_sc_hd__clkbuf_16)
                  0.03    0.14    5.56 v clkbuf_0__221_/X (sky130_fd_sc_hd__clkbuf_16)
     2    0.02                           clknet_0__221_ (net)
                  0.03    0.00    5.56 v clkbuf_1_1__f__221_/A (sky130_fd_sc_hd__clkbuf_16)
                  0.04    0.14    5.71 v clkbuf_1_1__f__221_/X (sky130_fd_sc_hd__clkbuf_16)
     6    0.03                           clknet_1_1__leaf__221_ (net)
                  0.04    0.00    5.71 v _452__9/A (sky130_fd_sc_hd__inv_2)
                  0.02    0.04    5.74 ^ _452__9/Y (sky130_fd_sc_hd__inv_2)
     1    0.00                           net47 (net)
                  0.02    0.00    5.74 ^ _497_/CLK (sky130_fd_sc_hd__dfrtp_1)
                         -0.25    5.49   clock uncertainty
                          0.00    5.49   clock reconvergence pessimism
                         -0.11    5.38   library setup time
                                  5.38   data required time
-----------------------------------------------------------------------------
                                  5.38   data required time
                                 -2.75   data arrival time
-----------------------------------------------------------------------------
                                  2.63   slack (MET)


Startpoint: idata[1] (input port clocked by SCK)
Endpoint: _492_ (rising edge-triggered flip-flop clocked by SCK')
Path Group: SCK
Path Type: max

Fanout     Cap    Slew   Delay    Time   Description
-----------------------------------------------------------------------------
                          0.00    0.00   clock SCK (rise edge)
                          0.00    0.00   clock network delay (propagated)
                          2.00    2.00 v input external delay
                  0.01    0.01    2.01 v idata[1] (in)
     1    0.00                           idata[1] (net)
                  0.01    0.00    2.01 v input4/A (sky130_fd_sc_hd__clkbuf_1)
                  0.02    0.07    2.08 v input4/X (sky130_fd_sc_hd__clkbuf_1)
     1    0.00                           net4 (net)
                  0.02    0.00    2.08 v _254_/A0 (sky130_fd_sc_hd__mux2_1)
                  0.05    0.27    2.35 v _254_/X (sky130_fd_sc_hd__mux2_1)
     1    0.00                           _119_ (net)
                  0.05    0.00    2.35 v _255_/A0 (sky130_fd_sc_hd__mux2_1)
                  0.05    0.29    2.64 v _255_/X (sky130_fd_sc_hd__mux2_1)
     1    0.00                           _120_ (net)
                  0.05    0.00    2.64 v _256_/A (sky130_fd_sc_hd__clkbuf_1)
                  0.02    0.09    2.74 v _256_/X (sky130_fd_sc_hd__clkbuf_1)
     1    0.00                           _093_ (net)
                  0.02    0.00    2.74 v _492_/D (sky130_fd_sc_hd__dfrtp_1)
                                  2.74   data arrival time

                          5.00    5.00   clock SCK' (rise edge)
                          0.00    5.00   clock source latency
                  0.04    0.02    5.02 v SCK (in)
     1    0.02                           SCK (net)
                  0.04    0.00    5.02 v clkbuf_0_SCK/A (sky130_fd_sc_hd__clkbuf_16)
                  0.05    0.15    5.17 v clkbuf_0_SCK/X (sky130_fd_sc_hd__clkbuf_16)
     4    0.04                           clknet_0_SCK (net)
                  0.05    0.00    5.17 v clkbuf_2_3__f_SCK/A (sky130_fd_sc_hd__clkbuf_16)
                  0.04    0.14    5.32 v clkbuf_2_3__f_SCK/X (sky130_fd_sc_hd__clkbuf_16)
     6    0.02                           clknet_2_3__leaf_SCK (net)
                  0.04    0.00    5.32 v _437_/A (sky130_fd_sc_hd__buf_1)
                  0.06    0.10    5.42 v _437_/X (sky130_fd_sc_hd__buf_1)
     1    0.01                           _221_ (net)
                  0.06    0.00    5.42 v clkbuf_0__221_/A (sky130_fd_sc_hd__clkbuf_16)
                  0.03    0.14    5.56 v clkbuf_0__221_/X (sky130_fd_sc_hd__clkbuf_16)
     2    0.02                           clknet_0__221_ (net)
                  0.03    0.00    5.56 v clkbuf_1_1__f__221_/A (sky130_fd_sc_hd__clkbuf_16)
                  0.04    0.14    5.71 v clkbuf_1_1__f__221_/X (sky130_fd_sc_hd__clkbuf_16)
     6    0.03                           clknet_1_1__leaf__221_ (net)
                  0.04    0.00    5.71 v _447__4/A (sky130_fd_sc_hd__inv_2)
                  0.02    0.03    5.74 ^ _447__4/Y (sky130_fd_sc_hd__inv_2)
     1    0.00                           net42 (net)
                  0.02    0.00    5.74 ^ _492_/CLK (sky130_fd_sc_hd__dfrtp_1)
                         -0.25    5.49   clock uncertainty
                          0.00    5.49   clock reconvergence pessimism
                         -0.11    5.38   library setup time
                                  5.38   data required time
-----------------------------------------------------------------------------
                                  5.38   data required time
                                 -2.74   data arrival time
-----------------------------------------------------------------------------
                                  2.65   slack (MET)


Startpoint: reset (input port clocked by SCK)
Endpoint: _483_ (recovery check against rising-edge clock SCK')
Path Group: asynchronous
Path Type: max

Fanout     Cap    Slew   Delay    Time   Description
-----------------------------------------------------------------------------
                          0.00    0.00   clock SCK (rise edge)
                          0.00    0.00   clock network delay (propagated)
                          2.00    2.00 v input external delay
                  0.01    0.00    2.00 v reset (in)
     1    0.00                           reset (net)
                  0.01    0.00    2.00 v input11/A (sky130_fd_sc_hd__clkbuf_1)
                  0.02    0.07    2.07 v input11/X (sky130_fd_sc_hd__clkbuf_1)
     1    0.00                           net11 (net)
                  0.02    0.00    2.07 v _222_/A (sky130_fd_sc_hd__buf_2)
                  0.09    0.18    2.25 v _222_/X (sky130_fd_sc_hd__buf_2)
     9    0.03                           _100_ (net)
                  0.09    0.00    2.25 v _223_/A (sky130_fd_sc_hd__clkbuf_4)
                  0.09    0.22    2.48 v _223_/X (sky130_fd_sc_hd__clkbuf_4)
    10    0.04                           _101_ (net)
                  0.09    0.00    2.48 v _271_/A (sky130_fd_sc_hd__nor2_1)
                  0.09    0.13    2.61 ^ _271_/Y (sky130_fd_sc_hd__nor2_1)
     1    0.00                           _035_ (net)
                  0.09    0.00    2.61 ^ _483_/SET_B (sky130_fd_sc_hd__dfstp_1)
                                  2.61   data arrival time

                          5.00    5.00   clock SCK' (rise edge)
                          0.00    5.00   clock source latency
                  0.04    0.02    5.02 v SCK (in)
     1    0.02                           SCK (net)
                  0.04    0.00    5.02 v clkbuf_0_SCK/A (sky130_fd_sc_hd__clkbuf_16)
                  0.05    0.15    5.17 v clkbuf_0_SCK/X (sky130_fd_sc_hd__clkbuf_16)
     4    0.04                           clknet_0_SCK (net)
                  0.05    0.00    5.17 v clkbuf_2_3__f_SCK/A (sky130_fd_sc_hd__clkbuf_16)
                  0.04    0.14    5.32 v clkbuf_2_3__f_SCK/X (sky130_fd_sc_hd__clkbuf_16)
     6    0.02                           clknet_2_3__leaf_SCK (net)
                  0.04    0.00    5.32 v _437_/A (sky130_fd_sc_hd__buf_1)
                  0.06    0.10    5.42 v _437_/X (sky130_fd_sc_hd__buf_1)
     1    0.01                           _221_ (net)
                  0.06    0.00    5.42 v clkbuf_0__221_/A (sky130_fd_sc_hd__clkbuf_16)
                  0.03    0.14    5.56 v clkbuf_0__221_/X (sky130_fd_sc_hd__clkbuf_16)
     2    0.02                           clknet_0__221_ (net)
                  0.03    0.00    5.56 v clkbuf_1_1__f__221_/A (sky130_fd_sc_hd__clkbuf_16)
                  0.04    0.14    5.71 v clkbuf_1_1__f__221_/X (sky130_fd_sc_hd__clkbuf_16)
     6    0.03                           clknet_1_1__leaf__221_ (net)
                  0.04    0.00    5.71 v _438__1/A (sky130_fd_sc_hd__inv_2)
                  0.02    0.04    5.74 ^ _438__1/Y (sky130_fd_sc_hd__inv_2)
     1    0.00                           net39 (net)
                  0.02    0.00    5.74 ^ _483_/CLK (sky130_fd_sc_hd__dfstp_1)
                         -0.25    5.49   clock uncertainty
                          0.00    5.49   clock reconvergence pessimism
                          0.13    5.62   library recovery time
                                  5.62   data required time
-----------------------------------------------------------------------------
                                  5.62   data required time
                                 -2.61   data arrival time
-----------------------------------------------------------------------------
                                  3.01   slack (MET)


Startpoint: reset (input port clocked by SCK)
Endpoint: _494_ (recovery check against rising-edge clock SCK')
Path Group: asynchronous
Path Type: max

Fanout     Cap    Slew   Delay    Time   Description
-----------------------------------------------------------------------------
                          0.00    0.00   clock SCK (rise edge)
                          0.00    0.00   clock network delay (propagated)
                          2.00    2.00 v input external delay
                  0.01    0.00    2.00 v reset (in)
     1    0.00                           reset (net)
                  0.01    0.00    2.00 v input11/A (sky130_fd_sc_hd__clkbuf_1)
                  0.02    0.07    2.07 v input11/X (sky130_fd_sc_hd__clkbuf_1)
     1    0.00                           net11 (net)
                  0.02    0.00    2.07 v _222_/A (sky130_fd_sc_hd__buf_2)
                  0.09    0.18    2.25 v _222_/X (sky130_fd_sc_hd__buf_2)
     9    0.03                           _100_ (net)
                  0.09    0.00    2.25 v _223_/A (sky130_fd_sc_hd__clkbuf_4)
                  0.09    0.22    2.48 v _223_/X (sky130_fd_sc_hd__clkbuf_4)
    10    0.04                           _101_ (net)
                  0.09    0.00    2.48 v _245_/A (sky130_fd_sc_hd__nor2_1)
                  0.12    0.15    2.63 ^ _245_/Y (sky130_fd_sc_hd__nor2_1)
     1    0.01                           _051_ (net)
                  0.12    0.00    2.63 ^ _494_/RESET_B (sky130_fd_sc_hd__dfrtp_1)
                                  2.63   data arrival time

                          5.00    5.00   clock SCK' (rise edge)
                          0.00    5.00   clock source latency
                  0.04    0.02    5.02 v SCK (in)
     1    0.02                           SCK (net)
                  0.04    0.00    5.02 v clkbuf_0_SCK/A (sky130_fd_sc_hd__clkbuf_16)
                  0.05    0.15    5.17 v clkbuf_0_SCK/X (sky130_fd_sc_hd__clkbuf_16)
     4    0.04                           clknet_0_SCK (net)
                  0.05    0.00    5.17 v clkbuf_2_3__f_SCK/A (sky130_fd_sc_hd__clkbuf_16)
                  0.04    0.14    5.32 v clkbuf_2_3__f_SCK/X (sky130_fd_sc_hd__clkbuf_16)
     6    0.02                           clknet_2_3__leaf_SCK (net)
                  0.04    0.00    5.32 v _437_/A (sky130_fd_sc_hd__buf_1)
                  0.06    0.10    5.42 v _437_/X (sky130_fd_sc_hd__buf_1)
     1    0.01                           _221_ (net)
                  0.06    0.00    5.42 v clkbuf_0__221_/A (sky130_fd_sc_hd__clkbuf_16)
                  0.03    0.14    5.56 v clkbuf_0__221_/X (sky130_fd_sc_hd__clkbuf_16)
     2    0.02                           clknet_0__221_ (net)
                  0.03    0.00    5.56 v clkbuf_1_0__f__221_/A (sky130_fd_sc_hd__clkbuf_16)
                  0.04    0.14    5.70 v clkbuf_1_0__f__221_/X (sky130_fd_sc_hd__clkbuf_16)
     4    0.02                           clknet_1_0__leaf__221_ (net)
                  0.04    0.00    5.70 v _449__6/A (sky130_fd_sc_hd__inv_2)
                  0.02    0.03    5.73 ^ _449__6/Y (sky130_fd_sc_hd__inv_2)
     1    0.00                           net44 (net)
                  0.02    0.00    5.73 ^ _494_/CLK (sky130_fd_sc_hd__dfrtp_1)
                         -0.25    5.48   clock uncertainty
                          0.00    5.48   clock reconvergence pessimism
                          0.20    5.69   library recovery time
                                  5.69   data required time
-----------------------------------------------------------------------------
                                  5.69   data required time
                                 -2.63   data arrival time
-----------------------------------------------------------------------------
                                  3.06   slack (MET)


Startpoint: reset (input port clocked by SCK)
Endpoint: _496_ (recovery check against rising-edge clock SCK')
Path Group: asynchronous
Path Type: max

Fanout     Cap    Slew   Delay    Time   Description
-----------------------------------------------------------------------------
                          0.00    0.00   clock SCK (rise edge)
                          0.00    0.00   clock network delay (propagated)
                          2.00    2.00 v input external delay
                  0.01    0.00    2.00 v reset (in)
     1    0.00                           reset (net)
                  0.01    0.00    2.00 v input11/A (sky130_fd_sc_hd__clkbuf_1)
                  0.02    0.07    2.07 v input11/X (sky130_fd_sc_hd__clkbuf_1)
     1    0.00                           net11 (net)
                  0.02    0.00    2.07 v _222_/A (sky130_fd_sc_hd__buf_2)
                  0.09    0.18    2.25 v _222_/X (sky130_fd_sc_hd__buf_2)
     9    0.03                           _100_ (net)
                  0.09    0.00    2.25 v _223_/A (sky130_fd_sc_hd__clkbuf_4)
                  0.09    0.22    2.48 v _223_/X (sky130_fd_sc_hd__clkbuf_4)
    10    0.04                           _101_ (net)
                  0.09    0.00    2.48 v _237_/A (sky130_fd_sc_hd__nor2_1)
                  0.10    0.14    2.62 ^ _237_/Y (sky130_fd_sc_hd__nor2_1)
     1    0.00                           _055_ (net)
                  0.10    0.00    2.62 ^ _496_/RESET_B (sky130_fd_sc_hd__dfrtp_1)
                                  2.62   data arrival time

                          5.00    5.00   clock SCK' (rise edge)
                          0.00    5.00   clock source latency
                  0.04    0.02    5.02 v SCK (in)
     1    0.02                           SCK (net)
                  0.04    0.00    5.02 v clkbuf_0_SCK/A (sky130_fd_sc_hd__clkbuf_16)
                  0.05    0.15    5.17 v clkbuf_0_SCK/X (sky130_fd_sc_hd__clkbuf_16)
     4    0.04                           clknet_0_SCK (net)
                  0.05    0.00    5.17 v clkbuf_2_3__f_SCK/A (sky130_fd_sc_hd__clkbuf_16)
                  0.04    0.14    5.32 v clkbuf_2_3__f_SCK/X (sky130_fd_sc_hd__clkbuf_16)
     6    0.02                           clknet_2_3__leaf_SCK (net)
                  0.04    0.00    5.32 v _437_/A (sky130_fd_sc_hd__buf_1)
                  0.06    0.10    5.42 v _437_/X (sky130_fd_sc_hd__buf_1)
     1    0.01                           _221_ (net)
                  0.06    0.00    5.42 v clkbuf_0__221_/A (sky130_fd_sc_hd__clkbuf_16)
                  0.03    0.14    5.56 v clkbuf_0__221_/X (sky130_fd_sc_hd__clkbuf_16)
     2    0.02                           clknet_0__221_ (net)
                  0.03    0.00    5.56 v clkbuf_1_0__f__221_/A (sky130_fd_sc_hd__clkbuf_16)
                  0.04    0.14    5.70 v clkbuf_1_0__f__221_/X (sky130_fd_sc_hd__clkbuf_16)
     4    0.02                           clknet_1_0__leaf__221_ (net)
                  0.04    0.00    5.70 v _451__8/A (sky130_fd_sc_hd__inv_2)
                  0.02    0.03    5.73 ^ _451__8/Y (sky130_fd_sc_hd__inv_2)
     1    0.00                           net46 (net)
                  0.02    0.00    5.73 ^ _496_/CLK (sky130_fd_sc_hd__dfrtp_1)
                         -0.25    5.48   clock uncertainty
                          0.00    5.48   clock reconvergence pessimism
                          0.21    5.69   library recovery time
                                  5.69   data required time
-----------------------------------------------------------------------------
                                  5.69   data required time
                                 -2.62   data arrival time
-----------------------------------------------------------------------------
                                  3.07   slack (MET)


Startpoint: reset (input port clocked by SCK)
Endpoint: _495_ (recovery check against rising-edge clock SCK')
Path Group: asynchronous
Path Type: max

Fanout     Cap    Slew   Delay    Time   Description
-----------------------------------------------------------------------------
                          0.00    0.00   clock SCK (rise edge)
                          0.00    0.00   clock network delay (propagated)
                          2.00    2.00 v input external delay
                  0.01    0.00    2.00 v reset (in)
     1    0.00                           reset (net)
                  0.01    0.00    2.00 v input11/A (sky130_fd_sc_hd__clkbuf_1)
                  0.02    0.07    2.07 v input11/X (sky130_fd_sc_hd__clkbuf_1)
     1    0.00                           net11 (net)
                  0.02    0.00    2.07 v _222_/A (sky130_fd_sc_hd__buf_2)
                  0.09    0.18    2.25 v _222_/X (sky130_fd_sc_hd__buf_2)
     9    0.03                           _100_ (net)
                  0.09    0.00    2.25 v _223_/A (sky130_fd_sc_hd__clkbuf_4)
                  0.09    0.22    2.48 v _223_/X (sky130_fd_sc_hd__clkbuf_4)
    10    0.04                           _101_ (net)
                  0.09    0.00    2.48 v _241_/A (sky130_fd_sc_hd__nor2_1)
                  0.10    0.14    2.62 ^ _241_/Y (sky130_fd_sc_hd__nor2_1)
     1    0.00                           _053_ (net)
                  0.10    0.00    2.62 ^ _495_/RESET_B (sky130_fd_sc_hd__dfrtp_1)
                                  2.62   data arrival time

                          5.00    5.00   clock SCK' (rise edge)
                          0.00    5.00   clock source latency
                  0.04    0.02    5.02 v SCK (in)
     1    0.02                           SCK (net)
                  0.04    0.00    5.02 v clkbuf_0_SCK/A (sky130_fd_sc_hd__clkbuf_16)
                  0.05    0.15    5.17 v clkbuf_0_SCK/X (sky130_fd_sc_hd__clkbuf_16)
     4    0.04                           clknet_0_SCK (net)
                  0.05    0.00    5.17 v clkbuf_2_3__f_SCK/A (sky130_fd_sc_hd__clkbuf_16)
                  0.04    0.14    5.32 v clkbuf_2_3__f_SCK/X (sky130_fd_sc_hd__clkbuf_16)
     6    0.02                           clknet_2_3__leaf_SCK (net)
                  0.04    0.00    5.32 v _437_/A (sky130_fd_sc_hd__buf_1)
                  0.06    0.10    5.42 v _437_/X (sky130_fd_sc_hd__buf_1)
     1    0.01                           _221_ (net)
                  0.06    0.00    5.42 v clkbuf_0__221_/A (sky130_fd_sc_hd__clkbuf_16)
                  0.03    0.14    5.56 v clkbuf_0__221_/X (sky130_fd_sc_hd__clkbuf_16)
     2    0.02                           clknet_0__221_ (net)
                  0.03    0.00    5.56 v clkbuf_1_0__f__221_/A (sky130_fd_sc_hd__clkbuf_16)
                  0.04    0.14    5.70 v clkbuf_1_0__f__221_/X (sky130_fd_sc_hd__clkbuf_16)
     4    0.02                           clknet_1_0__leaf__221_ (net)
                  0.04    0.00    5.70 v _450__7/A (sky130_fd_sc_hd__inv_2)
                  0.02    0.03    5.73 ^ _450__7/Y (sky130_fd_sc_hd__inv_2)
     1    0.00                           net45 (net)
                  0.02    0.00    5.73 ^ _495_/CLK (sky130_fd_sc_hd__dfrtp_1)
                         -0.25    5.48   clock uncertainty
                          0.00    5.48   clock reconvergence pessimism
                          0.21    5.69   library recovery time
                                  5.69   data required time
-----------------------------------------------------------------------------
                                  5.69   data required time
                                 -2.62   data arrival time
-----------------------------------------------------------------------------
                                  3.07   slack (MET)


Startpoint: reset (input port clocked by SCK)
Endpoint: _485_ (recovery check against rising-edge clock SCK')
Path Group: asynchronous
Path Type: max

Fanout     Cap    Slew   Delay    Time   Description
-----------------------------------------------------------------------------
                          0.00    0.00   clock SCK (rise edge)
                          0.00    0.00   clock network delay (propagated)
                          2.00    2.00 v input external delay
                  0.01    0.00    2.00 v reset (in)
     1    0.00                           reset (net)
                  0.01    0.00    2.00 v input11/A (sky130_fd_sc_hd__clkbuf_1)
                  0.02    0.07    2.07 v input11/X (sky130_fd_sc_hd__clkbuf_1)
     1    0.00                           net11 (net)
                  0.02    0.00    2.07 v _222_/A (sky130_fd_sc_hd__buf_2)
                  0.09    0.18    2.25 v _222_/X (sky130_fd_sc_hd__buf_2)
     9    0.03                           _100_ (net)
                  0.09    0.00    2.25 v _223_/A (sky130_fd_sc_hd__clkbuf_4)
                  0.09    0.22    2.48 v _223_/X (sky130_fd_sc_hd__clkbuf_4)
    10    0.04                           _101_ (net)
                  0.09    0.00    2.48 v _260_/A (sky130_fd_sc_hd__nor2_1)
                  0.10    0.14    2.61 ^ _260_/Y (sky130_fd_sc_hd__nor2_1)
     1    0.00                           _038_ (net)
                  0.10    0.00    2.61 ^ _485_/RESET_B (sky130_fd_sc_hd__dfrtp_1)
                                  2.61   data arrival time

                          5.00    5.00   clock SCK' (rise edge)
                          0.00    5.00   clock source latency
                  0.04    0.02    5.02 v SCK (in)
     1    0.02                           SCK (net)
                  0.04    0.00    5.02 v clkbuf_0_SCK/A (sky130_fd_sc_hd__clkbuf_16)
                  0.05    0.15    5.17 v clkbuf_0_SCK/X (sky130_fd_sc_hd__clkbuf_16)
     4    0.04                           clknet_0_SCK (net)
                  0.05    0.00    5.17 v clkbuf_2_3__f_SCK/A (sky130_fd_sc_hd__clkbuf_16)
                  0.04    0.14    5.32 v clkbuf_2_3__f_SCK/X (sky130_fd_sc_hd__clkbuf_16)
     6    0.02                           clknet_2_3__leaf_SCK (net)
                  0.04    0.00    5.32 v _437_/A (sky130_fd_sc_hd__buf_1)
                  0.06    0.10    5.42 v _437_/X (sky130_fd_sc_hd__buf_1)
     1    0.01                           _221_ (net)
                  0.06    0.00    5.42 v clkbuf_0__221_/A (sky130_fd_sc_hd__clkbuf_16)
                  0.03    0.14    5.56 v clkbuf_0__221_/X (sky130_fd_sc_hd__clkbuf_16)
     2    0.02                           clknet_0__221_ (net)
                  0.03    0.00    5.56 v clkbuf_1_0__f__221_/A (sky130_fd_sc_hd__clkbuf_16)
                  0.04    0.14    5.70 v clkbuf_1_0__f__221_/X (sky130_fd_sc_hd__clkbuf_16)
     4    0.02                           clknet_1_0__leaf__221_ (net)
                  0.04    0.00    5.70 v _440__2/A (sky130_fd_sc_hd__inv_2)
                  0.02    0.03    5.73 ^ _440__2/Y (sky130_fd_sc_hd__inv_2)
     1    0.00                           net40 (net)
                  0.02    0.00    5.73 ^ _485_/CLK (sky130_fd_sc_hd__dfrtp_1)
                         -0.25    5.48   clock uncertainty
                          0.00    5.48   clock reconvergence pessimism
                          0.21    5.69   library recovery time
                                  5.69   data required time
-----------------------------------------------------------------------------
                                  5.69   data required time
                                 -2.61   data arrival time
-----------------------------------------------------------------------------
                                  3.08   slack (MET)


Startpoint: idata[0] (input port clocked by SCK)
Endpoint: _491_ (rising edge-triggered flip-flop clocked by SCK')
Path Group: SCK
Path Type: max

Fanout     Cap    Slew   Delay    Time   Description
-----------------------------------------------------------------------------
                          0.00    0.00   clock SCK (rise edge)
                          0.00    0.00   clock network delay (propagated)
                          2.00    2.00 v input external delay
                  0.01    0.01    2.01 v idata[0] (in)
     1    0.00                           idata[0] (net)
                  0.01    0.00    2.01 v input3/A (sky130_fd_sc_hd__clkbuf_1)
                  0.04    0.09    2.09 v input3/X (sky130_fd_sc_hd__clkbuf_1)
     1    0.00                           net3 (net)
                  0.04    0.00    2.09 v _259_/B2 (sky130_fd_sc_hd__a22o_1)
                  0.04    0.20    2.29 v _259_/X (sky130_fd_sc_hd__a22o_1)
     1    0.00                           _092_ (net)
                  0.04    0.00    2.29 v _491_/D (sky130_fd_sc_hd__dfrtp_1)
                                  2.29   data arrival time

                          5.00    5.00   clock SCK' (rise edge)
                          0.00    5.00   clock source latency
                  0.04    0.02    5.02 v SCK (in)
     1    0.02                           SCK (net)
                  0.04    0.00    5.02 v clkbuf_0_SCK/A (sky130_fd_sc_hd__clkbuf_16)
                  0.05    0.15    5.17 v clkbuf_0_SCK/X (sky130_fd_sc_hd__clkbuf_16)
     4    0.04                           clknet_0_SCK (net)
                  0.05    0.00    5.17 v clkbuf_2_3__f_SCK/A (sky130_fd_sc_hd__clkbuf_16)
                  0.04    0.14    5.32 v clkbuf_2_3__f_SCK/X (sky130_fd_sc_hd__clkbuf_16)
     6    0.02                           clknet_2_3__leaf_SCK (net)
                  0.04    0.00    5.32 v _437_/A (sky130_fd_sc_hd__buf_1)
                  0.06    0.10    5.42 v _437_/X (sky130_fd_sc_hd__buf_1)
     1    0.01                           _221_ (net)
                  0.06    0.00    5.42 v clkbuf_0__221_/A (sky130_fd_sc_hd__clkbuf_16)
                  0.03    0.14    5.56 v clkbuf_0__221_/X (sky130_fd_sc_hd__clkbuf_16)
     2    0.02                           clknet_0__221_ (net)
                  0.03    0.00    5.56 v clkbuf_1_1__f__221_/A (sky130_fd_sc_hd__clkbuf_16)
                  0.04    0.14    5.71 v clkbuf_1_1__f__221_/X (sky130_fd_sc_hd__clkbuf_16)
     6    0.03                           clknet_1_1__leaf__221_ (net)
                  0.04    0.00    5.71 v _446__3/A (sky130_fd_sc_hd__inv_2)
                  0.02    0.04    5.74 ^ _446__3/Y (sky130_fd_sc_hd__inv_2)
     1    0.00                           net41 (net)
                  0.02    0.00    5.74 ^ _491_/CLK (sky130_fd_sc_hd__dfrtp_1)
                         -0.25    5.49   clock uncertainty
                          0.00    5.49   clock reconvergence pessimism
                         -0.12    5.38   library setup time
                                  5.38   data required time
-----------------------------------------------------------------------------
                                  5.38   data required time
                                 -2.29   data arrival time
-----------------------------------------------------------------------------
                                  3.09   slack (MET)


Startpoint: reset (input port clocked by SCK)
Endpoint: _491_ (recovery check against rising-edge clock SCK')
Path Group: asynchronous
Path Type: max

Fanout     Cap    Slew   Delay    Time   Description
-----------------------------------------------------------------------------
                          0.00    0.00   clock SCK (rise edge)
                          0.00    0.00   clock network delay (propagated)
                          2.00    2.00 v input external delay
                  0.01    0.00    2.00 v reset (in)
     1    0.00                           reset (net)
                  0.01    0.00    2.00 v input11/A (sky130_fd_sc_hd__clkbuf_1)
                  0.02    0.07    2.07 v input11/X (sky130_fd_sc_hd__clkbuf_1)
     1    0.00                           net11 (net)
                  0.02    0.00    2.07 v _222_/A (sky130_fd_sc_hd__buf_2)
                  0.09    0.18    2.25 v _222_/X (sky130_fd_sc_hd__buf_2)
     9    0.03                           _100_ (net)
                  0.09    0.00    2.25 v _223_/A (sky130_fd_sc_hd__clkbuf_4)
                  0.09    0.22    2.48 v _223_/X (sky130_fd_sc_hd__clkbuf_4)
    10    0.04                           _101_ (net)
                  0.09    0.00    2.48 v _257_/A (sky130_fd_sc_hd__nor2_1)
                  0.10    0.14    2.61 ^ _257_/Y (sky130_fd_sc_hd__nor2_1)
     1    0.00                           _045_ (net)
                  0.10    0.00    2.61 ^ _491_/RESET_B (sky130_fd_sc_hd__dfrtp_1)
                                  2.61   data arrival time

                          5.00    5.00   clock SCK' (rise edge)
                          0.00    5.00   clock source latency
                  0.04    0.02    5.02 v SCK (in)
     1    0.02                           SCK (net)
                  0.04    0.00    5.02 v clkbuf_0_SCK/A (sky130_fd_sc_hd__clkbuf_16)
                  0.05    0.15    5.17 v clkbuf_0_SCK/X (sky130_fd_sc_hd__clkbuf_16)
     4    0.04                           clknet_0_SCK (net)
                  0.05    0.00    5.17 v clkbuf_2_3__f_SCK/A (sky130_fd_sc_hd__clkbuf_16)
                  0.04    0.14    5.32 v clkbuf_2_3__f_SCK/X (sky130_fd_sc_hd__clkbuf_16)
     6    0.02                           clknet_2_3__leaf_SCK (net)
                  0.04    0.00    5.32 v _437_/A (sky130_fd_sc_hd__buf_1)
                  0.06    0.10    5.42 v _437_/X (sky130_fd_sc_hd__buf_1)
     1    0.01                           _221_ (net)
                  0.06    0.00    5.42 v clkbuf_0__221_/A (sky130_fd_sc_hd__clkbuf_16)
                  0.03    0.14    5.56 v clkbuf_0__221_/X (sky130_fd_sc_hd__clkbuf_16)
     2    0.02                           clknet_0__221_ (net)
                  0.03    0.00    5.56 v clkbuf_1_1__f__221_/A (sky130_fd_sc_hd__clkbuf_16)
                  0.04    0.14    5.71 v clkbuf_1_1__f__221_/X (sky130_fd_sc_hd__clkbuf_16)
     6    0.03                           clknet_1_1__leaf__221_ (net)
                  0.04    0.00    5.71 v _446__3/A (sky130_fd_sc_hd__inv_2)
                  0.02    0.04    5.74 ^ _446__3/Y (sky130_fd_sc_hd__inv_2)
     1    0.00                           net41 (net)
                  0.02    0.00    5.74 ^ _491_/CLK (sky130_fd_sc_hd__dfrtp_1)
                         -0.25    5.49   clock uncertainty
                          0.00    5.49   clock reconvergence pessimism
                          0.21    5.70   library recovery time
                                  5.70   data required time
-----------------------------------------------------------------------------
                                  5.70   data required time
                                 -2.61   data arrival time
-----------------------------------------------------------------------------
                                  3.09   slack (MET)


Startpoint: reset (input port clocked by SCK)
Endpoint: _497_ (recovery check against rising-edge clock SCK')
Path Group: asynchronous
Path Type: max

Fanout     Cap    Slew   Delay    Time   Description
-----------------------------------------------------------------------------
                          0.00    0.00   clock SCK (rise edge)
                          0.00    0.00   clock network delay (propagated)
                          2.00    2.00 v input external delay
                  0.01    0.00    2.00 v reset (in)
     1    0.00                           reset (net)
                  0.01    0.00    2.00 v input11/A (sky130_fd_sc_hd__clkbuf_1)
                  0.02    0.07    2.07 v input11/X (sky130_fd_sc_hd__clkbuf_1)
     1    0.00                           net11 (net)
                  0.02    0.00    2.07 v _222_/A (sky130_fd_sc_hd__buf_2)
                  0.09    0.18    2.25 v _222_/X (sky130_fd_sc_hd__buf_2)
     9    0.03                           _100_ (net)
                  0.09    0.00    2.25 v _223_/A (sky130_fd_sc_hd__clkbuf_4)
                  0.09    0.22    2.48 v _223_/X (sky130_fd_sc_hd__clkbuf_4)
    10    0.04                           _101_ (net)
                  0.09    0.00    2.48 v _233_/A (sky130_fd_sc_hd__nor2_1)
                  0.10    0.14    2.61 ^ _233_/Y (sky130_fd_sc_hd__nor2_1)
     1    0.00                           _057_ (net)
                  0.10    0.00    2.61 ^ _497_/RESET_B (sky130_fd_sc_hd__dfrtp_1)
                                  2.61   data arrival time

                          5.00    5.00   clock SCK' (rise edge)
                          0.00    5.00   clock source latency
                  0.04    0.02    5.02 v SCK (in)
     1    0.02                           SCK (net)
                  0.04    0.00    5.02 v clkbuf_0_SCK/A (sky130_fd_sc_hd__clkbuf_16)
                  0.05    0.15    5.17 v clkbuf_0_SCK/X (sky130_fd_sc_hd__clkbuf_16)
     4    0.04                           clknet_0_SCK (net)
                  0.05    0.00    5.17 v clkbuf_2_3__f_SCK/A (sky130_fd_sc_hd__clkbuf_16)
                  0.04    0.14    5.32 v clkbuf_2_3__f_SCK/X (sky130_fd_sc_hd__clkbuf_16)
     6    0.02                           clknet_2_3__leaf_SCK (net)
                  0.04    0.00    5.32 v _437_/A (sky130_fd_sc_hd__buf_1)
                  0.06    0.10    5.42 v _437_/X (sky130_fd_sc_hd__buf_1)
     1    0.01                           _221_ (net)
                  0.06    0.00    5.42 v clkbuf_0__221_/A (sky130_fd_sc_hd__clkbuf_16)
                  0.03    0.14    5.56 v clkbuf_0__221_/X (sky130_fd_sc_hd__clkbuf_16)
     2    0.02                           clknet_0__221_ (net)
                  0.03    0.00    5.56 v clkbuf_1_1__f__221_/A (sky130_fd_sc_hd__clkbuf_16)
                  0.04    0.14    5.71 v clkbuf_1_1__f__221_/X (sky130_fd_sc_hd__clkbuf_16)
     6    0.03                           clknet_1_1__leaf__221_ (net)
                  0.04    0.00    5.71 v _452__9/A (sky130_fd_sc_hd__inv_2)
                  0.02    0.04    5.74 ^ _452__9/Y (sky130_fd_sc_hd__inv_2)
     1    0.00                           net47 (net)
                  0.02    0.00    5.74 ^ _497_/CLK (sky130_fd_sc_hd__dfrtp_1)
                         -0.25    5.49   clock uncertainty
                          0.00    5.49   clock reconvergence pessimism
                          0.21    5.70   library recovery time
                                  5.70   data required time
-----------------------------------------------------------------------------
                                  5.70   data required time
                                 -2.61   data arrival time
-----------------------------------------------------------------------------
                                  3.09   slack (MET)


Startpoint: reset (input port clocked by SCK)
Endpoint: _493_ (recovery check against rising-edge clock SCK')
Path Group: asynchronous
Path Type: max

Fanout     Cap    Slew   Delay    Time   Description
-----------------------------------------------------------------------------
                          0.00    0.00   clock SCK (rise edge)
                          0.00    0.00   clock network delay (propagated)
                          2.00    2.00 v input external delay
                  0.01    0.00    2.00 v reset (in)
     1    0.00                           reset (net)
                  0.01    0.00    2.00 v input11/A (sky130_fd_sc_hd__clkbuf_1)
                  0.02    0.07    2.07 v input11/X (sky130_fd_sc_hd__clkbuf_1)
     1    0.00                           net11 (net)
                  0.02    0.00    2.07 v _222_/A (sky130_fd_sc_hd__buf_2)
                  0.09    0.18    2.25 v _222_/X (sky130_fd_sc_hd__buf_2)
     9    0.03                           _100_ (net)
                  0.09    0.00    2.25 v _223_/A (sky130_fd_sc_hd__clkbuf_4)
                  0.09    0.22    2.48 v _223_/X (sky130_fd_sc_hd__clkbuf_4)
    10    0.04                           _101_ (net)
                  0.09    0.00    2.48 v _249_/A (sky130_fd_sc_hd__nor2_1)
                  0.10    0.13    2.61 ^ _249_/Y (sky130_fd_sc_hd__nor2_1)
     1    0.00                           _049_ (net)
                  0.10    0.00    2.61 ^ _493_/RESET_B (sky130_fd_sc_hd__dfrtp_1)
                                  2.61   data arrival time

                          5.00    5.00   clock SCK' (rise edge)
                          0.00    5.00   clock source latency
                  0.04    0.02    5.02 v SCK (in)
     1    0.02                           SCK (net)
                  0.04    0.00    5.02 v clkbuf_0_SCK/A (sky130_fd_sc_hd__clkbuf_16)
                  0.05    0.15    5.17 v clkbuf_0_SCK/X (sky130_fd_sc_hd__clkbuf_16)
     4    0.04                           clknet_0_SCK (net)
                  0.05    0.00    5.17 v clkbuf_2_3__f_SCK/A (sky130_fd_sc_hd__clkbuf_16)
                  0.04    0.14    5.32 v clkbuf_2_3__f_SCK/X (sky130_fd_sc_hd__clkbuf_16)
     6    0.02                           clknet_2_3__leaf_SCK (net)
                  0.04    0.00    5.32 v _437_/A (sky130_fd_sc_hd__buf_1)
                  0.06    0.10    5.42 v _437_/X (sky130_fd_sc_hd__buf_1)
     1    0.01                           _221_ (net)
                  0.06    0.00    5.42 v clkbuf_0__221_/A (sky130_fd_sc_hd__clkbuf_16)
                  0.03    0.14    5.56 v clkbuf_0__221_/X (sky130_fd_sc_hd__clkbuf_16)
     2    0.02                           clknet_0__221_ (net)
                  0.03    0.00    5.56 v clkbuf_1_1__f__221_/A (sky130_fd_sc_hd__clkbuf_16)
                  0.04    0.14    5.71 v clkbuf_1_1__f__221_/X (sky130_fd_sc_hd__clkbuf_16)
     6    0.03                           clknet_1_1__leaf__221_ (net)
                  0.04    0.00    5.71 v _448__5/A (sky130_fd_sc_hd__inv_2)
                  0.02    0.04    5.74 ^ _448__5/Y (sky130_fd_sc_hd__inv_2)
     1    0.00                           net43 (net)
                  0.02    0.00    5.74 ^ _493_/CLK (sky130_fd_sc_hd__dfrtp_1)
                         -0.25    5.49   clock uncertainty
                          0.00    5.49   clock reconvergence pessimism
                          0.21    5.70   library recovery time
                                  5.70   data required time
-----------------------------------------------------------------------------
                                  5.70   data required time
                                 -2.61   data arrival time
-----------------------------------------------------------------------------
                                  3.09   slack (MET)


Startpoint: reset (input port clocked by SCK)
Endpoint: _498_ (recovery check against rising-edge clock SCK')
Path Group: asynchronous
Path Type: max

Fanout     Cap    Slew   Delay    Time   Description
-----------------------------------------------------------------------------
                          0.00    0.00   clock SCK (rise edge)
                          0.00    0.00   clock network delay (propagated)
                          2.00    2.00 v input external delay
                  0.01    0.00    2.00 v reset (in)
     1    0.00                           reset (net)
                  0.01    0.00    2.00 v input11/A (sky130_fd_sc_hd__clkbuf_1)
                  0.02    0.07    2.07 v input11/X (sky130_fd_sc_hd__clkbuf_1)
     1    0.00                           net11 (net)
                  0.02    0.00    2.07 v _222_/A (sky130_fd_sc_hd__buf_2)
                  0.09    0.18    2.25 v _222_/X (sky130_fd_sc_hd__buf_2)
     9    0.03                           _100_ (net)
                  0.09    0.00    2.25 v _223_/A (sky130_fd_sc_hd__clkbuf_4)
                  0.09    0.22    2.48 v _223_/X (sky130_fd_sc_hd__clkbuf_4)
    10    0.04                           _101_ (net)
                  0.09    0.00    2.48 v _226_/A (sky130_fd_sc_hd__nor2_1)
                  0.09    0.13    2.61 ^ _226_/Y (sky130_fd_sc_hd__nor2_1)
     1    0.00                           _059_ (net)
                  0.09    0.00    2.61 ^ _498_/RESET_B (sky130_fd_sc_hd__dfrtp_1)
                                  2.61   data arrival time

                          5.00    5.00   clock SCK' (rise edge)
                          0.00    5.00   clock source latency
                  0.04    0.02    5.02 v SCK (in)
     1    0.02                           SCK (net)
                  0.04    0.00    5.02 v clkbuf_0_SCK/A (sky130_fd_sc_hd__clkbuf_16)
                  0.05    0.15    5.17 v clkbuf_0_SCK/X (sky130_fd_sc_hd__clkbuf_16)
     4    0.04                           clknet_0_SCK (net)
                  0.05    0.00    5.17 v clkbuf_2_3__f_SCK/A (sky130_fd_sc_hd__clkbuf_16)
                  0.04    0.14    5.32 v clkbuf_2_3__f_SCK/X (sky130_fd_sc_hd__clkbuf_16)
     6    0.02                           clknet_2_3__leaf_SCK (net)
                  0.04    0.00    5.32 v _437_/A (sky130_fd_sc_hd__buf_1)
                  0.06    0.10    5.42 v _437_/X (sky130_fd_sc_hd__buf_1)
     1    0.01                           _221_ (net)
                  0.06    0.00    5.42 v clkbuf_0__221_/A (sky130_fd_sc_hd__clkbuf_16)
                  0.03    0.14    5.56 v clkbuf_0__221_/X (sky130_fd_sc_hd__clkbuf_16)
     2    0.02                           clknet_0__221_ (net)
                  0.03    0.00    5.56 v clkbuf_1_1__f__221_/A (sky130_fd_sc_hd__clkbuf_16)
                  0.04    0.14    5.71 v clkbuf_1_1__f__221_/X (sky130_fd_sc_hd__clkbuf_16)
     6    0.03                           clknet_1_1__leaf__221_ (net)
                  0.04    0.00    5.71 v _453__10/A (sky130_fd_sc_hd__inv_2)
                  0.02    0.03    5.74 ^ _453__10/Y (sky130_fd_sc_hd__inv_2)
     1    0.00                           net48 (net)
                  0.02    0.00    5.74 ^ _498_/CLK (sky130_fd_sc_hd__dfrtp_1)
                         -0.25    5.49   clock uncertainty
                          0.00    5.49   clock reconvergence pessimism
                          0.21    5.70   library recovery time
                                  5.70   data required time
-----------------------------------------------------------------------------
                                  5.70   data required time
                                 -2.61   data arrival time
-----------------------------------------------------------------------------
                                  3.09   slack (MET)


Startpoint: reset (input port clocked by SCK)
Endpoint: _492_ (recovery check against rising-edge clock SCK')
Path Group: asynchronous
Path Type: max

Fanout     Cap    Slew   Delay    Time   Description
-----------------------------------------------------------------------------
                          0.00    0.00   clock SCK (rise edge)
                          0.00    0.00   clock network delay (propagated)
                          2.00    2.00 v input external delay
                  0.01    0.00    2.00 v reset (in)
     1    0.00                           reset (net)
                  0.01    0.00    2.00 v input11/A (sky130_fd_sc_hd__clkbuf_1)
                  0.02    0.07    2.07 v input11/X (sky130_fd_sc_hd__clkbuf_1)
     1    0.00                           net11 (net)
                  0.02    0.00    2.07 v _222_/A (sky130_fd_sc_hd__buf_2)
                  0.09    0.18    2.25 v _222_/X (sky130_fd_sc_hd__buf_2)
     9    0.03                           _100_ (net)
                  0.09    0.00    2.25 v _223_/A (sky130_fd_sc_hd__clkbuf_4)
                  0.09    0.22    2.48 v _223_/X (sky130_fd_sc_hd__clkbuf_4)
    10    0.04                           _101_ (net)
                  0.09    0.00    2.48 v _253_/A (sky130_fd_sc_hd__nor2_1)
                  0.09    0.13    2.61 ^ _253_/Y (sky130_fd_sc_hd__nor2_1)
     1    0.00                           _047_ (net)
                  0.09    0.00    2.61 ^ _492_/RESET_B (sky130_fd_sc_hd__dfrtp_1)
                                  2.61   data arrival time

                          5.00    5.00   clock SCK' (rise edge)
                          0.00    5.00   clock source latency
                  0.04    0.02    5.02 v SCK (in)
     1    0.02                           SCK (net)
                  0.04    0.00    5.02 v clkbuf_0_SCK/A (sky130_fd_sc_hd__clkbuf_16)
                  0.05    0.15    5.17 v clkbuf_0_SCK/X (sky130_fd_sc_hd__clkbuf_16)
     4    0.04                           clknet_0_SCK (net)
                  0.05    0.00    5.17 v clkbuf_2_3__f_SCK/A (sky130_fd_sc_hd__clkbuf_16)
                  0.04    0.14    5.32 v clkbuf_2_3__f_SCK/X (sky130_fd_sc_hd__clkbuf_16)
     6    0.02                           clknet_2_3__leaf_SCK (net)
                  0.04    0.00    5.32 v _437_/A (sky130_fd_sc_hd__buf_1)
                  0.06    0.10    5.42 v _437_/X (sky130_fd_sc_hd__buf_1)
     1    0.01                           _221_ (net)
                  0.06    0.00    5.42 v clkbuf_0__221_/A (sky130_fd_sc_hd__clkbuf_16)
                  0.03    0.14    5.56 v clkbuf_0__221_/X (sky130_fd_sc_hd__clkbuf_16)
     2    0.02                           clknet_0__221_ (net)
                  0.03    0.00    5.56 v clkbuf_1_1__f__221_/A (sky130_fd_sc_hd__clkbuf_16)
                  0.04    0.14    5.71 v clkbuf_1_1__f__221_/X (sky130_fd_sc_hd__clkbuf_16)
     6    0.03                           clknet_1_1__leaf__221_ (net)
                  0.04    0.00    5.71 v _447__4/A (sky130_fd_sc_hd__inv_2)
                  0.02    0.03    5.74 ^ _447__4/Y (sky130_fd_sc_hd__inv_2)
     1    0.00                           net42 (net)
                  0.02    0.00    5.74 ^ _492_/CLK (sky130_fd_sc_hd__dfrtp_1)
                         -0.25    5.49   clock uncertainty
                          0.00    5.49   clock reconvergence pessimism
                          0.21    5.70   library recovery time
                                  5.70   data required time
-----------------------------------------------------------------------------
                                  5.70   data required time
                                 -2.61   data arrival time
-----------------------------------------------------------------------------
                                  3.09   slack (MET)


Startpoint: _468_ (rising edge-triggered flip-flop clocked by SCK)
Endpoint: _485_ (rising edge-triggered flip-flop clocked by SCK')
Path Group: SCK
Path Type: max

Fanout     Cap    Slew   Delay    Time   Description
-----------------------------------------------------------------------------
                          0.00    0.00   clock SCK (rise edge)
                          0.00    0.00   clock source latency
                  0.08    0.06    0.06 ^ SCK (in)
     1    0.02                           SCK (net)
                  0.08    0.00    0.06 ^ clkbuf_0_SCK/A (sky130_fd_sc_hd__clkbuf_16)
                  0.06    0.17    0.23 ^ clkbuf_0_SCK/X (sky130_fd_sc_hd__clkbuf_16)
     4    0.04                           clknet_0_SCK (net)
                  0.06    0.00    0.23 ^ clkbuf_2_1__f_SCK/A (sky130_fd_sc_hd__clkbuf_16)
                  0.06    0.16    0.38 ^ clkbuf_2_1__f_SCK/X (sky130_fd_sc_hd__clkbuf_16)
    12    0.04                           clknet_2_1__leaf_SCK (net)
                  0.06    0.00    0.38 ^ _468_/CLK (sky130_fd_sc_hd__dfrtp_4)
                  0.09    0.55    0.93 v _468_/Q (sky130_fd_sc_hd__dfrtp_4)
     9    0.03                           count[1] (net)
                  0.09    0.00    0.93 v _261_/B (sky130_fd_sc_hd__and3_1)
                  0.03    0.18    1.11 v _261_/X (sky130_fd_sc_hd__and3_1)
     1    0.00                           _122_ (net)
                  0.03    0.00    1.11 v _262_/A (sky130_fd_sc_hd__buf_2)
                  0.09    0.18    1.30 v _262_/X (sky130_fd_sc_hd__buf_2)
     8    0.03                           _123_ (net)
                  0.09    0.00    1.30 v _263_/C1 (sky130_fd_sc_hd__o211a_1)
                  0.04    0.13    1.43 v _263_/X (sky130_fd_sc_hd__o211a_1)
     1    0.00                           _091_ (net)
                  0.04    0.00    1.43 v _485_/D (sky130_fd_sc_hd__dfrtp_1)
                                  1.43   data arrival time

                          5.00    5.00   clock SCK' (rise edge)
                          0.00    5.00   clock source latency
                  0.04    0.02    5.02 v SCK (in)
     1    0.02                           SCK (net)
                  0.04    0.00    5.02 v clkbuf_0_SCK/A (sky130_fd_sc_hd__clkbuf_16)
                  0.05    0.15    5.17 v clkbuf_0_SCK/X (sky130_fd_sc_hd__clkbuf_16)
     4    0.04                           clknet_0_SCK (net)
                  0.05    0.00    5.17 v clkbuf_2_3__f_SCK/A (sky130_fd_sc_hd__clkbuf_16)
                  0.04    0.14    5.32 v clkbuf_2_3__f_SCK/X (sky130_fd_sc_hd__clkbuf_16)
     6    0.02                           clknet_2_3__leaf_SCK (net)
                  0.04    0.00    5.32 v _437_/A (sky130_fd_sc_hd__buf_1)
                  0.06    0.10    5.42 v _437_/X (sky130_fd_sc_hd__buf_1)
     1    0.01                           _221_ (net)
                  0.06    0.00    5.42 v clkbuf_0__221_/A (sky130_fd_sc_hd__clkbuf_16)
                  0.03    0.14    5.56 v clkbuf_0__221_/X (sky130_fd_sc_hd__clkbuf_16)
     2    0.02                           clknet_0__221_ (net)
                  0.03    0.00    5.56 v clkbuf_1_0__f__221_/A (sky130_fd_sc_hd__clkbuf_16)
                  0.04    0.14    5.70 v clkbuf_1_0__f__221_/X (sky130_fd_sc_hd__clkbuf_16)
     4    0.02                           clknet_1_0__leaf__221_ (net)
                  0.04    0.00    5.70 v _440__2/A (sky130_fd_sc_hd__inv_2)
                  0.02    0.03    5.73 ^ _440__2/Y (sky130_fd_sc_hd__inv_2)
     1    0.00                           net40 (net)
                  0.02    0.00    5.73 ^ _485_/CLK (sky130_fd_sc_hd__dfrtp_1)
                         -0.25    5.48   clock uncertainty
                          0.02    5.50   clock reconvergence pessimism
                         -0.12    5.38   library setup time
                                  5.38   data required time
-----------------------------------------------------------------------------
                                  5.38   data required time
                                 -1.43   data arrival time
-----------------------------------------------------------------------------
                                  3.96   slack (MET)


Startpoint: _488_ (rising edge-triggered flip-flop clocked by SCK)
Endpoint: _483_ (rising edge-triggered flip-flop clocked by SCK')
Path Group: SCK
Path Type: max

Fanout     Cap    Slew   Delay    Time   Description
-----------------------------------------------------------------------------
                          0.00    0.00   clock SCK (rise edge)
                          0.00    0.00   clock source latency
                  0.08    0.06    0.06 ^ SCK (in)
     1    0.02                           SCK (net)
                  0.08    0.00    0.06 ^ clkbuf_0_SCK/A (sky130_fd_sc_hd__clkbuf_16)
                  0.06    0.17    0.23 ^ clkbuf_0_SCK/X (sky130_fd_sc_hd__clkbuf_16)
     4    0.04                           clknet_0_SCK (net)
                  0.06    0.00    0.23 ^ clkbuf_2_2__f_SCK/A (sky130_fd_sc_hd__clkbuf_16)
                  0.05    0.15    0.38 ^ clkbuf_2_2__f_SCK/X (sky130_fd_sc_hd__clkbuf_16)
     9    0.03                           clknet_2_2__leaf_SCK (net)
                  0.05    0.00    0.38 ^ _488_/CLK (sky130_fd_sc_hd__dfrtp_4)
                  0.11    0.56    0.94 v _488_/Q (sky130_fd_sc_hd__dfrtp_4)
     8    0.04                           state[2] (net)
                  0.11    0.00    0.94 v _230_/B (sky130_fd_sc_hd__nand2_4)
                  0.15    0.18    1.12 ^ _230_/Y (sky130_fd_sc_hd__nand2_4)
    10    0.05                           _107_ (net)
                  0.15    0.00    1.12 ^ _385_/B1 (sky130_fd_sc_hd__o21a_1)
                  0.05    0.15    1.28 ^ _385_/X (sky130_fd_sc_hd__o21a_1)
     1    0.00                           _000_ (net)
                  0.05    0.00    1.28 ^ _483_/D (sky130_fd_sc_hd__dfstp_1)
                                  1.28   data arrival time

                          5.00    5.00   clock SCK' (rise edge)
                          0.00    5.00   clock source latency
                  0.04    0.02    5.02 v SCK (in)
     1    0.02                           SCK (net)
                  0.04    0.00    5.02 v clkbuf_0_SCK/A (sky130_fd_sc_hd__clkbuf_16)
                  0.05    0.15    5.17 v clkbuf_0_SCK/X (sky130_fd_sc_hd__clkbuf_16)
     4    0.04                           clknet_0_SCK (net)
                  0.05    0.00    5.17 v clkbuf_2_3__f_SCK/A (sky130_fd_sc_hd__clkbuf_16)
                  0.04    0.14    5.32 v clkbuf_2_3__f_SCK/X (sky130_fd_sc_hd__clkbuf_16)
     6    0.02                           clknet_2_3__leaf_SCK (net)
                  0.04    0.00    5.32 v _437_/A (sky130_fd_sc_hd__buf_1)
                  0.06    0.10    5.42 v _437_/X (sky130_fd_sc_hd__buf_1)
     1    0.01                           _221_ (net)
                  0.06    0.00    5.42 v clkbuf_0__221_/A (sky130_fd_sc_hd__clkbuf_16)
                  0.03    0.14    5.56 v clkbuf_0__221_/X (sky130_fd_sc_hd__clkbuf_16)
     2    0.02                           clknet_0__221_ (net)
                  0.03    0.00    5.56 v clkbuf_1_1__f__221_/A (sky130_fd_sc_hd__clkbuf_16)
                  0.04    0.14    5.71 v clkbuf_1_1__f__221_/X (sky130_fd_sc_hd__clkbuf_16)
     6    0.03                           clknet_1_1__leaf__221_ (net)
                  0.04    0.00    5.71 v _438__1/A (sky130_fd_sc_hd__inv_2)
                  0.02    0.04    5.74 ^ _438__1/Y (sky130_fd_sc_hd__inv_2)
     1    0.00                           net39 (net)
                  0.02    0.00    5.74 ^ _483_/CLK (sky130_fd_sc_hd__dfstp_1)
                         -0.25    5.49   clock uncertainty
                          0.02    5.51   clock reconvergence pessimism
                         -0.06    5.45   library setup time
                                  5.45   data required time
-----------------------------------------------------------------------------
                                  5.45   data required time
                                 -1.28   data arrival time
-----------------------------------------------------------------------------
                                  4.18   slack (MET)


Startpoint: SDI (input port clocked by SCK)
Endpoint: oaddr[0] (output port clocked by SCK)
Path Group: SCK
Path Type: max

Fanout     Cap    Slew   Delay    Time   Description
-----------------------------------------------------------------------------
                          0.00    0.00   clock SCK (rise edge)
                          0.00    0.00   clock network delay (propagated)
                          2.00    2.00 v input external delay
                  0.01    0.00    2.00 v SDI (in)
     1    0.00                           SDI (net)
                  0.01    0.00    2.00 v input2/A (sky130_fd_sc_hd__buf_2)
                  0.10    0.18    2.19 v input2/X (sky130_fd_sc_hd__buf_2)
     8    0.04                           net2 (net)
                  0.10    0.00    2.19 v _386_/A1 (sky130_fd_sc_hd__mux2_1)
                  0.05    0.32    2.50 v _386_/X (sky130_fd_sc_hd__mux2_1)
     1    0.00                           _208_ (net)
                  0.05    0.00    2.50 v _387_/A (sky130_fd_sc_hd__clkbuf_1)
                  0.03    0.10    2.60 v _387_/X (sky130_fd_sc_hd__clkbuf_1)
     1    0.00                           net13 (net)
                  0.03    0.00    2.60 v output13/A (sky130_fd_sc_hd__clkbuf_4)
                  0.08    0.18    2.79 v output13/X (sky130_fd_sc_hd__clkbuf_4)
     1    0.03                           oaddr[0] (net)
                  0.08    0.00    2.79 v oaddr[0] (out)
                                  2.79   data arrival time

                         10.00   10.00   clock SCK (rise edge)
                          0.00   10.00   clock network delay (propagated)
                         -0.25    9.75   clock uncertainty
                          0.00    9.75   clock reconvergence pessimism
                         -2.00    7.75   output external delay
                                  7.75   data required time
-----------------------------------------------------------------------------
                                  7.75   data required time
                                 -2.79   data arrival time
-----------------------------------------------------------------------------
                                  4.96   slack (MET)


Startpoint: SDI (input port clocked by SCK)
Endpoint: odata[0] (output port clocked by SCK)
Path Group: SCK
Path Type: max

Fanout     Cap    Slew   Delay    Time   Description
-----------------------------------------------------------------------------
                          0.00    0.00   clock SCK (rise edge)
                          0.00    0.00   clock network delay (propagated)
                          2.00    2.00 ^ input external delay
                  0.02    0.01    2.01 ^ SDI (in)
     1    0.00                           SDI (net)
                  0.02    0.00    2.01 ^ input2/A (sky130_fd_sc_hd__buf_2)
                  0.21    0.22    2.23 ^ input2/X (sky130_fd_sc_hd__buf_2)
     8    0.04                           net2 (net)
                  0.21    0.00    2.24 ^ _499_/A (sky130_fd_sc_hd__clkbuf_1)
                  0.04    0.12    2.35 ^ _499_/X (sky130_fd_sc_hd__clkbuf_1)
     1    0.00                           net21 (net)
                  0.04    0.00    2.35 ^ output21/A (sky130_fd_sc_hd__clkbuf_4)
                  0.11    0.19    2.55 ^ output21/X (sky130_fd_sc_hd__clkbuf_4)
     1    0.03                           odata[0] (net)
                  0.11    0.00    2.55 ^ odata[0] (out)
                                  2.55   data arrival time

                         10.00   10.00   clock SCK (rise edge)
                          0.00   10.00   clock network delay (propagated)
                         -0.25    9.75   clock uncertainty
                          0.00    9.75   clock reconvergence pessimism
                         -2.00    7.75   output external delay
                                  7.75   data required time
-----------------------------------------------------------------------------
                                  7.75   data required time
                                 -2.55   data arrival time
-----------------------------------------------------------------------------
                                  5.20   slack (MET)


Startpoint: _489_ (rising edge-triggered flip-flop clocked by SCK)
Endpoint: oaddr[2] (output port clocked by SCK)
Path Group: SCK
Path Type: max

Fanout     Cap    Slew   Delay    Time   Description
-----------------------------------------------------------------------------
                          0.00    0.00   clock SCK (rise edge)
                          0.00    0.00   clock source latency
                  0.08    0.06    0.06 ^ SCK (in)
     1    0.02                           SCK (net)
                  0.08    0.00    0.06 ^ clkbuf_0_SCK/A (sky130_fd_sc_hd__clkbuf_16)
                  0.06    0.17    0.23 ^ clkbuf_0_SCK/X (sky130_fd_sc_hd__clkbuf_16)
     4    0.04                           clknet_0_SCK (net)
                  0.06    0.00    0.23 ^ clkbuf_2_2__f_SCK/A (sky130_fd_sc_hd__clkbuf_16)
                  0.05    0.15    0.38 ^ clkbuf_2_2__f_SCK/X (sky130_fd_sc_hd__clkbuf_16)
     9    0.03                           clknet_2_2__leaf_SCK (net)
                  0.05    0.00    0.38 ^ _489_/CLK (sky130_fd_sc_hd__dfrtp_1)
                  0.15    0.42    0.80 ^ _489_/Q (sky130_fd_sc_hd__dfrtp_1)
     4    0.02                           state[3] (net)
                  0.15    0.00    0.80 ^ _310_/A (sky130_fd_sc_hd__clkbuf_4)
                  0.14    0.25    1.05 ^ _310_/X (sky130_fd_sc_hd__clkbuf_4)
    10    0.04                           _155_ (net)
                  0.14    0.00    1.05 ^ _332_/A (sky130_fd_sc_hd__clkbuf_4)
                  0.13    0.25    1.30 ^ _332_/X (sky130_fd_sc_hd__clkbuf_4)
    10    0.04                           _172_ (net)
                  0.13    0.00    1.30 ^ _389_/S (sky130_fd_sc_hd__mux2_1)
                  0.09    0.40    1.70 v _389_/X (sky130_fd_sc_hd__mux2_1)
     1    0.01                           _209_ (net)
                  0.09    0.00    1.70 v _390_/A (sky130_fd_sc_hd__buf_1)
                  0.06    0.14    1.84 v _390_/X (sky130_fd_sc_hd__buf_1)
     1    0.01                           net15 (net)
                  0.06    0.00    1.84 v output15/A (sky130_fd_sc_hd__clkbuf_4)
                  0.08    0.20    2.04 v output15/X (sky130_fd_sc_hd__clkbuf_4)
     1    0.03                           oaddr[2] (net)
                  0.08    0.00    2.04 v oaddr[2] (out)
                                  2.04   data arrival time

                         10.00   10.00   clock SCK (rise edge)
                          0.00   10.00   clock network delay (propagated)
                         -0.25    9.75   clock uncertainty
                          0.00    9.75   clock reconvergence pessimism
                         -2.00    7.75   output external delay
                                  7.75   data required time
-----------------------------------------------------------------------------
                                  7.75   data required time
                                 -2.04   data arrival time
-----------------------------------------------------------------------------
                                  5.71   slack (MET)


Startpoint: _489_ (rising edge-triggered flip-flop clocked by SCK)
Endpoint: oaddr[4] (output port clocked by SCK)
Path Group: SCK
Path Type: max

Fanout     Cap    Slew   Delay    Time   Description
-----------------------------------------------------------------------------
                          0.00    0.00   clock SCK (rise edge)
                          0.00    0.00   clock source latency
                  0.08    0.06    0.06 ^ SCK (in)
     1    0.02                           SCK (net)
                  0.08    0.00    0.06 ^ clkbuf_0_SCK/A (sky130_fd_sc_hd__clkbuf_16)
                  0.06    0.17    0.23 ^ clkbuf_0_SCK/X (sky130_fd_sc_hd__clkbuf_16)
     4    0.04                           clknet_0_SCK (net)
                  0.06    0.00    0.23 ^ clkbuf_2_2__f_SCK/A (sky130_fd_sc_hd__clkbuf_16)
                  0.05    0.15    0.38 ^ clkbuf_2_2__f_SCK/X (sky130_fd_sc_hd__clkbuf_16)
     9    0.03                           clknet_2_2__leaf_SCK (net)
                  0.05    0.00    0.38 ^ _489_/CLK (sky130_fd_sc_hd__dfrtp_1)
                  0.15    0.42    0.80 ^ _489_/Q (sky130_fd_sc_hd__dfrtp_1)
     4    0.02                           state[3] (net)
                  0.15    0.00    0.80 ^ _310_/A (sky130_fd_sc_hd__clkbuf_4)
                  0.14    0.25    1.05 ^ _310_/X (sky130_fd_sc_hd__clkbuf_4)
    10    0.04                           _155_ (net)
                  0.14    0.00    1.05 ^ _332_/A (sky130_fd_sc_hd__clkbuf_4)
                  0.13    0.25    1.30 ^ _332_/X (sky130_fd_sc_hd__clkbuf_4)
    10    0.04                           _172_ (net)
                  0.13    0.00    1.30 ^ _393_/S (sky130_fd_sc_hd__mux2_1)
                  0.09    0.40    1.70 v _393_/X (sky130_fd_sc_hd__mux2_1)
     1    0.01                           _211_ (net)
                  0.09    0.00    1.70 v _394_/A (sky130_fd_sc_hd__clkbuf_1)
                  0.02    0.11    1.80 v _394_/X (sky130_fd_sc_hd__clkbuf_1)
     1    0.00                           net17 (net)
                  0.02    0.00    1.80 v output17/A (sky130_fd_sc_hd__buf_2)
                  0.09    0.18    1.99 v output17/X (sky130_fd_sc_hd__buf_2)
     1    0.03                           oaddr[4] (net)
                  0.09    0.00    1.99 v oaddr[4] (out)
                                  1.99   data arrival time

                         10.00   10.00   clock SCK (rise edge)
                          0.00   10.00   clock network delay (propagated)
                         -0.25    9.75   clock uncertainty
                          0.00    9.75   clock reconvergence pessimism
                         -2.00    7.75   output external delay
                                  7.75   data required time
-----------------------------------------------------------------------------
                                  7.75   data required time
                                 -1.99   data arrival time
-----------------------------------------------------------------------------
                                  5.76   slack (MET)


Startpoint: _489_ (rising edge-triggered flip-flop clocked by SCK)
Endpoint: oaddr[3] (output port clocked by SCK)
Path Group: SCK
Path Type: max

Fanout     Cap    Slew   Delay    Time   Description
-----------------------------------------------------------------------------
                          0.00    0.00   clock SCK (rise edge)
                          0.00    0.00   clock source latency
                  0.08    0.06    0.06 ^ SCK (in)
     1    0.02                           SCK (net)
                  0.08    0.00    0.06 ^ clkbuf_0_SCK/A (sky130_fd_sc_hd__clkbuf_16)
                  0.06    0.17    0.23 ^ clkbuf_0_SCK/X (sky130_fd_sc_hd__clkbuf_16)
     4    0.04                           clknet_0_SCK (net)
                  0.06    0.00    0.23 ^ clkbuf_2_2__f_SCK/A (sky130_fd_sc_hd__clkbuf_16)
                  0.05    0.15    0.38 ^ clkbuf_2_2__f_SCK/X (sky130_fd_sc_hd__clkbuf_16)
     9    0.03                           clknet_2_2__leaf_SCK (net)
                  0.05    0.00    0.38 ^ _489_/CLK (sky130_fd_sc_hd__dfrtp_1)
                  0.15    0.42    0.80 ^ _489_/Q (sky130_fd_sc_hd__dfrtp_1)
     4    0.02                           state[3] (net)
                  0.15    0.00    0.80 ^ _310_/A (sky130_fd_sc_hd__clkbuf_4)
                  0.14    0.25    1.05 ^ _310_/X (sky130_fd_sc_hd__clkbuf_4)
    10    0.04                           _155_ (net)
                  0.14    0.00    1.05 ^ _332_/A (sky130_fd_sc_hd__clkbuf_4)
                  0.13    0.25    1.30 ^ _332_/X (sky130_fd_sc_hd__clkbuf_4)
    10    0.04                           _172_ (net)
                  0.13    0.00    1.30 ^ _391_/S (sky130_fd_sc_hd__mux2_1)
                  0.08    0.39    1.69 v _391_/X (sky130_fd_sc_hd__mux2_1)
     1    0.01                           _210_ (net)
                  0.08    0.00    1.69 v _392_/A (sky130_fd_sc_hd__clkbuf_1)
                  0.02    0.11    1.80 v _392_/X (sky130_fd_sc_hd__clkbuf_1)
     1    0.00                           net16 (net)
                  0.02    0.00    1.80 v output16/A (sky130_fd_sc_hd__clkbuf_4)
                  0.08    0.18    1.98 v output16/X (sky130_fd_sc_hd__clkbuf_4)
     1    0.03                           oaddr[3] (net)
                  0.08    0.00    1.98 v oaddr[3] (out)
                                  1.98   data arrival time

                         10.00   10.00   clock SCK (rise edge)
                          0.00   10.00   clock network delay (propagated)
                         -0.25    9.75   clock uncertainty
                          0.00    9.75   clock reconvergence pessimism
                         -2.00    7.75   output external delay
                                  7.75   data required time
-----------------------------------------------------------------------------
                                  7.75   data required time
                                 -1.98   data arrival time
-----------------------------------------------------------------------------
                                  5.77   slack (MET)


Startpoint: _489_ (rising edge-triggered flip-flop clocked by SCK)
Endpoint: oaddr[5] (output port clocked by SCK)
Path Group: SCK
Path Type: max

Fanout     Cap    Slew   Delay    Time   Description
-----------------------------------------------------------------------------
                          0.00    0.00   clock SCK (rise edge)
                          0.00    0.00   clock source latency
                  0.08    0.06    0.06 ^ SCK (in)
     1    0.02                           SCK (net)
                  0.08    0.00    0.06 ^ clkbuf_0_SCK/A (sky130_fd_sc_hd__clkbuf_16)
                  0.06    0.17    0.23 ^ clkbuf_0_SCK/X (sky130_fd_sc_hd__clkbuf_16)
     4    0.04                           clknet_0_SCK (net)
                  0.06    0.00    0.23 ^ clkbuf_2_2__f_SCK/A (sky130_fd_sc_hd__clkbuf_16)
                  0.05    0.15    0.38 ^ clkbuf_2_2__f_SCK/X (sky130_fd_sc_hd__clkbuf_16)
     9    0.03                           clknet_2_2__leaf_SCK (net)
                  0.05    0.00    0.38 ^ _489_/CLK (sky130_fd_sc_hd__dfrtp_1)
                  0.15    0.42    0.80 ^ _489_/Q (sky130_fd_sc_hd__dfrtp_1)
     4    0.02                           state[3] (net)
                  0.15    0.00    0.80 ^ _310_/A (sky130_fd_sc_hd__clkbuf_4)
                  0.14    0.25    1.05 ^ _310_/X (sky130_fd_sc_hd__clkbuf_4)
    10    0.04                           _155_ (net)
                  0.14    0.00    1.05 ^ _332_/A (sky130_fd_sc_hd__clkbuf_4)
                  0.13    0.25    1.30 ^ _332_/X (sky130_fd_sc_hd__clkbuf_4)
    10    0.04                           _172_ (net)
                  0.13    0.00    1.30 ^ _395_/S (sky130_fd_sc_hd__mux2_1)
                  0.08    0.38    1.68 v _395_/X (sky130_fd_sc_hd__mux2_1)
     1    0.01                           _212_ (net)
                  0.08    0.00    1.68 v _396_/A (sky130_fd_sc_hd__clkbuf_1)
                  0.03    0.10    1.78 v _396_/X (sky130_fd_sc_hd__clkbuf_1)
     1    0.00                           net18 (net)
                  0.03    0.00    1.78 v output18/A (sky130_fd_sc_hd__clkbuf_4)
                  0.08    0.18    1.97 v output18/X (sky130_fd_sc_hd__clkbuf_4)
     1    0.04                           oaddr[5] (net)
                  0.08    0.00    1.97 v oaddr[5] (out)
                                  1.97   data arrival time

                         10.00   10.00   clock SCK (rise edge)
                          0.00   10.00   clock network delay (propagated)
                         -0.25    9.75   clock uncertainty
                          0.00    9.75   clock reconvergence pessimism
                         -2.00    7.75   output external delay
                                  7.75   data required time
-----------------------------------------------------------------------------
                                  7.75   data required time
                                 -1.97   data arrival time
-----------------------------------------------------------------------------
                                  5.78   slack (MET)


Startpoint: _489_ (rising edge-triggered flip-flop clocked by SCK)
Endpoint: oaddr[6] (output port clocked by SCK)
Path Group: SCK
Path Type: max

Fanout     Cap    Slew   Delay    Time   Description
-----------------------------------------------------------------------------
                          0.00    0.00   clock SCK (rise edge)
                          0.00    0.00   clock source latency
                  0.08    0.06    0.06 ^ SCK (in)
     1    0.02                           SCK (net)
                  0.08    0.00    0.06 ^ clkbuf_0_SCK/A (sky130_fd_sc_hd__clkbuf_16)
                  0.06    0.17    0.23 ^ clkbuf_0_SCK/X (sky130_fd_sc_hd__clkbuf_16)
     4    0.04                           clknet_0_SCK (net)
                  0.06    0.00    0.23 ^ clkbuf_2_2__f_SCK/A (sky130_fd_sc_hd__clkbuf_16)
                  0.05    0.15    0.38 ^ clkbuf_2_2__f_SCK/X (sky130_fd_sc_hd__clkbuf_16)
     9    0.03                           clknet_2_2__leaf_SCK (net)
                  0.05    0.00    0.38 ^ _489_/CLK (sky130_fd_sc_hd__dfrtp_1)
                  0.15    0.42    0.80 ^ _489_/Q (sky130_fd_sc_hd__dfrtp_1)
     4    0.02                           state[3] (net)
                  0.15    0.00    0.80 ^ _310_/A (sky130_fd_sc_hd__clkbuf_4)
                  0.14    0.25    1.05 ^ _310_/X (sky130_fd_sc_hd__clkbuf_4)
    10    0.04                           _155_ (net)
                  0.14    0.00    1.05 ^ _332_/A (sky130_fd_sc_hd__clkbuf_4)
                  0.13    0.25    1.30 ^ _332_/X (sky130_fd_sc_hd__clkbuf_4)
    10    0.04                           _172_ (net)
                  0.13    0.00    1.30 ^ _334_/B (sky130_fd_sc_hd__nand2_1)
                  0.06    0.09    1.39 v _334_/Y (sky130_fd_sc_hd__nand2_1)
     2    0.01                           _174_ (net)
                  0.06    0.00    1.39 v _397_/B1_N (sky130_fd_sc_hd__a21bo_1)
                  0.06    0.20    1.60 ^ _397_/X (sky130_fd_sc_hd__a21bo_1)
     1    0.01                           net19 (net)
                  0.06    0.00    1.60 ^ output19/A (sky130_fd_sc_hd__clkbuf_4)
                  0.12    0.20    1.80 ^ output19/X (sky130_fd_sc_hd__clkbuf_4)
     1    0.04                           oaddr[6] (net)
                  0.12    0.00    1.80 ^ oaddr[6] (out)
                                  1.80   data arrival time

                         10.00   10.00   clock SCK (rise edge)
                          0.00   10.00   clock network delay (propagated)
                         -0.25    9.75   clock uncertainty
                          0.00    9.75   clock reconvergence pessimism
                         -2.00    7.75   output external delay
                                  7.75   data required time
-----------------------------------------------------------------------------
                                  7.75   data required time
                                 -1.80   data arrival time
-----------------------------------------------------------------------------
                                  5.95   slack (MET)


Startpoint: _489_ (rising edge-triggered flip-flop clocked by SCK)
Endpoint: oaddr[1] (output port clocked by SCK)
Path Group: SCK
Path Type: max

Fanout     Cap    Slew   Delay    Time   Description
-----------------------------------------------------------------------------
                          0.00    0.00   clock SCK (rise edge)
                          0.00    0.00   clock source latency
                  0.08    0.06    0.06 ^ SCK (in)
     1    0.02                           SCK (net)
                  0.08    0.00    0.06 ^ clkbuf_0_SCK/A (sky130_fd_sc_hd__clkbuf_16)
                  0.06    0.17    0.23 ^ clkbuf_0_SCK/X (sky130_fd_sc_hd__clkbuf_16)
     4    0.04                           clknet_0_SCK (net)
                  0.06    0.00    0.23 ^ clkbuf_2_2__f_SCK/A (sky130_fd_sc_hd__clkbuf_16)
                  0.05    0.15    0.38 ^ clkbuf_2_2__f_SCK/X (sky130_fd_sc_hd__clkbuf_16)
     9    0.03                           clknet_2_2__leaf_SCK (net)
                  0.05    0.00    0.38 ^ _489_/CLK (sky130_fd_sc_hd__dfrtp_1)
                  0.09    0.43    0.81 v _489_/Q (sky130_fd_sc_hd__dfrtp_1)
     4    0.01                           state[3] (net)
                  0.09    0.00    0.81 v _310_/A (sky130_fd_sc_hd__clkbuf_4)
                  0.09    0.22    1.03 v _310_/X (sky130_fd_sc_hd__clkbuf_4)
    10    0.04                           _155_ (net)
                  0.09    0.00    1.03 v _317_/A (sky130_fd_sc_hd__inv_2)
                  0.11    0.13    1.17 ^ _317_/Y (sky130_fd_sc_hd__inv_2)
     6    0.02                           _161_ (net)
                  0.11    0.00    1.17 ^ _358_/B (sky130_fd_sc_hd__nand2_1)
                  0.07    0.10    1.27 v _358_/Y (sky130_fd_sc_hd__nand2_1)
     2    0.01                           _193_ (net)
                  0.07    0.00    1.27 v _388_/B1 (sky130_fd_sc_hd__o21ai_1)
                  0.14    0.11    1.38 ^ _388_/Y (sky130_fd_sc_hd__o21ai_1)
     1    0.01                           net14 (net)
                  0.14    0.00    1.38 ^ output14/A (sky130_fd_sc_hd__clkbuf_4)
                  0.11    0.23    1.61 ^ output14/X (sky130_fd_sc_hd__clkbuf_4)
     1    0.03                           oaddr[1] (net)
                  0.11    0.00    1.61 ^ oaddr[1] (out)
                                  1.61   data arrival time

                         10.00   10.00   clock SCK (rise edge)
                          0.00   10.00   clock network delay (propagated)
                         -0.25    9.75   clock uncertainty
                          0.00    9.75   clock reconvergence pessimism
                         -2.00    7.75   output external delay
                                  7.75   data required time
-----------------------------------------------------------------------------
                                  7.75   data required time
                                 -1.61   data arrival time
-----------------------------------------------------------------------------
                                  6.14   slack (MET)


Startpoint: _489_ (rising edge-triggered flip-flop clocked by SCK)
Endpoint: oaddr[7] (output port clocked by SCK)
Path Group: SCK
Path Type: max

Fanout     Cap    Slew   Delay    Time   Description
-----------------------------------------------------------------------------
                          0.00    0.00   clock SCK (rise edge)
                          0.00    0.00   clock source latency
                  0.08    0.06    0.06 ^ SCK (in)
     1    0.02                           SCK (net)
                  0.08    0.00    0.06 ^ clkbuf_0_SCK/A (sky130_fd_sc_hd__clkbuf_16)
                  0.06    0.17    0.23 ^ clkbuf_0_SCK/X (sky130_fd_sc_hd__clkbuf_16)
     4    0.04                           clknet_0_SCK (net)
                  0.06    0.00    0.23 ^ clkbuf_2_2__f_SCK/A (sky130_fd_sc_hd__clkbuf_16)
                  0.05    0.15    0.38 ^ clkbuf_2_2__f_SCK/X (sky130_fd_sc_hd__clkbuf_16)
     9    0.03                           clknet_2_2__leaf_SCK (net)
                  0.05    0.00    0.38 ^ _489_/CLK (sky130_fd_sc_hd__dfrtp_1)
                  0.09    0.43    0.81 v _489_/Q (sky130_fd_sc_hd__dfrtp_1)
     4    0.01                           state[3] (net)
                  0.09    0.00    0.81 v _321_/A (sky130_fd_sc_hd__or2b_1)
                  0.05    0.25    1.07 v _321_/X (sky130_fd_sc_hd__or2b_1)
     2    0.00                           _163_ (net)
                  0.05    0.00    1.07 v _322_/B1_N (sky130_fd_sc_hd__a21bo_1)
                  0.04    0.18    1.25 ^ _322_/X (sky130_fd_sc_hd__a21bo_1)
     1    0.00                           _164_ (net)
                  0.04    0.00    1.25 ^ _323_/A (sky130_fd_sc_hd__buf_1)
                  0.10    0.12    1.37 ^ _323_/X (sky130_fd_sc_hd__buf_1)
     2    0.01                           net20 (net)
                  0.10    0.00    1.37 ^ output20/A (sky130_fd_sc_hd__clkbuf_4)
                  0.11    0.21    1.58 ^ output20/X (sky130_fd_sc_hd__clkbuf_4)
     1    0.03                           oaddr[7] (net)
                  0.11    0.00    1.58 ^ oaddr[7] (out)
                                  1.58   data arrival time

                         10.00   10.00   clock SCK (rise edge)
                          0.00   10.00   clock network delay (propagated)
                         -0.25    9.75   clock uncertainty
                          0.00    9.75   clock reconvergence pessimism
                         -2.00    7.75   output external delay
                                  7.75   data required time
-----------------------------------------------------------------------------
                                  7.75   data required time
                                 -1.58   data arrival time
-----------------------------------------------------------------------------
                                  6.17   slack (MET)


Startpoint: _482_ (rising edge-triggered flip-flop clocked by SCK)
Endpoint: pass_thru_mgmt_reset (output port clocked by SCK)
Path Group: SCK
Path Type: max

Fanout     Cap    Slew   Delay    Time   Description
-----------------------------------------------------------------------------
                          0.00    0.00   clock SCK (rise edge)
                          0.00    0.00   clock source latency
                  0.08    0.06    0.06 ^ SCK (in)
     1    0.02                           SCK (net)
                  0.08    0.00    0.06 ^ clkbuf_0_SCK/A (sky130_fd_sc_hd__clkbuf_16)
                  0.06    0.17    0.23 ^ clkbuf_0_SCK/X (sky130_fd_sc_hd__clkbuf_16)
     4    0.04                           clknet_0_SCK (net)
                  0.06    0.00    0.23 ^ clkbuf_2_1__f_SCK/A (sky130_fd_sc_hd__clkbuf_16)
                  0.06    0.16    0.38 ^ clkbuf_2_1__f_SCK/X (sky130_fd_sc_hd__clkbuf_16)
    12    0.04                           clknet_2_1__leaf_SCK (net)
                  0.06    0.00    0.38 ^ _482_/CLK (sky130_fd_sc_hd__dfrtp_4)
                  0.09    0.54    0.92 v _482_/Q (sky130_fd_sc_hd__dfrtp_4)
     6    0.03                           pre_pass_thru_mgmt (net)
                  0.09    0.00    0.93 v _398_/A (sky130_fd_sc_hd__or2_1)
                  0.07    0.29    1.21 v _398_/X (sky130_fd_sc_hd__or2_1)
     1    0.01                           _213_ (net)
                  0.07    0.00    1.21 v _399_/A (sky130_fd_sc_hd__clkbuf_1)
                  0.03    0.11    1.32 v _399_/X (sky130_fd_sc_hd__clkbuf_1)
     1    0.00                           net31 (net)
                  0.03    0.00    1.32 v output31/A (sky130_fd_sc_hd__clkbuf_4)
                  0.08    0.18    1.50 v output31/X (sky130_fd_sc_hd__clkbuf_4)
     1    0.03                           pass_thru_mgmt_reset (net)
                  0.08    0.00    1.50 v pass_thru_mgmt_reset (out)
                                  1.50   data arrival time

                         10.00   10.00   clock SCK (rise edge)
                          0.00   10.00   clock network delay (propagated)
                         -0.25    9.75   clock uncertainty
                          0.00    9.75   clock reconvergence pessimism
                         -2.00    7.75   output external delay
                                  7.75   data required time
-----------------------------------------------------------------------------
                                  7.75   data required time
                                 -1.50   data arrival time
-----------------------------------------------------------------------------
                                  6.25   slack (MET)


Startpoint: _484_ (rising edge-triggered flip-flop clocked by SCK)
Endpoint: pass_thru_user_reset (output port clocked by SCK)
Path Group: SCK
Path Type: max

Fanout     Cap    Slew   Delay    Time   Description
-----------------------------------------------------------------------------
                          0.00    0.00   clock SCK (rise edge)
                          0.00    0.00   clock source latency
                  0.08    0.06    0.06 ^ SCK (in)
     1    0.02                           SCK (net)
                  0.08    0.00    0.06 ^ clkbuf_0_SCK/A (sky130_fd_sc_hd__clkbuf_16)
                  0.06    0.17    0.23 ^ clkbuf_0_SCK/X (sky130_fd_sc_hd__clkbuf_16)
     4    0.04                           clknet_0_SCK (net)
                  0.06    0.00    0.23 ^ clkbuf_2_1__f_SCK/A (sky130_fd_sc_hd__clkbuf_16)
                  0.06    0.16    0.38 ^ clkbuf_2_1__f_SCK/X (sky130_fd_sc_hd__clkbuf_16)
    12    0.04                           clknet_2_1__leaf_SCK (net)
                  0.06    0.00    0.38 ^ _484_/CLK (sky130_fd_sc_hd__dfrtp_1)
                  0.10    0.45    0.83 v _484_/Q (sky130_fd_sc_hd__dfrtp_1)
     5    0.02                           pre_pass_thru_user (net)
                  0.10    0.00    0.83 v _400_/A (sky130_fd_sc_hd__or2_1)
                  0.05    0.25    1.09 v _400_/X (sky130_fd_sc_hd__or2_1)
     1    0.00                           _214_ (net)
                  0.05    0.00    1.09 v _401_/A (sky130_fd_sc_hd__clkbuf_1)
                  0.02    0.09    1.18 v _401_/X (sky130_fd_sc_hd__clkbuf_1)
     1    0.00                           net34 (net)
                  0.02    0.00    1.18 v output34/A (sky130_fd_sc_hd__clkbuf_4)
                  0.08    0.18    1.36 v output34/X (sky130_fd_sc_hd__clkbuf_4)
     1    0.03                           pass_thru_user_reset (net)
                  0.08    0.00    1.36 v pass_thru_user_reset (out)
                                  1.36   data arrival time

                         10.00   10.00   clock SCK (rise edge)
                          0.00   10.00   clock network delay (propagated)
                         -0.25    9.75   clock uncertainty
                          0.00    9.75   clock reconvergence pessimism
                         -2.00    7.75   output external delay
                                  7.75   data required time
-----------------------------------------------------------------------------
                                  7.75   data required time
                                 -1.36   data arrival time
-----------------------------------------------------------------------------
                                  6.39   slack (MET)


Startpoint: _477_ (rising edge-triggered flip-flop clocked by SCK)
Endpoint: odata[3] (output port clocked by SCK)
Path Group: SCK
Path Type: max

Fanout     Cap    Slew   Delay    Time   Description
-----------------------------------------------------------------------------
                          0.00    0.00   clock SCK (rise edge)
                          0.00    0.00   clock source latency
                  0.08    0.06    0.06 ^ SCK (in)
     1    0.02                           SCK (net)
                  0.08    0.00    0.06 ^ clkbuf_0_SCK/A (sky130_fd_sc_hd__clkbuf_16)
                  0.06    0.17    0.23 ^ clkbuf_0_SCK/X (sky130_fd_sc_hd__clkbuf_16)
     4    0.04                           clknet_0_SCK (net)
                  0.06    0.00    0.23 ^ clkbuf_2_1__f_SCK/A (sky130_fd_sc_hd__clkbuf_16)
                  0.06    0.16    0.38 ^ clkbuf_2_1__f_SCK/X (sky130_fd_sc_hd__clkbuf_16)
    12    0.04                           clknet_2_1__leaf_SCK (net)
                  0.06    0.00    0.38 ^ _477_/CLK (sky130_fd_sc_hd__dfrtp_1)
                  0.18    0.45    0.83 ^ _477_/Q (sky130_fd_sc_hd__dfrtp_1)
     3    0.02                           net24 (net)
                  0.18    0.00    0.83 ^ output24/A (sky130_fd_sc_hd__clkbuf_4)
                  0.11    0.25    1.08 ^ output24/X (sky130_fd_sc_hd__clkbuf_4)
     1    0.03                           odata[3] (net)
                  0.11    0.00    1.08 ^ odata[3] (out)
                                  1.08   data arrival time

                         10.00   10.00   clock SCK (rise edge)
                          0.00   10.00   clock network delay (propagated)
                         -0.25    9.75   clock uncertainty
                          0.00    9.75   clock reconvergence pessimism
                         -2.00    7.75   output external delay
                                  7.75   data required time
-----------------------------------------------------------------------------
                                  7.75   data required time
                                 -1.08   data arrival time
-----------------------------------------------------------------------------
                                  6.67   slack (MET)


Startpoint: _479_ (rising edge-triggered flip-flop clocked by SCK)
Endpoint: odata[5] (output port clocked by SCK)
Path Group: SCK
Path Type: max

Fanout     Cap    Slew   Delay    Time   Description
-----------------------------------------------------------------------------
                          0.00    0.00   clock SCK (rise edge)
                          0.00    0.00   clock source latency
                  0.08    0.06    0.06 ^ SCK (in)
     1    0.02                           SCK (net)
                  0.08    0.00    0.06 ^ clkbuf_0_SCK/A (sky130_fd_sc_hd__clkbuf_16)
                  0.06    0.17    0.23 ^ clkbuf_0_SCK/X (sky130_fd_sc_hd__clkbuf_16)
     4    0.04                           clknet_0_SCK (net)
                  0.06    0.00    0.23 ^ clkbuf_2_1__f_SCK/A (sky130_fd_sc_hd__clkbuf_16)
                  0.06    0.16    0.38 ^ clkbuf_2_1__f_SCK/X (sky130_fd_sc_hd__clkbuf_16)
    12    0.04                           clknet_2_1__leaf_SCK (net)
                  0.06    0.00    0.38 ^ _479_/CLK (sky130_fd_sc_hd__dfrtp_1)
                  0.14    0.42    0.80 ^ _479_/Q (sky130_fd_sc_hd__dfrtp_1)
     3    0.02                           net26 (net)
                  0.14    0.00    0.80 ^ output26/A (sky130_fd_sc_hd__clkbuf_4)
                  0.11    0.23    1.03 ^ output26/X (sky130_fd_sc_hd__clkbuf_4)
     1    0.03                           odata[5] (net)
                  0.11    0.00    1.03 ^ odata[5] (out)
                                  1.03   data arrival time

                         10.00   10.00   clock SCK (rise edge)
                          0.00   10.00   clock network delay (propagated)
                         -0.25    9.75   clock uncertainty
                          0.00    9.75   clock reconvergence pessimism
                         -2.00    7.75   output external delay
                                  7.75   data required time
-----------------------------------------------------------------------------
                                  7.75   data required time
                                 -1.03   data arrival time
-----------------------------------------------------------------------------
                                  6.72   slack (MET)


Startpoint: _456_ (rising edge-triggered flip-flop clocked by SCK)
Endpoint: pass_thru_mgmt_delay (output port clocked by SCK)
Path Group: SCK
Path Type: max

Fanout     Cap    Slew   Delay    Time   Description
-----------------------------------------------------------------------------
                          0.00    0.00   clock SCK (rise edge)
                          0.00    0.00   clock source latency
                  0.08    0.06    0.06 ^ SCK (in)
     1    0.02                           SCK (net)
                  0.08    0.00    0.06 ^ clkbuf_0_SCK/A (sky130_fd_sc_hd__clkbuf_16)
                  0.06    0.17    0.23 ^ clkbuf_0_SCK/X (sky130_fd_sc_hd__clkbuf_16)
     4    0.04                           clknet_0_SCK (net)
                  0.06    0.00    0.23 ^ clkbuf_2_3__f_SCK/A (sky130_fd_sc_hd__clkbuf_16)
                  0.04    0.14    0.37 ^ clkbuf_2_3__f_SCK/X (sky130_fd_sc_hd__clkbuf_16)
     6    0.02                           clknet_2_3__leaf_SCK (net)
                  0.04    0.00    0.37 ^ _456_/CLK (sky130_fd_sc_hd__dfrtp_1)
                  0.14    0.41    0.78 ^ _456_/Q (sky130_fd_sc_hd__dfrtp_1)
     3    0.02                           net30 (net)
                  0.14    0.00    0.78 ^ output30/A (sky130_fd_sc_hd__clkbuf_4)
                  0.11    0.23    1.01 ^ output30/X (sky130_fd_sc_hd__clkbuf_4)
     1    0.03                           pass_thru_mgmt_delay (net)
                  0.11    0.00    1.01 ^ pass_thru_mgmt_delay (out)
                                  1.01   data arrival time

                         10.00   10.00   clock SCK (rise edge)
                          0.00   10.00   clock network delay (propagated)
                         -0.25    9.75   clock uncertainty
                          0.00    9.75   clock reconvergence pessimism
                         -2.00    7.75   output external delay
                                  7.75   data required time
-----------------------------------------------------------------------------
                                  7.75   data required time
                                 -1.01   data arrival time
-----------------------------------------------------------------------------
                                  6.74   slack (MET)


Startpoint: _475_ (rising edge-triggered flip-flop clocked by SCK)
Endpoint: odata[1] (output port clocked by SCK)
Path Group: SCK
Path Type: max

Fanout     Cap    Slew   Delay    Time   Description
-----------------------------------------------------------------------------
                          0.00    0.00   clock SCK (rise edge)
                          0.00    0.00   clock source latency
                  0.08    0.06    0.06 ^ SCK (in)
     1    0.02                           SCK (net)
                  0.08    0.00    0.06 ^ clkbuf_0_SCK/A (sky130_fd_sc_hd__clkbuf_16)
                  0.06    0.17    0.23 ^ clkbuf_0_SCK/X (sky130_fd_sc_hd__clkbuf_16)
     4    0.04                           clknet_0_SCK (net)
                  0.06    0.00    0.23 ^ clkbuf_2_1__f_SCK/A (sky130_fd_sc_hd__clkbuf_16)
                  0.06    0.16    0.38 ^ clkbuf_2_1__f_SCK/X (sky130_fd_sc_hd__clkbuf_16)
    12    0.04                           clknet_2_1__leaf_SCK (net)
                  0.06    0.00    0.38 ^ _475_/CLK (sky130_fd_sc_hd__dfrtp_1)
                  0.07    0.41    0.80 v _475_/Q (sky130_fd_sc_hd__dfrtp_1)
     3    0.01                           net22 (net)
                  0.07    0.00    0.80 v output22/A (sky130_fd_sc_hd__clkbuf_4)
                  0.08    0.20    1.00 v output22/X (sky130_fd_sc_hd__clkbuf_4)
     1    0.03                           odata[1] (net)
                  0.08    0.00    1.00 v odata[1] (out)
                                  1.00   data arrival time

                         10.00   10.00   clock SCK (rise edge)
                          0.00   10.00   clock network delay (propagated)
                         -0.25    9.75   clock uncertainty
                          0.00    9.75   clock reconvergence pessimism
                         -2.00    7.75   output external delay
                                  7.75   data required time
-----------------------------------------------------------------------------
                                  7.75   data required time
                                 -1.00   data arrival time
-----------------------------------------------------------------------------
                                  6.75   slack (MET)


Startpoint: _454_ (rising edge-triggered flip-flop clocked by SCK)
Endpoint: rdstb (output port clocked by SCK)
Path Group: SCK
Path Type: max

Fanout     Cap    Slew   Delay    Time   Description
-----------------------------------------------------------------------------
                          0.00    0.00   clock SCK (rise edge)
                          0.00    0.00   clock source latency
                  0.08    0.06    0.06 ^ SCK (in)
     1    0.02                           SCK (net)
                  0.08    0.00    0.06 ^ clkbuf_0_SCK/A (sky130_fd_sc_hd__clkbuf_16)
                  0.06    0.17    0.23 ^ clkbuf_0_SCK/X (sky130_fd_sc_hd__clkbuf_16)
     4    0.04                           clknet_0_SCK (net)
                  0.06    0.00    0.23 ^ clkbuf_2_3__f_SCK/A (sky130_fd_sc_hd__clkbuf_16)
                  0.04    0.14    0.37 ^ clkbuf_2_3__f_SCK/X (sky130_fd_sc_hd__clkbuf_16)
     6    0.02                           clknet_2_3__leaf_SCK (net)
                  0.04    0.00    0.37 ^ _454_/CLK (sky130_fd_sc_hd__dfrtp_1)
                  0.08    0.42    0.79 v _454_/Q (sky130_fd_sc_hd__dfrtp_1)
     3    0.01                           net35 (net)
                  0.08    0.00    0.79 v output35/A (sky130_fd_sc_hd__clkbuf_4)
                  0.08    0.21    1.00 v output35/X (sky130_fd_sc_hd__clkbuf_4)
     1    0.03                           rdstb (net)
                  0.08    0.00    1.00 v rdstb (out)
                                  1.00   data arrival time

                         10.00   10.00   clock SCK (rise edge)
                          0.00   10.00   clock network delay (propagated)
                         -0.25    9.75   clock uncertainty
                          0.00    9.75   clock reconvergence pessimism
                         -2.00    7.75   output external delay
                                  7.75   data required time
-----------------------------------------------------------------------------
                                  7.75   data required time
                                 -1.00   data arrival time
-----------------------------------------------------------------------------
                                  6.75   slack (MET)


Startpoint: _476_ (rising edge-triggered flip-flop clocked by SCK)
Endpoint: odata[2] (output port clocked by SCK)
Path Group: SCK
Path Type: max

Fanout     Cap    Slew   Delay    Time   Description
-----------------------------------------------------------------------------
                          0.00    0.00   clock SCK (rise edge)
                          0.00    0.00   clock source latency
                  0.08    0.06    0.06 ^ SCK (in)
     1    0.02                           SCK (net)
                  0.08    0.00    0.06 ^ clkbuf_0_SCK/A (sky130_fd_sc_hd__clkbuf_16)
                  0.06    0.17    0.23 ^ clkbuf_0_SCK/X (sky130_fd_sc_hd__clkbuf_16)
     4    0.04                           clknet_0_SCK (net)
                  0.06    0.00    0.23 ^ clkbuf_2_1__f_SCK/A (sky130_fd_sc_hd__clkbuf_16)
                  0.06    0.16    0.38 ^ clkbuf_2_1__f_SCK/X (sky130_fd_sc_hd__clkbuf_16)
    12    0.04                           clknet_2_1__leaf_SCK (net)
                  0.06    0.00    0.38 ^ _476_/CLK (sky130_fd_sc_hd__dfrtp_1)
                  0.07    0.41    0.79 v _476_/Q (sky130_fd_sc_hd__dfrtp_1)
     3    0.01                           net23 (net)
                  0.07    0.00    0.79 v output23/A (sky130_fd_sc_hd__clkbuf_4)
                  0.08    0.20    0.99 v output23/X (sky130_fd_sc_hd__clkbuf_4)
     1    0.03                           odata[2] (net)
                  0.08    0.00    1.00 v odata[2] (out)
                                  1.00   data arrival time

                         10.00   10.00   clock SCK (rise edge)
                          0.00   10.00   clock network delay (propagated)
                         -0.25    9.75   clock uncertainty
                          0.00    9.75   clock reconvergence pessimism
                         -2.00    7.75   output external delay
                                  7.75   data required time
-----------------------------------------------------------------------------
                                  7.75   data required time
                                 -1.00   data arrival time
-----------------------------------------------------------------------------
                                  6.75   slack (MET)


Startpoint: _455_ (rising edge-triggered flip-flop clocked by SCK)
Endpoint: pass_thru_mgmt (output port clocked by SCK)
Path Group: SCK
Path Type: max

Fanout     Cap    Slew   Delay    Time   Description
-----------------------------------------------------------------------------
                          0.00    0.00   clock SCK (rise edge)
                          0.00    0.00   clock source latency
                  0.08    0.06    0.06 ^ SCK (in)
     1    0.02                           SCK (net)
                  0.08    0.00    0.06 ^ clkbuf_0_SCK/A (sky130_fd_sc_hd__clkbuf_16)
                  0.06    0.17    0.23 ^ clkbuf_0_SCK/X (sky130_fd_sc_hd__clkbuf_16)
     4    0.04                           clknet_0_SCK (net)
                  0.06    0.00    0.23 ^ clkbuf_2_3__f_SCK/A (sky130_fd_sc_hd__clkbuf_16)
                  0.04    0.14    0.37 ^ clkbuf_2_3__f_SCK/X (sky130_fd_sc_hd__clkbuf_16)
     6    0.02                           clknet_2_3__leaf_SCK (net)
                  0.04    0.00    0.37 ^ _455_/CLK (sky130_fd_sc_hd__dfrtp_1)
                  0.11    0.39    0.76 ^ _455_/Q (sky130_fd_sc_hd__dfrtp_1)
     2    0.01                           net29 (net)
                  0.11    0.00    0.76 ^ output29/A (sky130_fd_sc_hd__buf_2)
                  0.17    0.23    0.99 ^ output29/X (sky130_fd_sc_hd__buf_2)
     1    0.03                           pass_thru_mgmt (net)
                  0.17    0.00    0.99 ^ pass_thru_mgmt (out)
                                  0.99   data arrival time

                         10.00   10.00   clock SCK (rise edge)
                          0.00   10.00   clock network delay (propagated)
                         -0.25    9.75   clock uncertainty
                          0.00    9.75   clock reconvergence pessimism
                         -2.00    7.75   output external delay
                                  7.75   data required time
-----------------------------------------------------------------------------
                                  7.75   data required time
                                 -0.99   data arrival time
-----------------------------------------------------------------------------
                                  6.76   slack (MET)


Startpoint: _478_ (rising edge-triggered flip-flop clocked by SCK)
Endpoint: odata[4] (output port clocked by SCK)
Path Group: SCK
Path Type: max

Fanout     Cap    Slew   Delay    Time   Description
-----------------------------------------------------------------------------
                          0.00    0.00   clock SCK (rise edge)
                          0.00    0.00   clock source latency
                  0.08    0.06    0.06 ^ SCK (in)
     1    0.02                           SCK (net)
                  0.08    0.00    0.06 ^ clkbuf_0_SCK/A (sky130_fd_sc_hd__clkbuf_16)
                  0.06    0.17    0.23 ^ clkbuf_0_SCK/X (sky130_fd_sc_hd__clkbuf_16)
     4    0.04                           clknet_0_SCK (net)
                  0.06    0.00    0.23 ^ clkbuf_2_1__f_SCK/A (sky130_fd_sc_hd__clkbuf_16)
                  0.06    0.16    0.38 ^ clkbuf_2_1__f_SCK/X (sky130_fd_sc_hd__clkbuf_16)
    12    0.04                           clknet_2_1__leaf_SCK (net)
                  0.06    0.00    0.38 ^ _478_/CLK (sky130_fd_sc_hd__dfrtp_1)
                  0.06    0.41    0.79 v _478_/Q (sky130_fd_sc_hd__dfrtp_1)
     3    0.01                           net25 (net)
                  0.06    0.00    0.79 v output25/A (sky130_fd_sc_hd__buf_2)
                  0.09    0.20    0.99 v output25/X (sky130_fd_sc_hd__buf_2)
     1    0.03                           odata[4] (net)
                  0.09    0.00    0.99 v odata[4] (out)
                                  0.99   data arrival time

                         10.00   10.00   clock SCK (rise edge)
                          0.00   10.00   clock network delay (propagated)
                         -0.25    9.75   clock uncertainty
                          0.00    9.75   clock reconvergence pessimism
                         -2.00    7.75   output external delay
                                  7.75   data required time
-----------------------------------------------------------------------------
                                  7.75   data required time
                                 -0.99   data arrival time
-----------------------------------------------------------------------------
                                  6.76   slack (MET)


Startpoint: _458_ (rising edge-triggered flip-flop clocked by SCK)
Endpoint: pass_thru_user_delay (output port clocked by SCK)
Path Group: SCK
Path Type: max

Fanout     Cap    Slew   Delay    Time   Description
-----------------------------------------------------------------------------
                          0.00    0.00   clock SCK (rise edge)
                          0.00    0.00   clock source latency
                  0.08    0.06    0.06 ^ SCK (in)
     1    0.02                           SCK (net)
                  0.08    0.00    0.06 ^ clkbuf_0_SCK/A (sky130_fd_sc_hd__clkbuf_16)
                  0.06    0.17    0.23 ^ clkbuf_0_SCK/X (sky130_fd_sc_hd__clkbuf_16)
     4    0.04                           clknet_0_SCK (net)
                  0.06    0.00    0.23 ^ clkbuf_2_2__f_SCK/A (sky130_fd_sc_hd__clkbuf_16)
                  0.05    0.15    0.38 ^ clkbuf_2_2__f_SCK/X (sky130_fd_sc_hd__clkbuf_16)
     9    0.03                           clknet_2_2__leaf_SCK (net)
                  0.05    0.00    0.38 ^ _458_/CLK (sky130_fd_sc_hd__dfrtp_1)
                  0.06    0.41    0.78 v _458_/Q (sky130_fd_sc_hd__dfrtp_1)
     3    0.01                           net33 (net)
                  0.06    0.00    0.78 v output33/A (sky130_fd_sc_hd__clkbuf_4)
                  0.08    0.20    0.98 v output33/X (sky130_fd_sc_hd__clkbuf_4)
     1    0.03                           pass_thru_user_delay (net)
                  0.08    0.00    0.98 v pass_thru_user_delay (out)
                                  0.98   data arrival time

                         10.00   10.00   clock SCK (rise edge)
                          0.00   10.00   clock network delay (propagated)
                         -0.25    9.75   clock uncertainty
                          0.00    9.75   clock reconvergence pessimism
                         -2.00    7.75   output external delay
                                  7.75   data required time
-----------------------------------------------------------------------------
                                  7.75   data required time
                                 -0.98   data arrival time
-----------------------------------------------------------------------------
                                  6.77   slack (MET)


Startpoint: _480_ (rising edge-triggered flip-flop clocked by SCK)
Endpoint: odata[6] (output port clocked by SCK)
Path Group: SCK
Path Type: max

Fanout     Cap    Slew   Delay    Time   Description
-----------------------------------------------------------------------------
                          0.00    0.00   clock SCK (rise edge)
                          0.00    0.00   clock source latency
                  0.08    0.06    0.06 ^ SCK (in)
     1    0.02                           SCK (net)
                  0.08    0.00    0.06 ^ clkbuf_0_SCK/A (sky130_fd_sc_hd__clkbuf_16)
                  0.06    0.17    0.23 ^ clkbuf_0_SCK/X (sky130_fd_sc_hd__clkbuf_16)
     4    0.04                           clknet_0_SCK (net)
                  0.06    0.00    0.23 ^ clkbuf_2_0__f_SCK/A (sky130_fd_sc_hd__clkbuf_16)
                  0.05    0.15    0.38 ^ clkbuf_2_0__f_SCK/X (sky130_fd_sc_hd__clkbuf_16)
     9    0.03                           clknet_2_0__leaf_SCK (net)
                  0.05    0.00    0.38 ^ _480_/CLK (sky130_fd_sc_hd__dfrtp_1)
                  0.06    0.40    0.78 v _480_/Q (sky130_fd_sc_hd__dfrtp_1)
     3    0.01                           net27 (net)
                  0.06    0.00    0.78 v output27/A (sky130_fd_sc_hd__clkbuf_4)
                  0.08    0.20    0.98 v output27/X (sky130_fd_sc_hd__clkbuf_4)
     1    0.04                           odata[6] (net)
                  0.08    0.00    0.98 v odata[6] (out)
                                  0.98   data arrival time

                         10.00   10.00   clock SCK (rise edge)
                          0.00   10.00   clock network delay (propagated)
                         -0.25    9.75   clock uncertainty
                          0.00    9.75   clock reconvergence pessimism
                         -2.00    7.75   output external delay
                                  7.75   data required time
-----------------------------------------------------------------------------
                                  7.75   data required time
                                 -0.98   data arrival time
-----------------------------------------------------------------------------
                                  6.77   slack (MET)


Startpoint: _481_ (rising edge-triggered flip-flop clocked by SCK)
Endpoint: odata[7] (output port clocked by SCK)
Path Group: SCK
Path Type: max

Fanout     Cap    Slew   Delay    Time   Description
-----------------------------------------------------------------------------
                          0.00    0.00   clock SCK (rise edge)
                          0.00    0.00   clock source latency
                  0.08    0.06    0.06 ^ SCK (in)
     1    0.02                           SCK (net)
                  0.08    0.00    0.06 ^ clkbuf_0_SCK/A (sky130_fd_sc_hd__clkbuf_16)
                  0.06    0.17    0.23 ^ clkbuf_0_SCK/X (sky130_fd_sc_hd__clkbuf_16)
     4    0.04                           clknet_0_SCK (net)
                  0.06    0.00    0.23 ^ clkbuf_2_0__f_SCK/A (sky130_fd_sc_hd__clkbuf_16)
                  0.05    0.15    0.38 ^ clkbuf_2_0__f_SCK/X (sky130_fd_sc_hd__clkbuf_16)
     9    0.03                           clknet_2_0__leaf_SCK (net)
                  0.05    0.00    0.38 ^ _481_/CLK (sky130_fd_sc_hd__dfrtp_1)
                  0.05    0.39    0.77 v _481_/Q (sky130_fd_sc_hd__dfrtp_1)
     2    0.01                           net28 (net)
                  0.05    0.00    0.77 v output28/A (sky130_fd_sc_hd__clkbuf_4)
                  0.08    0.20    0.97 v output28/X (sky130_fd_sc_hd__clkbuf_4)
     1    0.03                           odata[7] (net)
                  0.08    0.00    0.97 v odata[7] (out)
                                  0.97   data arrival time

                         10.00   10.00   clock SCK (rise edge)
                          0.00   10.00   clock network delay (propagated)
                         -0.25    9.75   clock uncertainty
                          0.00    9.75   clock reconvergence pessimism
                         -2.00    7.75   output external delay
                                  7.75   data required time
-----------------------------------------------------------------------------
                                  7.75   data required time
                                 -0.97   data arrival time
-----------------------------------------------------------------------------
                                  6.78   slack (MET)


Startpoint: _457_ (rising edge-triggered flip-flop clocked by SCK)
Endpoint: pass_thru_user (output port clocked by SCK)
Path Group: SCK
Path Type: max

Fanout     Cap    Slew   Delay    Time   Description
-----------------------------------------------------------------------------
                          0.00    0.00   clock SCK (rise edge)
                          0.00    0.00   clock source latency
                  0.08    0.06    0.06 ^ SCK (in)
     1    0.02                           SCK (net)
                  0.08    0.00    0.06 ^ clkbuf_0_SCK/A (sky130_fd_sc_hd__clkbuf_16)
                  0.06    0.17    0.23 ^ clkbuf_0_SCK/X (sky130_fd_sc_hd__clkbuf_16)
     4    0.04                           clknet_0_SCK (net)
                  0.06    0.00    0.23 ^ clkbuf_2_3__f_SCK/A (sky130_fd_sc_hd__clkbuf_16)
                  0.04    0.14    0.37 ^ clkbuf_2_3__f_SCK/X (sky130_fd_sc_hd__clkbuf_16)
     6    0.02                           clknet_2_3__leaf_SCK (net)
                  0.04    0.00    0.37 ^ _457_/CLK (sky130_fd_sc_hd__dfrtp_1)
                  0.06    0.39    0.76 v _457_/Q (sky130_fd_sc_hd__dfrtp_1)
     2    0.01                           net32 (net)
                  0.06    0.00    0.76 v output32/A (sky130_fd_sc_hd__clkbuf_4)
                  0.08    0.20    0.96 v output32/X (sky130_fd_sc_hd__clkbuf_4)
     1    0.04                           pass_thru_user (net)
                  0.08    0.00    0.96 v pass_thru_user (out)
                                  0.96   data arrival time

                         10.00   10.00   clock SCK (rise edge)
                          0.00   10.00   clock network delay (propagated)
                         -0.25    9.75   clock uncertainty
                          0.00    9.75   clock reconvergence pessimism
                         -2.00    7.75   output external delay
                                  7.75   data required time
-----------------------------------------------------------------------------
                                  7.75   data required time
                                 -0.96   data arrival time
-----------------------------------------------------------------------------
                                  6.79   slack (MET)


Startpoint: SDI (input port clocked by SCK)
Endpoint: _459_ (rising edge-triggered flip-flop clocked by SCK)
Path Group: SCK
Path Type: max

Fanout     Cap    Slew   Delay    Time   Description
-----------------------------------------------------------------------------
                          0.00    0.00   clock SCK (rise edge)
                          0.00    0.00   clock network delay (propagated)
                          2.00    2.00 v input external delay
                  0.01    0.00    2.00 v SDI (in)
     1    0.00                           SDI (net)
                  0.01    0.00    2.00 v input2/A (sky130_fd_sc_hd__buf_2)
                  0.10    0.18    2.19 v input2/X (sky130_fd_sc_hd__buf_2)
     8    0.04                           net2 (net)
                  0.10    0.00    2.19 v _363_/A0 (sky130_fd_sc_hd__mux2_1)
                  0.05    0.30    2.49 v _363_/X (sky130_fd_sc_hd__mux2_1)
     1    0.00                           _197_ (net)
                  0.05    0.00    2.49 v _364_/A1 (sky130_fd_sc_hd__mux2_1)
                  0.05    0.30    2.79 v _364_/X (sky130_fd_sc_hd__mux2_1)
     1    0.00                           _198_ (net)
                  0.05    0.00    2.79 v _365_/A (sky130_fd_sc_hd__clkbuf_1)
                  0.02    0.09    2.88 v _365_/X (sky130_fd_sc_hd__clkbuf_1)
     1    0.00                           _066_ (net)
                  0.02    0.00    2.88 v _459_/D (sky130_fd_sc_hd__dfrtp_4)
                                  2.88   data arrival time

                         10.00   10.00   clock SCK (rise edge)
                          0.00   10.00   clock source latency
                  0.08    0.05   10.05 ^ SCK (in)
     1    0.02                           SCK (net)
                  0.08    0.00   10.05 ^ clkbuf_0_SCK/A (sky130_fd_sc_hd__clkbuf_16)
                  0.06    0.15   10.20 ^ clkbuf_0_SCK/X (sky130_fd_sc_hd__clkbuf_16)
     4    0.04                           clknet_0_SCK (net)
                  0.06    0.00   10.20 ^ clkbuf_2_2__f_SCK/A (sky130_fd_sc_hd__clkbuf_16)
                  0.05    0.14   10.34 ^ clkbuf_2_2__f_SCK/X (sky130_fd_sc_hd__clkbuf_16)
     9    0.03                           clknet_2_2__leaf_SCK (net)
                  0.05    0.00   10.34 ^ _459_/CLK (sky130_fd_sc_hd__dfrtp_4)
                         -0.25   10.09   clock uncertainty
                          0.00   10.09   clock reconvergence pessimism
                         -0.10    9.99   library setup time
                                  9.99   data required time
-----------------------------------------------------------------------------
                                  9.99   data required time
                                 -2.88   data arrival time
-----------------------------------------------------------------------------
                                  7.11   slack (MET)


Startpoint: SDI (input port clocked by SCK)
Endpoint: _475_ (rising edge-triggered flip-flop clocked by SCK)
Path Group: SCK
Path Type: max

Fanout     Cap    Slew   Delay    Time   Description
-----------------------------------------------------------------------------
                          0.00    0.00   clock SCK (rise edge)
                          0.00    0.00   clock network delay (propagated)
                          2.00    2.00 v input external delay
                  0.01    0.00    2.00 v SDI (in)
     1    0.00                           SDI (net)
                  0.01    0.00    2.00 v input2/A (sky130_fd_sc_hd__buf_2)
                  0.10    0.18    2.19 v input2/X (sky130_fd_sc_hd__buf_2)
     8    0.04                           net2 (net)
                  0.10    0.00    2.19 v _290_/A1 (sky130_fd_sc_hd__mux2_1)
                  0.05    0.32    2.51 v _290_/X (sky130_fd_sc_hd__mux2_1)
     1    0.00                           _141_ (net)
                  0.05    0.00    2.51 v _291_/A (sky130_fd_sc_hd__clkbuf_1)
                  0.02    0.09    2.60 v _291_/X (sky130_fd_sc_hd__clkbuf_1)
     1    0.00                           _082_ (net)
                  0.02    0.00    2.60 v _475_/D (sky130_fd_sc_hd__dfrtp_1)
                                  2.60   data arrival time

                         10.00   10.00   clock SCK (rise edge)
                          0.00   10.00   clock source latency
                  0.08    0.05   10.05 ^ SCK (in)
     1    0.02                           SCK (net)
                  0.08    0.00   10.05 ^ clkbuf_0_SCK/A (sky130_fd_sc_hd__clkbuf_16)
                  0.06    0.15   10.20 ^ clkbuf_0_SCK/X (sky130_fd_sc_hd__clkbuf_16)
     4    0.04                           clknet_0_SCK (net)
                  0.06    0.00   10.20 ^ clkbuf_2_1__f_SCK/A (sky130_fd_sc_hd__clkbuf_16)
                  0.06    0.14   10.35 ^ clkbuf_2_1__f_SCK/X (sky130_fd_sc_hd__clkbuf_16)
    12    0.04                           clknet_2_1__leaf_SCK (net)
                  0.06    0.00   10.35 ^ _475_/CLK (sky130_fd_sc_hd__dfrtp_1)
                         -0.25   10.10   clock uncertainty
                          0.00   10.10   clock reconvergence pessimism
                         -0.10    9.99   library setup time
                                  9.99   data required time
-----------------------------------------------------------------------------
                                  9.99   data required time
                                 -2.60   data arrival time
-----------------------------------------------------------------------------
                                  7.39   slack (MET)


Startpoint: SDI (input port clocked by SCK)
Endpoint: _471_ (rising edge-triggered flip-flop clocked by SCK)
Path Group: SCK
Path Type: max

Fanout     Cap    Slew   Delay    Time   Description
-----------------------------------------------------------------------------
                          0.00    0.00   clock SCK (rise edge)
                          0.00    0.00   clock network delay (propagated)
                          2.00    2.00 v input external delay
                  0.01    0.00    2.00 v SDI (in)
     1    0.00                           SDI (net)
                  0.01    0.00    2.00 v input2/A (sky130_fd_sc_hd__buf_2)
                  0.10    0.18    2.19 v input2/X (sky130_fd_sc_hd__buf_2)
     8    0.04                           net2 (net)
                  0.10    0.00    2.19 v _306_/A0 (sky130_fd_sc_hd__mux2_1)
                  0.05    0.31    2.50 v _306_/X (sky130_fd_sc_hd__mux2_1)
     1    0.00                           _153_ (net)
                  0.05    0.00    2.50 v _307_/A (sky130_fd_sc_hd__clkbuf_1)
                  0.02    0.09    2.59 v _307_/X (sky130_fd_sc_hd__clkbuf_1)
     1    0.00                           _078_ (net)
                  0.02    0.00    2.59 v _471_/D (sky130_fd_sc_hd__dfrtp_1)
                                  2.59   data arrival time

                         10.00   10.00   clock SCK (rise edge)
                          0.00   10.00   clock source latency
                  0.08    0.05   10.05 ^ SCK (in)
     1    0.02                           SCK (net)
                  0.08    0.00   10.05 ^ clkbuf_0_SCK/A (sky130_fd_sc_hd__clkbuf_16)
                  0.06    0.15   10.20 ^ clkbuf_0_SCK/X (sky130_fd_sc_hd__clkbuf_16)
     4    0.04                           clknet_0_SCK (net)
                  0.06    0.00   10.20 ^ clkbuf_2_1__f_SCK/A (sky130_fd_sc_hd__clkbuf_16)
                  0.06    0.14   10.35 ^ clkbuf_2_1__f_SCK/X (sky130_fd_sc_hd__clkbuf_16)
    12    0.04                           clknet_2_1__leaf_SCK (net)
                  0.06    0.00   10.35 ^ _471_/CLK (sky130_fd_sc_hd__dfrtp_1)
                         -0.25   10.10   clock uncertainty
                          0.00   10.10   clock reconvergence pessimism
                         -0.10    9.99   library setup time
                                  9.99   data required time
-----------------------------------------------------------------------------
                                  9.99   data required time
                                 -2.59   data arrival time
-----------------------------------------------------------------------------
                                  7.40   slack (MET)


Startpoint: SDI (input port clocked by SCK)
Endpoint: _472_ (rising edge-triggered flip-flop clocked by SCK)
Path Group: SCK
Path Type: max

Fanout     Cap    Slew   Delay    Time   Description
-----------------------------------------------------------------------------
                          0.00    0.00   clock SCK (rise edge)
                          0.00    0.00   clock network delay (propagated)
                          2.00    2.00 ^ input external delay
                  0.02    0.01    2.01 ^ SDI (in)
     1    0.00                           SDI (net)
                  0.02    0.00    2.01 ^ input2/A (sky130_fd_sc_hd__buf_2)
                  0.21    0.22    2.23 ^ input2/X (sky130_fd_sc_hd__buf_2)
     8    0.04                           net2 (net)
                  0.21    0.00    2.24 ^ _302_/A (sky130_fd_sc_hd__nand2_1)
                  0.11    0.15    2.38 v _302_/Y (sky130_fd_sc_hd__nand2_1)
     2    0.01                           _150_ (net)
                  0.11    0.00    2.38 v _304_/A1 (sky130_fd_sc_hd__o221ai_1)
                  0.16    0.21    2.60 ^ _304_/Y (sky130_fd_sc_hd__o221ai_1)
     1    0.00                           _079_ (net)
                  0.16    0.00    2.60 ^ _472_/D (sky130_fd_sc_hd__dfrtp_1)
                                  2.60   data arrival time

                         10.00   10.00   clock SCK (rise edge)
                          0.00   10.00   clock source latency
                  0.08    0.05   10.05 ^ SCK (in)
     1    0.02                           SCK (net)
                  0.08    0.00   10.05 ^ clkbuf_0_SCK/A (sky130_fd_sc_hd__clkbuf_16)
                  0.06    0.15   10.20 ^ clkbuf_0_SCK/X (sky130_fd_sc_hd__clkbuf_16)
     4    0.04                           clknet_0_SCK (net)
                  0.06    0.00   10.20 ^ clkbuf_2_0__f_SCK/A (sky130_fd_sc_hd__clkbuf_16)
                  0.05    0.13   10.34 ^ clkbuf_2_0__f_SCK/X (sky130_fd_sc_hd__clkbuf_16)
     9    0.03                           clknet_2_0__leaf_SCK (net)
                  0.05    0.00   10.34 ^ _472_/CLK (sky130_fd_sc_hd__dfrtp_1)
                         -0.25   10.09   clock uncertainty
                          0.00   10.09   clock reconvergence pessimism
                         -0.09   10.01   library setup time
                                 10.01   data required time
-----------------------------------------------------------------------------
                                 10.01   data required time
                                 -2.60   data arrival time
-----------------------------------------------------------------------------
                                  7.41   slack (MET)


Startpoint: SDI (input port clocked by SCK)
Endpoint: _470_ (rising edge-triggered flip-flop clocked by SCK)
Path Group: SCK
Path Type: max

Fanout     Cap    Slew   Delay    Time   Description
-----------------------------------------------------------------------------
                          0.00    0.00   clock SCK (rise edge)
                          0.00    0.00   clock network delay (propagated)
                          2.00    2.00 ^ input external delay
                  0.02    0.01    2.01 ^ SDI (in)
     1    0.00                           SDI (net)
                  0.02    0.00    2.01 ^ input2/A (sky130_fd_sc_hd__buf_2)
                  0.21    0.22    2.23 ^ input2/X (sky130_fd_sc_hd__buf_2)
     8    0.04                           net2 (net)
                  0.21    0.00    2.24 ^ _302_/A (sky130_fd_sc_hd__nand2_1)
                  0.11    0.15    2.38 v _302_/Y (sky130_fd_sc_hd__nand2_1)
     2    0.01                           _150_ (net)
                  0.11    0.00    2.39 v _309_/A2 (sky130_fd_sc_hd__o21ai_1)
                  0.10    0.14    2.53 ^ _309_/Y (sky130_fd_sc_hd__o21ai_1)
     1    0.00                           _077_ (net)
                  0.10    0.00    2.53 ^ _470_/D (sky130_fd_sc_hd__dfrtp_1)
                                  2.53   data arrival time

                         10.00   10.00   clock SCK (rise edge)
                          0.00   10.00   clock source latency
                  0.08    0.05   10.05 ^ SCK (in)
     1    0.02                           SCK (net)
                  0.08    0.00   10.05 ^ clkbuf_0_SCK/A (sky130_fd_sc_hd__clkbuf_16)
                  0.06    0.15   10.20 ^ clkbuf_0_SCK/X (sky130_fd_sc_hd__clkbuf_16)
     4    0.04                           clknet_0_SCK (net)
                  0.06    0.00   10.20 ^ clkbuf_2_1__f_SCK/A (sky130_fd_sc_hd__clkbuf_16)
                  0.06    0.14   10.35 ^ clkbuf_2_1__f_SCK/X (sky130_fd_sc_hd__clkbuf_16)
    12    0.04                           clknet_2_1__leaf_SCK (net)
                  0.06    0.00   10.35 ^ _470_/CLK (sky130_fd_sc_hd__dfrtp_1)
                         -0.25   10.10   clock uncertainty
                          0.00   10.10   clock reconvergence pessimism
                         -0.07   10.03   library setup time
                                 10.03   data required time
-----------------------------------------------------------------------------
                                 10.03   data required time
                                 -2.53   data arrival time
-----------------------------------------------------------------------------
                                  7.50   slack (MET)


Startpoint: SDI (input port clocked by SCK)
Endpoint: _484_ (rising edge-triggered flip-flop clocked by SCK)
Path Group: SCK
Path Type: max

Fanout     Cap    Slew   Delay    Time   Description
-----------------------------------------------------------------------------
                          0.00    0.00   clock SCK (rise edge)
                          0.00    0.00   clock network delay (propagated)
                          2.00    2.00 v input external delay
                  0.01    0.00    2.00 v SDI (in)
     1    0.00                           SDI (net)
                  0.01    0.00    2.00 v input2/A (sky130_fd_sc_hd__buf_2)
                  0.10    0.18    2.19 v input2/X (sky130_fd_sc_hd__buf_2)
     8    0.04                           net2 (net)
                  0.10    0.00    2.19 v _270_/A1 (sky130_fd_sc_hd__a32o_1)
                  0.04    0.24    2.44 v _270_/X (sky130_fd_sc_hd__a32o_1)
     1    0.00                           _090_ (net)
                  0.04    0.00    2.44 v _484_/D (sky130_fd_sc_hd__dfrtp_1)
                                  2.44   data arrival time

                         10.00   10.00   clock SCK (rise edge)
                          0.00   10.00   clock source latency
                  0.08    0.05   10.05 ^ SCK (in)
     1    0.02                           SCK (net)
                  0.08    0.00   10.05 ^ clkbuf_0_SCK/A (sky130_fd_sc_hd__clkbuf_16)
                  0.06    0.15   10.20 ^ clkbuf_0_SCK/X (sky130_fd_sc_hd__clkbuf_16)
     4    0.04                           clknet_0_SCK (net)
                  0.06    0.00   10.20 ^ clkbuf_2_1__f_SCK/A (sky130_fd_sc_hd__clkbuf_16)
                  0.06    0.14   10.35 ^ clkbuf_2_1__f_SCK/X (sky130_fd_sc_hd__clkbuf_16)
    12    0.04                           clknet_2_1__leaf_SCK (net)
                  0.06    0.00   10.35 ^ _484_/CLK (sky130_fd_sc_hd__dfrtp_1)
                         -0.25   10.10   clock uncertainty
                          0.00   10.10   clock reconvergence pessimism
                         -0.11    9.99   library setup time
                                  9.99   data required time
-----------------------------------------------------------------------------
                                  9.99   data required time
                                 -2.44   data arrival time
-----------------------------------------------------------------------------
                                  7.55   slack (MET)


Startpoint: SDI (input port clocked by SCK)
Endpoint: _482_ (rising edge-triggered flip-flop clocked by SCK)
Path Group: SCK
Path Type: max

Fanout     Cap    Slew   Delay    Time   Description
-----------------------------------------------------------------------------
                          0.00    0.00   clock SCK (rise edge)
                          0.00    0.00   clock network delay (propagated)
                          2.00    2.00 v input external delay
                  0.01    0.00    2.00 v SDI (in)
     1    0.00                           SDI (net)
                  0.01    0.00    2.00 v input2/A (sky130_fd_sc_hd__buf_2)
                  0.10    0.18    2.19 v input2/X (sky130_fd_sc_hd__buf_2)
     8    0.04                           net2 (net)
                  0.10    0.00    2.19 v _276_/A1 (sky130_fd_sc_hd__a41o_1)
                  0.04    0.20    2.39 v _276_/X (sky130_fd_sc_hd__a41o_1)
     1    0.00                           _089_ (net)
                  0.04    0.00    2.39 v _482_/D (sky130_fd_sc_hd__dfrtp_4)
                                  2.39   data arrival time

                         10.00   10.00   clock SCK (rise edge)
                          0.00   10.00   clock source latency
                  0.08    0.05   10.05 ^ SCK (in)
     1    0.02                           SCK (net)
                  0.08    0.00   10.05 ^ clkbuf_0_SCK/A (sky130_fd_sc_hd__clkbuf_16)
                  0.06    0.15   10.20 ^ clkbuf_0_SCK/X (sky130_fd_sc_hd__clkbuf_16)
     4    0.04                           clknet_0_SCK (net)
                  0.06    0.00   10.20 ^ clkbuf_2_1__f_SCK/A (sky130_fd_sc_hd__clkbuf_16)
                  0.06    0.14   10.35 ^ clkbuf_2_1__f_SCK/X (sky130_fd_sc_hd__clkbuf_16)
    12    0.04                           clknet_2_1__leaf_SCK (net)
                  0.06    0.00   10.35 ^ _482_/CLK (sky130_fd_sc_hd__dfrtp_4)
                         -0.25   10.10   clock uncertainty
                          0.00   10.10   clock reconvergence pessimism
                         -0.11    9.99   library setup time
                                  9.99   data required time
-----------------------------------------------------------------------------
                                  9.99   data required time
                                 -2.39   data arrival time
-----------------------------------------------------------------------------
                                  7.60   slack (MET)


Startpoint: reset (input port clocked by SCK)
Endpoint: _459_ (recovery check against rising-edge clock SCK)
Path Group: asynchronous
Path Type: max

Fanout     Cap    Slew   Delay    Time   Description
-----------------------------------------------------------------------------
                          0.00    0.00   clock SCK (rise edge)
                          0.00    0.00   clock network delay (propagated)
                          2.00    2.00 v input external delay
                  0.01    0.00    2.00 v reset (in)
     1    0.00                           reset (net)
                  0.01    0.00    2.00 v input11/A (sky130_fd_sc_hd__clkbuf_1)
                  0.02    0.07    2.07 v input11/X (sky130_fd_sc_hd__clkbuf_1)
     1    0.00                           net11 (net)
                  0.02    0.00    2.07 v _222_/A (sky130_fd_sc_hd__buf_2)
                  0.09    0.18    2.25 v _222_/X (sky130_fd_sc_hd__buf_2)
     9    0.03                           _100_ (net)
                  0.09    0.00    2.25 v _402_/A (sky130_fd_sc_hd__clkbuf_4)
                  0.09    0.22    2.48 v _402_/X (sky130_fd_sc_hd__clkbuf_4)
    10    0.04                           _215_ (net)
                  0.09    0.00    2.48 v _409_/A (sky130_fd_sc_hd__nor2_1)
                  0.11    0.15    2.63 ^ _409_/Y (sky130_fd_sc_hd__nor2_1)
     1    0.00                           _011_ (net)
                  0.11    0.00    2.63 ^ _459_/RESET_B (sky130_fd_sc_hd__dfrtp_4)
                                  2.63   data arrival time

                         10.00   10.00   clock SCK (rise edge)
                          0.00   10.00   clock source latency
                  0.08    0.05   10.05 ^ SCK (in)
     1    0.02                           SCK (net)
                  0.08    0.00   10.05 ^ clkbuf_0_SCK/A (sky130_fd_sc_hd__clkbuf_16)
                  0.06    0.15   10.20 ^ clkbuf_0_SCK/X (sky130_fd_sc_hd__clkbuf_16)
     4    0.04                           clknet_0_SCK (net)
                  0.06    0.00   10.20 ^ clkbuf_2_2__f_SCK/A (sky130_fd_sc_hd__clkbuf_16)
                  0.05    0.14   10.34 ^ clkbuf_2_2__f_SCK/X (sky130_fd_sc_hd__clkbuf_16)
     9    0.03                           clknet_2_2__leaf_SCK (net)
                  0.05    0.00   10.34 ^ _459_/CLK (sky130_fd_sc_hd__dfrtp_4)
                         -0.25   10.09   clock uncertainty
                          0.00   10.09   clock reconvergence pessimism
                          0.20   10.29   library recovery time
                                 10.29   data required time
-----------------------------------------------------------------------------
                                 10.29   data required time
                                 -2.63   data arrival time
-----------------------------------------------------------------------------
                                  7.66   slack (MET)


Startpoint: _488_ (rising edge-triggered flip-flop clocked by SCK)
Endpoint: _473_ (rising edge-triggered flip-flop clocked by SCK)
Path Group: SCK
Path Type: max

Fanout     Cap    Slew   Delay    Time   Description
-----------------------------------------------------------------------------
                          0.00    0.00   clock SCK (rise edge)
                          0.00    0.00   clock source latency
                  0.08    0.06    0.06 ^ SCK (in)
     1    0.02                           SCK (net)
                  0.08    0.00    0.06 ^ clkbuf_0_SCK/A (sky130_fd_sc_hd__clkbuf_16)
                  0.06    0.17    0.23 ^ clkbuf_0_SCK/X (sky130_fd_sc_hd__clkbuf_16)
     4    0.04                           clknet_0_SCK (net)
                  0.06    0.00    0.23 ^ clkbuf_2_2__f_SCK/A (sky130_fd_sc_hd__clkbuf_16)
                  0.05    0.15    0.38 ^ clkbuf_2_2__f_SCK/X (sky130_fd_sc_hd__clkbuf_16)
     9    0.03                           clknet_2_2__leaf_SCK (net)
                  0.05    0.00    0.38 ^ _488_/CLK (sky130_fd_sc_hd__dfrtp_4)
                  0.15    0.51    0.89 ^ _488_/Q (sky130_fd_sc_hd__dfrtp_4)
     8    0.04                           state[2] (net)
                  0.15    0.00    0.89 ^ _277_/C_N (sky130_fd_sc_hd__nor3b_2)
                  0.29    0.33    1.22 ^ _277_/Y (sky130_fd_sc_hd__nor3b_2)
     3    0.02                           _134_ (net)
                  0.29    0.00    1.22 ^ max_cap38/A (sky130_fd_sc_hd__buf_2)
                  0.16    0.27    1.50 ^ max_cap38/X (sky130_fd_sc_hd__buf_2)
     6    0.03                           net38 (net)
                  0.16    0.00    1.50 ^ _293_/B1 (sky130_fd_sc_hd__a32o_1)
                  0.17    0.25    1.75 ^ _293_/X (sky130_fd_sc_hd__a32o_1)
     5    0.02                           _143_ (net)
                  0.17    0.00    1.75 ^ _299_/C_N (sky130_fd_sc_hd__or3b_1)
                  0.10    0.43    2.18 v _299_/X (sky130_fd_sc_hd__or3b_1)
     2    0.01                           _148_ (net)
                  0.10    0.00    2.18 v _301_/A (sky130_fd_sc_hd__xnor2_1)
                  0.04    0.15    2.33 v _301_/Y (sky130_fd_sc_hd__xnor2_1)
     1    0.00                           _080_ (net)
                  0.04    0.00    2.33 v _473_/D (sky130_fd_sc_hd__dfrtp_2)
                                  2.33   data arrival time

                         10.00   10.00   clock SCK (rise edge)
                          0.00   10.00   clock source latency
                  0.08    0.05   10.05 ^ SCK (in)
     1    0.02                           SCK (net)
                  0.08    0.00   10.05 ^ clkbuf_0_SCK/A (sky130_fd_sc_hd__clkbuf_16)
                  0.06    0.15   10.20 ^ clkbuf_0_SCK/X (sky130_fd_sc_hd__clkbuf_16)
     4    0.04                           clknet_0_SCK (net)
                  0.06    0.00   10.20 ^ clkbuf_2_0__f_SCK/A (sky130_fd_sc_hd__clkbuf_16)
                  0.05    0.13   10.34 ^ clkbuf_2_0__f_SCK/X (sky130_fd_sc_hd__clkbuf_16)
     9    0.03                           clknet_2_0__leaf_SCK (net)
                  0.05    0.00   10.34 ^ _473_/CLK (sky130_fd_sc_hd__dfrtp_2)
                         -0.25   10.09   clock uncertainty
                          0.02   10.11   clock reconvergence pessimism
                         -0.11   10.00   library setup time
                                 10.00   data required time
-----------------------------------------------------------------------------
                                 10.00   data required time
                                 -2.33   data arrival time
-----------------------------------------------------------------------------
                                  7.67   slack (MET)


Startpoint: reset (input port clocked by SCK)
Endpoint: _480_ (recovery check against rising-edge clock SCK)
Path Group: asynchronous
Path Type: max

Fanout     Cap    Slew   Delay    Time   Description
-----------------------------------------------------------------------------
                          0.00    0.00   clock SCK (rise edge)
                          0.00    0.00   clock network delay (propagated)
                          2.00    2.00 v input external delay
                  0.01    0.00    2.00 v reset (in)
     1    0.00                           reset (net)
                  0.01    0.00    2.00 v input11/A (sky130_fd_sc_hd__clkbuf_1)
                  0.02    0.07    2.07 v input11/X (sky130_fd_sc_hd__clkbuf_1)
     1    0.00                           net11 (net)
                  0.02    0.00    2.07 v _222_/A (sky130_fd_sc_hd__buf_2)
                  0.09    0.18    2.25 v _222_/X (sky130_fd_sc_hd__buf_2)
     9    0.03                           _100_ (net)
                  0.09    0.00    2.25 v _426_/A (sky130_fd_sc_hd__clkbuf_4)
                  0.10    0.23    2.48 v _426_/X (sky130_fd_sc_hd__clkbuf_4)
    10    0.05                           _219_ (net)
                  0.10    0.00    2.49 v _434_/A (sky130_fd_sc_hd__nor2_1)
                  0.11    0.15    2.64 ^ _434_/Y (sky130_fd_sc_hd__nor2_1)
     1    0.00                           _032_ (net)
                  0.11    0.00    2.64 ^ _480_/RESET_B (sky130_fd_sc_hd__dfrtp_1)
                                  2.64   data arrival time

                         10.00   10.00   clock SCK (rise edge)
                          0.00   10.00   clock source latency
                  0.08    0.05   10.05 ^ SCK (in)
     1    0.02                           SCK (net)
                  0.08    0.00   10.05 ^ clkbuf_0_SCK/A (sky130_fd_sc_hd__clkbuf_16)
                  0.06    0.15   10.20 ^ clkbuf_0_SCK/X (sky130_fd_sc_hd__clkbuf_16)
     4    0.04                           clknet_0_SCK (net)
                  0.06    0.00   10.20 ^ clkbuf_2_0__f_SCK/A (sky130_fd_sc_hd__clkbuf_16)
                  0.05    0.13   10.34 ^ clkbuf_2_0__f_SCK/X (sky130_fd_sc_hd__clkbuf_16)
     9    0.03                           clknet_2_0__leaf_SCK (net)
                  0.05    0.00   10.34 ^ _480_/CLK (sky130_fd_sc_hd__dfrtp_1)
                         -0.25   10.09   clock uncertainty
                          0.00   10.09   clock reconvergence pessimism
                          0.22   10.31   library recovery time
                                 10.31   data required time
-----------------------------------------------------------------------------
                                 10.31   data required time
                                 -2.64   data arrival time
-----------------------------------------------------------------------------
                                  7.67   slack (MET)


Startpoint: reset (input port clocked by SCK)
Endpoint: _455_ (recovery check against rising-edge clock SCK)
Path Group: asynchronous
Path Type: max

Fanout     Cap    Slew   Delay    Time   Description
-----------------------------------------------------------------------------
                          0.00    0.00   clock SCK (rise edge)
                          0.00    0.00   clock network delay (propagated)
                          2.00    2.00 v input external delay
                  0.01    0.00    2.00 v reset (in)
     1    0.00                           reset (net)
                  0.01    0.00    2.00 v input11/A (sky130_fd_sc_hd__clkbuf_1)
                  0.02    0.07    2.07 v input11/X (sky130_fd_sc_hd__clkbuf_1)
     1    0.00                           net11 (net)
                  0.02    0.00    2.07 v _222_/A (sky130_fd_sc_hd__buf_2)
                  0.09    0.18    2.25 v _222_/X (sky130_fd_sc_hd__buf_2)
     9    0.03                           _100_ (net)
                  0.09    0.00    2.25 v _402_/A (sky130_fd_sc_hd__clkbuf_4)
                  0.09    0.22    2.48 v _402_/X (sky130_fd_sc_hd__clkbuf_4)
    10    0.04                           _215_ (net)
                  0.09    0.00    2.48 v _405_/A (sky130_fd_sc_hd__nor2_1)
                  0.11    0.15    2.62 ^ _405_/Y (sky130_fd_sc_hd__nor2_1)
     1    0.00                           _007_ (net)
                  0.11    0.00    2.62 ^ _455_/RESET_B (sky130_fd_sc_hd__dfrtp_1)
                                  2.62   data arrival time

                         10.00   10.00   clock SCK (rise edge)
                          0.00   10.00   clock source latency
                  0.08    0.05   10.05 ^ SCK (in)
     1    0.02                           SCK (net)
                  0.08    0.00   10.05 ^ clkbuf_0_SCK/A (sky130_fd_sc_hd__clkbuf_16)
                  0.06    0.15   10.20 ^ clkbuf_0_SCK/X (sky130_fd_sc_hd__clkbuf_16)
     4    0.04                           clknet_0_SCK (net)
                  0.06    0.00   10.20 ^ clkbuf_2_3__f_SCK/A (sky130_fd_sc_hd__clkbuf_16)
                  0.04    0.13   10.33 ^ clkbuf_2_3__f_SCK/X (sky130_fd_sc_hd__clkbuf_16)
     6    0.02                           clknet_2_3__leaf_SCK (net)
                  0.04    0.00   10.33 ^ _455_/CLK (sky130_fd_sc_hd__dfrtp_1)
                         -0.25   10.08   clock uncertainty
                          0.00   10.08   clock reconvergence pessimism
                          0.21   10.30   library recovery time
                                 10.30   data required time
-----------------------------------------------------------------------------
                                 10.30   data required time
                                 -2.62   data arrival time
-----------------------------------------------------------------------------
                                  7.67   slack (MET)


Startpoint: reset (input port clocked by SCK)
Endpoint: _484_ (recovery check against rising-edge clock SCK)
Path Group: asynchronous
Path Type: max

Fanout     Cap    Slew   Delay    Time   Description
-----------------------------------------------------------------------------
                          0.00    0.00   clock SCK (rise edge)
                          0.00    0.00   clock network delay (propagated)
                          2.00    2.00 v input external delay
                  0.01    0.00    2.00 v reset (in)
     1    0.00                           reset (net)
                  0.01    0.00    2.00 v input11/A (sky130_fd_sc_hd__clkbuf_1)
                  0.02    0.07    2.07 v input11/X (sky130_fd_sc_hd__clkbuf_1)
     1    0.00                           net11 (net)
                  0.02    0.00    2.07 v _222_/A (sky130_fd_sc_hd__buf_2)
                  0.09    0.18    2.25 v _222_/X (sky130_fd_sc_hd__buf_2)
     9    0.03                           _100_ (net)
                  0.09    0.00    2.25 v _426_/A (sky130_fd_sc_hd__clkbuf_4)
                  0.10    0.23    2.48 v _426_/X (sky130_fd_sc_hd__clkbuf_4)
    10    0.05                           _219_ (net)
                  0.10    0.00    2.49 v _439_/A (sky130_fd_sc_hd__nor2_1)
                  0.12    0.15    2.64 ^ _439_/Y (sky130_fd_sc_hd__nor2_1)
     1    0.01                           _037_ (net)
                  0.12    0.00    2.64 ^ _484_/RESET_B (sky130_fd_sc_hd__dfrtp_1)
                                  2.64   data arrival time

                         10.00   10.00   clock SCK (rise edge)
                          0.00   10.00   clock source latency
                  0.08    0.05   10.05 ^ SCK (in)
     1    0.02                           SCK (net)
                  0.08    0.00   10.05 ^ clkbuf_0_SCK/A (sky130_fd_sc_hd__clkbuf_16)
                  0.06    0.15   10.20 ^ clkbuf_0_SCK/X (sky130_fd_sc_hd__clkbuf_16)
     4    0.04                           clknet_0_SCK (net)
                  0.06    0.00   10.20 ^ clkbuf_2_1__f_SCK/A (sky130_fd_sc_hd__clkbuf_16)
                  0.06    0.14   10.35 ^ clkbuf_2_1__f_SCK/X (sky130_fd_sc_hd__clkbuf_16)
    12    0.04                           clknet_2_1__leaf_SCK (net)
                  0.06    0.00   10.35 ^ _484_/CLK (sky130_fd_sc_hd__dfrtp_1)
                         -0.25   10.10   clock uncertainty
                          0.00   10.10   clock reconvergence pessimism
                          0.22   10.31   library recovery time
                                 10.31   data required time
-----------------------------------------------------------------------------
                                 10.31   data required time
                                 -2.64   data arrival time
-----------------------------------------------------------------------------
                                  7.67   slack (MET)


Startpoint: reset (input port clocked by SCK)
Endpoint: _482_ (recovery check against rising-edge clock SCK)
Path Group: asynchronous
Path Type: max

Fanout     Cap    Slew   Delay    Time   Description
-----------------------------------------------------------------------------
                          0.00    0.00   clock SCK (rise edge)
                          0.00    0.00   clock network delay (propagated)
                          2.00    2.00 v input external delay
                  0.01    0.00    2.00 v reset (in)
     1    0.00                           reset (net)
                  0.01    0.00    2.00 v input11/A (sky130_fd_sc_hd__clkbuf_1)
                  0.02    0.07    2.07 v input11/X (sky130_fd_sc_hd__clkbuf_1)
     1    0.00                           net11 (net)
                  0.02    0.00    2.07 v _222_/A (sky130_fd_sc_hd__buf_2)
                  0.09    0.18    2.25 v _222_/X (sky130_fd_sc_hd__buf_2)
     9    0.03                           _100_ (net)
                  0.09    0.00    2.25 v _426_/A (sky130_fd_sc_hd__clkbuf_4)
                  0.10    0.23    2.48 v _426_/X (sky130_fd_sc_hd__clkbuf_4)
    10    0.05                           _219_ (net)
                  0.10    0.00    2.49 v _436_/A (sky130_fd_sc_hd__nor2_1)
                  0.10    0.14    2.63 ^ _436_/Y (sky130_fd_sc_hd__nor2_1)
     1    0.00                           _034_ (net)
                  0.10    0.00    2.63 ^ _482_/RESET_B (sky130_fd_sc_hd__dfrtp_4)
                                  2.63   data arrival time

                         10.00   10.00   clock SCK (rise edge)
                          0.00   10.00   clock source latency
                  0.08    0.05   10.05 ^ SCK (in)
     1    0.02                           SCK (net)
                  0.08    0.00   10.05 ^ clkbuf_0_SCK/A (sky130_fd_sc_hd__clkbuf_16)
                  0.06    0.15   10.20 ^ clkbuf_0_SCK/X (sky130_fd_sc_hd__clkbuf_16)
     4    0.04                           clknet_0_SCK (net)
                  0.06    0.00   10.20 ^ clkbuf_2_1__f_SCK/A (sky130_fd_sc_hd__clkbuf_16)
                  0.06    0.14   10.35 ^ clkbuf_2_1__f_SCK/X (sky130_fd_sc_hd__clkbuf_16)
    12    0.04                           clknet_2_1__leaf_SCK (net)
                  0.06    0.00   10.35 ^ _482_/CLK (sky130_fd_sc_hd__dfrtp_4)
                         -0.25   10.10   clock uncertainty
                          0.00   10.10   clock reconvergence pessimism
                          0.20   10.30   library recovery time
                                 10.30   data required time
-----------------------------------------------------------------------------
                                 10.30   data required time
                                 -2.63   data arrival time
-----------------------------------------------------------------------------
                                  7.67   slack (MET)


Startpoint: reset (input port clocked by SCK)
Endpoint: _457_ (recovery check against rising-edge clock SCK)
Path Group: asynchronous
Path Type: max

Fanout     Cap    Slew   Delay    Time   Description
-----------------------------------------------------------------------------
                          0.00    0.00   clock SCK (rise edge)
                          0.00    0.00   clock network delay (propagated)
                          2.00    2.00 v input external delay
                  0.01    0.00    2.00 v reset (in)
     1    0.00                           reset (net)
                  0.01    0.00    2.00 v input11/A (sky130_fd_sc_hd__clkbuf_1)
                  0.02    0.07    2.07 v input11/X (sky130_fd_sc_hd__clkbuf_1)
     1    0.00                           net11 (net)
                  0.02    0.00    2.07 v _222_/A (sky130_fd_sc_hd__buf_2)
                  0.09    0.18    2.25 v _222_/X (sky130_fd_sc_hd__buf_2)
     9    0.03                           _100_ (net)
                  0.09    0.00    2.25 v _402_/A (sky130_fd_sc_hd__clkbuf_4)
                  0.09    0.22    2.48 v _402_/X (sky130_fd_sc_hd__clkbuf_4)
    10    0.04                           _215_ (net)
                  0.09    0.00    2.48 v _407_/A (sky130_fd_sc_hd__nor2_1)
                  0.11    0.14    2.62 ^ _407_/Y (sky130_fd_sc_hd__nor2_1)
     1    0.00                           _009_ (net)
                  0.11    0.00    2.62 ^ _457_/RESET_B (sky130_fd_sc_hd__dfrtp_1)
                                  2.62   data arrival time

                         10.00   10.00   clock SCK (rise edge)
                          0.00   10.00   clock source latency
                  0.08    0.05   10.05 ^ SCK (in)
     1    0.02                           SCK (net)
                  0.08    0.00   10.05 ^ clkbuf_0_SCK/A (sky130_fd_sc_hd__clkbuf_16)
                  0.06    0.15   10.20 ^ clkbuf_0_SCK/X (sky130_fd_sc_hd__clkbuf_16)
     4    0.04                           clknet_0_SCK (net)
                  0.06    0.00   10.20 ^ clkbuf_2_3__f_SCK/A (sky130_fd_sc_hd__clkbuf_16)
                  0.04    0.13   10.33 ^ clkbuf_2_3__f_SCK/X (sky130_fd_sc_hd__clkbuf_16)
     6    0.02                           clknet_2_3__leaf_SCK (net)
                  0.04    0.00   10.33 ^ _457_/CLK (sky130_fd_sc_hd__dfrtp_1)
                         -0.25   10.08   clock uncertainty
                          0.00   10.08   clock reconvergence pessimism
                          0.21   10.30   library recovery time
                                 10.30   data required time
-----------------------------------------------------------------------------
                                 10.30   data required time
                                 -2.62   data arrival time
-----------------------------------------------------------------------------
                                  7.67   slack (MET)


Startpoint: reset (input port clocked by SCK)
Endpoint: _481_ (recovery check against rising-edge clock SCK)
Path Group: asynchronous
Path Type: max

Fanout     Cap    Slew   Delay    Time   Description
-----------------------------------------------------------------------------
                          0.00    0.00   clock SCK (rise edge)
                          0.00    0.00   clock network delay (propagated)
                          2.00    2.00 v input external delay
                  0.01    0.00    2.00 v reset (in)
     1    0.00                           reset (net)
                  0.01    0.00    2.00 v input11/A (sky130_fd_sc_hd__clkbuf_1)
                  0.02    0.07    2.07 v input11/X (sky130_fd_sc_hd__clkbuf_1)
     1    0.00                           net11 (net)
                  0.02    0.00    2.07 v _222_/A (sky130_fd_sc_hd__buf_2)
                  0.09    0.18    2.25 v _222_/X (sky130_fd_sc_hd__buf_2)
     9    0.03                           _100_ (net)
                  0.09    0.00    2.25 v _426_/A (sky130_fd_sc_hd__clkbuf_4)
                  0.10    0.23    2.48 v _426_/X (sky130_fd_sc_hd__clkbuf_4)
    10    0.05                           _219_ (net)
                  0.10    0.00    2.49 v _435_/A (sky130_fd_sc_hd__nor2_1)
                  0.11    0.15    2.63 ^ _435_/Y (sky130_fd_sc_hd__nor2_1)
     1    0.00                           _033_ (net)
                  0.11    0.00    2.63 ^ _481_/RESET_B (sky130_fd_sc_hd__dfrtp_1)
                                  2.63   data arrival time

                         10.00   10.00   clock SCK (rise edge)
                          0.00   10.00   clock source latency
                  0.08    0.05   10.05 ^ SCK (in)
     1    0.02                           SCK (net)
                  0.08    0.00   10.05 ^ clkbuf_0_SCK/A (sky130_fd_sc_hd__clkbuf_16)
                  0.06    0.15   10.20 ^ clkbuf_0_SCK/X (sky130_fd_sc_hd__clkbuf_16)
     4    0.04                           clknet_0_SCK (net)
                  0.06    0.00   10.20 ^ clkbuf_2_0__f_SCK/A (sky130_fd_sc_hd__clkbuf_16)
                  0.05    0.13   10.34 ^ clkbuf_2_0__f_SCK/X (sky130_fd_sc_hd__clkbuf_16)
     9    0.03                           clknet_2_0__leaf_SCK (net)
                  0.05    0.00   10.34 ^ _481_/CLK (sky130_fd_sc_hd__dfrtp_1)
                         -0.25   10.09   clock uncertainty
                          0.00   10.09   clock reconvergence pessimism
                          0.22   10.31   library recovery time
                                 10.31   data required time
-----------------------------------------------------------------------------
                                 10.31   data required time
                                 -2.63   data arrival time
-----------------------------------------------------------------------------
                                  7.67   slack (MET)


Startpoint: reset (input port clocked by SCK)
Endpoint: _463_ (recovery check against rising-edge clock SCK)
Path Group: asynchronous
Path Type: max

Fanout     Cap    Slew   Delay    Time   Description
-----------------------------------------------------------------------------
                          0.00    0.00   clock SCK (rise edge)
                          0.00    0.00   clock network delay (propagated)
                          2.00    2.00 v input external delay
                  0.01    0.00    2.00 v reset (in)
     1    0.00                           reset (net)
                  0.01    0.00    2.00 v input11/A (sky130_fd_sc_hd__clkbuf_1)
                  0.02    0.07    2.07 v input11/X (sky130_fd_sc_hd__clkbuf_1)
     1    0.00                           net11 (net)
                  0.02    0.00    2.07 v _222_/A (sky130_fd_sc_hd__buf_2)
                  0.09    0.18    2.25 v _222_/X (sky130_fd_sc_hd__buf_2)
     9    0.03                           _100_ (net)
                  0.09    0.00    2.25 v _402_/A (sky130_fd_sc_hd__clkbuf_4)
                  0.09    0.22    2.48 v _402_/X (sky130_fd_sc_hd__clkbuf_4)
    10    0.04                           _215_ (net)
                  0.09    0.00    2.48 v _413_/A (sky130_fd_sc_hd__nor2_1)
                  0.10    0.14    2.62 ^ _413_/Y (sky130_fd_sc_hd__nor2_1)
     1    0.00                           _015_ (net)
                  0.10    0.00    2.62 ^ _463_/RESET_B (sky130_fd_sc_hd__dfrtp_4)
                                  2.62   data arrival time

                         10.00   10.00   clock SCK (rise edge)
                          0.00   10.00   clock source latency
                  0.08    0.05   10.05 ^ SCK (in)
     1    0.02                           SCK (net)
                  0.08    0.00   10.05 ^ clkbuf_0_SCK/A (sky130_fd_sc_hd__clkbuf_16)
                  0.06    0.15   10.20 ^ clkbuf_0_SCK/X (sky130_fd_sc_hd__clkbuf_16)
     4    0.04                           clknet_0_SCK (net)
                  0.06    0.00   10.20 ^ clkbuf_2_2__f_SCK/A (sky130_fd_sc_hd__clkbuf_16)
                  0.05    0.14   10.34 ^ clkbuf_2_2__f_SCK/X (sky130_fd_sc_hd__clkbuf_16)
     9    0.03                           clknet_2_2__leaf_SCK (net)
                  0.05    0.00   10.34 ^ _463_/CLK (sky130_fd_sc_hd__dfrtp_4)
                         -0.25   10.09   clock uncertainty
                          0.00   10.09   clock reconvergence pessimism
                          0.20   10.29   library recovery time
                                 10.29   data required time
-----------------------------------------------------------------------------
                                 10.29   data required time
                                 -2.62   data arrival time
-----------------------------------------------------------------------------
                                  7.68   slack (MET)


Startpoint: reset (input port clocked by SCK)
Endpoint: _460_ (recovery check against rising-edge clock SCK)
Path Group: asynchronous
Path Type: max

Fanout     Cap    Slew   Delay    Time   Description
-----------------------------------------------------------------------------
                          0.00    0.00   clock SCK (rise edge)
                          0.00    0.00   clock network delay (propagated)
                          2.00    2.00 v input external delay
                  0.01    0.00    2.00 v reset (in)
     1    0.00                           reset (net)
                  0.01    0.00    2.00 v input11/A (sky130_fd_sc_hd__clkbuf_1)
                  0.02    0.07    2.07 v input11/X (sky130_fd_sc_hd__clkbuf_1)
     1    0.00                           net11 (net)
                  0.02    0.00    2.07 v _222_/A (sky130_fd_sc_hd__buf_2)
                  0.09    0.18    2.25 v _222_/X (sky130_fd_sc_hd__buf_2)
     9    0.03                           _100_ (net)
                  0.09    0.00    2.25 v _402_/A (sky130_fd_sc_hd__clkbuf_4)
                  0.09    0.22    2.48 v _402_/X (sky130_fd_sc_hd__clkbuf_4)
    10    0.04                           _215_ (net)
                  0.09    0.00    2.48 v _410_/A (sky130_fd_sc_hd__nor2_1)
                  0.10    0.14    2.62 ^ _410_/Y (sky130_fd_sc_hd__nor2_1)
     1    0.00                           _012_ (net)
                  0.10    0.00    2.62 ^ _460_/RESET_B (sky130_fd_sc_hd__dfrtp_4)
                                  2.62   data arrival time

                         10.00   10.00   clock SCK (rise edge)
                          0.00   10.00   clock source latency
                  0.08    0.05   10.05 ^ SCK (in)
     1    0.02                           SCK (net)
                  0.08    0.00   10.05 ^ clkbuf_0_SCK/A (sky130_fd_sc_hd__clkbuf_16)
                  0.06    0.15   10.20 ^ clkbuf_0_SCK/X (sky130_fd_sc_hd__clkbuf_16)
     4    0.04                           clknet_0_SCK (net)
                  0.06    0.00   10.20 ^ clkbuf_2_2__f_SCK/A (sky130_fd_sc_hd__clkbuf_16)
                  0.05    0.14   10.34 ^ clkbuf_2_2__f_SCK/X (sky130_fd_sc_hd__clkbuf_16)
     9    0.03                           clknet_2_2__leaf_SCK (net)
                  0.05    0.00   10.34 ^ _460_/CLK (sky130_fd_sc_hd__dfrtp_4)
                         -0.25   10.09   clock uncertainty
                          0.00   10.09   clock reconvergence pessimism
                          0.20   10.29   library recovery time
                                 10.29   data required time
-----------------------------------------------------------------------------
                                 10.29   data required time
                                 -2.62   data arrival time
-----------------------------------------------------------------------------
                                  7.68   slack (MET)


Startpoint: reset (input port clocked by SCK)
Endpoint: _461_ (recovery check against rising-edge clock SCK)
Path Group: asynchronous
Path Type: max

Fanout     Cap    Slew   Delay    Time   Description
-----------------------------------------------------------------------------
                          0.00    0.00   clock SCK (rise edge)
                          0.00    0.00   clock network delay (propagated)
                          2.00    2.00 v input external delay
                  0.01    0.00    2.00 v reset (in)
     1    0.00                           reset (net)
                  0.01    0.00    2.00 v input11/A (sky130_fd_sc_hd__clkbuf_1)
                  0.02    0.07    2.07 v input11/X (sky130_fd_sc_hd__clkbuf_1)
     1    0.00                           net11 (net)
                  0.02    0.00    2.07 v _222_/A (sky130_fd_sc_hd__buf_2)
                  0.09    0.18    2.25 v _222_/X (sky130_fd_sc_hd__buf_2)
     9    0.03                           _100_ (net)
                  0.09    0.00    2.25 v _402_/A (sky130_fd_sc_hd__clkbuf_4)
                  0.09    0.22    2.48 v _402_/X (sky130_fd_sc_hd__clkbuf_4)
    10    0.04                           _215_ (net)
                  0.09    0.00    2.48 v _411_/A (sky130_fd_sc_hd__nor2_1)
                  0.10    0.14    2.61 ^ _411_/Y (sky130_fd_sc_hd__nor2_1)
     1    0.00                           _013_ (net)
                  0.10    0.00    2.61 ^ _461_/RESET_B (sky130_fd_sc_hd__dfrtp_4)
                                  2.61   data arrival time

                         10.00   10.00   clock SCK (rise edge)
                          0.00   10.00   clock source latency
                  0.08    0.05   10.05 ^ SCK (in)
     1    0.02                           SCK (net)
                  0.08    0.00   10.05 ^ clkbuf_0_SCK/A (sky130_fd_sc_hd__clkbuf_16)
                  0.06    0.15   10.20 ^ clkbuf_0_SCK/X (sky130_fd_sc_hd__clkbuf_16)
     4    0.04                           clknet_0_SCK (net)
                  0.06    0.00   10.20 ^ clkbuf_2_2__f_SCK/A (sky130_fd_sc_hd__clkbuf_16)
                  0.05    0.14   10.34 ^ clkbuf_2_2__f_SCK/X (sky130_fd_sc_hd__clkbuf_16)
     9    0.03                           clknet_2_2__leaf_SCK (net)
                  0.05    0.00   10.34 ^ _461_/CLK (sky130_fd_sc_hd__dfrtp_4)
                         -0.25   10.09   clock uncertainty
                          0.00   10.09   clock reconvergence pessimism
                          0.20   10.29   library recovery time
                                 10.29   data required time
-----------------------------------------------------------------------------
                                 10.29   data required time
                                 -2.61   data arrival time
-----------------------------------------------------------------------------
                                  7.68   slack (MET)


Startpoint: reset (input port clocked by SCK)
Endpoint: _456_ (recovery check against rising-edge clock SCK)
Path Group: asynchronous
Path Type: max

Fanout     Cap    Slew   Delay    Time   Description
-----------------------------------------------------------------------------
                          0.00    0.00   clock SCK (rise edge)
                          0.00    0.00   clock network delay (propagated)
                          2.00    2.00 v input external delay
                  0.01    0.00    2.00 v reset (in)
     1    0.00                           reset (net)
                  0.01    0.00    2.00 v input11/A (sky130_fd_sc_hd__clkbuf_1)
                  0.02    0.07    2.07 v input11/X (sky130_fd_sc_hd__clkbuf_1)
     1    0.00                           net11 (net)
                  0.02    0.00    2.07 v _222_/A (sky130_fd_sc_hd__buf_2)
                  0.09    0.18    2.25 v _222_/X (sky130_fd_sc_hd__buf_2)
     9    0.03                           _100_ (net)
                  0.09    0.00    2.25 v _402_/A (sky130_fd_sc_hd__clkbuf_4)
                  0.09    0.22    2.48 v _402_/X (sky130_fd_sc_hd__clkbuf_4)
    10    0.04                           _215_ (net)
                  0.09    0.00    2.48 v _406_/A (sky130_fd_sc_hd__nor2_1)
                  0.10    0.14    2.62 ^ _406_/Y (sky130_fd_sc_hd__nor2_1)
     1    0.00                           _008_ (net)
                  0.10    0.00    2.62 ^ _456_/RESET_B (sky130_fd_sc_hd__dfrtp_1)
                                  2.62   data arrival time

                         10.00   10.00   clock SCK (rise edge)
                          0.00   10.00   clock source latency
                  0.08    0.05   10.05 ^ SCK (in)
     1    0.02                           SCK (net)
                  0.08    0.00   10.05 ^ clkbuf_0_SCK/A (sky130_fd_sc_hd__clkbuf_16)
                  0.06    0.15   10.20 ^ clkbuf_0_SCK/X (sky130_fd_sc_hd__clkbuf_16)
     4    0.04                           clknet_0_SCK (net)
                  0.06    0.00   10.20 ^ clkbuf_2_3__f_SCK/A (sky130_fd_sc_hd__clkbuf_16)
                  0.04    0.13   10.33 ^ clkbuf_2_3__f_SCK/X (sky130_fd_sc_hd__clkbuf_16)
     6    0.02                           clknet_2_3__leaf_SCK (net)
                  0.04    0.00   10.33 ^ _456_/CLK (sky130_fd_sc_hd__dfrtp_1)
                         -0.25   10.08   clock uncertainty
                          0.00   10.08   clock reconvergence pessimism
                          0.22   10.30   library recovery time
                                 10.30   data required time
-----------------------------------------------------------------------------
                                 10.30   data required time
                                 -2.62   data arrival time
-----------------------------------------------------------------------------
                                  7.68   slack (MET)


Startpoint: reset (input port clocked by SCK)
Endpoint: _474_ (recovery check against rising-edge clock SCK)
Path Group: asynchronous
Path Type: max

Fanout     Cap    Slew   Delay    Time   Description
-----------------------------------------------------------------------------
                          0.00    0.00   clock SCK (rise edge)
                          0.00    0.00   clock network delay (propagated)
                          2.00    2.00 v input external delay
                  0.01    0.00    2.00 v reset (in)
     1    0.00                           reset (net)
                  0.01    0.00    2.00 v input11/A (sky130_fd_sc_hd__clkbuf_1)
                  0.02    0.07    2.07 v input11/X (sky130_fd_sc_hd__clkbuf_1)
     1    0.00                           net11 (net)
                  0.02    0.00    2.07 v _222_/A (sky130_fd_sc_hd__buf_2)
                  0.09    0.18    2.25 v _222_/X (sky130_fd_sc_hd__buf_2)
     9    0.03                           _100_ (net)
                  0.09    0.00    2.25 v _426_/A (sky130_fd_sc_hd__clkbuf_4)
                  0.10    0.23    2.48 v _426_/X (sky130_fd_sc_hd__clkbuf_4)
    10    0.05                           _219_ (net)
                  0.10    0.00    2.49 v _428_/A (sky130_fd_sc_hd__nor2_1)
                  0.10    0.14    2.63 ^ _428_/Y (sky130_fd_sc_hd__nor2_1)
     1    0.00                           _026_ (net)
                  0.10    0.00    2.63 ^ _474_/RESET_B (sky130_fd_sc_hd__dfrtp_1)
                                  2.63   data arrival time

                         10.00   10.00   clock SCK (rise edge)
                          0.00   10.00   clock source latency
                  0.08    0.05   10.05 ^ SCK (in)
     1    0.02                           SCK (net)
                  0.08    0.00   10.05 ^ clkbuf_0_SCK/A (sky130_fd_sc_hd__clkbuf_16)
                  0.06    0.15   10.20 ^ clkbuf_0_SCK/X (sky130_fd_sc_hd__clkbuf_16)
     4    0.04                           clknet_0_SCK (net)
                  0.06    0.00   10.20 ^ clkbuf_2_0__f_SCK/A (sky130_fd_sc_hd__clkbuf_16)
                  0.05    0.13   10.34 ^ clkbuf_2_0__f_SCK/X (sky130_fd_sc_hd__clkbuf_16)
     9    0.03                           clknet_2_0__leaf_SCK (net)
                  0.05    0.00   10.34 ^ _474_/CLK (sky130_fd_sc_hd__dfrtp_1)
                         -0.25   10.09   clock uncertainty
                          0.00   10.09   clock reconvergence pessimism
                          0.22   10.31   library recovery time
                                 10.31   data required time
-----------------------------------------------------------------------------
                                 10.31   data required time
                                 -2.63   data arrival time
-----------------------------------------------------------------------------
                                  7.68   slack (MET)


Startpoint: reset (input port clocked by SCK)
Endpoint: _468_ (recovery check against rising-edge clock SCK)
Path Group: asynchronous
Path Type: max

Fanout     Cap    Slew   Delay    Time   Description
-----------------------------------------------------------------------------
                          0.00    0.00   clock SCK (rise edge)
                          0.00    0.00   clock network delay (propagated)
                          2.00    2.00 v input external delay
                  0.01    0.00    2.00 v reset (in)
     1    0.00                           reset (net)
                  0.01    0.00    2.00 v input11/A (sky130_fd_sc_hd__clkbuf_1)
                  0.02    0.07    2.07 v input11/X (sky130_fd_sc_hd__clkbuf_1)
     1    0.00                           net11 (net)
                  0.02    0.00    2.07 v _222_/A (sky130_fd_sc_hd__buf_2)
                  0.09    0.18    2.25 v _222_/X (sky130_fd_sc_hd__buf_2)
     9    0.03                           _100_ (net)
                  0.09    0.00    2.25 v _414_/A (sky130_fd_sc_hd__clkbuf_4)
                  0.09    0.22    2.47 v _414_/X (sky130_fd_sc_hd__clkbuf_4)
    10    0.04                           _217_ (net)
                  0.09    0.00    2.48 v _420_/A (sky130_fd_sc_hd__nor2_1)
                  0.10    0.14    2.61 ^ _420_/Y (sky130_fd_sc_hd__nor2_1)
     1    0.00                           _020_ (net)
                  0.10    0.00    2.62 ^ _468_/RESET_B (sky130_fd_sc_hd__dfrtp_4)
                                  2.62   data arrival time

                         10.00   10.00   clock SCK (rise edge)
                          0.00   10.00   clock source latency
                  0.08    0.05   10.05 ^ SCK (in)
     1    0.02                           SCK (net)
                  0.08    0.00   10.05 ^ clkbuf_0_SCK/A (sky130_fd_sc_hd__clkbuf_16)
                  0.06    0.15   10.20 ^ clkbuf_0_SCK/X (sky130_fd_sc_hd__clkbuf_16)
     4    0.04                           clknet_0_SCK (net)
                  0.06    0.00   10.20 ^ clkbuf_2_1__f_SCK/A (sky130_fd_sc_hd__clkbuf_16)
                  0.06    0.14   10.35 ^ clkbuf_2_1__f_SCK/X (sky130_fd_sc_hd__clkbuf_16)
    12    0.04                           clknet_2_1__leaf_SCK (net)
                  0.06    0.00   10.35 ^ _468_/CLK (sky130_fd_sc_hd__dfrtp_4)
                         -0.25   10.10   clock uncertainty
                          0.00   10.10   clock reconvergence pessimism
                          0.20   10.30   library recovery time
                                 10.30   data required time
-----------------------------------------------------------------------------
                                 10.30   data required time
                                 -2.62   data arrival time
-----------------------------------------------------------------------------
                                  7.68   slack (MET)


Startpoint: reset (input port clocked by SCK)
Endpoint: _462_ (recovery check against rising-edge clock SCK)
Path Group: asynchronous
Path Type: max

Fanout     Cap    Slew   Delay    Time   Description
-----------------------------------------------------------------------------
                          0.00    0.00   clock SCK (rise edge)
                          0.00    0.00   clock network delay (propagated)
                          2.00    2.00 v input external delay
                  0.01    0.00    2.00 v reset (in)
     1    0.00                           reset (net)
                  0.01    0.00    2.00 v input11/A (sky130_fd_sc_hd__clkbuf_1)
                  0.02    0.07    2.07 v input11/X (sky130_fd_sc_hd__clkbuf_1)
     1    0.00                           net11 (net)
                  0.02    0.00    2.07 v _222_/A (sky130_fd_sc_hd__buf_2)
                  0.09    0.18    2.25 v _222_/X (sky130_fd_sc_hd__buf_2)
     9    0.03                           _100_ (net)
                  0.09    0.00    2.25 v _402_/A (sky130_fd_sc_hd__clkbuf_4)
                  0.09    0.22    2.48 v _402_/X (sky130_fd_sc_hd__clkbuf_4)
    10    0.04                           _215_ (net)
                  0.09    0.00    2.48 v _412_/A (sky130_fd_sc_hd__nor2_1)
                  0.10    0.13    2.61 ^ _412_/Y (sky130_fd_sc_hd__nor2_1)
     1    0.00                           _014_ (net)
                  0.10    0.00    2.61 ^ _462_/RESET_B (sky130_fd_sc_hd__dfrtp_2)
                                  2.61   data arrival time

                         10.00   10.00   clock SCK (rise edge)
                          0.00   10.00   clock source latency
                  0.08    0.05   10.05 ^ SCK (in)
     1    0.02                           SCK (net)
                  0.08    0.00   10.05 ^ clkbuf_0_SCK/A (sky130_fd_sc_hd__clkbuf_16)
                  0.06    0.15   10.20 ^ clkbuf_0_SCK/X (sky130_fd_sc_hd__clkbuf_16)
     4    0.04                           clknet_0_SCK (net)
                  0.06    0.00   10.20 ^ clkbuf_2_2__f_SCK/A (sky130_fd_sc_hd__clkbuf_16)
                  0.05    0.14   10.34 ^ clkbuf_2_2__f_SCK/X (sky130_fd_sc_hd__clkbuf_16)
     9    0.03                           clknet_2_2__leaf_SCK (net)
                  0.05    0.00   10.34 ^ _462_/CLK (sky130_fd_sc_hd__dfrtp_2)
                         -0.25   10.09   clock uncertainty
                          0.00   10.09   clock reconvergence pessimism
                          0.21   10.30   library recovery time
                                 10.30   data required time
-----------------------------------------------------------------------------
                                 10.30   data required time
                                 -2.61   data arrival time
-----------------------------------------------------------------------------
                                  7.69   slack (MET)


Startpoint: reset (input port clocked by SCK)
Endpoint: _454_ (recovery check against rising-edge clock SCK)
Path Group: asynchronous
Path Type: max

Fanout     Cap    Slew   Delay    Time   Description
-----------------------------------------------------------------------------
                          0.00    0.00   clock SCK (rise edge)
                          0.00    0.00   clock network delay (propagated)
                          2.00    2.00 v input external delay
                  0.01    0.00    2.00 v reset (in)
     1    0.00                           reset (net)
                  0.01    0.00    2.00 v input11/A (sky130_fd_sc_hd__clkbuf_1)
                  0.02    0.07    2.07 v input11/X (sky130_fd_sc_hd__clkbuf_1)
     1    0.00                           net11 (net)
                  0.02    0.00    2.07 v _222_/A (sky130_fd_sc_hd__buf_2)
                  0.09    0.18    2.25 v _222_/X (sky130_fd_sc_hd__buf_2)
     9    0.03                           _100_ (net)
                  0.09    0.00    2.25 v _402_/A (sky130_fd_sc_hd__clkbuf_4)
                  0.09    0.22    2.48 v _402_/X (sky130_fd_sc_hd__clkbuf_4)
    10    0.04                           _215_ (net)
                  0.09    0.00    2.48 v _404_/A (sky130_fd_sc_hd__nor2_1)
                  0.10    0.14    2.61 ^ _404_/Y (sky130_fd_sc_hd__nor2_1)
     1    0.00                           _006_ (net)
                  0.10    0.00    2.61 ^ _454_/RESET_B (sky130_fd_sc_hd__dfrtp_1)
                                  2.61   data arrival time

                         10.00   10.00   clock SCK (rise edge)
                          0.00   10.00   clock source latency
                  0.08    0.05   10.05 ^ SCK (in)
     1    0.02                           SCK (net)
                  0.08    0.00   10.05 ^ clkbuf_0_SCK/A (sky130_fd_sc_hd__clkbuf_16)
                  0.06    0.15   10.20 ^ clkbuf_0_SCK/X (sky130_fd_sc_hd__clkbuf_16)
     4    0.04                           clknet_0_SCK (net)
                  0.06    0.00   10.20 ^ clkbuf_2_3__f_SCK/A (sky130_fd_sc_hd__clkbuf_16)
                  0.04    0.13   10.33 ^ clkbuf_2_3__f_SCK/X (sky130_fd_sc_hd__clkbuf_16)
     6    0.02                           clknet_2_3__leaf_SCK (net)
                  0.04    0.00   10.33 ^ _454_/CLK (sky130_fd_sc_hd__dfrtp_1)
                         -0.25   10.08   clock uncertainty
                          0.00   10.08   clock reconvergence pessimism
                          0.22   10.30   library recovery time
                                 10.30   data required time
-----------------------------------------------------------------------------
                                 10.30   data required time
                                 -2.61   data arrival time
-----------------------------------------------------------------------------
                                  7.69   slack (MET)


Startpoint: reset (input port clocked by SCK)
Endpoint: _477_ (recovery check against rising-edge clock SCK)
Path Group: asynchronous
Path Type: max

Fanout     Cap    Slew   Delay    Time   Description
-----------------------------------------------------------------------------
                          0.00    0.00   clock SCK (rise edge)
                          0.00    0.00   clock network delay (propagated)
                          2.00    2.00 v input external delay
                  0.01    0.00    2.00 v reset (in)
     1    0.00                           reset (net)
                  0.01    0.00    2.00 v input11/A (sky130_fd_sc_hd__clkbuf_1)
                  0.02    0.07    2.07 v input11/X (sky130_fd_sc_hd__clkbuf_1)
     1    0.00                           net11 (net)
                  0.02    0.00    2.07 v _222_/A (sky130_fd_sc_hd__buf_2)
                  0.09    0.18    2.25 v _222_/X (sky130_fd_sc_hd__buf_2)
     9    0.03                           _100_ (net)
                  0.09    0.00    2.25 v _426_/A (sky130_fd_sc_hd__clkbuf_4)
                  0.10    0.23    2.48 v _426_/X (sky130_fd_sc_hd__clkbuf_4)
    10    0.05                           _219_ (net)
                  0.10    0.00    2.49 v _431_/A (sky130_fd_sc_hd__nor2_1)
                  0.10    0.14    2.63 ^ _431_/Y (sky130_fd_sc_hd__nor2_1)
     1    0.00                           _029_ (net)
                  0.10    0.00    2.63 ^ _477_/RESET_B (sky130_fd_sc_hd__dfrtp_1)
                                  2.63   data arrival time

                         10.00   10.00   clock SCK (rise edge)
                          0.00   10.00   clock source latency
                  0.08    0.05   10.05 ^ SCK (in)
     1    0.02                           SCK (net)
                  0.08    0.00   10.05 ^ clkbuf_0_SCK/A (sky130_fd_sc_hd__clkbuf_16)
                  0.06    0.15   10.20 ^ clkbuf_0_SCK/X (sky130_fd_sc_hd__clkbuf_16)
     4    0.04                           clknet_0_SCK (net)
                  0.06    0.00   10.20 ^ clkbuf_2_1__f_SCK/A (sky130_fd_sc_hd__clkbuf_16)
                  0.06    0.14   10.35 ^ clkbuf_2_1__f_SCK/X (sky130_fd_sc_hd__clkbuf_16)
    12    0.04                           clknet_2_1__leaf_SCK (net)
                  0.06    0.00   10.35 ^ _477_/CLK (sky130_fd_sc_hd__dfrtp_1)
                         -0.25   10.10   clock uncertainty
                          0.00   10.10   clock reconvergence pessimism
                          0.22   10.32   library recovery time
                                 10.32   data required time
-----------------------------------------------------------------------------
                                 10.32   data required time
                                 -2.63   data arrival time
-----------------------------------------------------------------------------
                                  7.69   slack (MET)


Startpoint: reset (input port clocked by SCK)
Endpoint: _473_ (recovery check against rising-edge clock SCK)
Path Group: asynchronous
Path Type: max

Fanout     Cap    Slew   Delay    Time   Description
-----------------------------------------------------------------------------
                          0.00    0.00   clock SCK (rise edge)
                          0.00    0.00   clock network delay (propagated)
                          2.00    2.00 v input external delay
                  0.01    0.00    2.00 v reset (in)
     1    0.00                           reset (net)
                  0.01    0.00    2.00 v input11/A (sky130_fd_sc_hd__clkbuf_1)
                  0.02    0.07    2.07 v input11/X (sky130_fd_sc_hd__clkbuf_1)
     1    0.00                           net11 (net)
                  0.02    0.00    2.07 v _222_/A (sky130_fd_sc_hd__buf_2)
                  0.09    0.18    2.25 v _222_/X (sky130_fd_sc_hd__buf_2)
     9    0.03                           _100_ (net)
                  0.09    0.00    2.25 v _414_/A (sky130_fd_sc_hd__clkbuf_4)
                  0.09    0.22    2.47 v _414_/X (sky130_fd_sc_hd__clkbuf_4)
    10    0.04                           _217_ (net)
                  0.09    0.00    2.48 v _425_/A (sky130_fd_sc_hd__nor2_1)
                  0.10    0.14    2.61 ^ _425_/Y (sky130_fd_sc_hd__nor2_1)
     1    0.00                           _025_ (net)
                  0.10    0.00    2.61 ^ _473_/RESET_B (sky130_fd_sc_hd__dfrtp_2)
                                  2.61   data arrival time

                         10.00   10.00   clock SCK (rise edge)
                          0.00   10.00   clock source latency
                  0.08    0.05   10.05 ^ SCK (in)
     1    0.02                           SCK (net)
                  0.08    0.00   10.05 ^ clkbuf_0_SCK/A (sky130_fd_sc_hd__clkbuf_16)
                  0.06    0.15   10.20 ^ clkbuf_0_SCK/X (sky130_fd_sc_hd__clkbuf_16)
     4    0.04                           clknet_0_SCK (net)
                  0.06    0.00   10.20 ^ clkbuf_2_0__f_SCK/A (sky130_fd_sc_hd__clkbuf_16)
                  0.05    0.13   10.34 ^ clkbuf_2_0__f_SCK/X (sky130_fd_sc_hd__clkbuf_16)
     9    0.03                           clknet_2_0__leaf_SCK (net)
                  0.05    0.00   10.34 ^ _473_/CLK (sky130_fd_sc_hd__dfrtp_2)
                         -0.25   10.09   clock uncertainty
                          0.00   10.09   clock reconvergence pessimism
                          0.21   10.30   library recovery time
                                 10.30   data required time
-----------------------------------------------------------------------------
                                 10.30   data required time
                                 -2.61   data arrival time
-----------------------------------------------------------------------------
                                  7.69   slack (MET)


Startpoint: reset (input port clocked by SCK)
Endpoint: _475_ (recovery check against rising-edge clock SCK)
Path Group: asynchronous
Path Type: max

Fanout     Cap    Slew   Delay    Time   Description
-----------------------------------------------------------------------------
                          0.00    0.00   clock SCK (rise edge)
                          0.00    0.00   clock network delay (propagated)
                          2.00    2.00 v input external delay
                  0.01    0.00    2.00 v reset (in)
     1    0.00                           reset (net)
                  0.01    0.00    2.00 v input11/A (sky130_fd_sc_hd__clkbuf_1)
                  0.02    0.07    2.07 v input11/X (sky130_fd_sc_hd__clkbuf_1)
     1    0.00                           net11 (net)
                  0.02    0.00    2.07 v _222_/A (sky130_fd_sc_hd__buf_2)
                  0.09    0.18    2.25 v _222_/X (sky130_fd_sc_hd__buf_2)
     9    0.03                           _100_ (net)
                  0.09    0.00    2.25 v _426_/A (sky130_fd_sc_hd__clkbuf_4)
                  0.10    0.23    2.48 v _426_/X (sky130_fd_sc_hd__clkbuf_4)
    10    0.05                           _219_ (net)
                  0.10    0.00    2.49 v _429_/A (sky130_fd_sc_hd__nor2_1)
                  0.10    0.14    2.63 ^ _429_/Y (sky130_fd_sc_hd__nor2_1)
     1    0.00                           _027_ (net)
                  0.10    0.00    2.63 ^ _475_/RESET_B (sky130_fd_sc_hd__dfrtp_1)
                                  2.63   data arrival time

                         10.00   10.00   clock SCK (rise edge)
                          0.00   10.00   clock source latency
                  0.08    0.05   10.05 ^ SCK (in)
     1    0.02                           SCK (net)
                  0.08    0.00   10.05 ^ clkbuf_0_SCK/A (sky130_fd_sc_hd__clkbuf_16)
                  0.06    0.15   10.20 ^ clkbuf_0_SCK/X (sky130_fd_sc_hd__clkbuf_16)
     4    0.04                           clknet_0_SCK (net)
                  0.06    0.00   10.20 ^ clkbuf_2_1__f_SCK/A (sky130_fd_sc_hd__clkbuf_16)
                  0.06    0.14   10.35 ^ clkbuf_2_1__f_SCK/X (sky130_fd_sc_hd__clkbuf_16)
    12    0.04                           clknet_2_1__leaf_SCK (net)
                  0.06    0.00   10.35 ^ _475_/CLK (sky130_fd_sc_hd__dfrtp_1)
                         -0.25   10.10   clock uncertainty
                          0.00   10.10   clock reconvergence pessimism
                          0.22   10.32   library recovery time
                                 10.32   data required time
-----------------------------------------------------------------------------
                                 10.32   data required time
                                 -2.63   data arrival time
-----------------------------------------------------------------------------
                                  7.69   slack (MET)


Startpoint: reset (input port clocked by SCK)
Endpoint: _464_ (recovery check against rising-edge clock SCK)
Path Group: asynchronous
Path Type: max

Fanout     Cap    Slew   Delay    Time   Description
-----------------------------------------------------------------------------
                          0.00    0.00   clock SCK (rise edge)
                          0.00    0.00   clock network delay (propagated)
                          2.00    2.00 v input external delay
                  0.01    0.00    2.00 v reset (in)
     1    0.00                           reset (net)
                  0.01    0.00    2.00 v input11/A (sky130_fd_sc_hd__clkbuf_1)
                  0.02    0.07    2.07 v input11/X (sky130_fd_sc_hd__clkbuf_1)
     1    0.00                           net11 (net)
                  0.02    0.00    2.07 v _222_/A (sky130_fd_sc_hd__buf_2)
                  0.09    0.18    2.25 v _222_/X (sky130_fd_sc_hd__buf_2)
     9    0.03                           _100_ (net)
                  0.09    0.00    2.25 v _414_/A (sky130_fd_sc_hd__clkbuf_4)
                  0.09    0.22    2.47 v _414_/X (sky130_fd_sc_hd__clkbuf_4)
    10    0.04                           _217_ (net)
                  0.09    0.00    2.47 v _416_/A (sky130_fd_sc_hd__nor2_1)
                  0.10    0.13    2.61 ^ _416_/Y (sky130_fd_sc_hd__nor2_1)
     1    0.00                           _016_ (net)
                  0.10    0.00    2.61 ^ _464_/RESET_B (sky130_fd_sc_hd__dfrtp_2)
                                  2.61   data arrival time

                         10.00   10.00   clock SCK (rise edge)
                          0.00   10.00   clock source latency
                  0.08    0.05   10.05 ^ SCK (in)
     1    0.02                           SCK (net)
                  0.08    0.00   10.05 ^ clkbuf_0_SCK/A (sky130_fd_sc_hd__clkbuf_16)
                  0.06    0.15   10.20 ^ clkbuf_0_SCK/X (sky130_fd_sc_hd__clkbuf_16)
     4    0.04                           clknet_0_SCK (net)
                  0.06    0.00   10.20 ^ clkbuf_2_0__f_SCK/A (sky130_fd_sc_hd__clkbuf_16)
                  0.05    0.13   10.34 ^ clkbuf_2_0__f_SCK/X (sky130_fd_sc_hd__clkbuf_16)
     9    0.03                           clknet_2_0__leaf_SCK (net)
                  0.05    0.00   10.34 ^ _464_/CLK (sky130_fd_sc_hd__dfrtp_2)
                         -0.25   10.09   clock uncertainty
                          0.00   10.09   clock reconvergence pessimism
                          0.21   10.30   library recovery time
                                 10.30   data required time
-----------------------------------------------------------------------------
                                 10.30   data required time
                                 -2.61   data arrival time
-----------------------------------------------------------------------------
                                  7.69   slack (MET)


Startpoint: reset (input port clocked by SCK)
Endpoint: _469_ (recovery check against rising-edge clock SCK)
Path Group: asynchronous
Path Type: max

Fanout     Cap    Slew   Delay    Time   Description
-----------------------------------------------------------------------------
                          0.00    0.00   clock SCK (rise edge)
                          0.00    0.00   clock network delay (propagated)
                          2.00    2.00 v input external delay
                  0.01    0.00    2.00 v reset (in)
     1    0.00                           reset (net)
                  0.01    0.00    2.00 v input11/A (sky130_fd_sc_hd__clkbuf_1)
                  0.02    0.07    2.07 v input11/X (sky130_fd_sc_hd__clkbuf_1)
     1    0.00                           net11 (net)
                  0.02    0.00    2.07 v _222_/A (sky130_fd_sc_hd__buf_2)
                  0.09    0.18    2.25 v _222_/X (sky130_fd_sc_hd__buf_2)
     9    0.03                           _100_ (net)
                  0.09    0.00    2.25 v _414_/A (sky130_fd_sc_hd__clkbuf_4)
                  0.09    0.22    2.47 v _414_/X (sky130_fd_sc_hd__clkbuf_4)
    10    0.04                           _217_ (net)
                  0.09    0.00    2.48 v _421_/A (sky130_fd_sc_hd__nor2_1)
                  0.10    0.13    2.61 ^ _421_/Y (sky130_fd_sc_hd__nor2_1)
     1    0.00                           _021_ (net)
                  0.10    0.00    2.61 ^ _469_/RESET_B (sky130_fd_sc_hd__dfrtp_4)
                                  2.61   data arrival time

                         10.00   10.00   clock SCK (rise edge)
                          0.00   10.00   clock source latency
                  0.08    0.05   10.05 ^ SCK (in)
     1    0.02                           SCK (net)
                  0.08    0.00   10.05 ^ clkbuf_0_SCK/A (sky130_fd_sc_hd__clkbuf_16)
                  0.06    0.15   10.20 ^ clkbuf_0_SCK/X (sky130_fd_sc_hd__clkbuf_16)
     4    0.04                           clknet_0_SCK (net)
                  0.06    0.00   10.20 ^ clkbuf_2_1__f_SCK/A (sky130_fd_sc_hd__clkbuf_16)
                  0.06    0.14   10.35 ^ clkbuf_2_1__f_SCK/X (sky130_fd_sc_hd__clkbuf_16)
    12    0.04                           clknet_2_1__leaf_SCK (net)
                  0.06    0.00   10.35 ^ _469_/CLK (sky130_fd_sc_hd__dfrtp_4)
                         -0.25   10.10   clock uncertainty
                          0.00   10.10   clock reconvergence pessimism
                          0.20   10.30   library recovery time
                                 10.30   data required time
-----------------------------------------------------------------------------
                                 10.30   data required time
                                 -2.61   data arrival time
-----------------------------------------------------------------------------
                                  7.69   slack (MET)


Startpoint: reset (input port clocked by SCK)
Endpoint: _478_ (recovery check against rising-edge clock SCK)
Path Group: asynchronous
Path Type: max

Fanout     Cap    Slew   Delay    Time   Description
-----------------------------------------------------------------------------
                          0.00    0.00   clock SCK (rise edge)
                          0.00    0.00   clock network delay (propagated)
                          2.00    2.00 v input external delay
                  0.01    0.00    2.00 v reset (in)
     1    0.00                           reset (net)
                  0.01    0.00    2.00 v input11/A (sky130_fd_sc_hd__clkbuf_1)
                  0.02    0.07    2.07 v input11/X (sky130_fd_sc_hd__clkbuf_1)
     1    0.00                           net11 (net)
                  0.02    0.00    2.07 v _222_/A (sky130_fd_sc_hd__buf_2)
                  0.09    0.18    2.25 v _222_/X (sky130_fd_sc_hd__buf_2)
     9    0.03                           _100_ (net)
                  0.09    0.00    2.25 v _426_/A (sky130_fd_sc_hd__clkbuf_4)
                  0.10    0.23    2.48 v _426_/X (sky130_fd_sc_hd__clkbuf_4)
    10    0.05                           _219_ (net)
                  0.10    0.00    2.49 v _432_/A (sky130_fd_sc_hd__nor2_1)
                  0.10    0.14    2.63 ^ _432_/Y (sky130_fd_sc_hd__nor2_1)
     1    0.00                           _030_ (net)
                  0.10    0.00    2.63 ^ _478_/RESET_B (sky130_fd_sc_hd__dfrtp_1)
                                  2.63   data arrival time

                         10.00   10.00   clock SCK (rise edge)
                          0.00   10.00   clock source latency
                  0.08    0.05   10.05 ^ SCK (in)
     1    0.02                           SCK (net)
                  0.08    0.00   10.05 ^ clkbuf_0_SCK/A (sky130_fd_sc_hd__clkbuf_16)
                  0.06    0.15   10.20 ^ clkbuf_0_SCK/X (sky130_fd_sc_hd__clkbuf_16)
     4    0.04                           clknet_0_SCK (net)
                  0.06    0.00   10.20 ^ clkbuf_2_1__f_SCK/A (sky130_fd_sc_hd__clkbuf_16)
                  0.06    0.14   10.35 ^ clkbuf_2_1__f_SCK/X (sky130_fd_sc_hd__clkbuf_16)
    12    0.04                           clknet_2_1__leaf_SCK (net)
                  0.06    0.00   10.35 ^ _478_/CLK (sky130_fd_sc_hd__dfrtp_1)
                         -0.25   10.10   clock uncertainty
                          0.00   10.10   clock reconvergence pessimism
                          0.22   10.32   library recovery time
                                 10.32   data required time
-----------------------------------------------------------------------------
                                 10.32   data required time
                                 -2.63   data arrival time
-----------------------------------------------------------------------------
                                  7.69   slack (MET)


Startpoint: reset (input port clocked by SCK)
Endpoint: _476_ (recovery check against rising-edge clock SCK)
Path Group: asynchronous
Path Type: max

Fanout     Cap    Slew   Delay    Time   Description
-----------------------------------------------------------------------------
                          0.00    0.00   clock SCK (rise edge)
                          0.00    0.00   clock network delay (propagated)
                          2.00    2.00 v input external delay
                  0.01    0.00    2.00 v reset (in)
     1    0.00                           reset (net)
                  0.01    0.00    2.00 v input11/A (sky130_fd_sc_hd__clkbuf_1)
                  0.02    0.07    2.07 v input11/X (sky130_fd_sc_hd__clkbuf_1)
     1    0.00                           net11 (net)
                  0.02    0.00    2.07 v _222_/A (sky130_fd_sc_hd__buf_2)
                  0.09    0.18    2.25 v _222_/X (sky130_fd_sc_hd__buf_2)
     9    0.03                           _100_ (net)
                  0.09    0.00    2.25 v _426_/A (sky130_fd_sc_hd__clkbuf_4)
                  0.10    0.23    2.48 v _426_/X (sky130_fd_sc_hd__clkbuf_4)
    10    0.05                           _219_ (net)
                  0.10    0.00    2.49 v _430_/A (sky130_fd_sc_hd__nor2_1)
                  0.10    0.14    2.63 ^ _430_/Y (sky130_fd_sc_hd__nor2_1)
     1    0.00                           _028_ (net)
                  0.10    0.00    2.63 ^ _476_/RESET_B (sky130_fd_sc_hd__dfrtp_1)
                                  2.63   data arrival time

                         10.00   10.00   clock SCK (rise edge)
                          0.00   10.00   clock source latency
                  0.08    0.05   10.05 ^ SCK (in)
     1    0.02                           SCK (net)
                  0.08    0.00   10.05 ^ clkbuf_0_SCK/A (sky130_fd_sc_hd__clkbuf_16)
                  0.06    0.15   10.20 ^ clkbuf_0_SCK/X (sky130_fd_sc_hd__clkbuf_16)
     4    0.04                           clknet_0_SCK (net)
                  0.06    0.00   10.20 ^ clkbuf_2_1__f_SCK/A (sky130_fd_sc_hd__clkbuf_16)
                  0.06    0.14   10.35 ^ clkbuf_2_1__f_SCK/X (sky130_fd_sc_hd__clkbuf_16)
    12    0.04                           clknet_2_1__leaf_SCK (net)
                  0.06    0.00   10.35 ^ _476_/CLK (sky130_fd_sc_hd__dfrtp_1)
                         -0.25   10.10   clock uncertainty
                          0.00   10.10   clock reconvergence pessimism
                          0.22   10.32   library recovery time
                                 10.32   data required time
-----------------------------------------------------------------------------
                                 10.32   data required time
                                 -2.63   data arrival time
-----------------------------------------------------------------------------
                                  7.69   slack (MET)


Startpoint: reset (input port clocked by SCK)
Endpoint: _479_ (recovery check against rising-edge clock SCK)
Path Group: asynchronous
Path Type: max

Fanout     Cap    Slew   Delay    Time   Description
-----------------------------------------------------------------------------
                          0.00    0.00   clock SCK (rise edge)
                          0.00    0.00   clock network delay (propagated)
                          2.00    2.00 v input external delay
                  0.01    0.00    2.00 v reset (in)
     1    0.00                           reset (net)
                  0.01    0.00    2.00 v input11/A (sky130_fd_sc_hd__clkbuf_1)
                  0.02    0.07    2.07 v input11/X (sky130_fd_sc_hd__clkbuf_1)
     1    0.00                           net11 (net)
                  0.02    0.00    2.07 v _222_/A (sky130_fd_sc_hd__buf_2)
                  0.09    0.18    2.25 v _222_/X (sky130_fd_sc_hd__buf_2)
     9    0.03                           _100_ (net)
                  0.09    0.00    2.25 v _426_/A (sky130_fd_sc_hd__clkbuf_4)
                  0.10    0.23    2.48 v _426_/X (sky130_fd_sc_hd__clkbuf_4)
    10    0.05                           _219_ (net)
                  0.10    0.00    2.49 v _433_/A (sky130_fd_sc_hd__nor2_1)
                  0.10    0.14    2.63 ^ _433_/Y (sky130_fd_sc_hd__nor2_1)
     1    0.00                           _031_ (net)
                  0.10    0.00    2.63 ^ _479_/RESET_B (sky130_fd_sc_hd__dfrtp_1)
                                  2.63   data arrival time

                         10.00   10.00   clock SCK (rise edge)
                          0.00   10.00   clock source latency
                  0.08    0.05   10.05 ^ SCK (in)
     1    0.02                           SCK (net)
                  0.08    0.00   10.05 ^ clkbuf_0_SCK/A (sky130_fd_sc_hd__clkbuf_16)
                  0.06    0.15   10.20 ^ clkbuf_0_SCK/X (sky130_fd_sc_hd__clkbuf_16)
     4    0.04                           clknet_0_SCK (net)
                  0.06    0.00   10.20 ^ clkbuf_2_1__f_SCK/A (sky130_fd_sc_hd__clkbuf_16)
                  0.06    0.14   10.35 ^ clkbuf_2_1__f_SCK/X (sky130_fd_sc_hd__clkbuf_16)
    12    0.04                           clknet_2_1__leaf_SCK (net)
                  0.06    0.00   10.35 ^ _479_/CLK (sky130_fd_sc_hd__dfrtp_1)
                         -0.25   10.10   clock uncertainty
                          0.00   10.10   clock reconvergence pessimism
                          0.22   10.32   library recovery time
                                 10.32   data required time
-----------------------------------------------------------------------------
                                 10.32   data required time
                                 -2.63   data arrival time
-----------------------------------------------------------------------------
                                  7.69   slack (MET)


Startpoint: reset (input port clocked by SCK)
Endpoint: _465_ (recovery check against rising-edge clock SCK)
Path Group: asynchronous
Path Type: max

Fanout     Cap    Slew   Delay    Time   Description
-----------------------------------------------------------------------------
                          0.00    0.00   clock SCK (rise edge)
                          0.00    0.00   clock network delay (propagated)
                          2.00    2.00 v input external delay
                  0.01    0.00    2.00 v reset (in)
     1    0.00                           reset (net)
                  0.01    0.00    2.00 v input11/A (sky130_fd_sc_hd__clkbuf_1)
                  0.02    0.07    2.07 v input11/X (sky130_fd_sc_hd__clkbuf_1)
     1    0.00                           net11 (net)
                  0.02    0.00    2.07 v _222_/A (sky130_fd_sc_hd__buf_2)
                  0.09    0.18    2.25 v _222_/X (sky130_fd_sc_hd__buf_2)
     9    0.03                           _100_ (net)
                  0.09    0.00    2.25 v _414_/A (sky130_fd_sc_hd__clkbuf_4)
                  0.09    0.22    2.47 v _414_/X (sky130_fd_sc_hd__clkbuf_4)
    10    0.04                           _217_ (net)
                  0.09    0.00    2.47 v _417_/A (sky130_fd_sc_hd__nor2_1)
                  0.10    0.14    2.61 ^ _417_/Y (sky130_fd_sc_hd__nor2_1)
     1    0.00                           _017_ (net)
                  0.10    0.00    2.61 ^ _465_/RESET_B (sky130_fd_sc_hd__dfrtp_1)
                                  2.61   data arrival time

                         10.00   10.00   clock SCK (rise edge)
                          0.00   10.00   clock source latency
                  0.08    0.05   10.05 ^ SCK (in)
     1    0.02                           SCK (net)
                  0.08    0.00   10.05 ^ clkbuf_0_SCK/A (sky130_fd_sc_hd__clkbuf_16)
                  0.06    0.15   10.20 ^ clkbuf_0_SCK/X (sky130_fd_sc_hd__clkbuf_16)
     4    0.04                           clknet_0_SCK (net)
                  0.06    0.00   10.20 ^ clkbuf_2_0__f_SCK/A (sky130_fd_sc_hd__clkbuf_16)
                  0.05    0.13   10.34 ^ clkbuf_2_0__f_SCK/X (sky130_fd_sc_hd__clkbuf_16)
     9    0.03                           clknet_2_0__leaf_SCK (net)
                  0.05    0.00   10.34 ^ _465_/CLK (sky130_fd_sc_hd__dfrtp_1)
                         -0.25   10.09   clock uncertainty
                          0.00   10.09   clock reconvergence pessimism
                          0.22   10.31   library recovery time
                                 10.31   data required time
-----------------------------------------------------------------------------
                                 10.31   data required time
                                 -2.61   data arrival time
-----------------------------------------------------------------------------
                                  7.70   slack (MET)


Startpoint: reset (input port clocked by SCK)
Endpoint: _458_ (recovery check against rising-edge clock SCK)
Path Group: asynchronous
Path Type: max

Fanout     Cap    Slew   Delay    Time   Description
-----------------------------------------------------------------------------
                          0.00    0.00   clock SCK (rise edge)
                          0.00    0.00   clock network delay (propagated)
                          2.00    2.00 v input external delay
                  0.01    0.00    2.00 v reset (in)
     1    0.00                           reset (net)
                  0.01    0.00    2.00 v input11/A (sky130_fd_sc_hd__clkbuf_1)
                  0.02    0.07    2.07 v input11/X (sky130_fd_sc_hd__clkbuf_1)
     1    0.00                           net11 (net)
                  0.02    0.00    2.07 v _222_/A (sky130_fd_sc_hd__buf_2)
                  0.09    0.18    2.25 v _222_/X (sky130_fd_sc_hd__buf_2)
     9    0.03                           _100_ (net)
                  0.09    0.00    2.25 v _402_/A (sky130_fd_sc_hd__clkbuf_4)
                  0.09    0.22    2.48 v _402_/X (sky130_fd_sc_hd__clkbuf_4)
    10    0.04                           _215_ (net)
                  0.09    0.00    2.48 v _408_/A (sky130_fd_sc_hd__nor2_1)
                  0.10    0.14    2.61 ^ _408_/Y (sky130_fd_sc_hd__nor2_1)
     1    0.00                           _010_ (net)
                  0.10    0.00    2.61 ^ _458_/RESET_B (sky130_fd_sc_hd__dfrtp_1)
                                  2.61   data arrival time

                         10.00   10.00   clock SCK (rise edge)
                          0.00   10.00   clock source latency
                  0.08    0.05   10.05 ^ SCK (in)
     1    0.02                           SCK (net)
                  0.08    0.00   10.05 ^ clkbuf_0_SCK/A (sky130_fd_sc_hd__clkbuf_16)
                  0.06    0.15   10.20 ^ clkbuf_0_SCK/X (sky130_fd_sc_hd__clkbuf_16)
     4    0.04                           clknet_0_SCK (net)
                  0.06    0.00   10.20 ^ clkbuf_2_2__f_SCK/A (sky130_fd_sc_hd__clkbuf_16)
                  0.05    0.14   10.34 ^ clkbuf_2_2__f_SCK/X (sky130_fd_sc_hd__clkbuf_16)
     9    0.03                           clknet_2_2__leaf_SCK (net)
                  0.05    0.00   10.34 ^ _458_/CLK (sky130_fd_sc_hd__dfrtp_1)
                         -0.25   10.09   clock uncertainty
                          0.00   10.09   clock reconvergence pessimism
                          0.22   10.31   library recovery time
                                 10.31   data required time
-----------------------------------------------------------------------------
                                 10.31   data required time
                                 -2.61   data arrival time
-----------------------------------------------------------------------------
                                  7.70   slack (MET)


Startpoint: reset (input port clocked by SCK)
Endpoint: _472_ (recovery check against rising-edge clock SCK)
Path Group: asynchronous
Path Type: max

Fanout     Cap    Slew   Delay    Time   Description
-----------------------------------------------------------------------------
                          0.00    0.00   clock SCK (rise edge)
                          0.00    0.00   clock network delay (propagated)
                          2.00    2.00 v input external delay
                  0.01    0.00    2.00 v reset (in)
     1    0.00                           reset (net)
                  0.01    0.00    2.00 v input11/A (sky130_fd_sc_hd__clkbuf_1)
                  0.02    0.07    2.07 v input11/X (sky130_fd_sc_hd__clkbuf_1)
     1    0.00                           net11 (net)
                  0.02    0.00    2.07 v _222_/A (sky130_fd_sc_hd__buf_2)
                  0.09    0.18    2.25 v _222_/X (sky130_fd_sc_hd__buf_2)
     9    0.03                           _100_ (net)
                  0.09    0.00    2.25 v _414_/A (sky130_fd_sc_hd__clkbuf_4)
                  0.09    0.22    2.47 v _414_/X (sky130_fd_sc_hd__clkbuf_4)
    10    0.04                           _217_ (net)
                  0.09    0.00    2.48 v _424_/A (sky130_fd_sc_hd__nor2_1)
                  0.10    0.13    2.61 ^ _424_/Y (sky130_fd_sc_hd__nor2_1)
     1    0.00                           _024_ (net)
                  0.10    0.00    2.61 ^ _472_/RESET_B (sky130_fd_sc_hd__dfrtp_1)
                                  2.61   data arrival time

                         10.00   10.00   clock SCK (rise edge)
                          0.00   10.00   clock source latency
                  0.08    0.05   10.05 ^ SCK (in)
     1    0.02                           SCK (net)
                  0.08    0.00   10.05 ^ clkbuf_0_SCK/A (sky130_fd_sc_hd__clkbuf_16)
                  0.06    0.15   10.20 ^ clkbuf_0_SCK/X (sky130_fd_sc_hd__clkbuf_16)
     4    0.04                           clknet_0_SCK (net)
                  0.06    0.00   10.20 ^ clkbuf_2_0__f_SCK/A (sky130_fd_sc_hd__clkbuf_16)
                  0.05    0.13   10.34 ^ clkbuf_2_0__f_SCK/X (sky130_fd_sc_hd__clkbuf_16)
     9    0.03                           clknet_2_0__leaf_SCK (net)
                  0.05    0.00   10.34 ^ _472_/CLK (sky130_fd_sc_hd__dfrtp_1)
                         -0.25   10.09   clock uncertainty
                          0.00   10.09   clock reconvergence pessimism
                          0.22   10.31   library recovery time
                                 10.31   data required time
-----------------------------------------------------------------------------
                                 10.31   data required time
                                 -2.61   data arrival time
-----------------------------------------------------------------------------
                                  7.70   slack (MET)


Startpoint: reset (input port clocked by SCK)
Endpoint: _466_ (recovery check against rising-edge clock SCK)
Path Group: asynchronous
Path Type: max

Fanout     Cap    Slew   Delay    Time   Description
-----------------------------------------------------------------------------
                          0.00    0.00   clock SCK (rise edge)
                          0.00    0.00   clock network delay (propagated)
                          2.00    2.00 v input external delay
                  0.01    0.00    2.00 v reset (in)
     1    0.00                           reset (net)
                  0.01    0.00    2.00 v input11/A (sky130_fd_sc_hd__clkbuf_1)
                  0.02    0.07    2.07 v input11/X (sky130_fd_sc_hd__clkbuf_1)
     1    0.00                           net11 (net)
                  0.02    0.00    2.07 v _222_/A (sky130_fd_sc_hd__buf_2)
                  0.09    0.18    2.25 v _222_/X (sky130_fd_sc_hd__buf_2)
     9    0.03                           _100_ (net)
                  0.09    0.00    2.25 v _414_/A (sky130_fd_sc_hd__clkbuf_4)
                  0.09    0.22    2.47 v _414_/X (sky130_fd_sc_hd__clkbuf_4)
    10    0.04                           _217_ (net)
                  0.09    0.00    2.48 v _418_/A (sky130_fd_sc_hd__nor2_1)
                  0.10    0.13    2.61 ^ _418_/Y (sky130_fd_sc_hd__nor2_1)
     1    0.00                           _018_ (net)
                  0.10    0.00    2.61 ^ _466_/RESET_B (sky130_fd_sc_hd__dfrtp_1)
                                  2.61   data arrival time

                         10.00   10.00   clock SCK (rise edge)
                          0.00   10.00   clock source latency
                  0.08    0.05   10.05 ^ SCK (in)
     1    0.02                           SCK (net)
                  0.08    0.00   10.05 ^ clkbuf_0_SCK/A (sky130_fd_sc_hd__clkbuf_16)
                  0.06    0.15   10.20 ^ clkbuf_0_SCK/X (sky130_fd_sc_hd__clkbuf_16)
     4    0.04                           clknet_0_SCK (net)
                  0.06    0.00   10.20 ^ clkbuf_2_0__f_SCK/A (sky130_fd_sc_hd__clkbuf_16)
                  0.05    0.13   10.34 ^ clkbuf_2_0__f_SCK/X (sky130_fd_sc_hd__clkbuf_16)
     9    0.03                           clknet_2_0__leaf_SCK (net)
                  0.05    0.00   10.34 ^ _466_/CLK (sky130_fd_sc_hd__dfrtp_1)
                         -0.25   10.09   clock uncertainty
                          0.00   10.09   clock reconvergence pessimism
                          0.22   10.31   library recovery time
                                 10.31   data required time
-----------------------------------------------------------------------------
                                 10.31   data required time
                                 -2.61   data arrival time
-----------------------------------------------------------------------------
                                  7.70   slack (MET)


Startpoint: reset (input port clocked by SCK)
Endpoint: _467_ (recovery check against rising-edge clock SCK)
Path Group: asynchronous
Path Type: max

Fanout     Cap    Slew   Delay    Time   Description
-----------------------------------------------------------------------------
                          0.00    0.00   clock SCK (rise edge)
                          0.00    0.00   clock network delay (propagated)
                          2.00    2.00 v input external delay
                  0.01    0.00    2.00 v reset (in)
     1    0.00                           reset (net)
                  0.01    0.00    2.00 v input11/A (sky130_fd_sc_hd__clkbuf_1)
                  0.02    0.07    2.07 v input11/X (sky130_fd_sc_hd__clkbuf_1)
     1    0.00                           net11 (net)
                  0.02    0.00    2.07 v _222_/A (sky130_fd_sc_hd__buf_2)
                  0.09    0.18    2.25 v _222_/X (sky130_fd_sc_hd__buf_2)
     9    0.03                           _100_ (net)
                  0.09    0.00    2.25 v _414_/A (sky130_fd_sc_hd__clkbuf_4)
                  0.09    0.22    2.47 v _414_/X (sky130_fd_sc_hd__clkbuf_4)
    10    0.04                           _217_ (net)
                  0.09    0.00    2.48 v _419_/A (sky130_fd_sc_hd__nor2_1)
                  0.10    0.14    2.61 ^ _419_/Y (sky130_fd_sc_hd__nor2_1)
     1    0.00                           _019_ (net)
                  0.10    0.00    2.61 ^ _467_/RESET_B (sky130_fd_sc_hd__dfrtp_1)
                                  2.61   data arrival time

                         10.00   10.00   clock SCK (rise edge)
                          0.00   10.00   clock source latency
                  0.08    0.05   10.05 ^ SCK (in)
     1    0.02                           SCK (net)
                  0.08    0.00   10.05 ^ clkbuf_0_SCK/A (sky130_fd_sc_hd__clkbuf_16)
                  0.06    0.15   10.20 ^ clkbuf_0_SCK/X (sky130_fd_sc_hd__clkbuf_16)
     4    0.04                           clknet_0_SCK (net)
                  0.06    0.00   10.20 ^ clkbuf_2_1__f_SCK/A (sky130_fd_sc_hd__clkbuf_16)
                  0.06    0.14   10.35 ^ clkbuf_2_1__f_SCK/X (sky130_fd_sc_hd__clkbuf_16)
    12    0.04                           clknet_2_1__leaf_SCK (net)
                  0.06    0.00   10.35 ^ _467_/CLK (sky130_fd_sc_hd__dfrtp_1)
                         -0.25   10.10   clock uncertainty
                          0.00   10.10   clock reconvergence pessimism
                          0.22   10.32   library recovery time
                                 10.32   data required time
-----------------------------------------------------------------------------
                                 10.32   data required time
                                 -2.61   data arrival time
-----------------------------------------------------------------------------
                                  7.70   slack (MET)


Startpoint: reset (input port clocked by SCK)
Endpoint: _470_ (recovery check against rising-edge clock SCK)
Path Group: asynchronous
Path Type: max

Fanout     Cap    Slew   Delay    Time   Description
-----------------------------------------------------------------------------
                          0.00    0.00   clock SCK (rise edge)
                          0.00    0.00   clock network delay (propagated)
                          2.00    2.00 v input external delay
                  0.01    0.00    2.00 v reset (in)
     1    0.00                           reset (net)
                  0.01    0.00    2.00 v input11/A (sky130_fd_sc_hd__clkbuf_1)
                  0.02    0.07    2.07 v input11/X (sky130_fd_sc_hd__clkbuf_1)
     1    0.00                           net11 (net)
                  0.02    0.00    2.07 v _222_/A (sky130_fd_sc_hd__buf_2)
                  0.09    0.18    2.25 v _222_/X (sky130_fd_sc_hd__buf_2)
     9    0.03                           _100_ (net)
                  0.09    0.00    2.25 v _414_/A (sky130_fd_sc_hd__clkbuf_4)
                  0.09    0.22    2.47 v _414_/X (sky130_fd_sc_hd__clkbuf_4)
    10    0.04                           _217_ (net)
                  0.09    0.00    2.48 v _422_/A (sky130_fd_sc_hd__nor2_1)
                  0.10    0.13    2.61 ^ _422_/Y (sky130_fd_sc_hd__nor2_1)
     1    0.00                           _022_ (net)
                  0.10    0.00    2.61 ^ _470_/RESET_B (sky130_fd_sc_hd__dfrtp_1)
                                  2.61   data arrival time

                         10.00   10.00   clock SCK (rise edge)
                          0.00   10.00   clock source latency
                  0.08    0.05   10.05 ^ SCK (in)
     1    0.02                           SCK (net)
                  0.08    0.00   10.05 ^ clkbuf_0_SCK/A (sky130_fd_sc_hd__clkbuf_16)
                  0.06    0.15   10.20 ^ clkbuf_0_SCK/X (sky130_fd_sc_hd__clkbuf_16)
     4    0.04                           clknet_0_SCK (net)
                  0.06    0.00   10.20 ^ clkbuf_2_1__f_SCK/A (sky130_fd_sc_hd__clkbuf_16)
                  0.06    0.14   10.35 ^ clkbuf_2_1__f_SCK/X (sky130_fd_sc_hd__clkbuf_16)
    12    0.04                           clknet_2_1__leaf_SCK (net)
                  0.06    0.00   10.35 ^ _470_/CLK (sky130_fd_sc_hd__dfrtp_1)
                         -0.25   10.10   clock uncertainty
                          0.00   10.10   clock reconvergence pessimism
                          0.22   10.32   library recovery time
                                 10.32   data required time
-----------------------------------------------------------------------------
                                 10.32   data required time
                                 -2.61   data arrival time
-----------------------------------------------------------------------------
                                  7.71   slack (MET)


Startpoint: reset (input port clocked by SCK)
Endpoint: _471_ (recovery check against rising-edge clock SCK)
Path Group: asynchronous
Path Type: max

Fanout     Cap    Slew   Delay    Time   Description
-----------------------------------------------------------------------------
                          0.00    0.00   clock SCK (rise edge)
                          0.00    0.00   clock network delay (propagated)
                          2.00    2.00 v input external delay
                  0.01    0.00    2.00 v reset (in)
     1    0.00                           reset (net)
                  0.01    0.00    2.00 v input11/A (sky130_fd_sc_hd__clkbuf_1)
                  0.02    0.07    2.07 v input11/X (sky130_fd_sc_hd__clkbuf_1)
     1    0.00                           net11 (net)
                  0.02    0.00    2.07 v _222_/A (sky130_fd_sc_hd__buf_2)
                  0.09    0.18    2.25 v _222_/X (sky130_fd_sc_hd__buf_2)
     9    0.03                           _100_ (net)
                  0.09    0.00    2.25 v _414_/A (sky130_fd_sc_hd__clkbuf_4)
                  0.09    0.22    2.47 v _414_/X (sky130_fd_sc_hd__clkbuf_4)
    10    0.04                           _217_ (net)
                  0.09    0.00    2.48 v _423_/A (sky130_fd_sc_hd__nor2_1)
                  0.10    0.13    2.61 ^ _423_/Y (sky130_fd_sc_hd__nor2_1)
     1    0.00                           _023_ (net)
                  0.10    0.00    2.61 ^ _471_/RESET_B (sky130_fd_sc_hd__dfrtp_1)
                                  2.61   data arrival time

                         10.00   10.00   clock SCK (rise edge)
                          0.00   10.00   clock source latency
                  0.08    0.05   10.05 ^ SCK (in)
     1    0.02                           SCK (net)
                  0.08    0.00   10.05 ^ clkbuf_0_SCK/A (sky130_fd_sc_hd__clkbuf_16)
                  0.06    0.15   10.20 ^ clkbuf_0_SCK/X (sky130_fd_sc_hd__clkbuf_16)
     4    0.04                           clknet_0_SCK (net)
                  0.06    0.00   10.20 ^ clkbuf_2_1__f_SCK/A (sky130_fd_sc_hd__clkbuf_16)
                  0.06    0.14   10.35 ^ clkbuf_2_1__f_SCK/X (sky130_fd_sc_hd__clkbuf_16)
    12    0.04                           clknet_2_1__leaf_SCK (net)
                  0.06    0.00   10.35 ^ _471_/CLK (sky130_fd_sc_hd__dfrtp_1)
                         -0.25   10.10   clock uncertainty
                          0.00   10.10   clock reconvergence pessimism
                          0.22   10.32   library recovery time
                                 10.32   data required time
-----------------------------------------------------------------------------
                                 10.32   data required time
                                 -2.61   data arrival time
-----------------------------------------------------------------------------
                                  7.71   slack (MET)


Startpoint: _459_ (rising edge-triggered flip-flop clocked by SCK)
Endpoint: _466_ (rising edge-triggered flip-flop clocked by SCK)
Path Group: SCK
Path Type: max

Fanout     Cap    Slew   Delay    Time   Description
-----------------------------------------------------------------------------
                          0.00    0.00   clock SCK (rise edge)
                          0.00    0.00   clock source latency
                  0.08    0.06    0.06 ^ SCK (in)
     1    0.02                           SCK (net)
                  0.08    0.00    0.06 ^ clkbuf_0_SCK/A (sky130_fd_sc_hd__clkbuf_16)
                  0.06    0.17    0.23 ^ clkbuf_0_SCK/X (sky130_fd_sc_hd__clkbuf_16)
     4    0.04                           clknet_0_SCK (net)
                  0.06    0.00    0.23 ^ clkbuf_2_2__f_SCK/A (sky130_fd_sc_hd__clkbuf_16)
                  0.05    0.15    0.38 ^ clkbuf_2_2__f_SCK/X (sky130_fd_sc_hd__clkbuf_16)
     9    0.03                           clknet_2_2__leaf_SCK (net)
                  0.05    0.00    0.38 ^ _459_/CLK (sky130_fd_sc_hd__dfrtp_4)
                  0.09    0.54    0.92 v _459_/Q (sky130_fd_sc_hd__dfrtp_4)
     8    0.03                           addr[0] (net)
                  0.09    0.00    0.92 v _324_/D (sky130_fd_sc_hd__and4_1)
                  0.04    0.22    1.14 v _324_/X (sky130_fd_sc_hd__and4_1)
     1    0.00                           _165_ (net)
                  0.04    0.00    1.14 v _325_/A (sky130_fd_sc_hd__clkbuf_2)
                  0.10    0.16    1.30 v _325_/X (sky130_fd_sc_hd__clkbuf_2)
     7    0.02                           _166_ (net)
                  0.10    0.00    1.30 v _326_/D (sky130_fd_sc_hd__and4_1)
                  0.06    0.26    1.56 v _326_/X (sky130_fd_sc_hd__and4_1)
     2    0.01                           _167_ (net)
                  0.06    0.00    1.56 v _327_/S (sky130_fd_sc_hd__mux2_1)
                  0.05    0.32    1.88 v _327_/X (sky130_fd_sc_hd__mux2_1)
     1    0.00                           _168_ (net)
                  0.05    0.00    1.88 v _330_/A1 (sky130_fd_sc_hd__mux2_1)
                  0.05    0.30    2.18 v _330_/X (sky130_fd_sc_hd__mux2_1)
     1    0.00                           _171_ (net)
                  0.05    0.00    2.18 v _331_/A (sky130_fd_sc_hd__clkbuf_1)
                  0.02    0.09    2.28 v _331_/X (sky130_fd_sc_hd__clkbuf_1)
     1    0.00                           _073_ (net)
                  0.02    0.00    2.28 v _466_/D (sky130_fd_sc_hd__dfrtp_1)
                                  2.28   data arrival time

                         10.00   10.00   clock SCK (rise edge)
                          0.00   10.00   clock source latency
                  0.08    0.05   10.05 ^ SCK (in)
     1    0.02                           SCK (net)
                  0.08    0.00   10.05 ^ clkbuf_0_SCK/A (sky130_fd_sc_hd__clkbuf_16)
                  0.06    0.15   10.20 ^ clkbuf_0_SCK/X (sky130_fd_sc_hd__clkbuf_16)
     4    0.04                           clknet_0_SCK (net)
                  0.06    0.00   10.20 ^ clkbuf_2_0__f_SCK/A (sky130_fd_sc_hd__clkbuf_16)
                  0.05    0.13   10.34 ^ clkbuf_2_0__f_SCK/X (sky130_fd_sc_hd__clkbuf_16)
     9    0.03                           clknet_2_0__leaf_SCK (net)
                  0.05    0.00   10.34 ^ _466_/CLK (sky130_fd_sc_hd__dfrtp_1)
                         -0.25   10.09   clock uncertainty
                          0.02   10.11   clock reconvergence pessimism
                         -0.10   10.01   library setup time
                                 10.01   data required time
-----------------------------------------------------------------------------
                                 10.01   data required time
                                 -2.28   data arrival time
-----------------------------------------------------------------------------
                                  7.73   slack (MET)


Startpoint: _481_ (rising edge-triggered flip-flop clocked by SCK)
Endpoint: _481_ (rising edge-triggered flip-flop clocked by SCK)
Path Group: SCK
Path Type: max

Fanout     Cap    Slew   Delay    Time   Description
-----------------------------------------------------------------------------
                          0.00    0.00   clock SCK (rise edge)
                          0.00    0.00   clock source latency
                  0.08    0.06    0.06 ^ SCK (in)
     1    0.02                           SCK (net)
                  0.08    0.00    0.06 ^ clkbuf_0_SCK/A (sky130_fd_sc_hd__clkbuf_16)
                  0.06    0.17    0.23 ^ clkbuf_0_SCK/X (sky130_fd_sc_hd__clkbuf_16)
     4    0.04                           clknet_0_SCK (net)
                  0.06    0.00    0.23 ^ clkbuf_2_0__f_SCK/A (sky130_fd_sc_hd__clkbuf_16)
                  0.05    0.15    0.38 ^ clkbuf_2_0__f_SCK/X (sky130_fd_sc_hd__clkbuf_16)
     9    0.03                           clknet_2_0__leaf_SCK (net)
                  0.05    0.00    0.38 ^ _481_/CLK (sky130_fd_sc_hd__dfrtp_1)
                  0.05    0.39    0.77 v _481_/Q (sky130_fd_sc_hd__dfrtp_1)
     2    0.01                           net28 (net)
                  0.05    0.00    0.77 v hold19/A (sky130_fd_sc_hd__dlygate4sd3_1)
                  0.05    0.57    1.34 v hold19/X (sky130_fd_sc_hd__dlygate4sd3_1)
     1    0.00                           net67 (net)
                  0.05    0.00    1.34 v _278_/A0 (sky130_fd_sc_hd__mux2_1)
                  0.05    0.28    1.62 v _278_/X (sky130_fd_sc_hd__mux2_1)
     1    0.00                           _135_ (net)
                  0.05    0.00    1.62 v hold20/A (sky130_fd_sc_hd__dlygate4sd3_1)
                  0.05    0.57    2.20 v hold20/X (sky130_fd_sc_hd__dlygate4sd3_1)
     1    0.00                           net68 (net)
                  0.05    0.00    2.20 v _279_/A (sky130_fd_sc_hd__clkbuf_1)
                  0.02    0.09    2.29 v _279_/X (sky130_fd_sc_hd__clkbuf_1)
     1    0.00                           _088_ (net)
                  0.02    0.00    2.29 v _481_/D (sky130_fd_sc_hd__dfrtp_1)
                                  2.29   data arrival time

                         10.00   10.00   clock SCK (rise edge)
                          0.00   10.00   clock source latency
                  0.08    0.05   10.05 ^ SCK (in)
     1    0.02                           SCK (net)
                  0.08    0.00   10.05 ^ clkbuf_0_SCK/A (sky130_fd_sc_hd__clkbuf_16)
                  0.06    0.15   10.20 ^ clkbuf_0_SCK/X (sky130_fd_sc_hd__clkbuf_16)
     4    0.04                           clknet_0_SCK (net)
                  0.06    0.00   10.20 ^ clkbuf_2_0__f_SCK/A (sky130_fd_sc_hd__clkbuf_16)
                  0.05    0.13   10.34 ^ clkbuf_2_0__f_SCK/X (sky130_fd_sc_hd__clkbuf_16)
     9    0.03                           clknet_2_0__leaf_SCK (net)
                  0.05    0.00   10.34 ^ _481_/CLK (sky130_fd_sc_hd__dfrtp_1)
                         -0.25   10.09   clock uncertainty
                          0.04   10.13   clock reconvergence pessimism
                         -0.10   10.02   library setup time
                                 10.02   data required time
-----------------------------------------------------------------------------
                                 10.02   data required time
                                 -2.29   data arrival time
-----------------------------------------------------------------------------
                                  7.74   slack (MET)


Startpoint: _489_ (rising edge-triggered flip-flop clocked by SCK)
Endpoint: _457_ (rising edge-triggered flip-flop clocked by SCK)
Path Group: SCK
Path Type: max

Fanout     Cap    Slew   Delay    Time   Description
-----------------------------------------------------------------------------
                          0.00    0.00   clock SCK (rise edge)
                          0.00    0.00   clock source latency
                  0.08    0.06    0.06 ^ SCK (in)
     1    0.02                           SCK (net)
                  0.08    0.00    0.06 ^ clkbuf_0_SCK/A (sky130_fd_sc_hd__clkbuf_16)
                  0.06    0.17    0.23 ^ clkbuf_0_SCK/X (sky130_fd_sc_hd__clkbuf_16)
     4    0.04                           clknet_0_SCK (net)
                  0.06    0.00    0.23 ^ clkbuf_2_2__f_SCK/A (sky130_fd_sc_hd__clkbuf_16)
                  0.05    0.15    0.38 ^ clkbuf_2_2__f_SCK/X (sky130_fd_sc_hd__clkbuf_16)
     9    0.03                           clknet_2_2__leaf_SCK (net)
                  0.05    0.00    0.38 ^ _489_/CLK (sky130_fd_sc_hd__dfrtp_1)
                  0.15    0.42    0.80 ^ _489_/Q (sky130_fd_sc_hd__dfrtp_1)
     4    0.02                           state[3] (net)
                  0.15    0.00    0.80 ^ _310_/A (sky130_fd_sc_hd__clkbuf_4)
                  0.14    0.25    1.05 ^ _310_/X (sky130_fd_sc_hd__clkbuf_4)
    10    0.04                           _155_ (net)
                  0.14    0.00    1.05 ^ _317_/A (sky130_fd_sc_hd__inv_2)
                  0.07    0.09    1.15 v _317_/Y (sky130_fd_sc_hd__inv_2)
     6    0.02                           _161_ (net)
                  0.07    0.00    1.15 v _318_/C (sky130_fd_sc_hd__and3_2)
                  0.08    0.28    1.42 v _318_/X (sky130_fd_sc_hd__and3_2)
     4    0.02                           _162_ (net)
                  0.08    0.00    1.43 v _370_/A3 (sky130_fd_sc_hd__a31o_1)
                  0.03    0.23    1.66 v _370_/X (sky130_fd_sc_hd__a31o_1)
     1    0.00                           _064_ (net)
                  0.03    0.00    1.66 v hold2/A (sky130_fd_sc_hd__dlygate4sd3_1)
                  0.05    0.57    2.23 v hold2/X (sky130_fd_sc_hd__dlygate4sd3_1)
     1    0.00                           net50 (net)
                  0.05    0.00    2.23 v _457_/D (sky130_fd_sc_hd__dfrtp_1)
                                  2.23   data arrival time

                         10.00   10.00   clock SCK (rise edge)
                          0.00   10.00   clock source latency
                  0.08    0.05   10.05 ^ SCK (in)
     1    0.02                           SCK (net)
                  0.08    0.00   10.05 ^ clkbuf_0_SCK/A (sky130_fd_sc_hd__clkbuf_16)
                  0.06    0.15   10.20 ^ clkbuf_0_SCK/X (sky130_fd_sc_hd__clkbuf_16)
     4    0.04                           clknet_0_SCK (net)
                  0.06    0.00   10.20 ^ clkbuf_2_3__f_SCK/A (sky130_fd_sc_hd__clkbuf_16)
                  0.04    0.13   10.33 ^ clkbuf_2_3__f_SCK/X (sky130_fd_sc_hd__clkbuf_16)
     6    0.02                           clknet_2_3__leaf_SCK (net)
                  0.04    0.00   10.33 ^ _457_/CLK (sky130_fd_sc_hd__dfrtp_1)
                         -0.25   10.08   clock uncertainty
                          0.02   10.10   clock reconvergence pessimism
                         -0.12    9.99   library setup time
                                  9.99   data required time
-----------------------------------------------------------------------------
                                  9.99   data required time
                                 -2.23   data arrival time
-----------------------------------------------------------------------------
                                  7.76   slack (MET)


Startpoint: _489_ (rising edge-triggered flip-flop clocked by SCK)
Endpoint: _455_ (rising edge-triggered flip-flop clocked by SCK)
Path Group: SCK
Path Type: max

Fanout     Cap    Slew   Delay    Time   Description
-----------------------------------------------------------------------------
                          0.00    0.00   clock SCK (rise edge)
                          0.00    0.00   clock source latency
                  0.08    0.06    0.06 ^ SCK (in)
     1    0.02                           SCK (net)
                  0.08    0.00    0.06 ^ clkbuf_0_SCK/A (sky130_fd_sc_hd__clkbuf_16)
                  0.06    0.17    0.23 ^ clkbuf_0_SCK/X (sky130_fd_sc_hd__clkbuf_16)
     4    0.04                           clknet_0_SCK (net)
                  0.06    0.00    0.23 ^ clkbuf_2_2__f_SCK/A (sky130_fd_sc_hd__clkbuf_16)
                  0.05    0.15    0.38 ^ clkbuf_2_2__f_SCK/X (sky130_fd_sc_hd__clkbuf_16)
     9    0.03                           clknet_2_2__leaf_SCK (net)
                  0.05    0.00    0.38 ^ _489_/CLK (sky130_fd_sc_hd__dfrtp_1)
                  0.15    0.42    0.80 ^ _489_/Q (sky130_fd_sc_hd__dfrtp_1)
     4    0.02                           state[3] (net)
                  0.15    0.00    0.80 ^ _310_/A (sky130_fd_sc_hd__clkbuf_4)
                  0.14    0.25    1.05 ^ _310_/X (sky130_fd_sc_hd__clkbuf_4)
    10    0.04                           _155_ (net)
                  0.14    0.00    1.05 ^ _317_/A (sky130_fd_sc_hd__inv_2)
                  0.07    0.09    1.15 v _317_/Y (sky130_fd_sc_hd__inv_2)
     6    0.02                           _161_ (net)
                  0.07    0.00    1.15 v _318_/C (sky130_fd_sc_hd__and3_2)
                  0.08    0.28    1.42 v _318_/X (sky130_fd_sc_hd__and3_2)
     4    0.02                           _162_ (net)
                  0.08    0.00    1.43 v _373_/A2 (sky130_fd_sc_hd__a21o_1)
                  0.03    0.19    1.61 v _373_/X (sky130_fd_sc_hd__a21o_1)
     1    0.00                           _062_ (net)
                  0.03    0.00    1.61 v hold4/A (sky130_fd_sc_hd__dlygate4sd3_1)
                  0.05    0.57    2.18 v hold4/X (sky130_fd_sc_hd__dlygate4sd3_1)
     1    0.00                           net52 (net)
                  0.05    0.00    2.18 v _455_/D (sky130_fd_sc_hd__dfrtp_1)
                                  2.18   data arrival time

                         10.00   10.00   clock SCK (rise edge)
                          0.00   10.00   clock source latency
                  0.08    0.05   10.05 ^ SCK (in)
     1    0.02                           SCK (net)
                  0.08    0.00   10.05 ^ clkbuf_0_SCK/A (sky130_fd_sc_hd__clkbuf_16)
                  0.06    0.15   10.20 ^ clkbuf_0_SCK/X (sky130_fd_sc_hd__clkbuf_16)
     4    0.04                           clknet_0_SCK (net)
                  0.06    0.00   10.20 ^ clkbuf_2_3__f_SCK/A (sky130_fd_sc_hd__clkbuf_16)
                  0.04    0.13   10.33 ^ clkbuf_2_3__f_SCK/X (sky130_fd_sc_hd__clkbuf_16)
     6    0.02                           clknet_2_3__leaf_SCK (net)
                  0.04    0.00   10.33 ^ _455_/CLK (sky130_fd_sc_hd__dfrtp_1)
                         -0.25   10.08   clock uncertainty
                          0.02   10.10   clock reconvergence pessimism
                         -0.12    9.99   library setup time
                                  9.99   data required time
-----------------------------------------------------------------------------
                                  9.99   data required time
                                 -2.18   data arrival time
-----------------------------------------------------------------------------
                                  7.81   slack (MET)


Startpoint: _490_ (rising edge-triggered flip-flop clocked by SCK)
Endpoint: _490_ (rising edge-triggered flip-flop clocked by SCK)
Path Group: SCK
Path Type: max

Fanout     Cap    Slew   Delay    Time   Description
-----------------------------------------------------------------------------
                          0.00    0.00   clock SCK (rise edge)
                          0.00    0.00   clock source latency
                  0.08    0.06    0.06 ^ SCK (in)
     1    0.02                           SCK (net)
                  0.08    0.00    0.06 ^ clkbuf_0_SCK/A (sky130_fd_sc_hd__clkbuf_16)
                  0.06    0.17    0.23 ^ clkbuf_0_SCK/X (sky130_fd_sc_hd__clkbuf_16)
     4    0.04                           clknet_0_SCK (net)
                  0.06    0.00    0.23 ^ clkbuf_2_3__f_SCK/A (sky130_fd_sc_hd__clkbuf_16)
                  0.04    0.14    0.37 ^ clkbuf_2_3__f_SCK/X (sky130_fd_sc_hd__clkbuf_16)
     6    0.02                           clknet_2_3__leaf_SCK (net)
                  0.04    0.00    0.37 ^ _490_/CLK (sky130_fd_sc_hd__dfrtp_1)
                  0.09    0.43    0.80 v _490_/Q (sky130_fd_sc_hd__dfrtp_1)
     4    0.01                           state[4] (net)
                  0.09    0.00    0.80 v hold10/A (sky130_fd_sc_hd__dlygate4sd3_1)
                  0.06    0.61    1.40 v hold10/X (sky130_fd_sc_hd__dlygate4sd3_1)
     1    0.00                           net58 (net)
                  0.06    0.00    1.40 v _376_/B1 (sky130_fd_sc_hd__a31o_1)
                  0.03    0.19    1.59 v _376_/X (sky130_fd_sc_hd__a31o_1)
     1    0.00                           _005_ (net)
                  0.03    0.00    1.59 v hold11/A (sky130_fd_sc_hd__dlygate4sd3_1)
                  0.05    0.57    2.17 v hold11/X (sky130_fd_sc_hd__dlygate4sd3_1)
     1    0.00                           net59 (net)
                  0.05    0.00    2.17 v _490_/D (sky130_fd_sc_hd__dfrtp_1)
                                  2.17   data arrival time

                         10.00   10.00   clock SCK (rise edge)
                          0.00   10.00   clock source latency
                  0.08    0.05   10.05 ^ SCK (in)
     1    0.02                           SCK (net)
                  0.08    0.00   10.05 ^ clkbuf_0_SCK/A (sky130_fd_sc_hd__clkbuf_16)
                  0.06    0.15   10.20 ^ clkbuf_0_SCK/X (sky130_fd_sc_hd__clkbuf_16)
     4    0.04                           clknet_0_SCK (net)
                  0.06    0.00   10.20 ^ clkbuf_2_3__f_SCK/A (sky130_fd_sc_hd__clkbuf_16)
                  0.04    0.13   10.33 ^ clkbuf_2_3__f_SCK/X (sky130_fd_sc_hd__clkbuf_16)
     6    0.02                           clknet_2_3__leaf_SCK (net)
                  0.04    0.00   10.33 ^ _490_/CLK (sky130_fd_sc_hd__dfrtp_1)
                         -0.25   10.08   clock uncertainty
                          0.03   10.12   clock reconvergence pessimism
                         -0.12   10.00   library setup time
                                 10.00   data required time
-----------------------------------------------------------------------------
                                 10.00   data required time
                                 -2.17   data arrival time
-----------------------------------------------------------------------------
                                  7.83   slack (MET)


Startpoint: reset (input port clocked by SCK)
Endpoint: _486_ (recovery check against rising-edge clock SCK)
Path Group: asynchronous
Path Type: max

Fanout     Cap    Slew   Delay    Time   Description
-----------------------------------------------------------------------------
                          0.00    0.00   clock SCK (rise edge)
                          0.00    0.00   clock network delay (propagated)
                          2.00    2.00 v input external delay
                  0.01    0.00    2.00 v reset (in)
     1    0.00                           reset (net)
                  0.01    0.00    2.00 v input11/A (sky130_fd_sc_hd__clkbuf_1)
                  0.02    0.07    2.07 v input11/X (sky130_fd_sc_hd__clkbuf_1)
     1    0.00                           net11 (net)
                  0.02    0.00    2.07 v _222_/A (sky130_fd_sc_hd__buf_2)
                  0.09    0.18    2.25 v _222_/X (sky130_fd_sc_hd__buf_2)
     9    0.03                           _100_ (net)
                  0.09    0.00    2.25 v _441_/A (sky130_fd_sc_hd__nor2_1)
                  0.09    0.13    2.38 ^ _441_/Y (sky130_fd_sc_hd__nor2_1)
     1    0.00                           _040_ (net)
                  0.09    0.00    2.38 ^ _486_/SET_B (sky130_fd_sc_hd__dfstp_2)
                                  2.38   data arrival time

                         10.00   10.00   clock SCK (rise edge)
                          0.00   10.00   clock source latency
                  0.08    0.05   10.05 ^ SCK (in)
     1    0.02                           SCK (net)
                  0.08    0.00   10.05 ^ clkbuf_0_SCK/A (sky130_fd_sc_hd__clkbuf_16)
                  0.06    0.15   10.20 ^ clkbuf_0_SCK/X (sky130_fd_sc_hd__clkbuf_16)
     4    0.04                           clknet_0_SCK (net)
                  0.06    0.00   10.20 ^ clkbuf_2_0__f_SCK/A (sky130_fd_sc_hd__clkbuf_16)
                  0.05    0.13   10.34 ^ clkbuf_2_0__f_SCK/X (sky130_fd_sc_hd__clkbuf_16)
     9    0.03                           clknet_2_0__leaf_SCK (net)
                  0.05    0.00   10.34 ^ _486_/CLK (sky130_fd_sc_hd__dfstp_2)
                         -0.25   10.09   clock uncertainty
                          0.00   10.09   clock reconvergence pessimism
                          0.13   10.23   library recovery time
                                 10.23   data required time
-----------------------------------------------------------------------------
                                 10.23   data required time
                                 -2.38   data arrival time
-----------------------------------------------------------------------------
                                  7.84   slack (MET)


Startpoint: _487_ (rising edge-triggered flip-flop clocked by SCK)
Endpoint: _487_ (rising edge-triggered flip-flop clocked by SCK)
Path Group: SCK
Path Type: max

Fanout     Cap    Slew   Delay    Time   Description
-----------------------------------------------------------------------------
                          0.00    0.00   clock SCK (rise edge)
                          0.00    0.00   clock source latency
                  0.08    0.06    0.06 ^ SCK (in)
     1    0.02                           SCK (net)
                  0.08    0.00    0.06 ^ clkbuf_0_SCK/A (sky130_fd_sc_hd__clkbuf_16)
                  0.06    0.17    0.23 ^ clkbuf_0_SCK/X (sky130_fd_sc_hd__clkbuf_16)
     4    0.04                           clknet_0_SCK (net)
                  0.06    0.00    0.23 ^ clkbuf_2_2__f_SCK/A (sky130_fd_sc_hd__clkbuf_16)
                  0.05    0.15    0.38 ^ clkbuf_2_2__f_SCK/X (sky130_fd_sc_hd__clkbuf_16)
     9    0.03                           clknet_2_2__leaf_SCK (net)
                  0.05    0.00    0.38 ^ _487_/CLK (sky130_fd_sc_hd__dfrtp_1)
                  0.07    0.41    0.78 v _487_/Q (sky130_fd_sc_hd__dfrtp_1)
     3    0.01                           state[1] (net)
                  0.07    0.00    0.78 v hold7/A (sky130_fd_sc_hd__dlygate4sd3_1)
                  0.06    0.59    1.37 v hold7/X (sky130_fd_sc_hd__dlygate4sd3_1)
     1    0.00                           net55 (net)
                  0.06    0.00    1.37 v _377_/B1 (sky130_fd_sc_hd__a41o_1)
                  0.04    0.21    1.58 v _377_/X (sky130_fd_sc_hd__a41o_1)
     1    0.00                           _002_ (net)
                  0.04    0.00    1.58 v hold8/A (sky130_fd_sc_hd__dlygate4sd3_1)
                  0.05    0.57    2.16 v hold8/X (sky130_fd_sc_hd__dlygate4sd3_1)
     1    0.00                           net56 (net)
                  0.05    0.00    2.16 v _487_/D (sky130_fd_sc_hd__dfrtp_1)
                                  2.16   data arrival time

                         10.00   10.00   clock SCK (rise edge)
                          0.00   10.00   clock source latency
                  0.08    0.05   10.05 ^ SCK (in)
     1    0.02                           SCK (net)
                  0.08    0.00   10.05 ^ clkbuf_0_SCK/A (sky130_fd_sc_hd__clkbuf_16)
                  0.06    0.15   10.20 ^ clkbuf_0_SCK/X (sky130_fd_sc_hd__clkbuf_16)
     4    0.04                           clknet_0_SCK (net)
                  0.06    0.00   10.20 ^ clkbuf_2_2__f_SCK/A (sky130_fd_sc_hd__clkbuf_16)
                  0.05    0.14   10.34 ^ clkbuf_2_2__f_SCK/X (sky130_fd_sc_hd__clkbuf_16)
     9    0.03                           clknet_2_2__leaf_SCK (net)
                  0.05    0.00   10.34 ^ _487_/CLK (sky130_fd_sc_hd__dfrtp_1)
                         -0.25   10.09   clock uncertainty
                          0.04   10.13   clock reconvergence pessimism
                         -0.12   10.01   library setup time
                                 10.01   data required time
-----------------------------------------------------------------------------
                                 10.01   data required time
                                 -2.16   data arrival time
-----------------------------------------------------------------------------
                                  7.86   slack (MET)


Startpoint: _488_ (rising edge-triggered flip-flop clocked by SCK)
Endpoint: _474_ (rising edge-triggered flip-flop clocked by SCK)
Path Group: SCK
Path Type: max

Fanout     Cap    Slew   Delay    Time   Description
-----------------------------------------------------------------------------
                          0.00    0.00   clock SCK (rise edge)
                          0.00    0.00   clock source latency
                  0.08    0.06    0.06 ^ SCK (in)
     1    0.02                           SCK (net)
                  0.08    0.00    0.06 ^ clkbuf_0_SCK/A (sky130_fd_sc_hd__clkbuf_16)
                  0.06    0.17    0.23 ^ clkbuf_0_SCK/X (sky130_fd_sc_hd__clkbuf_16)
     4    0.04                           clknet_0_SCK (net)
                  0.06    0.00    0.23 ^ clkbuf_2_2__f_SCK/A (sky130_fd_sc_hd__clkbuf_16)
                  0.05    0.15    0.38 ^ clkbuf_2_2__f_SCK/X (sky130_fd_sc_hd__clkbuf_16)
     9    0.03                           clknet_2_2__leaf_SCK (net)
                  0.05    0.00    0.38 ^ _488_/CLK (sky130_fd_sc_hd__dfrtp_4)
                  0.15    0.51    0.89 ^ _488_/Q (sky130_fd_sc_hd__dfrtp_4)
     8    0.04                           state[2] (net)
                  0.15    0.00    0.89 ^ _277_/C_N (sky130_fd_sc_hd__nor3b_2)
                  0.29    0.33    1.22 ^ _277_/Y (sky130_fd_sc_hd__nor3b_2)
     3    0.02                           _134_ (net)
                  0.29    0.00    1.22 ^ max_cap38/A (sky130_fd_sc_hd__buf_2)
                  0.16    0.27    1.50 ^ max_cap38/X (sky130_fd_sc_hd__buf_2)
     6    0.03                           net38 (net)
                  0.16    0.00    1.50 ^ _293_/B1 (sky130_fd_sc_hd__a32o_1)
                  0.17    0.25    1.75 ^ _293_/X (sky130_fd_sc_hd__a32o_1)
     5    0.02                           _143_ (net)
                  0.17    0.00    1.75 ^ _294_/B (sky130_fd_sc_hd__nand2_1)
                  0.06    0.10    1.84 v _294_/Y (sky130_fd_sc_hd__nand2_1)
     2    0.01                           _144_ (net)
                  0.06    0.00    1.84 v _298_/A2 (sky130_fd_sc_hd__o31a_1)
                  0.05    0.29    2.14 v _298_/X (sky130_fd_sc_hd__o31a_1)
     1    0.00                           _081_ (net)
                  0.05    0.00    2.14 v _474_/D (sky130_fd_sc_hd__dfrtp_1)
                                  2.14   data arrival time

                         10.00   10.00   clock SCK (rise edge)
                          0.00   10.00   clock source latency
                  0.08    0.05   10.05 ^ SCK (in)
     1    0.02                           SCK (net)
                  0.08    0.00   10.05 ^ clkbuf_0_SCK/A (sky130_fd_sc_hd__clkbuf_16)
                  0.06    0.15   10.20 ^ clkbuf_0_SCK/X (sky130_fd_sc_hd__clkbuf_16)
     4    0.04                           clknet_0_SCK (net)
                  0.06    0.00   10.20 ^ clkbuf_2_0__f_SCK/A (sky130_fd_sc_hd__clkbuf_16)
                  0.05    0.13   10.34 ^ clkbuf_2_0__f_SCK/X (sky130_fd_sc_hd__clkbuf_16)
     9    0.03                           clknet_2_0__leaf_SCK (net)
                  0.05    0.00   10.34 ^ _474_/CLK (sky130_fd_sc_hd__dfrtp_1)
                         -0.25   10.09   clock uncertainty
                          0.02   10.11   clock reconvergence pessimism
                         -0.12   10.00   library setup time
                                 10.00   data required time
-----------------------------------------------------------------------------
                                 10.00   data required time
                                 -2.14   data arrival time
-----------------------------------------------------------------------------
                                  7.86   slack (MET)


Startpoint: _459_ (rising edge-triggered flip-flop clocked by SCK)
Endpoint: _464_ (rising edge-triggered flip-flop clocked by SCK)
Path Group: SCK
Path Type: max

Fanout     Cap    Slew   Delay    Time   Description
-----------------------------------------------------------------------------
                          0.00    0.00   clock SCK (rise edge)
                          0.00    0.00   clock source latency
                  0.08    0.06    0.06 ^ SCK (in)
     1    0.02                           SCK (net)
                  0.08    0.00    0.06 ^ clkbuf_0_SCK/A (sky130_fd_sc_hd__clkbuf_16)
                  0.06    0.17    0.23 ^ clkbuf_0_SCK/X (sky130_fd_sc_hd__clkbuf_16)
     4    0.04                           clknet_0_SCK (net)
                  0.06    0.00    0.23 ^ clkbuf_2_2__f_SCK/A (sky130_fd_sc_hd__clkbuf_16)
                  0.05    0.15    0.38 ^ clkbuf_2_2__f_SCK/X (sky130_fd_sc_hd__clkbuf_16)
     9    0.03                           clknet_2_2__leaf_SCK (net)
                  0.05    0.00    0.38 ^ _459_/CLK (sky130_fd_sc_hd__dfrtp_4)
                  0.09    0.54    0.92 v _459_/Q (sky130_fd_sc_hd__dfrtp_4)
     8    0.03                           addr[0] (net)
                  0.09    0.00    0.92 v _324_/D (sky130_fd_sc_hd__and4_1)
                  0.04    0.22    1.14 v _324_/X (sky130_fd_sc_hd__and4_1)
     1    0.00                           _165_ (net)
                  0.04    0.00    1.14 v _325_/A (sky130_fd_sc_hd__clkbuf_2)
                  0.10    0.16    1.30 v _325_/X (sky130_fd_sc_hd__clkbuf_2)
     7    0.02                           _166_ (net)
                  0.10    0.00    1.30 v _338_/A2 (sky130_fd_sc_hd__a21oi_1)
                  0.09    0.15    1.46 ^ _338_/Y (sky130_fd_sc_hd__a21oi_1)
     1    0.00                           _177_ (net)
                  0.09    0.00    1.46 ^ _340_/A1_N (sky130_fd_sc_hd__a2bb2o_1)
                  0.05    0.29    1.75 v _340_/X (sky130_fd_sc_hd__a2bb2o_1)
     1    0.00                           _179_ (net)
                  0.05    0.00    1.75 v _341_/A1 (sky130_fd_sc_hd__mux2_1)
                  0.05    0.30    2.05 v _341_/X (sky130_fd_sc_hd__mux2_1)
     1    0.00                           _180_ (net)
                  0.05    0.00    2.05 v _342_/A (sky130_fd_sc_hd__clkbuf_1)
                  0.02    0.09    2.14 v _342_/X (sky130_fd_sc_hd__clkbuf_1)
     1    0.00                           _071_ (net)
                  0.02    0.00    2.14 v _464_/D (sky130_fd_sc_hd__dfrtp_2)
                                  2.14   data arrival time

                         10.00   10.00   clock SCK (rise edge)
                          0.00   10.00   clock source latency
                  0.08    0.05   10.05 ^ SCK (in)
     1    0.02                           SCK (net)
                  0.08    0.00   10.05 ^ clkbuf_0_SCK/A (sky130_fd_sc_hd__clkbuf_16)
                  0.06    0.15   10.20 ^ clkbuf_0_SCK/X (sky130_fd_sc_hd__clkbuf_16)
     4    0.04                           clknet_0_SCK (net)
                  0.06    0.00   10.20 ^ clkbuf_2_0__f_SCK/A (sky130_fd_sc_hd__clkbuf_16)
                  0.05    0.13   10.34 ^ clkbuf_2_0__f_SCK/X (sky130_fd_sc_hd__clkbuf_16)
     9    0.03                           clknet_2_0__leaf_SCK (net)
                  0.05    0.00   10.34 ^ _464_/CLK (sky130_fd_sc_hd__dfrtp_2)
                         -0.25   10.09   clock uncertainty
                          0.02   10.11   clock reconvergence pessimism
                         -0.10   10.01   library setup time
                                 10.01   data required time
-----------------------------------------------------------------------------
                                 10.01   data required time
                                 -2.14   data arrival time
-----------------------------------------------------------------------------
                                  7.86   slack (MET)


Startpoint: _468_ (rising edge-triggered flip-flop clocked by SCK)
Endpoint: _463_ (rising edge-triggered flip-flop clocked by SCK)
Path Group: SCK
Path Type: max

Fanout     Cap    Slew   Delay    Time   Description
-----------------------------------------------------------------------------
                          0.00    0.00   clock SCK (rise edge)
                          0.00    0.00   clock source latency
                  0.08    0.06    0.06 ^ SCK (in)
     1    0.02                           SCK (net)
                  0.08    0.00    0.06 ^ clkbuf_0_SCK/A (sky130_fd_sc_hd__clkbuf_16)
                  0.06    0.17    0.23 ^ clkbuf_0_SCK/X (sky130_fd_sc_hd__clkbuf_16)
     4    0.04                           clknet_0_SCK (net)
                  0.06    0.00    0.23 ^ clkbuf_2_1__f_SCK/A (sky130_fd_sc_hd__clkbuf_16)
                  0.06    0.16    0.38 ^ clkbuf_2_1__f_SCK/X (sky130_fd_sc_hd__clkbuf_16)
    12    0.04                           clknet_2_1__leaf_SCK (net)
                  0.06    0.00    0.38 ^ _468_/CLK (sky130_fd_sc_hd__dfrtp_4)
                  0.09    0.55    0.93 v _468_/Q (sky130_fd_sc_hd__dfrtp_4)
     9    0.03                           count[1] (net)
                  0.09    0.00    0.93 v _261_/B (sky130_fd_sc_hd__and3_1)
                  0.03    0.18    1.11 v _261_/X (sky130_fd_sc_hd__and3_1)
     1    0.00                           _122_ (net)
                  0.03    0.00    1.11 v _262_/A (sky130_fd_sc_hd__buf_2)
                  0.09    0.18    1.30 v _262_/X (sky130_fd_sc_hd__buf_2)
     8    0.03                           _123_ (net)
                  0.09    0.00    1.30 v _328_/C1 (sky130_fd_sc_hd__o311a_1)
                  0.06    0.14    1.43 v _328_/X (sky130_fd_sc_hd__o311a_1)
     1    0.00                           _169_ (net)
                  0.06    0.00    1.43 v _329_/A2 (sky130_fd_sc_hd__o21a_4)
                  0.08    0.26    1.70 v _329_/X (sky130_fd_sc_hd__o21a_4)
     8    0.04                           _170_ (net)
                  0.08    0.00    1.70 v _346_/S (sky130_fd_sc_hd__mux2_1)
                  0.06    0.34    2.03 v _346_/X (sky130_fd_sc_hd__mux2_1)
     1    0.00                           _184_ (net)
                  0.06    0.00    2.03 v _347_/A (sky130_fd_sc_hd__clkbuf_1)
                  0.03    0.10    2.13 v _347_/X (sky130_fd_sc_hd__clkbuf_1)
     1    0.00                           _070_ (net)
                  0.03    0.00    2.13 v _463_/D (sky130_fd_sc_hd__dfrtp_4)
                                  2.13   data arrival time

                         10.00   10.00   clock SCK (rise edge)
                          0.00   10.00   clock source latency
                  0.08    0.05   10.05 ^ SCK (in)
     1    0.02                           SCK (net)
                  0.08    0.00   10.05 ^ clkbuf_0_SCK/A (sky130_fd_sc_hd__clkbuf_16)
                  0.06    0.15   10.20 ^ clkbuf_0_SCK/X (sky130_fd_sc_hd__clkbuf_16)
     4    0.04                           clknet_0_SCK (net)
                  0.06    0.00   10.20 ^ clkbuf_2_2__f_SCK/A (sky130_fd_sc_hd__clkbuf_16)
                  0.05    0.14   10.34 ^ clkbuf_2_2__f_SCK/X (sky130_fd_sc_hd__clkbuf_16)
     9    0.03                           clknet_2_2__leaf_SCK (net)
                  0.05    0.00   10.34 ^ _463_/CLK (sky130_fd_sc_hd__dfrtp_4)
                         -0.25   10.09   clock uncertainty
                          0.02   10.11   clock reconvergence pessimism
                         -0.10   10.01   library setup time
                                 10.01   data required time
-----------------------------------------------------------------------------
                                 10.01   data required time
                                 -2.13   data arrival time
-----------------------------------------------------------------------------
                                  7.88   slack (MET)


Startpoint: _468_ (rising edge-triggered flip-flop clocked by SCK)
Endpoint: _462_ (rising edge-triggered flip-flop clocked by SCK)
Path Group: SCK
Path Type: max

Fanout     Cap    Slew   Delay    Time   Description
-----------------------------------------------------------------------------
                          0.00    0.00   clock SCK (rise edge)
                          0.00    0.00   clock source latency
                  0.08    0.06    0.06 ^ SCK (in)
     1    0.02                           SCK (net)
                  0.08    0.00    0.06 ^ clkbuf_0_SCK/A (sky130_fd_sc_hd__clkbuf_16)
                  0.06    0.17    0.23 ^ clkbuf_0_SCK/X (sky130_fd_sc_hd__clkbuf_16)
     4    0.04                           clknet_0_SCK (net)
                  0.06    0.00    0.23 ^ clkbuf_2_1__f_SCK/A (sky130_fd_sc_hd__clkbuf_16)
                  0.06    0.16    0.38 ^ clkbuf_2_1__f_SCK/X (sky130_fd_sc_hd__clkbuf_16)
    12    0.04                           clknet_2_1__leaf_SCK (net)
                  0.06    0.00    0.38 ^ _468_/CLK (sky130_fd_sc_hd__dfrtp_4)
                  0.09    0.55    0.93 v _468_/Q (sky130_fd_sc_hd__dfrtp_4)
     9    0.03                           count[1] (net)
                  0.09    0.00    0.93 v _261_/B (sky130_fd_sc_hd__and3_1)
                  0.03    0.18    1.11 v _261_/X (sky130_fd_sc_hd__and3_1)
     1    0.00                           _122_ (net)
                  0.03    0.00    1.11 v _262_/A (sky130_fd_sc_hd__buf_2)
                  0.09    0.18    1.30 v _262_/X (sky130_fd_sc_hd__buf_2)
     8    0.03                           _123_ (net)
                  0.09    0.00    1.30 v _328_/C1 (sky130_fd_sc_hd__o311a_1)
                  0.06    0.14    1.43 v _328_/X (sky130_fd_sc_hd__o311a_1)
     1    0.00                           _169_ (net)
                  0.06    0.00    1.43 v _329_/A2 (sky130_fd_sc_hd__o21a_4)
                  0.08    0.26    1.70 v _329_/X (sky130_fd_sc_hd__o21a_4)
     8    0.04                           _170_ (net)
                  0.08    0.00    1.70 v _351_/S (sky130_fd_sc_hd__mux2_1)
                  0.05    0.33    2.03 v _351_/X (sky130_fd_sc_hd__mux2_1)
     1    0.00                           _188_ (net)
                  0.05    0.00    2.03 v _352_/A (sky130_fd_sc_hd__clkbuf_1)
                  0.03    0.09    2.12 v _352_/X (sky130_fd_sc_hd__clkbuf_1)
     1    0.00                           _069_ (net)
                  0.03    0.00    2.12 v _462_/D (sky130_fd_sc_hd__dfrtp_2)
                                  2.12   data arrival time

                         10.00   10.00   clock SCK (rise edge)
                          0.00   10.00   clock source latency
                  0.08    0.05   10.05 ^ SCK (in)
     1    0.02                           SCK (net)
                  0.08    0.00   10.05 ^ clkbuf_0_SCK/A (sky130_fd_sc_hd__clkbuf_16)
                  0.06    0.15   10.20 ^ clkbuf_0_SCK/X (sky130_fd_sc_hd__clkbuf_16)
     4    0.04                           clknet_0_SCK (net)
                  0.06    0.00   10.20 ^ clkbuf_2_2__f_SCK/A (sky130_fd_sc_hd__clkbuf_16)
                  0.05    0.14   10.34 ^ clkbuf_2_2__f_SCK/X (sky130_fd_sc_hd__clkbuf_16)
     9    0.03                           clknet_2_2__leaf_SCK (net)
                  0.05    0.00   10.34 ^ _462_/CLK (sky130_fd_sc_hd__dfrtp_2)
                         -0.25   10.09   clock uncertainty
                          0.02   10.11   clock reconvergence pessimism
                         -0.10   10.01   library setup time
                                 10.01   data required time
-----------------------------------------------------------------------------
                                 10.01   data required time
                                 -2.12   data arrival time
-----------------------------------------------------------------------------
                                  7.89   slack (MET)


Startpoint: _468_ (rising edge-triggered flip-flop clocked by SCK)
Endpoint: _460_ (rising edge-triggered flip-flop clocked by SCK)
Path Group: SCK
Path Type: max

Fanout     Cap    Slew   Delay    Time   Description
-----------------------------------------------------------------------------
                          0.00    0.00   clock SCK (rise edge)
                          0.00    0.00   clock source latency
                  0.08    0.06    0.06 ^ SCK (in)
     1    0.02                           SCK (net)
                  0.08    0.00    0.06 ^ clkbuf_0_SCK/A (sky130_fd_sc_hd__clkbuf_16)
                  0.06    0.17    0.23 ^ clkbuf_0_SCK/X (sky130_fd_sc_hd__clkbuf_16)
     4    0.04                           clknet_0_SCK (net)
                  0.06    0.00    0.23 ^ clkbuf_2_1__f_SCK/A (sky130_fd_sc_hd__clkbuf_16)
                  0.06    0.16    0.38 ^ clkbuf_2_1__f_SCK/X (sky130_fd_sc_hd__clkbuf_16)
    12    0.04                           clknet_2_1__leaf_SCK (net)
                  0.06    0.00    0.38 ^ _468_/CLK (sky130_fd_sc_hd__dfrtp_4)
                  0.09    0.55    0.93 v _468_/Q (sky130_fd_sc_hd__dfrtp_4)
     9    0.03                           count[1] (net)
                  0.09    0.00    0.93 v _261_/B (sky130_fd_sc_hd__and3_1)
                  0.03    0.18    1.11 v _261_/X (sky130_fd_sc_hd__and3_1)
     1    0.00                           _122_ (net)
                  0.03    0.00    1.11 v _262_/A (sky130_fd_sc_hd__buf_2)
                  0.09    0.18    1.30 v _262_/X (sky130_fd_sc_hd__buf_2)
     8    0.03                           _123_ (net)
                  0.09    0.00    1.30 v _328_/C1 (sky130_fd_sc_hd__o311a_1)
                  0.06    0.14    1.43 v _328_/X (sky130_fd_sc_hd__o311a_1)
     1    0.00                           _169_ (net)
                  0.06    0.00    1.43 v _329_/A2 (sky130_fd_sc_hd__o21a_4)
                  0.08    0.26    1.70 v _329_/X (sky130_fd_sc_hd__o21a_4)
     8    0.04                           _170_ (net)
                  0.08    0.00    1.70 v _360_/S (sky130_fd_sc_hd__mux2_1)
                  0.05    0.33    2.03 v _360_/X (sky130_fd_sc_hd__mux2_1)
     1    0.00                           _195_ (net)
                  0.05    0.00    2.03 v _361_/A (sky130_fd_sc_hd__clkbuf_1)
                  0.02    0.09    2.12 v _361_/X (sky130_fd_sc_hd__clkbuf_1)
     1    0.00                           _067_ (net)
                  0.02    0.00    2.12 v _460_/D (sky130_fd_sc_hd__dfrtp_4)
                                  2.12   data arrival time

                         10.00   10.00   clock SCK (rise edge)
                          0.00   10.00   clock source latency
                  0.08    0.05   10.05 ^ SCK (in)
     1    0.02                           SCK (net)
                  0.08    0.00   10.05 ^ clkbuf_0_SCK/A (sky130_fd_sc_hd__clkbuf_16)
                  0.06    0.15   10.20 ^ clkbuf_0_SCK/X (sky130_fd_sc_hd__clkbuf_16)
     4    0.04                           clknet_0_SCK (net)
                  0.06    0.00   10.20 ^ clkbuf_2_2__f_SCK/A (sky130_fd_sc_hd__clkbuf_16)
                  0.05    0.14   10.34 ^ clkbuf_2_2__f_SCK/X (sky130_fd_sc_hd__clkbuf_16)
     9    0.03                           clknet_2_2__leaf_SCK (net)
                  0.05    0.00   10.34 ^ _460_/CLK (sky130_fd_sc_hd__dfrtp_4)
                         -0.25   10.09   clock uncertainty
                          0.02   10.11   clock reconvergence pessimism
                         -0.10   10.01   library setup time
                                 10.01   data required time
-----------------------------------------------------------------------------
                                 10.01   data required time
                                 -2.12   data arrival time
-----------------------------------------------------------------------------
                                  7.89   slack (MET)


Startpoint: reset (input port clocked by SCK)
Endpoint: _490_ (recovery check against rising-edge clock SCK)
Path Group: asynchronous
Path Type: max

Fanout     Cap    Slew   Delay    Time   Description
-----------------------------------------------------------------------------
                          0.00    0.00   clock SCK (rise edge)
                          0.00    0.00   clock network delay (propagated)
                          2.00    2.00 v input external delay
                  0.01    0.00    2.00 v reset (in)
     1    0.00                           reset (net)
                  0.01    0.00    2.00 v input11/A (sky130_fd_sc_hd__clkbuf_1)
                  0.02    0.07    2.07 v input11/X (sky130_fd_sc_hd__clkbuf_1)
     1    0.00                           net11 (net)
                  0.02    0.00    2.07 v _222_/A (sky130_fd_sc_hd__buf_2)
                  0.09    0.18    2.25 v _222_/X (sky130_fd_sc_hd__buf_2)
     9    0.03                           _100_ (net)
                  0.09    0.00    2.25 v _445_/A (sky130_fd_sc_hd__nor2_1)
                  0.12    0.15    2.40 ^ _445_/Y (sky130_fd_sc_hd__nor2_1)
     1    0.01                           _044_ (net)
                  0.12    0.00    2.40 ^ _490_/RESET_B (sky130_fd_sc_hd__dfrtp_1)
                                  2.40   data arrival time

                         10.00   10.00   clock SCK (rise edge)
                          0.00   10.00   clock source latency
                  0.08    0.05   10.05 ^ SCK (in)
     1    0.02                           SCK (net)
                  0.08    0.00   10.05 ^ clkbuf_0_SCK/A (sky130_fd_sc_hd__clkbuf_16)
                  0.06    0.15   10.20 ^ clkbuf_0_SCK/X (sky130_fd_sc_hd__clkbuf_16)
     4    0.04                           clknet_0_SCK (net)
                  0.06    0.00   10.20 ^ clkbuf_2_3__f_SCK/A (sky130_fd_sc_hd__clkbuf_16)
                  0.04    0.13   10.33 ^ clkbuf_2_3__f_SCK/X (sky130_fd_sc_hd__clkbuf_16)
     6    0.02                           clknet_2_3__leaf_SCK (net)
                  0.04    0.00   10.33 ^ _490_/CLK (sky130_fd_sc_hd__dfrtp_1)
                         -0.25   10.08   clock uncertainty
                          0.00   10.08   clock reconvergence pessimism
                          0.21   10.29   library recovery time
                                 10.29   data required time
-----------------------------------------------------------------------------
                                 10.29   data required time
                                 -2.40   data arrival time
-----------------------------------------------------------------------------
                                  7.89   slack (MET)


Startpoint: _468_ (rising edge-triggered flip-flop clocked by SCK)
Endpoint: _461_ (rising edge-triggered flip-flop clocked by SCK)
Path Group: SCK
Path Type: max

Fanout     Cap    Slew   Delay    Time   Description
-----------------------------------------------------------------------------
                          0.00    0.00   clock SCK (rise edge)
                          0.00    0.00   clock source latency
                  0.08    0.06    0.06 ^ SCK (in)
     1    0.02                           SCK (net)
                  0.08    0.00    0.06 ^ clkbuf_0_SCK/A (sky130_fd_sc_hd__clkbuf_16)
                  0.06    0.17    0.23 ^ clkbuf_0_SCK/X (sky130_fd_sc_hd__clkbuf_16)
     4    0.04                           clknet_0_SCK (net)
                  0.06    0.00    0.23 ^ clkbuf_2_1__f_SCK/A (sky130_fd_sc_hd__clkbuf_16)
                  0.06    0.16    0.38 ^ clkbuf_2_1__f_SCK/X (sky130_fd_sc_hd__clkbuf_16)
    12    0.04                           clknet_2_1__leaf_SCK (net)
                  0.06    0.00    0.38 ^ _468_/CLK (sky130_fd_sc_hd__dfrtp_4)
                  0.09    0.55    0.93 v _468_/Q (sky130_fd_sc_hd__dfrtp_4)
     9    0.03                           count[1] (net)
                  0.09    0.00    0.93 v _261_/B (sky130_fd_sc_hd__and3_1)
                  0.03    0.18    1.11 v _261_/X (sky130_fd_sc_hd__and3_1)
     1    0.00                           _122_ (net)
                  0.03    0.00    1.11 v _262_/A (sky130_fd_sc_hd__buf_2)
                  0.09    0.18    1.30 v _262_/X (sky130_fd_sc_hd__buf_2)
     8    0.03                           _123_ (net)
                  0.09    0.00    1.30 v _328_/C1 (sky130_fd_sc_hd__o311a_1)
                  0.06    0.14    1.43 v _328_/X (sky130_fd_sc_hd__o311a_1)
     1    0.00                           _169_ (net)
                  0.06    0.00    1.43 v _329_/A2 (sky130_fd_sc_hd__o21a_4)
                  0.08    0.26    1.70 v _329_/X (sky130_fd_sc_hd__o21a_4)
     8    0.04                           _170_ (net)
                  0.08    0.00    1.70 v _356_/S (sky130_fd_sc_hd__mux2_1)
                  0.05    0.33    2.03 v _356_/X (sky130_fd_sc_hd__mux2_1)
     1    0.00                           _192_ (net)
                  0.05    0.00    2.03 v _357_/A (sky130_fd_sc_hd__clkbuf_1)
                  0.02    0.09    2.12 v _357_/X (sky130_fd_sc_hd__clkbuf_1)
     1    0.00                           _068_ (net)
                  0.02    0.00    2.12 v _461_/D (sky130_fd_sc_hd__dfrtp_4)
                                  2.12   data arrival time

                         10.00   10.00   clock SCK (rise edge)
                          0.00   10.00   clock source latency
                  0.08    0.05   10.05 ^ SCK (in)
     1    0.02                           SCK (net)
                  0.08    0.00   10.05 ^ clkbuf_0_SCK/A (sky130_fd_sc_hd__clkbuf_16)
                  0.06    0.15   10.20 ^ clkbuf_0_SCK/X (sky130_fd_sc_hd__clkbuf_16)
     4    0.04                           clknet_0_SCK (net)
                  0.06    0.00   10.20 ^ clkbuf_2_2__f_SCK/A (sky130_fd_sc_hd__clkbuf_16)
                  0.05    0.14   10.34 ^ clkbuf_2_2__f_SCK/X (sky130_fd_sc_hd__clkbuf_16)
     9    0.03                           clknet_2_2__leaf_SCK (net)
                  0.05    0.00   10.34 ^ _461_/CLK (sky130_fd_sc_hd__dfrtp_4)
                         -0.25   10.09   clock uncertainty
                          0.02   10.11   clock reconvergence pessimism
                         -0.10   10.01   library setup time
                                 10.01   data required time
-----------------------------------------------------------------------------
                                 10.01   data required time
                                 -2.12   data arrival time
-----------------------------------------------------------------------------
                                  7.89   slack (MET)


Startpoint: _468_ (rising edge-triggered flip-flop clocked by SCK)
Endpoint: _465_ (rising edge-triggered flip-flop clocked by SCK)
Path Group: SCK
Path Type: max

Fanout     Cap    Slew   Delay    Time   Description
-----------------------------------------------------------------------------
                          0.00    0.00   clock SCK (rise edge)
                          0.00    0.00   clock source latency
                  0.08    0.06    0.06 ^ SCK (in)
     1    0.02                           SCK (net)
                  0.08    0.00    0.06 ^ clkbuf_0_SCK/A (sky130_fd_sc_hd__clkbuf_16)
                  0.06    0.17    0.23 ^ clkbuf_0_SCK/X (sky130_fd_sc_hd__clkbuf_16)
     4    0.04                           clknet_0_SCK (net)
                  0.06    0.00    0.23 ^ clkbuf_2_1__f_SCK/A (sky130_fd_sc_hd__clkbuf_16)
                  0.06    0.16    0.38 ^ clkbuf_2_1__f_SCK/X (sky130_fd_sc_hd__clkbuf_16)
    12    0.04                           clknet_2_1__leaf_SCK (net)
                  0.06    0.00    0.38 ^ _468_/CLK (sky130_fd_sc_hd__dfrtp_4)
                  0.09    0.55    0.93 v _468_/Q (sky130_fd_sc_hd__dfrtp_4)
     9    0.03                           count[1] (net)
                  0.09    0.00    0.93 v _261_/B (sky130_fd_sc_hd__and3_1)
                  0.03    0.18    1.11 v _261_/X (sky130_fd_sc_hd__and3_1)
     1    0.00                           _122_ (net)
                  0.03    0.00    1.11 v _262_/A (sky130_fd_sc_hd__buf_2)
                  0.09    0.18    1.30 v _262_/X (sky130_fd_sc_hd__buf_2)
     8    0.03                           _123_ (net)
                  0.09    0.00    1.30 v _328_/C1 (sky130_fd_sc_hd__o311a_1)
                  0.06    0.14    1.43 v _328_/X (sky130_fd_sc_hd__o311a_1)
     1    0.00                           _169_ (net)
                  0.06    0.00    1.43 v _329_/A2 (sky130_fd_sc_hd__o21a_4)
                  0.08    0.26    1.70 v _329_/X (sky130_fd_sc_hd__o21a_4)
     8    0.04                           _170_ (net)
                  0.08    0.00    1.70 v _336_/S (sky130_fd_sc_hd__mux2_1)
                  0.05    0.33    2.03 v _336_/X (sky130_fd_sc_hd__mux2_1)
     1    0.00                           _176_ (net)
                  0.05    0.00    2.03 v _337_/A (sky130_fd_sc_hd__clkbuf_1)
                  0.02    0.09    2.12 v _337_/X (sky130_fd_sc_hd__clkbuf_1)
     1    0.00                           _072_ (net)
                  0.02    0.00    2.12 v _465_/D (sky130_fd_sc_hd__dfrtp_1)
                                  2.12   data arrival time

                         10.00   10.00   clock SCK (rise edge)
                          0.00   10.00   clock source latency
                  0.08    0.05   10.05 ^ SCK (in)
     1    0.02                           SCK (net)
                  0.08    0.00   10.05 ^ clkbuf_0_SCK/A (sky130_fd_sc_hd__clkbuf_16)
                  0.06    0.15   10.20 ^ clkbuf_0_SCK/X (sky130_fd_sc_hd__clkbuf_16)
     4    0.04                           clknet_0_SCK (net)
                  0.06    0.00   10.20 ^ clkbuf_2_0__f_SCK/A (sky130_fd_sc_hd__clkbuf_16)
                  0.05    0.13   10.34 ^ clkbuf_2_0__f_SCK/X (sky130_fd_sc_hd__clkbuf_16)
     9    0.03                           clknet_2_0__leaf_SCK (net)
                  0.05    0.00   10.34 ^ _465_/CLK (sky130_fd_sc_hd__dfrtp_1)
                         -0.25   10.09   clock uncertainty
                          0.02   10.11   clock reconvergence pessimism
                         -0.10   10.01   library setup time
                                 10.01   data required time
-----------------------------------------------------------------------------
                                 10.01   data required time
                                 -2.12   data arrival time
-----------------------------------------------------------------------------
                                  7.89   slack (MET)


Startpoint: reset (input port clocked by SCK)
Endpoint: _488_ (recovery check against rising-edge clock SCK)
Path Group: asynchronous
Path Type: max

Fanout     Cap    Slew   Delay    Time   Description
-----------------------------------------------------------------------------
                          0.00    0.00   clock SCK (rise edge)
                          0.00    0.00   clock network delay (propagated)
                          2.00    2.00 v input external delay
                  0.01    0.00    2.00 v reset (in)
     1    0.00                           reset (net)
                  0.01    0.00    2.00 v input11/A (sky130_fd_sc_hd__clkbuf_1)
                  0.02    0.07    2.07 v input11/X (sky130_fd_sc_hd__clkbuf_1)
     1    0.00                           net11 (net)
                  0.02    0.00    2.07 v _222_/A (sky130_fd_sc_hd__buf_2)
                  0.09    0.18    2.25 v _222_/X (sky130_fd_sc_hd__buf_2)
     9    0.03                           _100_ (net)
                  0.09    0.00    2.25 v _443_/A (sky130_fd_sc_hd__nor2_1)
                  0.10    0.14    2.39 ^ _443_/Y (sky130_fd_sc_hd__nor2_1)
     1    0.00                           _042_ (net)
                  0.10    0.00    2.39 ^ _488_/RESET_B (sky130_fd_sc_hd__dfrtp_4)
                                  2.39   data arrival time

                         10.00   10.00   clock SCK (rise edge)
                          0.00   10.00   clock source latency
                  0.08    0.05   10.05 ^ SCK (in)
     1    0.02                           SCK (net)
                  0.08    0.00   10.05 ^ clkbuf_0_SCK/A (sky130_fd_sc_hd__clkbuf_16)
                  0.06    0.15   10.20 ^ clkbuf_0_SCK/X (sky130_fd_sc_hd__clkbuf_16)
     4    0.04                           clknet_0_SCK (net)
                  0.06    0.00   10.20 ^ clkbuf_2_2__f_SCK/A (sky130_fd_sc_hd__clkbuf_16)
                  0.05    0.14   10.34 ^ clkbuf_2_2__f_SCK/X (sky130_fd_sc_hd__clkbuf_16)
     9    0.03                           clknet_2_2__leaf_SCK (net)
                  0.05    0.00   10.34 ^ _488_/CLK (sky130_fd_sc_hd__dfrtp_4)
                         -0.25   10.09   clock uncertainty
                          0.00   10.09   clock reconvergence pessimism
                          0.20   10.29   library recovery time
                                 10.29   data required time
-----------------------------------------------------------------------------
                                 10.29   data required time
                                 -2.39   data arrival time
-----------------------------------------------------------------------------
                                  7.90   slack (MET)


Startpoint: reset (input port clocked by SCK)
Endpoint: _487_ (recovery check against rising-edge clock SCK)
Path Group: asynchronous
Path Type: max

Fanout     Cap    Slew   Delay    Time   Description
-----------------------------------------------------------------------------
                          0.00    0.00   clock SCK (rise edge)
                          0.00    0.00   clock network delay (propagated)
                          2.00    2.00 v input external delay
                  0.01    0.00    2.00 v reset (in)
     1    0.00                           reset (net)
                  0.01    0.00    2.00 v input11/A (sky130_fd_sc_hd__clkbuf_1)
                  0.02    0.07    2.07 v input11/X (sky130_fd_sc_hd__clkbuf_1)
     1    0.00                           net11 (net)
                  0.02    0.00    2.07 v _222_/A (sky130_fd_sc_hd__buf_2)
                  0.09    0.18    2.25 v _222_/X (sky130_fd_sc_hd__buf_2)
     9    0.03                           _100_ (net)
                  0.09    0.00    2.25 v _442_/A (sky130_fd_sc_hd__nor2_1)
                  0.10    0.14    2.39 ^ _442_/Y (sky130_fd_sc_hd__nor2_1)
     1    0.00                           _041_ (net)
                  0.10    0.00    2.39 ^ _487_/RESET_B (sky130_fd_sc_hd__dfrtp_1)
                                  2.39   data arrival time

                         10.00   10.00   clock SCK (rise edge)
                          0.00   10.00   clock source latency
                  0.08    0.05   10.05 ^ SCK (in)
     1    0.02                           SCK (net)
                  0.08    0.00   10.05 ^ clkbuf_0_SCK/A (sky130_fd_sc_hd__clkbuf_16)
                  0.06    0.15   10.20 ^ clkbuf_0_SCK/X (sky130_fd_sc_hd__clkbuf_16)
     4    0.04                           clknet_0_SCK (net)
                  0.06    0.00   10.20 ^ clkbuf_2_2__f_SCK/A (sky130_fd_sc_hd__clkbuf_16)
                  0.05    0.14   10.34 ^ clkbuf_2_2__f_SCK/X (sky130_fd_sc_hd__clkbuf_16)
     9    0.03                           clknet_2_2__leaf_SCK (net)
                  0.05    0.00   10.34 ^ _487_/CLK (sky130_fd_sc_hd__dfrtp_1)
                         -0.25   10.09   clock uncertainty
                          0.00   10.09   clock reconvergence pessimism
                          0.22   10.31   library recovery time
                                 10.31   data required time
-----------------------------------------------------------------------------
                                 10.31   data required time
                                 -2.39   data arrival time
-----------------------------------------------------------------------------
                                  7.92   slack (MET)


Startpoint: reset (input port clocked by SCK)
Endpoint: _489_ (recovery check against rising-edge clock SCK)
Path Group: asynchronous
Path Type: max

Fanout     Cap    Slew   Delay    Time   Description
-----------------------------------------------------------------------------
                          0.00    0.00   clock SCK (rise edge)
                          0.00    0.00   clock network delay (propagated)
                          2.00    2.00 v input external delay
                  0.01    0.00    2.00 v reset (in)
     1    0.00                           reset (net)
                  0.01    0.00    2.00 v input11/A (sky130_fd_sc_hd__clkbuf_1)
                  0.02    0.07    2.07 v input11/X (sky130_fd_sc_hd__clkbuf_1)
     1    0.00                           net11 (net)
                  0.02    0.00    2.07 v _222_/A (sky130_fd_sc_hd__buf_2)
                  0.09    0.18    2.25 v _222_/X (sky130_fd_sc_hd__buf_2)
     9    0.03                           _100_ (net)
                  0.09    0.00    2.25 v _444_/A (sky130_fd_sc_hd__nor2_1)
                  0.10    0.13    2.39 ^ _444_/Y (sky130_fd_sc_hd__nor2_1)
     1    0.00                           _043_ (net)
                  0.10    0.00    2.39 ^ _489_/RESET_B (sky130_fd_sc_hd__dfrtp_1)
                                  2.39   data arrival time

                         10.00   10.00   clock SCK (rise edge)
                          0.00   10.00   clock source latency
                  0.08    0.05   10.05 ^ SCK (in)
     1    0.02                           SCK (net)
                  0.08    0.00   10.05 ^ clkbuf_0_SCK/A (sky130_fd_sc_hd__clkbuf_16)
                  0.06    0.15   10.20 ^ clkbuf_0_SCK/X (sky130_fd_sc_hd__clkbuf_16)
     4    0.04                           clknet_0_SCK (net)
                  0.06    0.00   10.20 ^ clkbuf_2_2__f_SCK/A (sky130_fd_sc_hd__clkbuf_16)
                  0.05    0.14   10.34 ^ clkbuf_2_2__f_SCK/X (sky130_fd_sc_hd__clkbuf_16)
     9    0.03                           clknet_2_2__leaf_SCK (net)
                  0.05    0.00   10.34 ^ _489_/CLK (sky130_fd_sc_hd__dfrtp_1)
                         -0.25   10.09   clock uncertainty
                          0.00   10.09   clock reconvergence pessimism
                          0.22   10.31   library recovery time
                                 10.31   data required time
-----------------------------------------------------------------------------
                                 10.31   data required time
                                 -2.39   data arrival time
-----------------------------------------------------------------------------
                                  7.92   slack (MET)


Startpoint: _488_ (rising edge-triggered flip-flop clocked by SCK)
Endpoint: _479_ (rising edge-triggered flip-flop clocked by SCK)
Path Group: SCK
Path Type: max

Fanout     Cap    Slew   Delay    Time   Description
-----------------------------------------------------------------------------
                          0.00    0.00   clock SCK (rise edge)
                          0.00    0.00   clock source latency
                  0.08    0.06    0.06 ^ SCK (in)
     1    0.02                           SCK (net)
                  0.08    0.00    0.06 ^ clkbuf_0_SCK/A (sky130_fd_sc_hd__clkbuf_16)
                  0.06    0.17    0.23 ^ clkbuf_0_SCK/X (sky130_fd_sc_hd__clkbuf_16)
     4    0.04                           clknet_0_SCK (net)
                  0.06    0.00    0.23 ^ clkbuf_2_2__f_SCK/A (sky130_fd_sc_hd__clkbuf_16)
                  0.05    0.15    0.38 ^ clkbuf_2_2__f_SCK/X (sky130_fd_sc_hd__clkbuf_16)
     9    0.03                           clknet_2_2__leaf_SCK (net)
                  0.05    0.00    0.38 ^ _488_/CLK (sky130_fd_sc_hd__dfrtp_4)
                  0.15    0.51    0.89 ^ _488_/Q (sky130_fd_sc_hd__dfrtp_4)
     8    0.04                           state[2] (net)
                  0.15    0.00    0.89 ^ _277_/C_N (sky130_fd_sc_hd__nor3b_2)
                  0.29    0.33    1.22 ^ _277_/Y (sky130_fd_sc_hd__nor3b_2)
     3    0.02                           _134_ (net)
                  0.29    0.00    1.22 ^ max_cap38/A (sky130_fd_sc_hd__buf_2)
                  0.16    0.27    1.50 ^ max_cap38/X (sky130_fd_sc_hd__buf_2)
     6    0.03                           net38 (net)
                  0.16    0.00    1.50 ^ _282_/S (sky130_fd_sc_hd__mux2_1)
                  0.05    0.35    1.85 v _282_/X (sky130_fd_sc_hd__mux2_1)
     1    0.00                           _137_ (net)
                  0.05    0.00    1.85 v _283_/A (sky130_fd_sc_hd__clkbuf_1)
                  0.03    0.10    1.94 v _283_/X (sky130_fd_sc_hd__clkbuf_1)
     1    0.00                           _086_ (net)
                  0.03    0.00    1.95 v _479_/D (sky130_fd_sc_hd__dfrtp_1)
                                  1.95   data arrival time

                         10.00   10.00   clock SCK (rise edge)
                          0.00   10.00   clock source latency
                  0.08    0.05   10.05 ^ SCK (in)
     1    0.02                           SCK (net)
                  0.08    0.00   10.05 ^ clkbuf_0_SCK/A (sky130_fd_sc_hd__clkbuf_16)
                  0.06    0.15   10.20 ^ clkbuf_0_SCK/X (sky130_fd_sc_hd__clkbuf_16)
     4    0.04                           clknet_0_SCK (net)
                  0.06    0.00   10.20 ^ clkbuf_2_1__f_SCK/A (sky130_fd_sc_hd__clkbuf_16)
                  0.06    0.14   10.35 ^ clkbuf_2_1__f_SCK/X (sky130_fd_sc_hd__clkbuf_16)
    12    0.04                           clknet_2_1__leaf_SCK (net)
                  0.06    0.00   10.35 ^ _479_/CLK (sky130_fd_sc_hd__dfrtp_1)
                         -0.25   10.10   clock uncertainty
                          0.02   10.12   clock reconvergence pessimism
                         -0.10   10.01   library setup time
                                 10.01   data required time
-----------------------------------------------------------------------------
                                 10.01   data required time
                                 -1.95   data arrival time
-----------------------------------------------------------------------------
                                  8.07   slack (MET)


Startpoint: _488_ (rising edge-triggered flip-flop clocked by SCK)
Endpoint: _476_ (rising edge-triggered flip-flop clocked by SCK)
Path Group: SCK
Path Type: max

Fanout     Cap    Slew   Delay    Time   Description
-----------------------------------------------------------------------------
                          0.00    0.00   clock SCK (rise edge)
                          0.00    0.00   clock source latency
                  0.08    0.06    0.06 ^ SCK (in)
     1    0.02                           SCK (net)
                  0.08    0.00    0.06 ^ clkbuf_0_SCK/A (sky130_fd_sc_hd__clkbuf_16)
                  0.06    0.17    0.23 ^ clkbuf_0_SCK/X (sky130_fd_sc_hd__clkbuf_16)
     4    0.04                           clknet_0_SCK (net)
                  0.06    0.00    0.23 ^ clkbuf_2_2__f_SCK/A (sky130_fd_sc_hd__clkbuf_16)
                  0.05    0.15    0.38 ^ clkbuf_2_2__f_SCK/X (sky130_fd_sc_hd__clkbuf_16)
     9    0.03                           clknet_2_2__leaf_SCK (net)
                  0.05    0.00    0.38 ^ _488_/CLK (sky130_fd_sc_hd__dfrtp_4)
                  0.15    0.51    0.89 ^ _488_/Q (sky130_fd_sc_hd__dfrtp_4)
     8    0.04                           state[2] (net)
                  0.15    0.00    0.89 ^ _277_/C_N (sky130_fd_sc_hd__nor3b_2)
                  0.29    0.33    1.22 ^ _277_/Y (sky130_fd_sc_hd__nor3b_2)
     3    0.02                           _134_ (net)
                  0.29    0.00    1.22 ^ max_cap38/A (sky130_fd_sc_hd__buf_2)
                  0.16    0.27    1.50 ^ max_cap38/X (sky130_fd_sc_hd__buf_2)
     6    0.03                           net38 (net)
                  0.16    0.00    1.50 ^ _288_/S (sky130_fd_sc_hd__mux2_1)
                  0.06    0.35    1.85 v _288_/X (sky130_fd_sc_hd__mux2_1)
     1    0.00                           _140_ (net)
                  0.06    0.00    1.85 v _289_/A (sky130_fd_sc_hd__clkbuf_1)
                  0.02    0.09    1.94 v _289_/X (sky130_fd_sc_hd__clkbuf_1)
     1    0.00                           _083_ (net)
                  0.02    0.00    1.94 v _476_/D (sky130_fd_sc_hd__dfrtp_1)
                                  1.94   data arrival time

                         10.00   10.00   clock SCK (rise edge)
                          0.00   10.00   clock source latency
                  0.08    0.05   10.05 ^ SCK (in)
     1    0.02                           SCK (net)
                  0.08    0.00   10.05 ^ clkbuf_0_SCK/A (sky130_fd_sc_hd__clkbuf_16)
                  0.06    0.15   10.20 ^ clkbuf_0_SCK/X (sky130_fd_sc_hd__clkbuf_16)
     4    0.04                           clknet_0_SCK (net)
                  0.06    0.00   10.20 ^ clkbuf_2_1__f_SCK/A (sky130_fd_sc_hd__clkbuf_16)
                  0.06    0.14   10.35 ^ clkbuf_2_1__f_SCK/X (sky130_fd_sc_hd__clkbuf_16)
    12    0.04                           clknet_2_1__leaf_SCK (net)
                  0.06    0.00   10.35 ^ _476_/CLK (sky130_fd_sc_hd__dfrtp_1)
                         -0.25   10.10   clock uncertainty
                          0.02   10.12   clock reconvergence pessimism
                         -0.10   10.02   library setup time
                                 10.02   data required time
-----------------------------------------------------------------------------
                                 10.02   data required time
                                 -1.94   data arrival time
-----------------------------------------------------------------------------
                                  8.07   slack (MET)


Startpoint: _488_ (rising edge-triggered flip-flop clocked by SCK)
Endpoint: _478_ (rising edge-triggered flip-flop clocked by SCK)
Path Group: SCK
Path Type: max

Fanout     Cap    Slew   Delay    Time   Description
-----------------------------------------------------------------------------
                          0.00    0.00   clock SCK (rise edge)
                          0.00    0.00   clock source latency
                  0.08    0.06    0.06 ^ SCK (in)
     1    0.02                           SCK (net)
                  0.08    0.00    0.06 ^ clkbuf_0_SCK/A (sky130_fd_sc_hd__clkbuf_16)
                  0.06    0.17    0.23 ^ clkbuf_0_SCK/X (sky130_fd_sc_hd__clkbuf_16)
     4    0.04                           clknet_0_SCK (net)
                  0.06    0.00    0.23 ^ clkbuf_2_2__f_SCK/A (sky130_fd_sc_hd__clkbuf_16)
                  0.05    0.15    0.38 ^ clkbuf_2_2__f_SCK/X (sky130_fd_sc_hd__clkbuf_16)
     9    0.03                           clknet_2_2__leaf_SCK (net)
                  0.05    0.00    0.38 ^ _488_/CLK (sky130_fd_sc_hd__dfrtp_4)
                  0.15    0.51    0.89 ^ _488_/Q (sky130_fd_sc_hd__dfrtp_4)
     8    0.04                           state[2] (net)
                  0.15    0.00    0.89 ^ _277_/C_N (sky130_fd_sc_hd__nor3b_2)
                  0.29    0.33    1.22 ^ _277_/Y (sky130_fd_sc_hd__nor3b_2)
     3    0.02                           _134_ (net)
                  0.29    0.00    1.22 ^ max_cap38/A (sky130_fd_sc_hd__buf_2)
                  0.16    0.27    1.50 ^ max_cap38/X (sky130_fd_sc_hd__buf_2)
     6    0.03                           net38 (net)
                  0.16    0.00    1.50 ^ _284_/S (sky130_fd_sc_hd__mux2_1)
                  0.05    0.35    1.85 v _284_/X (sky130_fd_sc_hd__mux2_1)
     1    0.00                           _138_ (net)
                  0.05    0.00    1.85 v _285_/A (sky130_fd_sc_hd__clkbuf_1)
                  0.03    0.10    1.94 v _285_/X (sky130_fd_sc_hd__clkbuf_1)
     1    0.00                           _085_ (net)
                  0.03    0.00    1.94 v _478_/D (sky130_fd_sc_hd__dfrtp_1)
                                  1.94   data arrival time

                         10.00   10.00   clock SCK (rise edge)
                          0.00   10.00   clock source latency
                  0.08    0.05   10.05 ^ SCK (in)
     1    0.02                           SCK (net)
                  0.08    0.00   10.05 ^ clkbuf_0_SCK/A (sky130_fd_sc_hd__clkbuf_16)
                  0.06    0.15   10.20 ^ clkbuf_0_SCK/X (sky130_fd_sc_hd__clkbuf_16)
     4    0.04                           clknet_0_SCK (net)
                  0.06    0.00   10.20 ^ clkbuf_2_1__f_SCK/A (sky130_fd_sc_hd__clkbuf_16)
                  0.06    0.14   10.35 ^ clkbuf_2_1__f_SCK/X (sky130_fd_sc_hd__clkbuf_16)
    12    0.04                           clknet_2_1__leaf_SCK (net)
                  0.06    0.00   10.35 ^ _478_/CLK (sky130_fd_sc_hd__dfrtp_1)
                         -0.25   10.10   clock uncertainty
                          0.02   10.12   clock reconvergence pessimism
                         -0.10   10.01   library setup time
                                 10.01   data required time
-----------------------------------------------------------------------------
                                 10.01   data required time
                                 -1.94   data arrival time
-----------------------------------------------------------------------------
                                  8.07   slack (MET)


Startpoint: _488_ (rising edge-triggered flip-flop clocked by SCK)
Endpoint: _477_ (rising edge-triggered flip-flop clocked by SCK)
Path Group: SCK
Path Type: max

Fanout     Cap    Slew   Delay    Time   Description
-----------------------------------------------------------------------------
                          0.00    0.00   clock SCK (rise edge)
                          0.00    0.00   clock source latency
                  0.08    0.06    0.06 ^ SCK (in)
     1    0.02                           SCK (net)
                  0.08    0.00    0.06 ^ clkbuf_0_SCK/A (sky130_fd_sc_hd__clkbuf_16)
                  0.06    0.17    0.23 ^ clkbuf_0_SCK/X (sky130_fd_sc_hd__clkbuf_16)
     4    0.04                           clknet_0_SCK (net)
                  0.06    0.00    0.23 ^ clkbuf_2_2__f_SCK/A (sky130_fd_sc_hd__clkbuf_16)
                  0.05    0.15    0.38 ^ clkbuf_2_2__f_SCK/X (sky130_fd_sc_hd__clkbuf_16)
     9    0.03                           clknet_2_2__leaf_SCK (net)
                  0.05    0.00    0.38 ^ _488_/CLK (sky130_fd_sc_hd__dfrtp_4)
                  0.15    0.51    0.89 ^ _488_/Q (sky130_fd_sc_hd__dfrtp_4)
     8    0.04                           state[2] (net)
                  0.15    0.00    0.89 ^ _277_/C_N (sky130_fd_sc_hd__nor3b_2)
                  0.29    0.33    1.22 ^ _277_/Y (sky130_fd_sc_hd__nor3b_2)
     3    0.02                           _134_ (net)
                  0.29    0.00    1.22 ^ max_cap38/A (sky130_fd_sc_hd__buf_2)
                  0.16    0.27    1.50 ^ max_cap38/X (sky130_fd_sc_hd__buf_2)
     6    0.03                           net38 (net)
                  0.16    0.00    1.50 ^ _286_/S (sky130_fd_sc_hd__mux2_1)
                  0.05    0.35    1.85 v _286_/X (sky130_fd_sc_hd__mux2_1)
     1    0.00                           _139_ (net)
                  0.05    0.00    1.85 v _287_/A (sky130_fd_sc_hd__clkbuf_1)
                  0.02    0.09    1.94 v _287_/X (sky130_fd_sc_hd__clkbuf_1)
     1    0.00                           _084_ (net)
                  0.02    0.00    1.94 v _477_/D (sky130_fd_sc_hd__dfrtp_1)
                                  1.94   data arrival time

                         10.00   10.00   clock SCK (rise edge)
                          0.00   10.00   clock source latency
                  0.08    0.05   10.05 ^ SCK (in)
     1    0.02                           SCK (net)
                  0.08    0.00   10.05 ^ clkbuf_0_SCK/A (sky130_fd_sc_hd__clkbuf_16)
                  0.06    0.15   10.20 ^ clkbuf_0_SCK/X (sky130_fd_sc_hd__clkbuf_16)
     4    0.04                           clknet_0_SCK (net)
                  0.06    0.00   10.20 ^ clkbuf_2_1__f_SCK/A (sky130_fd_sc_hd__clkbuf_16)
                  0.06    0.14   10.35 ^ clkbuf_2_1__f_SCK/X (sky130_fd_sc_hd__clkbuf_16)
    12    0.04                           clknet_2_1__leaf_SCK (net)
                  0.06    0.00   10.35 ^ _477_/CLK (sky130_fd_sc_hd__dfrtp_1)
                         -0.25   10.10   clock uncertainty
                          0.02   10.12   clock reconvergence pessimism
                         -0.10   10.02   library setup time
                                 10.02   data required time
-----------------------------------------------------------------------------
                                 10.02   data required time
                                 -1.94   data arrival time
-----------------------------------------------------------------------------
                                  8.07   slack (MET)


Startpoint: _489_ (rising edge-triggered flip-flop clocked by SCK)
Endpoint: _469_ (rising edge-triggered flip-flop clocked by SCK)
Path Group: SCK
Path Type: max

Fanout     Cap    Slew   Delay    Time   Description
-----------------------------------------------------------------------------
                          0.00    0.00   clock SCK (rise edge)
                          0.00    0.00   clock source latency
                  0.08    0.06    0.06 ^ SCK (in)
     1    0.02                           SCK (net)
                  0.08    0.00    0.06 ^ clkbuf_0_SCK/A (sky130_fd_sc_hd__clkbuf_16)
                  0.06    0.17    0.23 ^ clkbuf_0_SCK/X (sky130_fd_sc_hd__clkbuf_16)
     4    0.04                           clknet_0_SCK (net)
                  0.06    0.00    0.23 ^ clkbuf_2_2__f_SCK/A (sky130_fd_sc_hd__clkbuf_16)
                  0.05    0.15    0.38 ^ clkbuf_2_2__f_SCK/X (sky130_fd_sc_hd__clkbuf_16)
     9    0.03                           clknet_2_2__leaf_SCK (net)
                  0.05    0.00    0.38 ^ _489_/CLK (sky130_fd_sc_hd__dfrtp_1)
                  0.09    0.43    0.81 v _489_/Q (sky130_fd_sc_hd__dfrtp_1)
     4    0.01                           state[3] (net)
                  0.09    0.00    0.81 v _310_/A (sky130_fd_sc_hd__clkbuf_4)
                  0.09    0.22    1.03 v _310_/X (sky130_fd_sc_hd__clkbuf_4)
    10    0.04                           _155_ (net)
                  0.09    0.00    1.03 v _311_/C (sky130_fd_sc_hd__or3_2)
                  0.12    0.51    1.54 v _311_/X (sky130_fd_sc_hd__or3_2)
     3    0.02                           _156_ (net)
                  0.12    0.00    1.54 v _312_/A2 (sky130_fd_sc_hd__a21bo_1)
                  0.06    0.25    1.79 v _312_/X (sky130_fd_sc_hd__a21bo_1)
     2    0.01                           _157_ (net)
                  0.06    0.00    1.79 v _315_/A (sky130_fd_sc_hd__xnor2_1)
                  0.05    0.13    1.93 v _315_/Y (sky130_fd_sc_hd__xnor2_1)
     1    0.00                           _076_ (net)
                  0.05    0.00    1.93 v _469_/D (sky130_fd_sc_hd__dfrtp_4)
                                  1.93   data arrival time

                         10.00   10.00   clock SCK (rise edge)
                          0.00   10.00   clock source latency
                  0.08    0.05   10.05 ^ SCK (in)
     1    0.02                           SCK (net)
                  0.08    0.00   10.05 ^ clkbuf_0_SCK/A (sky130_fd_sc_hd__clkbuf_16)
                  0.06    0.15   10.20 ^ clkbuf_0_SCK/X (sky130_fd_sc_hd__clkbuf_16)
     4    0.04                           clknet_0_SCK (net)
                  0.06    0.00   10.20 ^ clkbuf_2_1__f_SCK/A (sky130_fd_sc_hd__clkbuf_16)
                  0.06    0.14   10.35 ^ clkbuf_2_1__f_SCK/X (sky130_fd_sc_hd__clkbuf_16)
    12    0.04                           clknet_2_1__leaf_SCK (net)
                  0.06    0.00   10.35 ^ _469_/CLK (sky130_fd_sc_hd__dfrtp_4)
                         -0.25   10.10   clock uncertainty
                          0.02   10.12   clock reconvergence pessimism
                         -0.11   10.01   library setup time
                                 10.01   data required time
-----------------------------------------------------------------------------
                                 10.01   data required time
                                 -1.93   data arrival time
-----------------------------------------------------------------------------
                                  8.08   slack (MET)


Startpoint: _489_ (rising edge-triggered flip-flop clocked by SCK)
Endpoint: _454_ (rising edge-triggered flip-flop clocked by SCK)
Path Group: SCK
Path Type: max

Fanout     Cap    Slew   Delay    Time   Description
-----------------------------------------------------------------------------
                          0.00    0.00   clock SCK (rise edge)
                          0.00    0.00   clock source latency
                  0.08    0.06    0.06 ^ SCK (in)
     1    0.02                           SCK (net)
                  0.08    0.00    0.06 ^ clkbuf_0_SCK/A (sky130_fd_sc_hd__clkbuf_16)
                  0.06    0.17    0.23 ^ clkbuf_0_SCK/X (sky130_fd_sc_hd__clkbuf_16)
     4    0.04                           clknet_0_SCK (net)
                  0.06    0.00    0.23 ^ clkbuf_2_2__f_SCK/A (sky130_fd_sc_hd__clkbuf_16)
                  0.05    0.15    0.38 ^ clkbuf_2_2__f_SCK/X (sky130_fd_sc_hd__clkbuf_16)
     9    0.03                           clknet_2_2__leaf_SCK (net)
                  0.05    0.00    0.38 ^ _489_/CLK (sky130_fd_sc_hd__dfrtp_1)
                  0.09    0.43    0.81 v _489_/Q (sky130_fd_sc_hd__dfrtp_1)
     4    0.01                           state[3] (net)
                  0.09    0.00    0.81 v _310_/A (sky130_fd_sc_hd__clkbuf_4)
                  0.09    0.22    1.03 v _310_/X (sky130_fd_sc_hd__clkbuf_4)
    10    0.04                           _155_ (net)
                  0.09    0.00    1.03 v _311_/C (sky130_fd_sc_hd__or3_2)
                  0.12    0.51    1.54 v _311_/X (sky130_fd_sc_hd__or3_2)
     3    0.02                           _156_ (net)
                  0.12    0.00    1.54 v _374_/C1 (sky130_fd_sc_hd__o211a_1)
                  0.04    0.14    1.69 v _374_/X (sky130_fd_sc_hd__o211a_1)
     1    0.00                           _203_ (net)
                  0.04    0.00    1.69 v _375_/B1 (sky130_fd_sc_hd__a22o_1)
                  0.04    0.18    1.87 v _375_/X (sky130_fd_sc_hd__a22o_1)
     1    0.00                           _061_ (net)
                  0.04    0.00    1.87 v _454_/D (sky130_fd_sc_hd__dfrtp_1)
                                  1.87   data arrival time

                         10.00   10.00   clock SCK (rise edge)
                          0.00   10.00   clock source latency
                  0.08    0.05   10.05 ^ SCK (in)
     1    0.02                           SCK (net)
                  0.08    0.00   10.05 ^ clkbuf_0_SCK/A (sky130_fd_sc_hd__clkbuf_16)
                  0.06    0.15   10.20 ^ clkbuf_0_SCK/X (sky130_fd_sc_hd__clkbuf_16)
     4    0.04                           clknet_0_SCK (net)
                  0.06    0.00   10.20 ^ clkbuf_2_3__f_SCK/A (sky130_fd_sc_hd__clkbuf_16)
                  0.04    0.13   10.33 ^ clkbuf_2_3__f_SCK/X (sky130_fd_sc_hd__clkbuf_16)
     6    0.02                           clknet_2_3__leaf_SCK (net)
                  0.04    0.00   10.33 ^ _454_/CLK (sky130_fd_sc_hd__dfrtp_1)
                         -0.25   10.08   clock uncertainty
                          0.02   10.10   clock reconvergence pessimism
                         -0.11    9.99   library setup time
                                  9.99   data required time
-----------------------------------------------------------------------------
                                  9.99   data required time
                                 -1.87   data arrival time
-----------------------------------------------------------------------------
                                  8.12   slack (MET)


Startpoint: _468_ (rising edge-triggered flip-flop clocked by SCK)
Endpoint: _458_ (rising edge-triggered flip-flop clocked by SCK)
Path Group: SCK
Path Type: max

Fanout     Cap    Slew   Delay    Time   Description
-----------------------------------------------------------------------------
                          0.00    0.00   clock SCK (rise edge)
                          0.00    0.00   clock source latency
                  0.08    0.06    0.06 ^ SCK (in)
     1    0.02                           SCK (net)
                  0.08    0.00    0.06 ^ clkbuf_0_SCK/A (sky130_fd_sc_hd__clkbuf_16)
                  0.06    0.17    0.23 ^ clkbuf_0_SCK/X (sky130_fd_sc_hd__clkbuf_16)
     4    0.04                           clknet_0_SCK (net)
                  0.06    0.00    0.23 ^ clkbuf_2_1__f_SCK/A (sky130_fd_sc_hd__clkbuf_16)
                  0.06    0.16    0.38 ^ clkbuf_2_1__f_SCK/X (sky130_fd_sc_hd__clkbuf_16)
    12    0.04                           clknet_2_1__leaf_SCK (net)
                  0.06    0.00    0.38 ^ _468_/CLK (sky130_fd_sc_hd__dfrtp_4)
                  0.09    0.55    0.93 v _468_/Q (sky130_fd_sc_hd__dfrtp_4)
     9    0.03                           count[1] (net)
                  0.09    0.00    0.93 v _261_/B (sky130_fd_sc_hd__and3_1)
                  0.03    0.18    1.11 v _261_/X (sky130_fd_sc_hd__and3_1)
     1    0.00                           _122_ (net)
                  0.03    0.00    1.11 v _262_/A (sky130_fd_sc_hd__buf_2)
                  0.09    0.18    1.30 v _262_/X (sky130_fd_sc_hd__buf_2)
     8    0.03                           _123_ (net)
                  0.09    0.00    1.30 v _366_/B (sky130_fd_sc_hd__nand2_1)
                  0.11    0.14    1.43 ^ _366_/Y (sky130_fd_sc_hd__nand2_1)
     2    0.01                           _199_ (net)
                  0.11    0.00    1.43 ^ _367_/S (sky130_fd_sc_hd__mux2_1)
                  0.05    0.34    1.78 v _367_/X (sky130_fd_sc_hd__mux2_1)
     1    0.00                           _200_ (net)
                  0.05    0.00    1.78 v _368_/A (sky130_fd_sc_hd__clkbuf_1)
                  0.02    0.09    1.87 v _368_/X (sky130_fd_sc_hd__clkbuf_1)
     1    0.00                           _065_ (net)
                  0.02    0.00    1.87 v _458_/D (sky130_fd_sc_hd__dfrtp_1)
                                  1.87   data arrival time

                         10.00   10.00   clock SCK (rise edge)
                          0.00   10.00   clock source latency
                  0.08    0.05   10.05 ^ SCK (in)
     1    0.02                           SCK (net)
                  0.08    0.00   10.05 ^ clkbuf_0_SCK/A (sky130_fd_sc_hd__clkbuf_16)
                  0.06    0.15   10.20 ^ clkbuf_0_SCK/X (sky130_fd_sc_hd__clkbuf_16)
     4    0.04                           clknet_0_SCK (net)
                  0.06    0.00   10.20 ^ clkbuf_2_2__f_SCK/A (sky130_fd_sc_hd__clkbuf_16)
                  0.05    0.14   10.34 ^ clkbuf_2_2__f_SCK/X (sky130_fd_sc_hd__clkbuf_16)
     9    0.03                           clknet_2_2__leaf_SCK (net)
                  0.05    0.00   10.34 ^ _458_/CLK (sky130_fd_sc_hd__dfrtp_1)
                         -0.25   10.09   clock uncertainty
                          0.02   10.11   clock reconvergence pessimism
                         -0.10   10.01   library setup time
                                 10.01   data required time
-----------------------------------------------------------------------------
                                 10.01   data required time
                                 -1.87   data arrival time
-----------------------------------------------------------------------------
                                  8.14   slack (MET)


Startpoint: _489_ (rising edge-triggered flip-flop clocked by SCK)
Endpoint: _468_ (rising edge-triggered flip-flop clocked by SCK)
Path Group: SCK
Path Type: max

Fanout     Cap    Slew   Delay    Time   Description
-----------------------------------------------------------------------------
                          0.00    0.00   clock SCK (rise edge)
                          0.00    0.00   clock source latency
                  0.08    0.06    0.06 ^ SCK (in)
     1    0.02                           SCK (net)
                  0.08    0.00    0.06 ^ clkbuf_0_SCK/A (sky130_fd_sc_hd__clkbuf_16)
                  0.06    0.17    0.23 ^ clkbuf_0_SCK/X (sky130_fd_sc_hd__clkbuf_16)
     4    0.04                           clknet_0_SCK (net)
                  0.06    0.00    0.23 ^ clkbuf_2_2__f_SCK/A (sky130_fd_sc_hd__clkbuf_16)
                  0.05    0.15    0.38 ^ clkbuf_2_2__f_SCK/X (sky130_fd_sc_hd__clkbuf_16)
     9    0.03                           clknet_2_2__leaf_SCK (net)
                  0.05    0.00    0.38 ^ _489_/CLK (sky130_fd_sc_hd__dfrtp_1)
                  0.09    0.43    0.81 v _489_/Q (sky130_fd_sc_hd__dfrtp_1)
     4    0.01                           state[3] (net)
                  0.09    0.00    0.81 v _310_/A (sky130_fd_sc_hd__clkbuf_4)
                  0.09    0.22    1.03 v _310_/X (sky130_fd_sc_hd__clkbuf_4)
    10    0.04                           _155_ (net)
                  0.09    0.00    1.03 v _311_/C (sky130_fd_sc_hd__or3_2)
                  0.12    0.51    1.54 v _311_/X (sky130_fd_sc_hd__or3_2)
     3    0.02                           _156_ (net)
                  0.12    0.00    1.54 v _312_/A2 (sky130_fd_sc_hd__a21bo_1)
                  0.06    0.25    1.79 v _312_/X (sky130_fd_sc_hd__a21bo_1)
     2    0.01                           _157_ (net)
                  0.06    0.00    1.79 v _319_/B1 (sky130_fd_sc_hd__o21ai_1)
                  0.12    0.09    1.88 ^ _319_/Y (sky130_fd_sc_hd__o21ai_1)
     1    0.00                           _075_ (net)
                  0.12    0.00    1.88 ^ _468_/D (sky130_fd_sc_hd__dfrtp_4)
                                  1.88   data arrival time

                         10.00   10.00   clock SCK (rise edge)
                          0.00   10.00   clock source latency
                  0.08    0.05   10.05 ^ SCK (in)
     1    0.02                           SCK (net)
                  0.08    0.00   10.05 ^ clkbuf_0_SCK/A (sky130_fd_sc_hd__clkbuf_16)
                  0.06    0.15   10.20 ^ clkbuf_0_SCK/X (sky130_fd_sc_hd__clkbuf_16)
     4    0.04                           clknet_0_SCK (net)
                  0.06    0.00   10.20 ^ clkbuf_2_1__f_SCK/A (sky130_fd_sc_hd__clkbuf_16)
                  0.06    0.14   10.35 ^ clkbuf_2_1__f_SCK/X (sky130_fd_sc_hd__clkbuf_16)
    12    0.04                           clknet_2_1__leaf_SCK (net)
                  0.06    0.00   10.35 ^ _468_/CLK (sky130_fd_sc_hd__dfrtp_4)
                         -0.25   10.10   clock uncertainty
                          0.02   10.12   clock reconvergence pessimism
                         -0.08   10.04   library setup time
                                 10.04   data required time
-----------------------------------------------------------------------------
                                 10.04   data required time
                                 -1.88   data arrival time
-----------------------------------------------------------------------------
                                  8.15   slack (MET)


Startpoint: _467_ (rising edge-triggered flip-flop clocked by SCK)
Endpoint: _486_ (rising edge-triggered flip-flop clocked by SCK)
Path Group: SCK
Path Type: max

Fanout     Cap    Slew   Delay    Time   Description
-----------------------------------------------------------------------------
                          0.00    0.00   clock SCK (rise edge)
                          0.00    0.00   clock source latency
                  0.08    0.06    0.06 ^ SCK (in)
     1    0.02                           SCK (net)
                  0.08    0.00    0.06 ^ clkbuf_0_SCK/A (sky130_fd_sc_hd__clkbuf_16)
                  0.06    0.17    0.23 ^ clkbuf_0_SCK/X (sky130_fd_sc_hd__clkbuf_16)
     4    0.04                           clknet_0_SCK (net)
                  0.06    0.00    0.23 ^ clkbuf_2_1__f_SCK/A (sky130_fd_sc_hd__clkbuf_16)
                  0.06    0.16    0.38 ^ clkbuf_2_1__f_SCK/X (sky130_fd_sc_hd__clkbuf_16)
    12    0.04                           clknet_2_1__leaf_SCK (net)
                  0.06    0.00    0.38 ^ _467_/CLK (sky130_fd_sc_hd__dfrtp_1)
                  0.08    0.37    0.75 ^ _467_/Q (sky130_fd_sc_hd__dfrtp_1)
     3    0.01                           count[0] (net)
                  0.08    0.00    0.75 ^ _265_/A (sky130_fd_sc_hd__clkbuf_4)
                  0.13    0.22    0.98 ^ _265_/X (sky130_fd_sc_hd__clkbuf_4)
    10    0.04                           _125_ (net)
                  0.13    0.00    0.98 ^ _380_/C (sky130_fd_sc_hd__nand3_1)
                  0.07    0.11    1.08 v _380_/Y (sky130_fd_sc_hd__nand3_1)
     2    0.00                           _205_ (net)
                  0.07    0.00    1.08 v _381_/D (sky130_fd_sc_hd__or4_1)
                  0.12    0.47    1.55 v _381_/X (sky130_fd_sc_hd__or4_1)
     2    0.01                           _206_ (net)
                  0.12    0.00    1.55 v _383_/A2_N (sky130_fd_sc_hd__a2bb2o_1)
                  0.06    0.29    1.84 ^ _383_/X (sky130_fd_sc_hd__a2bb2o_1)
     1    0.01                           _001_ (net)
                  0.06    0.00    1.84 ^ _486_/D (sky130_fd_sc_hd__dfstp_2)
                                  1.84   data arrival time

                         10.00   10.00   clock SCK (rise edge)
                          0.00   10.00   clock source latency
                  0.08    0.05   10.05 ^ SCK (in)
     1    0.02                           SCK (net)
                  0.08    0.00   10.05 ^ clkbuf_0_SCK/A (sky130_fd_sc_hd__clkbuf_16)
                  0.06    0.15   10.20 ^ clkbuf_0_SCK/X (sky130_fd_sc_hd__clkbuf_16)
     4    0.04                           clknet_0_SCK (net)
                  0.06    0.00   10.20 ^ clkbuf_2_0__f_SCK/A (sky130_fd_sc_hd__clkbuf_16)
                  0.05    0.13   10.34 ^ clkbuf_2_0__f_SCK/X (sky130_fd_sc_hd__clkbuf_16)
     9    0.03                           clknet_2_0__leaf_SCK (net)
                  0.05    0.00   10.34 ^ _486_/CLK (sky130_fd_sc_hd__dfstp_2)
                         -0.25   10.09   clock uncertainty
                          0.02   10.11   clock reconvergence pessimism
                         -0.06   10.06   library setup time
                                 10.06   data required time
-----------------------------------------------------------------------------
                                 10.06   data required time
                                 -1.84   data arrival time
-----------------------------------------------------------------------------
                                  8.21   slack (MET)


Startpoint: _467_ (rising edge-triggered flip-flop clocked by SCK)
Endpoint: _488_ (rising edge-triggered flip-flop clocked by SCK)
Path Group: SCK
Path Type: max

Fanout     Cap    Slew   Delay    Time   Description
-----------------------------------------------------------------------------
                          0.00    0.00   clock SCK (rise edge)
                          0.00    0.00   clock source latency
                  0.08    0.06    0.06 ^ SCK (in)
     1    0.02                           SCK (net)
                  0.08    0.00    0.06 ^ clkbuf_0_SCK/A (sky130_fd_sc_hd__clkbuf_16)
                  0.06    0.17    0.23 ^ clkbuf_0_SCK/X (sky130_fd_sc_hd__clkbuf_16)
     4    0.04                           clknet_0_SCK (net)
                  0.06    0.00    0.23 ^ clkbuf_2_1__f_SCK/A (sky130_fd_sc_hd__clkbuf_16)
                  0.06    0.16    0.38 ^ clkbuf_2_1__f_SCK/X (sky130_fd_sc_hd__clkbuf_16)
    12    0.04                           clknet_2_1__leaf_SCK (net)
                  0.06    0.00    0.38 ^ _467_/CLK (sky130_fd_sc_hd__dfrtp_1)
                  0.08    0.37    0.75 ^ _467_/Q (sky130_fd_sc_hd__dfrtp_1)
     3    0.01                           count[0] (net)
                  0.08    0.00    0.75 ^ _265_/A (sky130_fd_sc_hd__clkbuf_4)
                  0.13    0.22    0.98 ^ _265_/X (sky130_fd_sc_hd__clkbuf_4)
    10    0.04                           _125_ (net)
                  0.13    0.00    0.98 ^ _380_/C (sky130_fd_sc_hd__nand3_1)
                  0.07    0.11    1.08 v _380_/Y (sky130_fd_sc_hd__nand3_1)
     2    0.00                           _205_ (net)
                  0.07    0.00    1.08 v _381_/D (sky130_fd_sc_hd__or4_1)
                  0.12    0.47    1.55 v _381_/X (sky130_fd_sc_hd__or4_1)
     2    0.01                           _206_ (net)
                  0.12    0.00    1.55 v _382_/B1 (sky130_fd_sc_hd__a22o_1)
                  0.04    0.21    1.76 v _382_/X (sky130_fd_sc_hd__a22o_1)
     1    0.00                           _003_ (net)
                  0.04    0.00    1.76 v _488_/D (sky130_fd_sc_hd__dfrtp_4)
                                  1.76   data arrival time

                         10.00   10.00   clock SCK (rise edge)
                          0.00   10.00   clock source latency
                  0.08    0.05   10.05 ^ SCK (in)
     1    0.02                           SCK (net)
                  0.08    0.00   10.05 ^ clkbuf_0_SCK/A (sky130_fd_sc_hd__clkbuf_16)
                  0.06    0.15   10.20 ^ clkbuf_0_SCK/X (sky130_fd_sc_hd__clkbuf_16)
     4    0.04                           clknet_0_SCK (net)
                  0.06    0.00   10.20 ^ clkbuf_2_2__f_SCK/A (sky130_fd_sc_hd__clkbuf_16)
                  0.05    0.14   10.34 ^ clkbuf_2_2__f_SCK/X (sky130_fd_sc_hd__clkbuf_16)
     9    0.03                           clknet_2_2__leaf_SCK (net)
                  0.05    0.00   10.34 ^ _488_/CLK (sky130_fd_sc_hd__dfrtp_4)
                         -0.25   10.09   clock uncertainty
                          0.02   10.11   clock reconvergence pessimism
                         -0.11   10.00   library setup time
                                 10.00   data required time
-----------------------------------------------------------------------------
                                 10.00   data required time
                                 -1.76   data arrival time
-----------------------------------------------------------------------------
                                  8.24   slack (MET)


Startpoint: _482_ (rising edge-triggered flip-flop clocked by SCK)
Endpoint: _456_ (rising edge-triggered flip-flop clocked by SCK)
Path Group: SCK
Path Type: max

Fanout     Cap    Slew   Delay    Time   Description
-----------------------------------------------------------------------------
                          0.00    0.00   clock SCK (rise edge)
                          0.00    0.00   clock source latency
                  0.08    0.06    0.06 ^ SCK (in)
     1    0.02                           SCK (net)
                  0.08    0.00    0.06 ^ clkbuf_0_SCK/A (sky130_fd_sc_hd__clkbuf_16)
                  0.06    0.17    0.23 ^ clkbuf_0_SCK/X (sky130_fd_sc_hd__clkbuf_16)
     4    0.04                           clknet_0_SCK (net)
                  0.06    0.00    0.23 ^ clkbuf_2_1__f_SCK/A (sky130_fd_sc_hd__clkbuf_16)
                  0.06    0.16    0.38 ^ clkbuf_2_1__f_SCK/X (sky130_fd_sc_hd__clkbuf_16)
    12    0.04                           clknet_2_1__leaf_SCK (net)
                  0.06    0.00    0.38 ^ _482_/CLK (sky130_fd_sc_hd__dfrtp_4)
                  0.09    0.54    0.92 v _482_/Q (sky130_fd_sc_hd__dfrtp_4)
     6    0.03                           pre_pass_thru_mgmt (net)
                  0.09    0.00    0.92 v hold24/A (sky130_fd_sc_hd__dlygate4sd3_1)
                  0.06    0.60    1.53 v hold24/X (sky130_fd_sc_hd__dlygate4sd3_1)
     1    0.00                           net72 (net)
                  0.06    0.00    1.53 v _372_/A1 (sky130_fd_sc_hd__a31o_1)
                  0.04    0.18    1.71 v _372_/X (sky130_fd_sc_hd__a31o_1)
     1    0.00                           _063_ (net)
                  0.04    0.00    1.71 v _456_/D (sky130_fd_sc_hd__dfrtp_1)
                                  1.71   data arrival time

                         10.00   10.00   clock SCK (rise edge)
                          0.00   10.00   clock source latency
                  0.08    0.05   10.05 ^ SCK (in)
     1    0.02                           SCK (net)
                  0.08    0.00   10.05 ^ clkbuf_0_SCK/A (sky130_fd_sc_hd__clkbuf_16)
                  0.06    0.15   10.20 ^ clkbuf_0_SCK/X (sky130_fd_sc_hd__clkbuf_16)
     4    0.04                           clknet_0_SCK (net)
                  0.06    0.00   10.20 ^ clkbuf_2_3__f_SCK/A (sky130_fd_sc_hd__clkbuf_16)
                  0.04    0.13   10.33 ^ clkbuf_2_3__f_SCK/X (sky130_fd_sc_hd__clkbuf_16)
     6    0.02                           clknet_2_3__leaf_SCK (net)
                  0.04    0.00   10.33 ^ _456_/CLK (sky130_fd_sc_hd__dfrtp_1)
                         -0.25   10.08   clock uncertainty
                          0.02   10.10   clock reconvergence pessimism
                         -0.11    9.99   library setup time
                                  9.99   data required time
-----------------------------------------------------------------------------
                                  9.99   data required time
                                 -1.71   data arrival time
-----------------------------------------------------------------------------
                                  8.28   slack (MET)


Startpoint: _480_ (rising edge-triggered flip-flop clocked by SCK)
Endpoint: _480_ (rising edge-triggered flip-flop clocked by SCK)
Path Group: SCK
Path Type: max

Fanout     Cap    Slew   Delay    Time   Description
-----------------------------------------------------------------------------
                          0.00    0.00   clock SCK (rise edge)
                          0.00    0.00   clock source latency
                  0.08    0.06    0.06 ^ SCK (in)
     1    0.02                           SCK (net)
                  0.08    0.00    0.06 ^ clkbuf_0_SCK/A (sky130_fd_sc_hd__clkbuf_16)
                  0.06    0.17    0.23 ^ clkbuf_0_SCK/X (sky130_fd_sc_hd__clkbuf_16)
     4    0.04                           clknet_0_SCK (net)
                  0.06    0.00    0.23 ^ clkbuf_2_0__f_SCK/A (sky130_fd_sc_hd__clkbuf_16)
                  0.05    0.15    0.38 ^ clkbuf_2_0__f_SCK/X (sky130_fd_sc_hd__clkbuf_16)
     9    0.03                           clknet_2_0__leaf_SCK (net)
                  0.05    0.00    0.38 ^ _480_/CLK (sky130_fd_sc_hd__dfrtp_1)
                  0.06    0.40    0.78 v _480_/Q (sky130_fd_sc_hd__dfrtp_1)
     3    0.01                           net27 (net)
                  0.06    0.00    0.78 v hold23/A (sky130_fd_sc_hd__dlygate4sd3_1)
                  0.05    0.58    1.35 v hold23/X (sky130_fd_sc_hd__dlygate4sd3_1)
     1    0.00                           net71 (net)
                  0.05    0.00    1.35 v _280_/A0 (sky130_fd_sc_hd__mux2_1)
                  0.05    0.29    1.64 v _280_/X (sky130_fd_sc_hd__mux2_1)
     1    0.00                           _136_ (net)
                  0.05    0.00    1.64 v _281_/A (sky130_fd_sc_hd__clkbuf_1)
                  0.02    0.09    1.73 v _281_/X (sky130_fd_sc_hd__clkbuf_1)
     1    0.00                           _087_ (net)
                  0.02    0.00    1.73 v _480_/D (sky130_fd_sc_hd__dfrtp_1)
                                  1.73   data arrival time

                         10.00   10.00   clock SCK (rise edge)
                          0.00   10.00   clock source latency
                  0.08    0.05   10.05 ^ SCK (in)
     1    0.02                           SCK (net)
                  0.08    0.00   10.05 ^ clkbuf_0_SCK/A (sky130_fd_sc_hd__clkbuf_16)
                  0.06    0.15   10.20 ^ clkbuf_0_SCK/X (sky130_fd_sc_hd__clkbuf_16)
     4    0.04                           clknet_0_SCK (net)
                  0.06    0.00   10.20 ^ clkbuf_2_0__f_SCK/A (sky130_fd_sc_hd__clkbuf_16)
                  0.05    0.13   10.34 ^ clkbuf_2_0__f_SCK/X (sky130_fd_sc_hd__clkbuf_16)
     9    0.03                           clknet_2_0__leaf_SCK (net)
                  0.05    0.00   10.34 ^ _480_/CLK (sky130_fd_sc_hd__dfrtp_1)
                         -0.25   10.09   clock uncertainty
                          0.04   10.13   clock reconvergence pessimism
                         -0.10   10.02   library setup time
                                 10.02   data required time
-----------------------------------------------------------------------------
                                 10.02   data required time
                                 -1.73   data arrival time
-----------------------------------------------------------------------------
                                  8.29   slack (MET)


Startpoint: _489_ (rising edge-triggered flip-flop clocked by SCK)
Endpoint: _467_ (rising edge-triggered flip-flop clocked by SCK)
Path Group: SCK
Path Type: max

Fanout     Cap    Slew   Delay    Time   Description
-----------------------------------------------------------------------------
                          0.00    0.00   clock SCK (rise edge)
                          0.00    0.00   clock source latency
                  0.08    0.06    0.06 ^ SCK (in)
     1    0.02                           SCK (net)
                  0.08    0.00    0.06 ^ clkbuf_0_SCK/A (sky130_fd_sc_hd__clkbuf_16)
                  0.06    0.17    0.23 ^ clkbuf_0_SCK/X (sky130_fd_sc_hd__clkbuf_16)
     4    0.04                           clknet_0_SCK (net)
                  0.06    0.00    0.23 ^ clkbuf_2_2__f_SCK/A (sky130_fd_sc_hd__clkbuf_16)
                  0.05    0.15    0.38 ^ clkbuf_2_2__f_SCK/X (sky130_fd_sc_hd__clkbuf_16)
     9    0.03                           clknet_2_2__leaf_SCK (net)
                  0.05    0.00    0.38 ^ _489_/CLK (sky130_fd_sc_hd__dfrtp_1)
                  0.09    0.43    0.81 v _489_/Q (sky130_fd_sc_hd__dfrtp_1)
     4    0.01                           state[3] (net)
                  0.09    0.00    0.81 v _310_/A (sky130_fd_sc_hd__clkbuf_4)
                  0.09    0.22    1.03 v _310_/X (sky130_fd_sc_hd__clkbuf_4)
    10    0.04                           _155_ (net)
                  0.09    0.00    1.03 v _311_/C (sky130_fd_sc_hd__or3_2)
                  0.12    0.51    1.54 v _311_/X (sky130_fd_sc_hd__or3_2)
     3    0.02                           _156_ (net)
                  0.12    0.00    1.54 v _320_/B (sky130_fd_sc_hd__xor2_1)
                  0.05    0.17    1.71 v _320_/X (sky130_fd_sc_hd__xor2_1)
     1    0.00                           _074_ (net)
                  0.05    0.00    1.71 v _467_/D (sky130_fd_sc_hd__dfrtp_1)
                                  1.71   data arrival time

                         10.00   10.00   clock SCK (rise edge)
                          0.00   10.00   clock source latency
                  0.08    0.05   10.05 ^ SCK (in)
     1    0.02                           SCK (net)
                  0.08    0.00   10.05 ^ clkbuf_0_SCK/A (sky130_fd_sc_hd__clkbuf_16)
                  0.06    0.15   10.20 ^ clkbuf_0_SCK/X (sky130_fd_sc_hd__clkbuf_16)
     4    0.04                           clknet_0_SCK (net)
                  0.06    0.00   10.20 ^ clkbuf_2_1__f_SCK/A (sky130_fd_sc_hd__clkbuf_16)
                  0.06    0.14   10.35 ^ clkbuf_2_1__f_SCK/X (sky130_fd_sc_hd__clkbuf_16)
    12    0.04                           clknet_2_1__leaf_SCK (net)
                  0.06    0.00   10.35 ^ _467_/CLK (sky130_fd_sc_hd__dfrtp_1)
                         -0.25   10.10   clock uncertainty
                          0.02   10.12   clock reconvergence pessimism
                         -0.11   10.01   library setup time
                                 10.01   data required time
-----------------------------------------------------------------------------
                                 10.01   data required time
                                 -1.71   data arrival time
-----------------------------------------------------------------------------
                                  8.29   slack (MET)


Startpoint: _468_ (rising edge-triggered flip-flop clocked by SCK)
Endpoint: _489_ (rising edge-triggered flip-flop clocked by SCK)
Path Group: SCK
Path Type: max

Fanout     Cap    Slew   Delay    Time   Description
-----------------------------------------------------------------------------
                          0.00    0.00   clock SCK (rise edge)
                          0.00    0.00   clock source latency
                  0.08    0.06    0.06 ^ SCK (in)
     1    0.02                           SCK (net)
                  0.08    0.00    0.06 ^ clkbuf_0_SCK/A (sky130_fd_sc_hd__clkbuf_16)
                  0.06    0.17    0.23 ^ clkbuf_0_SCK/X (sky130_fd_sc_hd__clkbuf_16)
     4    0.04                           clknet_0_SCK (net)
                  0.06    0.00    0.23 ^ clkbuf_2_1__f_SCK/A (sky130_fd_sc_hd__clkbuf_16)
                  0.06    0.16    0.38 ^ clkbuf_2_1__f_SCK/X (sky130_fd_sc_hd__clkbuf_16)
    12    0.04                           clknet_2_1__leaf_SCK (net)
                  0.06    0.00    0.38 ^ _468_/CLK (sky130_fd_sc_hd__dfrtp_4)
                  0.12    0.49    0.87 ^ _468_/Q (sky130_fd_sc_hd__dfrtp_4)
     9    0.03                           count[1] (net)
                  0.12    0.00    0.87 ^ _261_/B (sky130_fd_sc_hd__and3_1)
                  0.05    0.16    1.04 ^ _261_/X (sky130_fd_sc_hd__and3_1)
     1    0.00                           _122_ (net)
                  0.05    0.00    1.04 ^ _262_/A (sky130_fd_sc_hd__buf_2)
                  0.17    0.21    1.25 ^ _262_/X (sky130_fd_sc_hd__buf_2)
     8    0.04                           _123_ (net)
                  0.17    0.00    1.25 ^ _366_/B (sky130_fd_sc_hd__nand2_1)
                  0.09    0.13    1.38 v _366_/Y (sky130_fd_sc_hd__nand2_1)
     2    0.01                           _199_ (net)
                  0.09    0.00    1.38 v _378_/A3 (sky130_fd_sc_hd__o32a_1)
                  0.06    0.32    1.70 v _378_/X (sky130_fd_sc_hd__o32a_1)
     1    0.00                           _204_ (net)
                  0.06    0.00    1.70 v _379_/A (sky130_fd_sc_hd__inv_2)
                  0.03    0.05    1.75 ^ _379_/Y (sky130_fd_sc_hd__inv_2)
     1    0.00                           _004_ (net)
                  0.03    0.00    1.75 ^ _489_/D (sky130_fd_sc_hd__dfrtp_1)
                                  1.75   data arrival time

                         10.00   10.00   clock SCK (rise edge)
                          0.00   10.00   clock source latency
                  0.08    0.05   10.05 ^ SCK (in)
     1    0.02                           SCK (net)
                  0.08    0.00   10.05 ^ clkbuf_0_SCK/A (sky130_fd_sc_hd__clkbuf_16)
                  0.06    0.15   10.20 ^ clkbuf_0_SCK/X (sky130_fd_sc_hd__clkbuf_16)
     4    0.04                           clknet_0_SCK (net)
                  0.06    0.00   10.20 ^ clkbuf_2_2__f_SCK/A (sky130_fd_sc_hd__clkbuf_16)
                  0.05    0.14   10.34 ^ clkbuf_2_2__f_SCK/X (sky130_fd_sc_hd__clkbuf_16)
     9    0.03                           clknet_2_2__leaf_SCK (net)
                  0.05    0.00   10.34 ^ _489_/CLK (sky130_fd_sc_hd__dfrtp_1)
                         -0.25   10.09   clock uncertainty
                          0.02   10.11   clock reconvergence pessimism
                         -0.05   10.06   library setup time
                                 10.06   data required time
-----------------------------------------------------------------------------
                                 10.06   data required time
                                 -1.75   data arrival time
-----------------------------------------------------------------------------
                                  8.31   slack (MET)



