OpenSTA 2.4.0 41a51eaf4c Copyright (c) 2021, Parallax Software, Inc.
License GPLv3: GNU GPL version 3 <http://gnu.org/licenses/gpl.html>

This is free software, and you are free to change and redistribute it
under certain conditions; type `show_copying' for details. 
This program comes with ABSOLUTELY NO WARRANTY; for details type `show_warranty'.
define_corners Typical
read_liberty -corner Typical /home/codespace/.ciel/sky130A/libs.ref/sky130_fd_sc_hd/lib/sky130_fd_sc_hd__tt_025C_1v80.lib
Using 1e-12 for capacitance...
Using 1e+03 for resistance...
Using 1e-09 for time...
Using 1e+00 for voltage...
Using 1e-03 for current...
Using 1e-09 for power...
Using 1e-06 for distance...
Reading netlist '/openlane/designs/housekeeping_spi/runs/manual_run/tmp/signoff/29-housekeeping_spi.nl.v'…
Warning: /openlane/designs/housekeeping_spi/runs/manual_run/tmp/signoff/29-housekeeping_spi.nl.v line 342, module sky130_fd_sc_hd__fill_1 not found. Creating black box for FILLER_0_0_121.
Warning: /openlane/designs/housekeeping_spi/runs/manual_run/tmp/signoff/29-housekeeping_spi.nl.v line 345, module sky130_fd_sc_hd__fill_2 not found. Creating black box for FILLER_0_0_138.
Warning: /openlane/designs/housekeeping_spi/runs/manual_run/tmp/signoff/29-housekeeping_spi.nl.v line 354, module sky130_ef_sc_hd__decap_12 not found. Creating black box for FILLER_0_0_57.
Warning: /openlane/designs/housekeeping_spi/runs/manual_run/tmp/signoff/29-housekeeping_spi.nl.v line 902, module sky130_fd_sc_hd__tapvpwrvgnd_1 not found. Creating black box for TAP_100.
Reading design constraints file at '/openlane/designs/housekeeping_spi/runs/manual_run/tmp/16-housekeeping_spi.sdc'…
min_report

===========================================================================
report_checks -path_delay min (Hold)
============================================================================
======================= Typical Corner ===================================

Startpoint: _485_ (rising edge-triggered flip-flop clocked by SCK')
Endpoint: _485_ (rising edge-triggered flip-flop clocked by SCK')
Path Group: SCK
Path Type: min

Fanout     Cap    Slew   Delay    Time   Description
-----------------------------------------------------------------------------
                          5.00    5.00   clock SCK' (rise edge)
                          0.00    5.00   clock source latency
                  0.04    0.03    5.03 v SCK (in)
     1    0.02                           SCK (net)
                  0.04    0.00    5.03 v clkbuf_0_SCK/A (sky130_fd_sc_hd__clkbuf_16)
                  0.05    0.15    5.17 v clkbuf_0_SCK/X (sky130_fd_sc_hd__clkbuf_16)
     4    0.04                           clknet_0_SCK (net)
                  0.05    0.00    5.18 v clkbuf_2_3__f_SCK/A (sky130_fd_sc_hd__clkbuf_16)
                  0.03    0.14    5.31 v clkbuf_2_3__f_SCK/X (sky130_fd_sc_hd__clkbuf_16)
     6    0.02                           clknet_2_3__leaf_SCK (net)
                  0.03    0.00    5.31 v _437_/A (sky130_fd_sc_hd__buf_1)
                  0.06    0.10    5.42 v _437_/X (sky130_fd_sc_hd__buf_1)
     1    0.01                           _221_ (net)
                  0.06    0.00    5.42 v clkbuf_0__221_/A (sky130_fd_sc_hd__clkbuf_16)
                  0.03    0.14    5.56 v clkbuf_0__221_/X (sky130_fd_sc_hd__clkbuf_16)
     2    0.02                           clknet_0__221_ (net)
                  0.03    0.00    5.56 v clkbuf_1_0__f__221_/A (sky130_fd_sc_hd__clkbuf_16)
                  0.04    0.14    5.70 v clkbuf_1_0__f__221_/X (sky130_fd_sc_hd__clkbuf_16)
     4    0.02                           clknet_1_0__leaf__221_ (net)
                  0.04    0.00    5.70 v _440__2/A (sky130_fd_sc_hd__inv_2)
                  0.02    0.03    5.73 ^ _440__2/Y (sky130_fd_sc_hd__inv_2)
     1    0.00                           net40 (net)
                  0.02    0.00    5.73 ^ _485_/CLK (sky130_fd_sc_hd__dfrtp_1)
                  0.08    0.32    6.05 ^ _485_/Q (sky130_fd_sc_hd__dfrtp_1)
     2    0.01                           net37 (net)
                  0.08    0.00    6.05 ^ _263_/A1 (sky130_fd_sc_hd__o211a_1)
                  0.04    0.15    6.20 ^ _263_/X (sky130_fd_sc_hd__o211a_1)
     1    0.00                           _091_ (net)
                  0.04    0.00    6.20 ^ _485_/D (sky130_fd_sc_hd__dfrtp_1)
                                  6.20   data arrival time

                          5.00    5.00   clock SCK' (rise edge)
                          0.00    5.00   clock source latency
                  0.04    0.03    5.03 v SCK (in)
     1    0.02                           SCK (net)
                  0.04    0.00    5.03 v clkbuf_0_SCK/A (sky130_fd_sc_hd__clkbuf_16)
                  0.05    0.16    5.19 v clkbuf_0_SCK/X (sky130_fd_sc_hd__clkbuf_16)
     4    0.04                           clknet_0_SCK (net)
                  0.05    0.00    5.19 v clkbuf_2_3__f_SCK/A (sky130_fd_sc_hd__clkbuf_16)
                  0.03    0.15    5.35 v clkbuf_2_3__f_SCK/X (sky130_fd_sc_hd__clkbuf_16)
     6    0.02                           clknet_2_3__leaf_SCK (net)
                  0.03    0.00    5.35 v _437_/A (sky130_fd_sc_hd__buf_1)
                  0.06    0.11    5.46 v _437_/X (sky130_fd_sc_hd__buf_1)
     1    0.01                           _221_ (net)
                  0.06    0.00    5.46 v clkbuf_0__221_/A (sky130_fd_sc_hd__clkbuf_16)
                  0.03    0.16    5.62 v clkbuf_0__221_/X (sky130_fd_sc_hd__clkbuf_16)
     2    0.02                           clknet_0__221_ (net)
                  0.03    0.00    5.62 v clkbuf_1_0__f__221_/A (sky130_fd_sc_hd__clkbuf_16)
                  0.04    0.15    5.77 v clkbuf_1_0__f__221_/X (sky130_fd_sc_hd__clkbuf_16)
     4    0.02                           clknet_1_0__leaf__221_ (net)
                  0.04    0.00    5.77 v _440__2/A (sky130_fd_sc_hd__inv_2)
                  0.02    0.04    5.81 ^ _440__2/Y (sky130_fd_sc_hd__inv_2)
     1    0.00                           net40 (net)
                  0.02    0.00    5.81 ^ _485_/CLK (sky130_fd_sc_hd__dfrtp_1)
                          0.25    6.06   clock uncertainty
                         -0.08    5.98   clock reconvergence pessimism
                         -0.04    5.94   library hold time
                                  5.94   data required time
-----------------------------------------------------------------------------
                                  5.94   data required time
                                 -6.20   data arrival time
-----------------------------------------------------------------------------
                                  0.25   slack (MET)


Startpoint: _487_ (rising edge-triggered flip-flop clocked by SCK)
Endpoint: _457_ (rising edge-triggered flip-flop clocked by SCK)
Path Group: SCK
Path Type: min

Fanout     Cap    Slew   Delay    Time   Description
-----------------------------------------------------------------------------
                          0.00    0.00   clock SCK (rise edge)
                          0.00    0.00   clock source latency
                  0.08    0.05    0.05 ^ SCK (in)
     1    0.02                           SCK (net)
                  0.08    0.00    0.05 ^ clkbuf_0_SCK/A (sky130_fd_sc_hd__clkbuf_16)
                  0.06    0.15    0.21 ^ clkbuf_0_SCK/X (sky130_fd_sc_hd__clkbuf_16)
     4    0.04                           clknet_0_SCK (net)
                  0.06    0.00    0.21 ^ clkbuf_2_2__f_SCK/A (sky130_fd_sc_hd__clkbuf_16)
                  0.05    0.14    0.34 ^ clkbuf_2_2__f_SCK/X (sky130_fd_sc_hd__clkbuf_16)
     9    0.03                           clknet_2_2__leaf_SCK (net)
                  0.05    0.00    0.34 ^ _487_/CLK (sky130_fd_sc_hd__dfrtp_1)
                  0.10    0.34    0.69 ^ _487_/Q (sky130_fd_sc_hd__dfrtp_1)
     3    0.01                           state[1] (net)
                  0.10    0.00    0.69 ^ _370_/A2 (sky130_fd_sc_hd__a31o_1)
                  0.04    0.14    0.82 ^ _370_/X (sky130_fd_sc_hd__a31o_1)
     1    0.00                           _064_ (net)
                  0.04    0.00    0.82 ^ _457_/D (sky130_fd_sc_hd__dfrtp_1)
                                  0.82   data arrival time

                          0.00    0.00   clock SCK (rise edge)
                          0.00    0.00   clock source latency
                  0.08    0.06    0.06 ^ SCK (in)
     1    0.02                           SCK (net)
                  0.08    0.00    0.06 ^ clkbuf_0_SCK/A (sky130_fd_sc_hd__clkbuf_16)
                  0.06    0.17    0.23 ^ clkbuf_0_SCK/X (sky130_fd_sc_hd__clkbuf_16)
     4    0.04                           clknet_0_SCK (net)
                  0.06    0.00    0.23 ^ clkbuf_2_3__f_SCK/A (sky130_fd_sc_hd__clkbuf_16)
                  0.04    0.14    0.37 ^ clkbuf_2_3__f_SCK/X (sky130_fd_sc_hd__clkbuf_16)
     6    0.02                           clknet_2_3__leaf_SCK (net)
                  0.04    0.00    0.37 ^ _457_/CLK (sky130_fd_sc_hd__dfrtp_1)
                          0.25    0.62   clock uncertainty
                         -0.02    0.60   clock reconvergence pessimism
                         -0.03    0.56   library hold time
                                  0.56   data required time
-----------------------------------------------------------------------------
                                  0.56   data required time
                                 -0.82   data arrival time
-----------------------------------------------------------------------------
                                  0.26   slack (MET)


Startpoint: _492_ (rising edge-triggered flip-flop clocked by SCK')
Endpoint: _492_ (rising edge-triggered flip-flop clocked by SCK')
Path Group: SCK
Path Type: min

Fanout     Cap    Slew   Delay    Time   Description
-----------------------------------------------------------------------------
                          5.00    5.00   clock SCK' (rise edge)
                          0.00    5.00   clock source latency
                  0.04    0.03    5.03 v SCK (in)
     1    0.02                           SCK (net)
                  0.04    0.00    5.03 v clkbuf_0_SCK/A (sky130_fd_sc_hd__clkbuf_16)
                  0.05    0.15    5.17 v clkbuf_0_SCK/X (sky130_fd_sc_hd__clkbuf_16)
     4    0.04                           clknet_0_SCK (net)
                  0.05    0.00    5.18 v clkbuf_2_3__f_SCK/A (sky130_fd_sc_hd__clkbuf_16)
                  0.03    0.14    5.31 v clkbuf_2_3__f_SCK/X (sky130_fd_sc_hd__clkbuf_16)
     6    0.02                           clknet_2_3__leaf_SCK (net)
                  0.03    0.00    5.31 v _437_/A (sky130_fd_sc_hd__buf_1)
                  0.06    0.10    5.42 v _437_/X (sky130_fd_sc_hd__buf_1)
     1    0.01                           _221_ (net)
                  0.06    0.00    5.42 v clkbuf_0__221_/A (sky130_fd_sc_hd__clkbuf_16)
                  0.03    0.14    5.56 v clkbuf_0__221_/X (sky130_fd_sc_hd__clkbuf_16)
     2    0.02                           clknet_0__221_ (net)
                  0.03    0.00    5.56 v clkbuf_1_1__f__221_/A (sky130_fd_sc_hd__clkbuf_16)
                  0.04    0.14    5.70 v clkbuf_1_1__f__221_/X (sky130_fd_sc_hd__clkbuf_16)
     6    0.03                           clknet_1_1__leaf__221_ (net)
                  0.04    0.00    5.71 v _447__4/A (sky130_fd_sc_hd__inv_2)
                  0.02    0.03    5.74 ^ _447__4/Y (sky130_fd_sc_hd__inv_2)
     1    0.00                           net42 (net)
                  0.02    0.00    5.74 ^ _492_/CLK (sky130_fd_sc_hd__dfrtp_1)
                  0.06    0.30    6.04 ^ _492_/Q (sky130_fd_sc_hd__dfrtp_1)
     2    0.00                           ldata[1] (net)
                  0.06    0.00    6.04 ^ _255_/A1 (sky130_fd_sc_hd__mux2_1)
                  0.04    0.12    6.16 ^ _255_/X (sky130_fd_sc_hd__mux2_1)
     1    0.00                           _120_ (net)
                  0.04    0.00    6.16 ^ _256_/A (sky130_fd_sc_hd__clkbuf_1)
                  0.04    0.07    6.23 ^ _256_/X (sky130_fd_sc_hd__clkbuf_1)
     1    0.00                           _093_ (net)
                  0.04    0.00    6.23 ^ _492_/D (sky130_fd_sc_hd__dfrtp_1)
                                  6.23   data arrival time

                          5.00    5.00   clock SCK' (rise edge)
                          0.00    5.00   clock source latency
                  0.04    0.03    5.03 v SCK (in)
     1    0.02                           SCK (net)
                  0.04    0.00    5.03 v clkbuf_0_SCK/A (sky130_fd_sc_hd__clkbuf_16)
                  0.05    0.16    5.19 v clkbuf_0_SCK/X (sky130_fd_sc_hd__clkbuf_16)
     4    0.04                           clknet_0_SCK (net)
                  0.05    0.00    5.19 v clkbuf_2_3__f_SCK/A (sky130_fd_sc_hd__clkbuf_16)
                  0.03    0.15    5.35 v clkbuf_2_3__f_SCK/X (sky130_fd_sc_hd__clkbuf_16)
     6    0.02                           clknet_2_3__leaf_SCK (net)
                  0.03    0.00    5.35 v _437_/A (sky130_fd_sc_hd__buf_1)
                  0.06    0.11    5.46 v _437_/X (sky130_fd_sc_hd__buf_1)
     1    0.01                           _221_ (net)
                  0.06    0.00    5.46 v clkbuf_0__221_/A (sky130_fd_sc_hd__clkbuf_16)
                  0.03    0.16    5.62 v clkbuf_0__221_/X (sky130_fd_sc_hd__clkbuf_16)
     2    0.02                           clknet_0__221_ (net)
                  0.03    0.00    5.62 v clkbuf_1_1__f__221_/A (sky130_fd_sc_hd__clkbuf_16)
                  0.04    0.16    5.78 v clkbuf_1_1__f__221_/X (sky130_fd_sc_hd__clkbuf_16)
     6    0.03                           clknet_1_1__leaf__221_ (net)
                  0.04    0.00    5.78 v _447__4/A (sky130_fd_sc_hd__inv_2)
                  0.02    0.04    5.82 ^ _447__4/Y (sky130_fd_sc_hd__inv_2)
     1    0.00                           net42 (net)
                  0.02    0.00    5.82 ^ _492_/CLK (sky130_fd_sc_hd__dfrtp_1)
                          0.25    6.07   clock uncertainty
                         -0.08    5.99   clock reconvergence pessimism
                         -0.04    5.95   library hold time
                                  5.95   data required time
-----------------------------------------------------------------------------
                                  5.95   data required time
                                 -6.23   data arrival time
-----------------------------------------------------------------------------
                                  0.28   slack (MET)


Startpoint: _466_ (rising edge-triggered flip-flop clocked by SCK)
Endpoint: _466_ (rising edge-triggered flip-flop clocked by SCK)
Path Group: SCK
Path Type: min

Fanout     Cap    Slew   Delay    Time   Description
-----------------------------------------------------------------------------
                          0.00    0.00   clock SCK (rise edge)
                          0.00    0.00   clock source latency
                  0.08    0.05    0.05 ^ SCK (in)
     1    0.02                           SCK (net)
                  0.08    0.00    0.05 ^ clkbuf_0_SCK/A (sky130_fd_sc_hd__clkbuf_16)
                  0.06    0.15    0.21 ^ clkbuf_0_SCK/X (sky130_fd_sc_hd__clkbuf_16)
     4    0.04                           clknet_0_SCK (net)
                  0.06    0.00    0.21 ^ clkbuf_2_0__f_SCK/A (sky130_fd_sc_hd__clkbuf_16)
                  0.05    0.13    0.34 ^ clkbuf_2_0__f_SCK/X (sky130_fd_sc_hd__clkbuf_16)
     9    0.03                           clknet_2_0__leaf_SCK (net)
                  0.05    0.00    0.34 ^ _466_/CLK (sky130_fd_sc_hd__dfrtp_1)
                  0.06    0.32    0.66 ^ _466_/Q (sky130_fd_sc_hd__dfrtp_1)
     2    0.01                           addr[7] (net)
                  0.06    0.00    0.66 ^ _330_/A0 (sky130_fd_sc_hd__mux2_1)
                  0.04    0.11    0.77 ^ _330_/X (sky130_fd_sc_hd__mux2_1)
     1    0.00                           _171_ (net)
                  0.04    0.00    0.77 ^ _331_/A (sky130_fd_sc_hd__clkbuf_1)
                  0.04    0.07    0.84 ^ _331_/X (sky130_fd_sc_hd__clkbuf_1)
     1    0.00                           _073_ (net)
                  0.04    0.00    0.84 ^ _466_/D (sky130_fd_sc_hd__dfrtp_1)
                                  0.84   data arrival time

                          0.00    0.00   clock SCK (rise edge)
                          0.00    0.00   clock source latency
                  0.08    0.06    0.06 ^ SCK (in)
     1    0.02                           SCK (net)
                  0.08    0.00    0.06 ^ clkbuf_0_SCK/A (sky130_fd_sc_hd__clkbuf_16)
                  0.06    0.17    0.23 ^ clkbuf_0_SCK/X (sky130_fd_sc_hd__clkbuf_16)
     4    0.04                           clknet_0_SCK (net)
                  0.06    0.00    0.23 ^ clkbuf_2_0__f_SCK/A (sky130_fd_sc_hd__clkbuf_16)
                  0.05    0.15    0.38 ^ clkbuf_2_0__f_SCK/X (sky130_fd_sc_hd__clkbuf_16)
     9    0.03                           clknet_2_0__leaf_SCK (net)
                  0.05    0.00    0.38 ^ _466_/CLK (sky130_fd_sc_hd__dfrtp_1)
                          0.25    0.63   clock uncertainty
                         -0.04    0.59   clock reconvergence pessimism
                         -0.03    0.56   library hold time
                                  0.56   data required time
-----------------------------------------------------------------------------
                                  0.56   data required time
                                 -0.84   data arrival time
-----------------------------------------------------------------------------
                                  0.28   slack (MET)


Startpoint: _494_ (rising edge-triggered flip-flop clocked by SCK')
Endpoint: _494_ (rising edge-triggered flip-flop clocked by SCK')
Path Group: SCK
Path Type: min

Fanout     Cap    Slew   Delay    Time   Description
-----------------------------------------------------------------------------
                          5.00    5.00   clock SCK' (rise edge)
                          0.00    5.00   clock source latency
                  0.04    0.03    5.03 v SCK (in)
     1    0.02                           SCK (net)
                  0.04    0.00    5.03 v clkbuf_0_SCK/A (sky130_fd_sc_hd__clkbuf_16)
                  0.05    0.15    5.17 v clkbuf_0_SCK/X (sky130_fd_sc_hd__clkbuf_16)
     4    0.04                           clknet_0_SCK (net)
                  0.05    0.00    5.18 v clkbuf_2_3__f_SCK/A (sky130_fd_sc_hd__clkbuf_16)
                  0.03    0.14    5.31 v clkbuf_2_3__f_SCK/X (sky130_fd_sc_hd__clkbuf_16)
     6    0.02                           clknet_2_3__leaf_SCK (net)
                  0.03    0.00    5.31 v _437_/A (sky130_fd_sc_hd__buf_1)
                  0.06    0.10    5.42 v _437_/X (sky130_fd_sc_hd__buf_1)
     1    0.01                           _221_ (net)
                  0.06    0.00    5.42 v clkbuf_0__221_/A (sky130_fd_sc_hd__clkbuf_16)
                  0.03    0.14    5.56 v clkbuf_0__221_/X (sky130_fd_sc_hd__clkbuf_16)
     2    0.02                           clknet_0__221_ (net)
                  0.03    0.00    5.56 v clkbuf_1_0__f__221_/A (sky130_fd_sc_hd__clkbuf_16)
                  0.04    0.14    5.70 v clkbuf_1_0__f__221_/X (sky130_fd_sc_hd__clkbuf_16)
     4    0.02                           clknet_1_0__leaf__221_ (net)
                  0.04    0.00    5.70 v _449__6/A (sky130_fd_sc_hd__inv_2)
                  0.02    0.03    5.73 ^ _449__6/Y (sky130_fd_sc_hd__inv_2)
     1    0.00                           net44 (net)
                  0.02    0.00    5.73 ^ _494_/CLK (sky130_fd_sc_hd__dfrtp_1)
                  0.06    0.30    6.03 ^ _494_/Q (sky130_fd_sc_hd__dfrtp_1)
     2    0.00                           ldata[3] (net)
                  0.06    0.00    6.03 ^ _247_/A1 (sky130_fd_sc_hd__mux2_1)
                  0.05    0.12    6.15 ^ _247_/X (sky130_fd_sc_hd__mux2_1)
     1    0.00                           _116_ (net)
                  0.05    0.00    6.15 ^ _248_/A (sky130_fd_sc_hd__clkbuf_1)
                  0.04    0.08    6.23 ^ _248_/X (sky130_fd_sc_hd__clkbuf_1)
     1    0.00                           _095_ (net)
                  0.04    0.00    6.23 ^ _494_/D (sky130_fd_sc_hd__dfrtp_1)
                                  6.23   data arrival time

                          5.00    5.00   clock SCK' (rise edge)
                          0.00    5.00   clock source latency
                  0.04    0.03    5.03 v SCK (in)
     1    0.02                           SCK (net)
                  0.04    0.00    5.03 v clkbuf_0_SCK/A (sky130_fd_sc_hd__clkbuf_16)
                  0.05    0.16    5.19 v clkbuf_0_SCK/X (sky130_fd_sc_hd__clkbuf_16)
     4    0.04                           clknet_0_SCK (net)
                  0.05    0.00    5.19 v clkbuf_2_3__f_SCK/A (sky130_fd_sc_hd__clkbuf_16)
                  0.03    0.15    5.35 v clkbuf_2_3__f_SCK/X (sky130_fd_sc_hd__clkbuf_16)
     6    0.02                           clknet_2_3__leaf_SCK (net)
                  0.03    0.00    5.35 v _437_/A (sky130_fd_sc_hd__buf_1)
                  0.06    0.11    5.46 v _437_/X (sky130_fd_sc_hd__buf_1)
     1    0.01                           _221_ (net)
                  0.06    0.00    5.46 v clkbuf_0__221_/A (sky130_fd_sc_hd__clkbuf_16)
                  0.03    0.16    5.62 v clkbuf_0__221_/X (sky130_fd_sc_hd__clkbuf_16)
     2    0.02                           clknet_0__221_ (net)
                  0.03    0.00    5.62 v clkbuf_1_0__f__221_/A (sky130_fd_sc_hd__clkbuf_16)
                  0.04    0.15    5.77 v clkbuf_1_0__f__221_/X (sky130_fd_sc_hd__clkbuf_16)
     4    0.02                           clknet_1_0__leaf__221_ (net)
                  0.04    0.00    5.77 v _449__6/A (sky130_fd_sc_hd__inv_2)
                  0.02    0.04    5.81 ^ _449__6/Y (sky130_fd_sc_hd__inv_2)
     1    0.00                           net44 (net)
                  0.02    0.00    5.81 ^ _494_/CLK (sky130_fd_sc_hd__dfrtp_1)
                          0.25    6.06   clock uncertainty
                         -0.08    5.98   clock reconvergence pessimism
                         -0.04    5.94   library hold time
                                  5.94   data required time
-----------------------------------------------------------------------------
                                  5.94   data required time
                                 -6.23   data arrival time
-----------------------------------------------------------------------------
                                  0.29   slack (MET)


Startpoint: _498_ (rising edge-triggered flip-flop clocked by SCK')
Endpoint: _498_ (rising edge-triggered flip-flop clocked by SCK')
Path Group: SCK
Path Type: min

Fanout     Cap    Slew   Delay    Time   Description
-----------------------------------------------------------------------------
                          5.00    5.00   clock SCK' (rise edge)
                          0.00    5.00   clock source latency
                  0.04    0.03    5.03 v SCK (in)
     1    0.02                           SCK (net)
                  0.04    0.00    5.03 v clkbuf_0_SCK/A (sky130_fd_sc_hd__clkbuf_16)
                  0.05    0.15    5.17 v clkbuf_0_SCK/X (sky130_fd_sc_hd__clkbuf_16)
     4    0.04                           clknet_0_SCK (net)
                  0.05    0.00    5.18 v clkbuf_2_3__f_SCK/A (sky130_fd_sc_hd__clkbuf_16)
                  0.03    0.14    5.31 v clkbuf_2_3__f_SCK/X (sky130_fd_sc_hd__clkbuf_16)
     6    0.02                           clknet_2_3__leaf_SCK (net)
                  0.03    0.00    5.31 v _437_/A (sky130_fd_sc_hd__buf_1)
                  0.06    0.10    5.42 v _437_/X (sky130_fd_sc_hd__buf_1)
     1    0.01                           _221_ (net)
                  0.06    0.00    5.42 v clkbuf_0__221_/A (sky130_fd_sc_hd__clkbuf_16)
                  0.03    0.14    5.56 v clkbuf_0__221_/X (sky130_fd_sc_hd__clkbuf_16)
     2    0.02                           clknet_0__221_ (net)
                  0.03    0.00    5.56 v clkbuf_1_1__f__221_/A (sky130_fd_sc_hd__clkbuf_16)
                  0.04    0.14    5.70 v clkbuf_1_1__f__221_/X (sky130_fd_sc_hd__clkbuf_16)
     6    0.03                           clknet_1_1__leaf__221_ (net)
                  0.04    0.00    5.71 v _453__10/A (sky130_fd_sc_hd__inv_2)
                  0.02    0.03    5.74 ^ _453__10/Y (sky130_fd_sc_hd__inv_2)
     1    0.00                           net48 (net)
                  0.02    0.00    5.74 ^ _498_/CLK (sky130_fd_sc_hd__dfrtp_1)
                  0.07    0.31    6.05 ^ _498_/Q (sky130_fd_sc_hd__dfrtp_1)
     2    0.01                           net12 (net)
                  0.07    0.00    6.05 ^ _231_/A1 (sky130_fd_sc_hd__mux2_1)
                  0.04    0.12    6.17 ^ _231_/X (sky130_fd_sc_hd__mux2_1)
     1    0.00                           _108_ (net)
                  0.04    0.00    6.17 ^ _232_/A (sky130_fd_sc_hd__clkbuf_1)
                  0.04    0.07    6.24 ^ _232_/X (sky130_fd_sc_hd__clkbuf_1)
     1    0.00                           _099_ (net)
                  0.04    0.00    6.24 ^ _498_/D (sky130_fd_sc_hd__dfrtp_1)
                                  6.24   data arrival time

                          5.00    5.00   clock SCK' (rise edge)
                          0.00    5.00   clock source latency
                  0.04    0.03    5.03 v SCK (in)
     1    0.02                           SCK (net)
                  0.04    0.00    5.03 v clkbuf_0_SCK/A (sky130_fd_sc_hd__clkbuf_16)
                  0.05    0.16    5.19 v clkbuf_0_SCK/X (sky130_fd_sc_hd__clkbuf_16)
     4    0.04                           clknet_0_SCK (net)
                  0.05    0.00    5.19 v clkbuf_2_3__f_SCK/A (sky130_fd_sc_hd__clkbuf_16)
                  0.03    0.15    5.35 v clkbuf_2_3__f_SCK/X (sky130_fd_sc_hd__clkbuf_16)
     6    0.02                           clknet_2_3__leaf_SCK (net)
                  0.03    0.00    5.35 v _437_/A (sky130_fd_sc_hd__buf_1)
                  0.06    0.11    5.46 v _437_/X (sky130_fd_sc_hd__buf_1)
     1    0.01                           _221_ (net)
                  0.06    0.00    5.46 v clkbuf_0__221_/A (sky130_fd_sc_hd__clkbuf_16)
                  0.03    0.16    5.62 v clkbuf_0__221_/X (sky130_fd_sc_hd__clkbuf_16)
     2    0.02                           clknet_0__221_ (net)
                  0.03    0.00    5.62 v clkbuf_1_1__f__221_/A (sky130_fd_sc_hd__clkbuf_16)
                  0.04    0.16    5.78 v clkbuf_1_1__f__221_/X (sky130_fd_sc_hd__clkbuf_16)
     6    0.03                           clknet_1_1__leaf__221_ (net)
                  0.04    0.00    5.78 v _453__10/A (sky130_fd_sc_hd__inv_2)
                  0.02    0.04    5.82 ^ _453__10/Y (sky130_fd_sc_hd__inv_2)
     1    0.00                           net48 (net)
                  0.02    0.00    5.82 ^ _498_/CLK (sky130_fd_sc_hd__dfrtp_1)
                          0.25    6.07   clock uncertainty
                         -0.08    5.99   clock reconvergence pessimism
                         -0.04    5.95   library hold time
                                  5.95   data required time
-----------------------------------------------------------------------------
                                  5.95   data required time
                                 -6.24   data arrival time
-----------------------------------------------------------------------------
                                  0.29   slack (MET)


Startpoint: _484_ (rising edge-triggered flip-flop clocked by SCK)
Endpoint: _484_ (rising edge-triggered flip-flop clocked by SCK)
Path Group: SCK
Path Type: min

Fanout     Cap    Slew   Delay    Time   Description
-----------------------------------------------------------------------------
                          0.00    0.00   clock SCK (rise edge)
                          0.00    0.00   clock source latency
                  0.08    0.05    0.05 ^ SCK (in)
     1    0.02                           SCK (net)
                  0.08    0.00    0.05 ^ clkbuf_0_SCK/A (sky130_fd_sc_hd__clkbuf_16)
                  0.06    0.15    0.21 ^ clkbuf_0_SCK/X (sky130_fd_sc_hd__clkbuf_16)
     4    0.04                           clknet_0_SCK (net)
                  0.06    0.00    0.21 ^ clkbuf_2_1__f_SCK/A (sky130_fd_sc_hd__clkbuf_16)
                  0.06    0.14    0.35 ^ clkbuf_2_1__f_SCK/X (sky130_fd_sc_hd__clkbuf_16)
    12    0.04                           clknet_2_1__leaf_SCK (net)
                  0.06    0.00    0.35 ^ _484_/CLK (sky130_fd_sc_hd__dfrtp_2)
                  0.11    0.38    0.73 ^ _484_/Q (sky130_fd_sc_hd__dfrtp_2)
     5    0.02                           pre_pass_thru_user (net)
                  0.11    0.00    0.73 ^ _270_/B2 (sky130_fd_sc_hd__a32o_1)
                  0.05    0.12    0.86 ^ _270_/X (sky130_fd_sc_hd__a32o_1)
     1    0.00                           _090_ (net)
                  0.05    0.00    0.86 ^ _484_/D (sky130_fd_sc_hd__dfrtp_2)
                                  0.86   data arrival time

                          0.00    0.00   clock SCK (rise edge)
                          0.00    0.00   clock source latency
                  0.08    0.06    0.06 ^ SCK (in)
     1    0.02                           SCK (net)
                  0.08    0.00    0.06 ^ clkbuf_0_SCK/A (sky130_fd_sc_hd__clkbuf_16)
                  0.06    0.17    0.23 ^ clkbuf_0_SCK/X (sky130_fd_sc_hd__clkbuf_16)
     4    0.04                           clknet_0_SCK (net)
                  0.06    0.00    0.23 ^ clkbuf_2_1__f_SCK/A (sky130_fd_sc_hd__clkbuf_16)
                  0.06    0.16    0.39 ^ clkbuf_2_1__f_SCK/X (sky130_fd_sc_hd__clkbuf_16)
    12    0.04                           clknet_2_1__leaf_SCK (net)
                  0.06    0.00    0.39 ^ _484_/CLK (sky130_fd_sc_hd__dfrtp_2)
                          0.25    0.64   clock uncertainty
                         -0.04    0.60   clock reconvergence pessimism
                         -0.03    0.57   library hold time
                                  0.57   data required time
-----------------------------------------------------------------------------
                                  0.57   data required time
                                 -0.86   data arrival time
-----------------------------------------------------------------------------
                                  0.29   slack (MET)


Startpoint: _490_ (rising edge-triggered flip-flop clocked by SCK)
Endpoint: _490_ (rising edge-triggered flip-flop clocked by SCK)
Path Group: SCK
Path Type: min

Fanout     Cap    Slew   Delay    Time   Description
-----------------------------------------------------------------------------
                          0.00    0.00   clock SCK (rise edge)
                          0.00    0.00   clock source latency
                  0.08    0.05    0.05 ^ SCK (in)
     1    0.02                           SCK (net)
                  0.08    0.00    0.05 ^ clkbuf_0_SCK/A (sky130_fd_sc_hd__clkbuf_16)
                  0.06    0.15    0.21 ^ clkbuf_0_SCK/X (sky130_fd_sc_hd__clkbuf_16)
     4    0.04                           clknet_0_SCK (net)
                  0.06    0.00    0.21 ^ clkbuf_2_3__f_SCK/A (sky130_fd_sc_hd__clkbuf_16)
                  0.04    0.13    0.33 ^ clkbuf_2_3__f_SCK/X (sky130_fd_sc_hd__clkbuf_16)
     6    0.02                           clknet_2_3__leaf_SCK (net)
                  0.04    0.00    0.33 ^ _490_/CLK (sky130_fd_sc_hd__dfrtp_1)
                  0.17    0.39    0.73 ^ _490_/Q (sky130_fd_sc_hd__dfrtp_1)
     4    0.02                           state[4] (net)
                  0.17    0.00    0.73 ^ _376_/B1 (sky130_fd_sc_hd__a31o_1)
                  0.04    0.11    0.84 ^ _376_/X (sky130_fd_sc_hd__a31o_1)
     1    0.00                           _005_ (net)
                  0.04    0.00    0.84 ^ _490_/D (sky130_fd_sc_hd__dfrtp_1)
                                  0.84   data arrival time

                          0.00    0.00   clock SCK (rise edge)
                          0.00    0.00   clock source latency
                  0.08    0.06    0.06 ^ SCK (in)
     1    0.02                           SCK (net)
                  0.08    0.00    0.06 ^ clkbuf_0_SCK/A (sky130_fd_sc_hd__clkbuf_16)
                  0.06    0.17    0.23 ^ clkbuf_0_SCK/X (sky130_fd_sc_hd__clkbuf_16)
     4    0.04                           clknet_0_SCK (net)
                  0.06    0.00    0.23 ^ clkbuf_2_3__f_SCK/A (sky130_fd_sc_hd__clkbuf_16)
                  0.04    0.14    0.37 ^ clkbuf_2_3__f_SCK/X (sky130_fd_sc_hd__clkbuf_16)
     6    0.02                           clknet_2_3__leaf_SCK (net)
                  0.04    0.00    0.37 ^ _490_/CLK (sky130_fd_sc_hd__dfrtp_1)
                          0.25    0.62   clock uncertainty
                         -0.03    0.58   clock reconvergence pessimism
                         -0.03    0.55   library hold time
                                  0.55   data required time
-----------------------------------------------------------------------------
                                  0.55   data required time
                                 -0.84   data arrival time
-----------------------------------------------------------------------------
                                  0.29   slack (MET)


Startpoint: _481_ (rising edge-triggered flip-flop clocked by SCK)
Endpoint: _481_ (rising edge-triggered flip-flop clocked by SCK)
Path Group: SCK
Path Type: min

Fanout     Cap    Slew   Delay    Time   Description
-----------------------------------------------------------------------------
                          0.00    0.00   clock SCK (rise edge)
                          0.00    0.00   clock source latency
                  0.08    0.05    0.05 ^ SCK (in)
     1    0.02                           SCK (net)
                  0.08    0.00    0.05 ^ clkbuf_0_SCK/A (sky130_fd_sc_hd__clkbuf_16)
                  0.06    0.15    0.21 ^ clkbuf_0_SCK/X (sky130_fd_sc_hd__clkbuf_16)
     4    0.04                           clknet_0_SCK (net)
                  0.06    0.00    0.21 ^ clkbuf_2_0__f_SCK/A (sky130_fd_sc_hd__clkbuf_16)
                  0.05    0.13    0.34 ^ clkbuf_2_0__f_SCK/X (sky130_fd_sc_hd__clkbuf_16)
     9    0.03                           clknet_2_0__leaf_SCK (net)
                  0.05    0.00    0.34 ^ _481_/CLK (sky130_fd_sc_hd__dfrtp_1)
                  0.07    0.32    0.67 ^ _481_/Q (sky130_fd_sc_hd__dfrtp_1)
     2    0.01                           net28 (net)
                  0.07    0.00    0.67 ^ _278_/A0 (sky130_fd_sc_hd__mux2_1)
                  0.04    0.12    0.78 ^ _278_/X (sky130_fd_sc_hd__mux2_1)
     1    0.00                           _135_ (net)
                  0.04    0.00    0.78 ^ _279_/A (sky130_fd_sc_hd__clkbuf_1)
                  0.04    0.07    0.85 ^ _279_/X (sky130_fd_sc_hd__clkbuf_1)
     1    0.00                           _088_ (net)
                  0.04    0.00    0.85 ^ _481_/D (sky130_fd_sc_hd__dfrtp_1)
                                  0.85   data arrival time

                          0.00    0.00   clock SCK (rise edge)
                          0.00    0.00   clock source latency
                  0.08    0.06    0.06 ^ SCK (in)
     1    0.02                           SCK (net)
                  0.08    0.00    0.06 ^ clkbuf_0_SCK/A (sky130_fd_sc_hd__clkbuf_16)
                  0.06    0.17    0.23 ^ clkbuf_0_SCK/X (sky130_fd_sc_hd__clkbuf_16)
     4    0.04                           clknet_0_SCK (net)
                  0.06    0.00    0.23 ^ clkbuf_2_0__f_SCK/A (sky130_fd_sc_hd__clkbuf_16)
                  0.05    0.15    0.38 ^ clkbuf_2_0__f_SCK/X (sky130_fd_sc_hd__clkbuf_16)
     9    0.03                           clknet_2_0__leaf_SCK (net)
                  0.05    0.00    0.38 ^ _481_/CLK (sky130_fd_sc_hd__dfrtp_1)
                          0.25    0.63   clock uncertainty
                         -0.04    0.59   clock reconvergence pessimism
                         -0.03    0.56   library hold time
                                  0.56   data required time
-----------------------------------------------------------------------------
                                  0.56   data required time
                                 -0.85   data arrival time
-----------------------------------------------------------------------------
                                  0.29   slack (MET)


Startpoint: _496_ (rising edge-triggered flip-flop clocked by SCK')
Endpoint: _496_ (rising edge-triggered flip-flop clocked by SCK')
Path Group: SCK
Path Type: min

Fanout     Cap    Slew   Delay    Time   Description
-----------------------------------------------------------------------------
                          5.00    5.00   clock SCK' (rise edge)
                          0.00    5.00   clock source latency
                  0.04    0.03    5.03 v SCK (in)
     1    0.02                           SCK (net)
                  0.04    0.00    5.03 v clkbuf_0_SCK/A (sky130_fd_sc_hd__clkbuf_16)
                  0.05    0.15    5.17 v clkbuf_0_SCK/X (sky130_fd_sc_hd__clkbuf_16)
     4    0.04                           clknet_0_SCK (net)
                  0.05    0.00    5.18 v clkbuf_2_3__f_SCK/A (sky130_fd_sc_hd__clkbuf_16)
                  0.03    0.14    5.31 v clkbuf_2_3__f_SCK/X (sky130_fd_sc_hd__clkbuf_16)
     6    0.02                           clknet_2_3__leaf_SCK (net)
                  0.03    0.00    5.31 v _437_/A (sky130_fd_sc_hd__buf_1)
                  0.06    0.10    5.42 v _437_/X (sky130_fd_sc_hd__buf_1)
     1    0.01                           _221_ (net)
                  0.06    0.00    5.42 v clkbuf_0__221_/A (sky130_fd_sc_hd__clkbuf_16)
                  0.03    0.14    5.56 v clkbuf_0__221_/X (sky130_fd_sc_hd__clkbuf_16)
     2    0.02                           clknet_0__221_ (net)
                  0.03    0.00    5.56 v clkbuf_1_0__f__221_/A (sky130_fd_sc_hd__clkbuf_16)
                  0.04    0.14    5.70 v clkbuf_1_0__f__221_/X (sky130_fd_sc_hd__clkbuf_16)
     4    0.02                           clknet_1_0__leaf__221_ (net)
                  0.04    0.00    5.70 v _451__8/A (sky130_fd_sc_hd__inv_2)
                  0.02    0.03    5.73 ^ _451__8/Y (sky130_fd_sc_hd__inv_2)
     1    0.00                           net46 (net)
                  0.02    0.00    5.73 ^ _496_/CLK (sky130_fd_sc_hd__dfrtp_1)
                  0.08    0.32    6.04 ^ _496_/Q (sky130_fd_sc_hd__dfrtp_1)
     2    0.01                           ldata[5] (net)
                  0.08    0.00    6.04 ^ _239_/A1 (sky130_fd_sc_hd__mux2_1)
                  0.04    0.12    6.16 ^ _239_/X (sky130_fd_sc_hd__mux2_1)
     1    0.00                           _112_ (net)
                  0.04    0.00    6.16 ^ _240_/A (sky130_fd_sc_hd__clkbuf_1)
                  0.04    0.07    6.24 ^ _240_/X (sky130_fd_sc_hd__clkbuf_1)
     1    0.00                           _097_ (net)
                  0.04    0.00    6.24 ^ _496_/D (sky130_fd_sc_hd__dfrtp_1)
                                  6.24   data arrival time

                          5.00    5.00   clock SCK' (rise edge)
                          0.00    5.00   clock source latency
                  0.04    0.03    5.03 v SCK (in)
     1    0.02                           SCK (net)
                  0.04    0.00    5.03 v clkbuf_0_SCK/A (sky130_fd_sc_hd__clkbuf_16)
                  0.05    0.16    5.19 v clkbuf_0_SCK/X (sky130_fd_sc_hd__clkbuf_16)
     4    0.04                           clknet_0_SCK (net)
                  0.05    0.00    5.19 v clkbuf_2_3__f_SCK/A (sky130_fd_sc_hd__clkbuf_16)
                  0.03    0.15    5.35 v clkbuf_2_3__f_SCK/X (sky130_fd_sc_hd__clkbuf_16)
     6    0.02                           clknet_2_3__leaf_SCK (net)
                  0.03    0.00    5.35 v _437_/A (sky130_fd_sc_hd__buf_1)
                  0.06    0.11    5.46 v _437_/X (sky130_fd_sc_hd__buf_1)
     1    0.01                           _221_ (net)
                  0.06    0.00    5.46 v clkbuf_0__221_/A (sky130_fd_sc_hd__clkbuf_16)
                  0.03    0.16    5.62 v clkbuf_0__221_/X (sky130_fd_sc_hd__clkbuf_16)
     2    0.02                           clknet_0__221_ (net)
                  0.03    0.00    5.62 v clkbuf_1_0__f__221_/A (sky130_fd_sc_hd__clkbuf_16)
                  0.04    0.15    5.77 v clkbuf_1_0__f__221_/X (sky130_fd_sc_hd__clkbuf_16)
     4    0.02                           clknet_1_0__leaf__221_ (net)
                  0.04    0.00    5.77 v _451__8/A (sky130_fd_sc_hd__inv_2)
                  0.02    0.04    5.81 ^ _451__8/Y (sky130_fd_sc_hd__inv_2)
     1    0.00                           net46 (net)
                  0.02    0.00    5.81 ^ _496_/CLK (sky130_fd_sc_hd__dfrtp_1)
                          0.25    6.06   clock uncertainty
                         -0.08    5.98   clock reconvergence pessimism
                         -0.04    5.94   library hold time
                                  5.94   data required time
-----------------------------------------------------------------------------
                                  5.94   data required time
                                 -6.24   data arrival time
-----------------------------------------------------------------------------
                                  0.29   slack (MET)


Startpoint: _454_ (rising edge-triggered flip-flop clocked by SCK)
Endpoint: _454_ (rising edge-triggered flip-flop clocked by SCK)
Path Group: SCK
Path Type: min

Fanout     Cap    Slew   Delay    Time   Description
-----------------------------------------------------------------------------
                          0.00    0.00   clock SCK (rise edge)
                          0.00    0.00   clock source latency
                  0.08    0.05    0.05 ^ SCK (in)
     1    0.02                           SCK (net)
                  0.08    0.00    0.05 ^ clkbuf_0_SCK/A (sky130_fd_sc_hd__clkbuf_16)
                  0.06    0.15    0.21 ^ clkbuf_0_SCK/X (sky130_fd_sc_hd__clkbuf_16)
     4    0.04                           clknet_0_SCK (net)
                  0.06    0.00    0.21 ^ clkbuf_2_3__f_SCK/A (sky130_fd_sc_hd__clkbuf_16)
                  0.04    0.13    0.33 ^ clkbuf_2_3__f_SCK/X (sky130_fd_sc_hd__clkbuf_16)
     6    0.02                           clknet_2_3__leaf_SCK (net)
                  0.04    0.00    0.33 ^ _454_/CLK (sky130_fd_sc_hd__dfrtp_1)
                  0.14    0.37    0.70 ^ _454_/Q (sky130_fd_sc_hd__dfrtp_1)
     3    0.01                           net35 (net)
                  0.14    0.00    0.70 ^ _375_/A1 (sky130_fd_sc_hd__a22o_1)
                  0.04    0.14    0.85 ^ _375_/X (sky130_fd_sc_hd__a22o_1)
     1    0.00                           _061_ (net)
                  0.04    0.00    0.85 ^ _454_/D (sky130_fd_sc_hd__dfrtp_1)
                                  0.85   data arrival time

                          0.00    0.00   clock SCK (rise edge)
                          0.00    0.00   clock source latency
                  0.08    0.06    0.06 ^ SCK (in)
     1    0.02                           SCK (net)
                  0.08    0.00    0.06 ^ clkbuf_0_SCK/A (sky130_fd_sc_hd__clkbuf_16)
                  0.06    0.17    0.23 ^ clkbuf_0_SCK/X (sky130_fd_sc_hd__clkbuf_16)
     4    0.04                           clknet_0_SCK (net)
                  0.06    0.00    0.23 ^ clkbuf_2_3__f_SCK/A (sky130_fd_sc_hd__clkbuf_16)
                  0.04    0.14    0.37 ^ clkbuf_2_3__f_SCK/X (sky130_fd_sc_hd__clkbuf_16)
     6    0.02                           clknet_2_3__leaf_SCK (net)
                  0.04    0.00    0.37 ^ _454_/CLK (sky130_fd_sc_hd__dfrtp_1)
                          0.25    0.62   clock uncertainty
                         -0.03    0.58   clock reconvergence pessimism
                         -0.03    0.55   library hold time
                                  0.55   data required time
-----------------------------------------------------------------------------
                                  0.55   data required time
                                 -0.85   data arrival time
-----------------------------------------------------------------------------
                                  0.30   slack (MET)


Startpoint: _490_ (rising edge-triggered flip-flop clocked by SCK)
Endpoint: _455_ (rising edge-triggered flip-flop clocked by SCK)
Path Group: SCK
Path Type: min

Fanout     Cap    Slew   Delay    Time   Description
-----------------------------------------------------------------------------
                          0.00    0.00   clock SCK (rise edge)
                          0.00    0.00   clock source latency
                  0.08    0.05    0.05 ^ SCK (in)
     1    0.02                           SCK (net)
                  0.08    0.00    0.05 ^ clkbuf_0_SCK/A (sky130_fd_sc_hd__clkbuf_16)
                  0.06    0.15    0.21 ^ clkbuf_0_SCK/X (sky130_fd_sc_hd__clkbuf_16)
     4    0.04                           clknet_0_SCK (net)
                  0.06    0.00    0.21 ^ clkbuf_2_3__f_SCK/A (sky130_fd_sc_hd__clkbuf_16)
                  0.04    0.13    0.33 ^ clkbuf_2_3__f_SCK/X (sky130_fd_sc_hd__clkbuf_16)
     6    0.02                           clknet_2_3__leaf_SCK (net)
                  0.04    0.00    0.33 ^ _490_/CLK (sky130_fd_sc_hd__dfrtp_1)
                  0.17    0.39    0.73 ^ _490_/Q (sky130_fd_sc_hd__dfrtp_1)
     4    0.02                           state[4] (net)
                  0.17    0.00    0.73 ^ _373_/A1 (sky130_fd_sc_hd__a21o_1)
                  0.03    0.12    0.85 ^ _373_/X (sky130_fd_sc_hd__a21o_1)
     1    0.00                           _062_ (net)
                  0.03    0.00    0.85 ^ _455_/D (sky130_fd_sc_hd__dfrtp_1)
                                  0.85   data arrival time

                          0.00    0.00   clock SCK (rise edge)
                          0.00    0.00   clock source latency
                  0.08    0.06    0.06 ^ SCK (in)
     1    0.02                           SCK (net)
                  0.08    0.00    0.06 ^ clkbuf_0_SCK/A (sky130_fd_sc_hd__clkbuf_16)
                  0.06    0.17    0.23 ^ clkbuf_0_SCK/X (sky130_fd_sc_hd__clkbuf_16)
     4    0.04                           clknet_0_SCK (net)
                  0.06    0.00    0.23 ^ clkbuf_2_3__f_SCK/A (sky130_fd_sc_hd__clkbuf_16)
                  0.04    0.14    0.37 ^ clkbuf_2_3__f_SCK/X (sky130_fd_sc_hd__clkbuf_16)
     6    0.02                           clknet_2_3__leaf_SCK (net)
                  0.04    0.00    0.37 ^ _455_/CLK (sky130_fd_sc_hd__dfrtp_1)
                          0.25    0.62   clock uncertainty
                         -0.03    0.58   clock reconvergence pessimism
                         -0.03    0.55   library hold time
                                  0.55   data required time
-----------------------------------------------------------------------------
                                  0.55   data required time
                                 -0.85   data arrival time
-----------------------------------------------------------------------------
                                  0.30   slack (MET)


Startpoint: _497_ (rising edge-triggered flip-flop clocked by SCK')
Endpoint: _497_ (rising edge-triggered flip-flop clocked by SCK')
Path Group: SCK
Path Type: min

Fanout     Cap    Slew   Delay    Time   Description
-----------------------------------------------------------------------------
                          5.00    5.00   clock SCK' (rise edge)
                          0.00    5.00   clock source latency
                  0.04    0.03    5.03 v SCK (in)
     1    0.02                           SCK (net)
                  0.04    0.00    5.03 v clkbuf_0_SCK/A (sky130_fd_sc_hd__clkbuf_16)
                  0.05    0.15    5.17 v clkbuf_0_SCK/X (sky130_fd_sc_hd__clkbuf_16)
     4    0.04                           clknet_0_SCK (net)
                  0.05    0.00    5.18 v clkbuf_2_3__f_SCK/A (sky130_fd_sc_hd__clkbuf_16)
                  0.03    0.14    5.31 v clkbuf_2_3__f_SCK/X (sky130_fd_sc_hd__clkbuf_16)
     6    0.02                           clknet_2_3__leaf_SCK (net)
                  0.03    0.00    5.31 v _437_/A (sky130_fd_sc_hd__buf_1)
                  0.06    0.10    5.42 v _437_/X (sky130_fd_sc_hd__buf_1)
     1    0.01                           _221_ (net)
                  0.06    0.00    5.42 v clkbuf_0__221_/A (sky130_fd_sc_hd__clkbuf_16)
                  0.03    0.14    5.56 v clkbuf_0__221_/X (sky130_fd_sc_hd__clkbuf_16)
     2    0.02                           clknet_0__221_ (net)
                  0.03    0.00    5.56 v clkbuf_1_1__f__221_/A (sky130_fd_sc_hd__clkbuf_16)
                  0.04    0.14    5.70 v clkbuf_1_1__f__221_/X (sky130_fd_sc_hd__clkbuf_16)
     6    0.03                           clknet_1_1__leaf__221_ (net)
                  0.04    0.00    5.71 v _452__9/A (sky130_fd_sc_hd__inv_2)
                  0.02    0.04    5.74 ^ _452__9/Y (sky130_fd_sc_hd__inv_2)
     1    0.00                           net47 (net)
                  0.02    0.00    5.74 ^ _497_/CLK (sky130_fd_sc_hd__dfrtp_1)
                  0.07    0.32    6.06 ^ _497_/Q (sky130_fd_sc_hd__dfrtp_1)
     2    0.01                           ldata[6] (net)
                  0.07    0.00    6.06 ^ _235_/A1 (sky130_fd_sc_hd__mux2_1)
                  0.05    0.13    6.18 ^ _235_/X (sky130_fd_sc_hd__mux2_1)
     1    0.00                           _110_ (net)
                  0.05    0.00    6.18 ^ _236_/A (sky130_fd_sc_hd__clkbuf_1)
                  0.04    0.07    6.26 ^ _236_/X (sky130_fd_sc_hd__clkbuf_1)
     1    0.00                           _098_ (net)
                  0.04    0.00    6.26 ^ _497_/D (sky130_fd_sc_hd__dfrtp_1)
                                  6.26   data arrival time

                          5.00    5.00   clock SCK' (rise edge)
                          0.00    5.00   clock source latency
                  0.04    0.03    5.03 v SCK (in)
     1    0.02                           SCK (net)
                  0.04    0.00    5.03 v clkbuf_0_SCK/A (sky130_fd_sc_hd__clkbuf_16)
                  0.05    0.16    5.19 v clkbuf_0_SCK/X (sky130_fd_sc_hd__clkbuf_16)
     4    0.04                           clknet_0_SCK (net)
                  0.05    0.00    5.19 v clkbuf_2_3__f_SCK/A (sky130_fd_sc_hd__clkbuf_16)
                  0.03    0.15    5.35 v clkbuf_2_3__f_SCK/X (sky130_fd_sc_hd__clkbuf_16)
     6    0.02                           clknet_2_3__leaf_SCK (net)
                  0.03    0.00    5.35 v _437_/A (sky130_fd_sc_hd__buf_1)
                  0.06    0.11    5.46 v _437_/X (sky130_fd_sc_hd__buf_1)
     1    0.01                           _221_ (net)
                  0.06    0.00    5.46 v clkbuf_0__221_/A (sky130_fd_sc_hd__clkbuf_16)
                  0.03    0.16    5.62 v clkbuf_0__221_/X (sky130_fd_sc_hd__clkbuf_16)
     2    0.02                           clknet_0__221_ (net)
                  0.03    0.00    5.62 v clkbuf_1_1__f__221_/A (sky130_fd_sc_hd__clkbuf_16)
                  0.04    0.16    5.78 v clkbuf_1_1__f__221_/X (sky130_fd_sc_hd__clkbuf_16)
     6    0.03                           clknet_1_1__leaf__221_ (net)
                  0.04    0.00    5.78 v _452__9/A (sky130_fd_sc_hd__inv_2)
                  0.02    0.04    5.82 ^ _452__9/Y (sky130_fd_sc_hd__inv_2)
     1    0.00                           net47 (net)
                  0.02    0.00    5.82 ^ _497_/CLK (sky130_fd_sc_hd__dfrtp_1)
                          0.25    6.07   clock uncertainty
                         -0.08    5.99   clock reconvergence pessimism
                         -0.04    5.95   library hold time
                                  5.95   data required time
-----------------------------------------------------------------------------
                                  5.95   data required time
                                 -6.26   data arrival time
-----------------------------------------------------------------------------
                                  0.30   slack (MET)


Startpoint: _473_ (rising edge-triggered flip-flop clocked by SCK)
Endpoint: _474_ (rising edge-triggered flip-flop clocked by SCK)
Path Group: SCK
Path Type: min

Fanout     Cap    Slew   Delay    Time   Description
-----------------------------------------------------------------------------
                          0.00    0.00   clock SCK (rise edge)
                          0.00    0.00   clock source latency
                  0.08    0.05    0.05 ^ SCK (in)
     1    0.02                           SCK (net)
                  0.08    0.00    0.05 ^ clkbuf_0_SCK/A (sky130_fd_sc_hd__clkbuf_16)
                  0.06    0.15    0.21 ^ clkbuf_0_SCK/X (sky130_fd_sc_hd__clkbuf_16)
     4    0.04                           clknet_0_SCK (net)
                  0.06    0.00    0.21 ^ clkbuf_2_0__f_SCK/A (sky130_fd_sc_hd__clkbuf_16)
                  0.05    0.13    0.34 ^ clkbuf_2_0__f_SCK/X (sky130_fd_sc_hd__clkbuf_16)
     9    0.03                           clknet_2_0__leaf_SCK (net)
                  0.05    0.00    0.34 ^ _473_/CLK (sky130_fd_sc_hd__dfrtp_2)
                  0.11    0.38    0.72 ^ _473_/Q (sky130_fd_sc_hd__dfrtp_2)
     5    0.02                           fixed[1] (net)
                  0.11    0.00    0.72 ^ _298_/A1 (sky130_fd_sc_hd__o31a_1)
                  0.05    0.14    0.86 ^ _298_/X (sky130_fd_sc_hd__o31a_1)
     1    0.00                           _081_ (net)
                  0.05    0.00    0.86 ^ _474_/D (sky130_fd_sc_hd__dfrtp_1)
                                  0.86   data arrival time

                          0.00    0.00   clock SCK (rise edge)
                          0.00    0.00   clock source latency
                  0.08    0.06    0.06 ^ SCK (in)
     1    0.02                           SCK (net)
                  0.08    0.00    0.06 ^ clkbuf_0_SCK/A (sky130_fd_sc_hd__clkbuf_16)
                  0.06    0.17    0.23 ^ clkbuf_0_SCK/X (sky130_fd_sc_hd__clkbuf_16)
     4    0.04                           clknet_0_SCK (net)
                  0.06    0.00    0.23 ^ clkbuf_2_0__f_SCK/A (sky130_fd_sc_hd__clkbuf_16)
                  0.05    0.15    0.38 ^ clkbuf_2_0__f_SCK/X (sky130_fd_sc_hd__clkbuf_16)
     9    0.03                           clknet_2_0__leaf_SCK (net)
                  0.05    0.00    0.38 ^ _474_/CLK (sky130_fd_sc_hd__dfrtp_1)
                          0.25    0.63   clock uncertainty
                         -0.04    0.59   clock reconvergence pessimism
                         -0.04    0.56   library hold time
                                  0.56   data required time
-----------------------------------------------------------------------------
                                  0.56   data required time
                                 -0.86   data arrival time
-----------------------------------------------------------------------------
                                  0.31   slack (MET)


Startpoint: _484_ (rising edge-triggered flip-flop clocked by SCK)
Endpoint: _487_ (rising edge-triggered flip-flop clocked by SCK)
Path Group: SCK
Path Type: min

Fanout     Cap    Slew   Delay    Time   Description
-----------------------------------------------------------------------------
                          0.00    0.00   clock SCK (rise edge)
                          0.00    0.00   clock source latency
                  0.08    0.05    0.05 ^ SCK (in)
     1    0.02                           SCK (net)
                  0.08    0.00    0.05 ^ clkbuf_0_SCK/A (sky130_fd_sc_hd__clkbuf_16)
                  0.06    0.15    0.21 ^ clkbuf_0_SCK/X (sky130_fd_sc_hd__clkbuf_16)
     4    0.04                           clknet_0_SCK (net)
                  0.06    0.00    0.21 ^ clkbuf_2_1__f_SCK/A (sky130_fd_sc_hd__clkbuf_16)
                  0.06    0.14    0.35 ^ clkbuf_2_1__f_SCK/X (sky130_fd_sc_hd__clkbuf_16)
    12    0.04                           clknet_2_1__leaf_SCK (net)
                  0.06    0.00    0.35 ^ _484_/CLK (sky130_fd_sc_hd__dfrtp_2)
                  0.11    0.38    0.73 ^ _484_/Q (sky130_fd_sc_hd__dfrtp_2)
     5    0.02                           pre_pass_thru_user (net)
                  0.11    0.00    0.73 ^ _377_/A1 (sky130_fd_sc_hd__a41o_1)
                  0.04    0.15    0.88 ^ _377_/X (sky130_fd_sc_hd__a41o_1)
     1    0.00                           _002_ (net)
                  0.04    0.00    0.88 ^ _487_/D (sky130_fd_sc_hd__dfrtp_1)
                                  0.88   data arrival time

                          0.00    0.00   clock SCK (rise edge)
                          0.00    0.00   clock source latency
                  0.08    0.06    0.06 ^ SCK (in)
     1    0.02                           SCK (net)
                  0.08    0.00    0.06 ^ clkbuf_0_SCK/A (sky130_fd_sc_hd__clkbuf_16)
                  0.06    0.17    0.23 ^ clkbuf_0_SCK/X (sky130_fd_sc_hd__clkbuf_16)
     4    0.04                           clknet_0_SCK (net)
                  0.06    0.00    0.23 ^ clkbuf_2_2__f_SCK/A (sky130_fd_sc_hd__clkbuf_16)
                  0.05    0.15    0.38 ^ clkbuf_2_2__f_SCK/X (sky130_fd_sc_hd__clkbuf_16)
     9    0.03                           clknet_2_2__leaf_SCK (net)
                  0.05    0.00    0.38 ^ _487_/CLK (sky130_fd_sc_hd__dfrtp_1)
                          0.25    0.63   clock uncertainty
                         -0.02    0.61   clock reconvergence pessimism
                         -0.03    0.57   library hold time
                                  0.57   data required time
-----------------------------------------------------------------------------
                                  0.57   data required time
                                 -0.88   data arrival time
-----------------------------------------------------------------------------
                                  0.31   slack (MET)


Startpoint: _495_ (rising edge-triggered flip-flop clocked by SCK')
Endpoint: _495_ (rising edge-triggered flip-flop clocked by SCK')
Path Group: SCK
Path Type: min

Fanout     Cap    Slew   Delay    Time   Description
-----------------------------------------------------------------------------
                          5.00    5.00   clock SCK' (rise edge)
                          0.00    5.00   clock source latency
                  0.04    0.03    5.03 v SCK (in)
     1    0.02                           SCK (net)
                  0.04    0.00    5.03 v clkbuf_0_SCK/A (sky130_fd_sc_hd__clkbuf_16)
                  0.05    0.15    5.17 v clkbuf_0_SCK/X (sky130_fd_sc_hd__clkbuf_16)
     4    0.04                           clknet_0_SCK (net)
                  0.05    0.00    5.18 v clkbuf_2_3__f_SCK/A (sky130_fd_sc_hd__clkbuf_16)
                  0.03    0.14    5.31 v clkbuf_2_3__f_SCK/X (sky130_fd_sc_hd__clkbuf_16)
     6    0.02                           clknet_2_3__leaf_SCK (net)
                  0.03    0.00    5.31 v _437_/A (sky130_fd_sc_hd__buf_1)
                  0.06    0.10    5.42 v _437_/X (sky130_fd_sc_hd__buf_1)
     1    0.01                           _221_ (net)
                  0.06    0.00    5.42 v clkbuf_0__221_/A (sky130_fd_sc_hd__clkbuf_16)
                  0.03    0.14    5.56 v clkbuf_0__221_/X (sky130_fd_sc_hd__clkbuf_16)
     2    0.02                           clknet_0__221_ (net)
                  0.03    0.00    5.56 v clkbuf_1_0__f__221_/A (sky130_fd_sc_hd__clkbuf_16)
                  0.04    0.14    5.70 v clkbuf_1_0__f__221_/X (sky130_fd_sc_hd__clkbuf_16)
     4    0.02                           clknet_1_0__leaf__221_ (net)
                  0.04    0.00    5.70 v _450__7/A (sky130_fd_sc_hd__inv_2)
                  0.02    0.03    5.73 ^ _450__7/Y (sky130_fd_sc_hd__inv_2)
     1    0.00                           net45 (net)
                  0.02    0.00    5.73 ^ _495_/CLK (sky130_fd_sc_hd__dfrtp_1)
                  0.08    0.32    6.05 ^ _495_/Q (sky130_fd_sc_hd__dfrtp_1)
     2    0.01                           ldata[4] (net)
                  0.08    0.00    6.05 ^ _243_/A1 (sky130_fd_sc_hd__mux2_1)
                  0.04    0.13    6.18 ^ _243_/X (sky130_fd_sc_hd__mux2_1)
     1    0.00                           _114_ (net)
                  0.04    0.00    6.18 ^ _244_/A (sky130_fd_sc_hd__clkbuf_1)
                  0.04    0.07    6.25 ^ _244_/X (sky130_fd_sc_hd__clkbuf_1)
     1    0.00                           _096_ (net)
                  0.04    0.00    6.25 ^ _495_/D (sky130_fd_sc_hd__dfrtp_1)
                                  6.25   data arrival time

                          5.00    5.00   clock SCK' (rise edge)
                          0.00    5.00   clock source latency
                  0.04    0.03    5.03 v SCK (in)
     1    0.02                           SCK (net)
                  0.04    0.00    5.03 v clkbuf_0_SCK/A (sky130_fd_sc_hd__clkbuf_16)
                  0.05    0.16    5.19 v clkbuf_0_SCK/X (sky130_fd_sc_hd__clkbuf_16)
     4    0.04                           clknet_0_SCK (net)
                  0.05    0.00    5.19 v clkbuf_2_3__f_SCK/A (sky130_fd_sc_hd__clkbuf_16)
                  0.03    0.15    5.35 v clkbuf_2_3__f_SCK/X (sky130_fd_sc_hd__clkbuf_16)
     6    0.02                           clknet_2_3__leaf_SCK (net)
                  0.03    0.00    5.35 v _437_/A (sky130_fd_sc_hd__buf_1)
                  0.06    0.11    5.46 v _437_/X (sky130_fd_sc_hd__buf_1)
     1    0.01                           _221_ (net)
                  0.06    0.00    5.46 v clkbuf_0__221_/A (sky130_fd_sc_hd__clkbuf_16)
                  0.03    0.16    5.62 v clkbuf_0__221_/X (sky130_fd_sc_hd__clkbuf_16)
     2    0.02                           clknet_0__221_ (net)
                  0.03    0.00    5.62 v clkbuf_1_0__f__221_/A (sky130_fd_sc_hd__clkbuf_16)
                  0.04    0.15    5.77 v clkbuf_1_0__f__221_/X (sky130_fd_sc_hd__clkbuf_16)
     4    0.02                           clknet_1_0__leaf__221_ (net)
                  0.04    0.00    5.77 v _450__7/A (sky130_fd_sc_hd__inv_2)
                  0.02    0.04    5.81 ^ _450__7/Y (sky130_fd_sc_hd__inv_2)
     1    0.00                           net45 (net)
                  0.02    0.00    5.81 ^ _495_/CLK (sky130_fd_sc_hd__dfrtp_1)
                          0.25    6.06   clock uncertainty
                         -0.08    5.98   clock reconvergence pessimism
                         -0.04    5.94   library hold time
                                  5.94   data required time
-----------------------------------------------------------------------------
                                  5.94   data required time
                                 -6.25   data arrival time
-----------------------------------------------------------------------------
                                  0.31   slack (MET)


Startpoint: _480_ (rising edge-triggered flip-flop clocked by SCK)
Endpoint: _480_ (rising edge-triggered flip-flop clocked by SCK)
Path Group: SCK
Path Type: min

Fanout     Cap    Slew   Delay    Time   Description
-----------------------------------------------------------------------------
                          0.00    0.00   clock SCK (rise edge)
                          0.00    0.00   clock source latency
                  0.08    0.05    0.05 ^ SCK (in)
     1    0.02                           SCK (net)
                  0.08    0.00    0.05 ^ clkbuf_0_SCK/A (sky130_fd_sc_hd__clkbuf_16)
                  0.06    0.15    0.21 ^ clkbuf_0_SCK/X (sky130_fd_sc_hd__clkbuf_16)
     4    0.04                           clknet_0_SCK (net)
                  0.06    0.00    0.21 ^ clkbuf_2_0__f_SCK/A (sky130_fd_sc_hd__clkbuf_16)
                  0.05    0.13    0.34 ^ clkbuf_2_0__f_SCK/X (sky130_fd_sc_hd__clkbuf_16)
     9    0.03                           clknet_2_0__leaf_SCK (net)
                  0.05    0.00    0.34 ^ _480_/CLK (sky130_fd_sc_hd__dfrtp_1)
                  0.09    0.34    0.68 ^ _480_/Q (sky130_fd_sc_hd__dfrtp_1)
     3    0.01                           net27 (net)
                  0.09    0.00    0.68 ^ _280_/A0 (sky130_fd_sc_hd__mux2_1)
                  0.04    0.12    0.80 ^ _280_/X (sky130_fd_sc_hd__mux2_1)
     1    0.00                           _136_ (net)
                  0.04    0.00    0.80 ^ _281_/A (sky130_fd_sc_hd__clkbuf_1)
                  0.04    0.07    0.87 ^ _281_/X (sky130_fd_sc_hd__clkbuf_1)
     1    0.00                           _087_ (net)
                  0.04    0.00    0.87 ^ _480_/D (sky130_fd_sc_hd__dfrtp_1)
                                  0.87   data arrival time

                          0.00    0.00   clock SCK (rise edge)
                          0.00    0.00   clock source latency
                  0.08    0.06    0.06 ^ SCK (in)
     1    0.02                           SCK (net)
                  0.08    0.00    0.06 ^ clkbuf_0_SCK/A (sky130_fd_sc_hd__clkbuf_16)
                  0.06    0.17    0.23 ^ clkbuf_0_SCK/X (sky130_fd_sc_hd__clkbuf_16)
     4    0.04                           clknet_0_SCK (net)
                  0.06    0.00    0.23 ^ clkbuf_2_0__f_SCK/A (sky130_fd_sc_hd__clkbuf_16)
                  0.05    0.15    0.38 ^ clkbuf_2_0__f_SCK/X (sky130_fd_sc_hd__clkbuf_16)
     9    0.03                           clknet_2_0__leaf_SCK (net)
                  0.05    0.00    0.38 ^ _480_/CLK (sky130_fd_sc_hd__dfrtp_1)
                          0.25    0.63   clock uncertainty
                         -0.04    0.59   clock reconvergence pessimism
                         -0.03    0.56   library hold time
                                  0.56   data required time
-----------------------------------------------------------------------------
                                  0.56   data required time
                                 -0.87   data arrival time
-----------------------------------------------------------------------------
                                  0.31   slack (MET)


Startpoint: _458_ (rising edge-triggered flip-flop clocked by SCK)
Endpoint: _458_ (rising edge-triggered flip-flop clocked by SCK)
Path Group: SCK
Path Type: min

Fanout     Cap    Slew   Delay    Time   Description
-----------------------------------------------------------------------------
                          0.00    0.00   clock SCK (rise edge)
                          0.00    0.00   clock source latency
                  0.08    0.05    0.05 ^ SCK (in)
     1    0.02                           SCK (net)
                  0.08    0.00    0.05 ^ clkbuf_0_SCK/A (sky130_fd_sc_hd__clkbuf_16)
                  0.06    0.15    0.21 ^ clkbuf_0_SCK/X (sky130_fd_sc_hd__clkbuf_16)
     4    0.04                           clknet_0_SCK (net)
                  0.06    0.00    0.21 ^ clkbuf_2_2__f_SCK/A (sky130_fd_sc_hd__clkbuf_16)
                  0.05    0.14    0.34 ^ clkbuf_2_2__f_SCK/X (sky130_fd_sc_hd__clkbuf_16)
     9    0.03                           clknet_2_2__leaf_SCK (net)
                  0.05    0.00    0.34 ^ _458_/CLK (sky130_fd_sc_hd__dfrtp_1)
                  0.09    0.34    0.68 ^ _458_/Q (sky130_fd_sc_hd__dfrtp_1)
     3    0.01                           net33 (net)
                  0.09    0.00    0.68 ^ _367_/A1 (sky130_fd_sc_hd__mux2_1)
                  0.04    0.13    0.81 ^ _367_/X (sky130_fd_sc_hd__mux2_1)
     1    0.00                           _200_ (net)
                  0.04    0.00    0.81 ^ _368_/A (sky130_fd_sc_hd__clkbuf_1)
                  0.04    0.07    0.88 ^ _368_/X (sky130_fd_sc_hd__clkbuf_1)
     1    0.00                           _065_ (net)
                  0.04    0.00    0.88 ^ _458_/D (sky130_fd_sc_hd__dfrtp_1)
                                  0.88   data arrival time

                          0.00    0.00   clock SCK (rise edge)
                          0.00    0.00   clock source latency
                  0.08    0.06    0.06 ^ SCK (in)
     1    0.02                           SCK (net)
                  0.08    0.00    0.06 ^ clkbuf_0_SCK/A (sky130_fd_sc_hd__clkbuf_16)
                  0.06    0.17    0.23 ^ clkbuf_0_SCK/X (sky130_fd_sc_hd__clkbuf_16)
     4    0.04                           clknet_0_SCK (net)
                  0.06    0.00    0.23 ^ clkbuf_2_2__f_SCK/A (sky130_fd_sc_hd__clkbuf_16)
                  0.05    0.15    0.38 ^ clkbuf_2_2__f_SCK/X (sky130_fd_sc_hd__clkbuf_16)
     9    0.03                           clknet_2_2__leaf_SCK (net)
                  0.05    0.00    0.38 ^ _458_/CLK (sky130_fd_sc_hd__dfrtp_1)
                          0.25    0.63   clock uncertainty
                         -0.04    0.59   clock reconvergence pessimism
                         -0.03    0.56   library hold time
                                  0.56   data required time
-----------------------------------------------------------------------------
                                  0.56   data required time
                                 -0.88   data arrival time
-----------------------------------------------------------------------------
                                  0.32   slack (MET)


Startpoint: _478_ (rising edge-triggered flip-flop clocked by SCK)
Endpoint: _478_ (rising edge-triggered flip-flop clocked by SCK)
Path Group: SCK
Path Type: min

Fanout     Cap    Slew   Delay    Time   Description
-----------------------------------------------------------------------------
                          0.00    0.00   clock SCK (rise edge)
                          0.00    0.00   clock source latency
                  0.08    0.05    0.05 ^ SCK (in)
     1    0.02                           SCK (net)
                  0.08    0.00    0.05 ^ clkbuf_0_SCK/A (sky130_fd_sc_hd__clkbuf_16)
                  0.06    0.15    0.21 ^ clkbuf_0_SCK/X (sky130_fd_sc_hd__clkbuf_16)
     4    0.04                           clknet_0_SCK (net)
                  0.06    0.00    0.21 ^ clkbuf_2_1__f_SCK/A (sky130_fd_sc_hd__clkbuf_16)
                  0.06    0.14    0.35 ^ clkbuf_2_1__f_SCK/X (sky130_fd_sc_hd__clkbuf_16)
    12    0.04                           clknet_2_1__leaf_SCK (net)
                  0.06    0.00    0.35 ^ _478_/CLK (sky130_fd_sc_hd__dfrtp_1)
                  0.09    0.34    0.69 ^ _478_/Q (sky130_fd_sc_hd__dfrtp_1)
     3    0.01                           net25 (net)
                  0.09    0.00    0.69 ^ _284_/A0 (sky130_fd_sc_hd__mux2_1)
                  0.04    0.12    0.81 ^ _284_/X (sky130_fd_sc_hd__mux2_1)
     1    0.00                           _138_ (net)
                  0.04    0.00    0.81 ^ _285_/A (sky130_fd_sc_hd__clkbuf_1)
                  0.04    0.08    0.89 ^ _285_/X (sky130_fd_sc_hd__clkbuf_1)
     1    0.00                           _085_ (net)
                  0.04    0.00    0.89 ^ _478_/D (sky130_fd_sc_hd__dfrtp_1)
                                  0.89   data arrival time

                          0.00    0.00   clock SCK (rise edge)
                          0.00    0.00   clock source latency
                  0.08    0.06    0.06 ^ SCK (in)
     1    0.02                           SCK (net)
                  0.08    0.00    0.06 ^ clkbuf_0_SCK/A (sky130_fd_sc_hd__clkbuf_16)
                  0.06    0.17    0.23 ^ clkbuf_0_SCK/X (sky130_fd_sc_hd__clkbuf_16)
     4    0.04                           clknet_0_SCK (net)
                  0.06    0.00    0.23 ^ clkbuf_2_1__f_SCK/A (sky130_fd_sc_hd__clkbuf_16)
                  0.06    0.16    0.39 ^ clkbuf_2_1__f_SCK/X (sky130_fd_sc_hd__clkbuf_16)
    12    0.04                           clknet_2_1__leaf_SCK (net)
                  0.06    0.00    0.39 ^ _478_/CLK (sky130_fd_sc_hd__dfrtp_1)
                          0.25    0.64   clock uncertainty
                         -0.04    0.60   clock reconvergence pessimism
                         -0.03    0.57   library hold time
                                  0.57   data required time
-----------------------------------------------------------------------------
                                  0.57   data required time
                                 -0.89   data arrival time
-----------------------------------------------------------------------------
                                  0.32   slack (MET)


Startpoint: _475_ (rising edge-triggered flip-flop clocked by SCK)
Endpoint: _475_ (rising edge-triggered flip-flop clocked by SCK)
Path Group: SCK
Path Type: min

Fanout     Cap    Slew   Delay    Time   Description
-----------------------------------------------------------------------------
                          0.00    0.00   clock SCK (rise edge)
                          0.00    0.00   clock source latency
                  0.08    0.05    0.05 ^ SCK (in)
     1    0.02                           SCK (net)
                  0.08    0.00    0.05 ^ clkbuf_0_SCK/A (sky130_fd_sc_hd__clkbuf_16)
                  0.06    0.15    0.21 ^ clkbuf_0_SCK/X (sky130_fd_sc_hd__clkbuf_16)
     4    0.04                           clknet_0_SCK (net)
                  0.06    0.00    0.21 ^ clkbuf_2_1__f_SCK/A (sky130_fd_sc_hd__clkbuf_16)
                  0.06    0.14    0.35 ^ clkbuf_2_1__f_SCK/X (sky130_fd_sc_hd__clkbuf_16)
    12    0.04                           clknet_2_1__leaf_SCK (net)
                  0.06    0.00    0.35 ^ _475_/CLK (sky130_fd_sc_hd__dfrtp_1)
                  0.10    0.35    0.70 ^ _475_/Q (sky130_fd_sc_hd__dfrtp_1)
     3    0.01                           net22 (net)
                  0.10    0.00    0.70 ^ _290_/A0 (sky130_fd_sc_hd__mux2_1)
                  0.04    0.12    0.82 ^ _290_/X (sky130_fd_sc_hd__mux2_1)
     1    0.00                           _141_ (net)
                  0.04    0.00    0.82 ^ _291_/A (sky130_fd_sc_hd__clkbuf_1)
                  0.04    0.07    0.89 ^ _291_/X (sky130_fd_sc_hd__clkbuf_1)
     1    0.00                           _082_ (net)
                  0.04    0.00    0.89 ^ _475_/D (sky130_fd_sc_hd__dfrtp_1)
                                  0.89   data arrival time

                          0.00    0.00   clock SCK (rise edge)
                          0.00    0.00   clock source latency
                  0.08    0.06    0.06 ^ SCK (in)
     1    0.02                           SCK (net)
                  0.08    0.00    0.06 ^ clkbuf_0_SCK/A (sky130_fd_sc_hd__clkbuf_16)
                  0.06    0.17    0.23 ^ clkbuf_0_SCK/X (sky130_fd_sc_hd__clkbuf_16)
     4    0.04                           clknet_0_SCK (net)
                  0.06    0.00    0.23 ^ clkbuf_2_1__f_SCK/A (sky130_fd_sc_hd__clkbuf_16)
                  0.06    0.16    0.39 ^ clkbuf_2_1__f_SCK/X (sky130_fd_sc_hd__clkbuf_16)
    12    0.04                           clknet_2_1__leaf_SCK (net)
                  0.06    0.00    0.39 ^ _475_/CLK (sky130_fd_sc_hd__dfrtp_1)
                          0.25    0.64   clock uncertainty
                         -0.04    0.60   clock reconvergence pessimism
                         -0.03    0.57   library hold time
                                  0.57   data required time
-----------------------------------------------------------------------------
                                  0.57   data required time
                                 -0.89   data arrival time
-----------------------------------------------------------------------------
                                  0.33   slack (MET)


Startpoint: _476_ (rising edge-triggered flip-flop clocked by SCK)
Endpoint: _476_ (rising edge-triggered flip-flop clocked by SCK)
Path Group: SCK
Path Type: min

Fanout     Cap    Slew   Delay    Time   Description
-----------------------------------------------------------------------------
                          0.00    0.00   clock SCK (rise edge)
                          0.00    0.00   clock source latency
                  0.08    0.05    0.05 ^ SCK (in)
     1    0.02                           SCK (net)
                  0.08    0.00    0.05 ^ clkbuf_0_SCK/A (sky130_fd_sc_hd__clkbuf_16)
                  0.06    0.15    0.21 ^ clkbuf_0_SCK/X (sky130_fd_sc_hd__clkbuf_16)
     4    0.04                           clknet_0_SCK (net)
                  0.06    0.00    0.21 ^ clkbuf_2_1__f_SCK/A (sky130_fd_sc_hd__clkbuf_16)
                  0.06    0.14    0.35 ^ clkbuf_2_1__f_SCK/X (sky130_fd_sc_hd__clkbuf_16)
    12    0.04                           clknet_2_1__leaf_SCK (net)
                  0.06    0.00    0.35 ^ _476_/CLK (sky130_fd_sc_hd__dfrtp_1)
                  0.09    0.35    0.70 ^ _476_/Q (sky130_fd_sc_hd__dfrtp_1)
     3    0.01                           net23 (net)
                  0.09    0.00    0.70 ^ _288_/A0 (sky130_fd_sc_hd__mux2_1)
                  0.04    0.13    0.82 ^ _288_/X (sky130_fd_sc_hd__mux2_1)
     1    0.00                           _140_ (net)
                  0.04    0.00    0.82 ^ _289_/A (sky130_fd_sc_hd__clkbuf_1)
                  0.04    0.07    0.90 ^ _289_/X (sky130_fd_sc_hd__clkbuf_1)
     1    0.00                           _083_ (net)
                  0.04    0.00    0.90 ^ _476_/D (sky130_fd_sc_hd__dfrtp_1)
                                  0.90   data arrival time

                          0.00    0.00   clock SCK (rise edge)
                          0.00    0.00   clock source latency
                  0.08    0.06    0.06 ^ SCK (in)
     1    0.02                           SCK (net)
                  0.08    0.00    0.06 ^ clkbuf_0_SCK/A (sky130_fd_sc_hd__clkbuf_16)
                  0.06    0.17    0.23 ^ clkbuf_0_SCK/X (sky130_fd_sc_hd__clkbuf_16)
     4    0.04                           clknet_0_SCK (net)
                  0.06    0.00    0.23 ^ clkbuf_2_1__f_SCK/A (sky130_fd_sc_hd__clkbuf_16)
                  0.06    0.16    0.39 ^ clkbuf_2_1__f_SCK/X (sky130_fd_sc_hd__clkbuf_16)
    12    0.04                           clknet_2_1__leaf_SCK (net)
                  0.06    0.00    0.39 ^ _476_/CLK (sky130_fd_sc_hd__dfrtp_1)
                          0.25    0.64   clock uncertainty
                         -0.04    0.60   clock reconvergence pessimism
                         -0.03    0.57   library hold time
                                  0.57   data required time
-----------------------------------------------------------------------------
                                  0.57   data required time
                                 -0.90   data arrival time
-----------------------------------------------------------------------------
                                  0.33   slack (MET)


Startpoint: _476_ (rising edge-triggered flip-flop clocked by SCK)
Endpoint: _477_ (rising edge-triggered flip-flop clocked by SCK)
Path Group: SCK
Path Type: min

Fanout     Cap    Slew   Delay    Time   Description
-----------------------------------------------------------------------------
                          0.00    0.00   clock SCK (rise edge)
                          0.00    0.00   clock source latency
                  0.08    0.05    0.05 ^ SCK (in)
     1    0.02                           SCK (net)
                  0.08    0.00    0.05 ^ clkbuf_0_SCK/A (sky130_fd_sc_hd__clkbuf_16)
                  0.06    0.15    0.21 ^ clkbuf_0_SCK/X (sky130_fd_sc_hd__clkbuf_16)
     4    0.04                           clknet_0_SCK (net)
                  0.06    0.00    0.21 ^ clkbuf_2_1__f_SCK/A (sky130_fd_sc_hd__clkbuf_16)
                  0.06    0.14    0.35 ^ clkbuf_2_1__f_SCK/X (sky130_fd_sc_hd__clkbuf_16)
    12    0.04                           clknet_2_1__leaf_SCK (net)
                  0.06    0.00    0.35 ^ _476_/CLK (sky130_fd_sc_hd__dfrtp_1)
                  0.09    0.35    0.70 ^ _476_/Q (sky130_fd_sc_hd__dfrtp_1)
     3    0.01                           net23 (net)
                  0.09    0.00    0.70 ^ _286_/A1 (sky130_fd_sc_hd__mux2_1)
                  0.04    0.13    0.82 ^ _286_/X (sky130_fd_sc_hd__mux2_1)
     1    0.00                           _139_ (net)
                  0.04    0.00    0.82 ^ _287_/A (sky130_fd_sc_hd__clkbuf_1)
                  0.04    0.07    0.90 ^ _287_/X (sky130_fd_sc_hd__clkbuf_1)
     1    0.00                           _084_ (net)
                  0.04    0.00    0.90 ^ _477_/D (sky130_fd_sc_hd__dfrtp_1)
                                  0.90   data arrival time

                          0.00    0.00   clock SCK (rise edge)
                          0.00    0.00   clock source latency
                  0.08    0.06    0.06 ^ SCK (in)
     1    0.02                           SCK (net)
                  0.08    0.00    0.06 ^ clkbuf_0_SCK/A (sky130_fd_sc_hd__clkbuf_16)
                  0.06    0.17    0.23 ^ clkbuf_0_SCK/X (sky130_fd_sc_hd__clkbuf_16)
     4    0.04                           clknet_0_SCK (net)
                  0.06    0.00    0.23 ^ clkbuf_2_1__f_SCK/A (sky130_fd_sc_hd__clkbuf_16)
                  0.06    0.16    0.39 ^ clkbuf_2_1__f_SCK/X (sky130_fd_sc_hd__clkbuf_16)
    12    0.04                           clknet_2_1__leaf_SCK (net)
                  0.06    0.00    0.39 ^ _477_/CLK (sky130_fd_sc_hd__dfrtp_1)
                          0.25    0.64   clock uncertainty
                         -0.04    0.60   clock reconvergence pessimism
                         -0.03    0.57   library hold time
                                  0.57   data required time
-----------------------------------------------------------------------------
                                  0.57   data required time
                                 -0.90   data arrival time
-----------------------------------------------------------------------------
                                  0.33   slack (MET)


Startpoint: _478_ (rising edge-triggered flip-flop clocked by SCK)
Endpoint: _479_ (rising edge-triggered flip-flop clocked by SCK)
Path Group: SCK
Path Type: min

Fanout     Cap    Slew   Delay    Time   Description
-----------------------------------------------------------------------------
                          0.00    0.00   clock SCK (rise edge)
                          0.00    0.00   clock source latency
                  0.08    0.05    0.05 ^ SCK (in)
     1    0.02                           SCK (net)
                  0.08    0.00    0.05 ^ clkbuf_0_SCK/A (sky130_fd_sc_hd__clkbuf_16)
                  0.06    0.15    0.21 ^ clkbuf_0_SCK/X (sky130_fd_sc_hd__clkbuf_16)
     4    0.04                           clknet_0_SCK (net)
                  0.06    0.00    0.21 ^ clkbuf_2_1__f_SCK/A (sky130_fd_sc_hd__clkbuf_16)
                  0.06    0.14    0.35 ^ clkbuf_2_1__f_SCK/X (sky130_fd_sc_hd__clkbuf_16)
    12    0.04                           clknet_2_1__leaf_SCK (net)
                  0.06    0.00    0.35 ^ _478_/CLK (sky130_fd_sc_hd__dfrtp_1)
                  0.09    0.34    0.69 ^ _478_/Q (sky130_fd_sc_hd__dfrtp_1)
     3    0.01                           net25 (net)
                  0.09    0.00    0.69 ^ _282_/A1 (sky130_fd_sc_hd__mux2_1)
                  0.04    0.12    0.82 ^ _282_/X (sky130_fd_sc_hd__mux2_1)
     1    0.00                           _137_ (net)
                  0.04    0.00    0.82 ^ _283_/A (sky130_fd_sc_hd__clkbuf_1)
                  0.05    0.08    0.90 ^ _283_/X (sky130_fd_sc_hd__clkbuf_1)
     1    0.00                           _086_ (net)
                  0.05    0.00    0.90 ^ _479_/D (sky130_fd_sc_hd__dfrtp_1)
                                  0.90   data arrival time

                          0.00    0.00   clock SCK (rise edge)
                          0.00    0.00   clock source latency
                  0.08    0.06    0.06 ^ SCK (in)
     1    0.02                           SCK (net)
                  0.08    0.00    0.06 ^ clkbuf_0_SCK/A (sky130_fd_sc_hd__clkbuf_16)
                  0.06    0.17    0.23 ^ clkbuf_0_SCK/X (sky130_fd_sc_hd__clkbuf_16)
     4    0.04                           clknet_0_SCK (net)
                  0.06    0.00    0.23 ^ clkbuf_2_1__f_SCK/A (sky130_fd_sc_hd__clkbuf_16)
                  0.06    0.16    0.39 ^ clkbuf_2_1__f_SCK/X (sky130_fd_sc_hd__clkbuf_16)
    12    0.04                           clknet_2_1__leaf_SCK (net)
                  0.06    0.00    0.39 ^ _479_/CLK (sky130_fd_sc_hd__dfrtp_1)
                          0.25    0.64   clock uncertainty
                         -0.04    0.60   clock reconvergence pessimism
                         -0.03    0.57   library hold time
                                  0.57   data required time
-----------------------------------------------------------------------------
                                  0.57   data required time
                                 -0.90   data arrival time
-----------------------------------------------------------------------------
                                  0.33   slack (MET)


Startpoint: _472_ (rising edge-triggered flip-flop clocked by SCK)
Endpoint: _473_ (rising edge-triggered flip-flop clocked by SCK)
Path Group: SCK
Path Type: min

Fanout     Cap    Slew   Delay    Time   Description
-----------------------------------------------------------------------------
                          0.00    0.00   clock SCK (rise edge)
                          0.00    0.00   clock source latency
                  0.08    0.05    0.05 ^ SCK (in)
     1    0.02                           SCK (net)
                  0.08    0.00    0.05 ^ clkbuf_0_SCK/A (sky130_fd_sc_hd__clkbuf_16)
                  0.06    0.15    0.21 ^ clkbuf_0_SCK/X (sky130_fd_sc_hd__clkbuf_16)
     4    0.04                           clknet_0_SCK (net)
                  0.06    0.00    0.21 ^ clkbuf_2_0__f_SCK/A (sky130_fd_sc_hd__clkbuf_16)
                  0.05    0.13    0.34 ^ clkbuf_2_0__f_SCK/X (sky130_fd_sc_hd__clkbuf_16)
     9    0.03                           clknet_2_0__leaf_SCK (net)
                  0.05    0.00    0.34 ^ _472_/CLK (sky130_fd_sc_hd__dfrtp_1)
                  0.09    0.34    0.68 ^ _472_/Q (sky130_fd_sc_hd__dfrtp_1)
     2    0.01                           fixed[0] (net)
                  0.09    0.00    0.68 ^ _299_/A (sky130_fd_sc_hd__or3b_1)
                  0.10    0.15    0.83 ^ _299_/X (sky130_fd_sc_hd__or3b_1)
     2    0.01                           _148_ (net)
                  0.10    0.00    0.83 ^ _301_/A (sky130_fd_sc_hd__xnor2_1)
                  0.03    0.07    0.90 v _301_/Y (sky130_fd_sc_hd__xnor2_1)
     1    0.00                           _080_ (net)
                  0.03    0.00    0.90 v _473_/D (sky130_fd_sc_hd__dfrtp_2)
                                  0.90   data arrival time

                          0.00    0.00   clock SCK (rise edge)
                          0.00    0.00   clock source latency
                  0.08    0.06    0.06 ^ SCK (in)
     1    0.02                           SCK (net)
                  0.08    0.00    0.06 ^ clkbuf_0_SCK/A (sky130_fd_sc_hd__clkbuf_16)
                  0.06    0.17    0.23 ^ clkbuf_0_SCK/X (sky130_fd_sc_hd__clkbuf_16)
     4    0.04                           clknet_0_SCK (net)
                  0.06    0.00    0.23 ^ clkbuf_2_0__f_SCK/A (sky130_fd_sc_hd__clkbuf_16)
                  0.05    0.15    0.38 ^ clkbuf_2_0__f_SCK/X (sky130_fd_sc_hd__clkbuf_16)
     9    0.03                           clknet_2_0__leaf_SCK (net)
                  0.05    0.00    0.38 ^ _473_/CLK (sky130_fd_sc_hd__dfrtp_2)
                          0.25    0.63   clock uncertainty
                         -0.04    0.59   clock reconvergence pessimism
                         -0.04    0.56   library hold time
                                  0.56   data required time
-----------------------------------------------------------------------------
                                  0.56   data required time
                                 -0.90   data arrival time
-----------------------------------------------------------------------------
                                  0.34   slack (MET)


Startpoint: _486_ (rising edge-triggered flip-flop clocked by SCK)
Endpoint: _470_ (rising edge-triggered flip-flop clocked by SCK)
Path Group: SCK
Path Type: min

Fanout     Cap    Slew   Delay    Time   Description
-----------------------------------------------------------------------------
                          0.00    0.00   clock SCK (rise edge)
                          0.00    0.00   clock source latency
                  0.08    0.05    0.05 ^ SCK (in)
     1    0.02                           SCK (net)
                  0.08    0.00    0.05 ^ clkbuf_0_SCK/A (sky130_fd_sc_hd__clkbuf_16)
                  0.06    0.15    0.21 ^ clkbuf_0_SCK/X (sky130_fd_sc_hd__clkbuf_16)
     4    0.04                           clknet_0_SCK (net)
                  0.06    0.00    0.21 ^ clkbuf_2_0__f_SCK/A (sky130_fd_sc_hd__clkbuf_16)
                  0.05    0.13    0.34 ^ clkbuf_2_0__f_SCK/X (sky130_fd_sc_hd__clkbuf_16)
     9    0.03                           clknet_2_0__leaf_SCK (net)
                  0.05    0.00    0.34 ^ _486_/CLK (sky130_fd_sc_hd__dfstp_2)
                  0.07    0.39    0.73 v _486_/Q (sky130_fd_sc_hd__dfstp_2)
     8    0.03                           state[0] (net)
                  0.07    0.00    0.73 v _302_/B (sky130_fd_sc_hd__nand2_1)
                  0.11    0.12    0.85 ^ _302_/Y (sky130_fd_sc_hd__nand2_1)
     2    0.01                           _150_ (net)
                  0.11    0.00    0.85 ^ _309_/A2 (sky130_fd_sc_hd__o21ai_1)
                  0.04    0.07    0.92 v _309_/Y (sky130_fd_sc_hd__o21ai_1)
     1    0.00                           _077_ (net)
                  0.04    0.00    0.92 v _470_/D (sky130_fd_sc_hd__dfrtp_1)
                                  0.92   data arrival time

                          0.00    0.00   clock SCK (rise edge)
                          0.00    0.00   clock source latency
                  0.08    0.06    0.06 ^ SCK (in)
     1    0.02                           SCK (net)
                  0.08    0.00    0.06 ^ clkbuf_0_SCK/A (sky130_fd_sc_hd__clkbuf_16)
                  0.06    0.17    0.23 ^ clkbuf_0_SCK/X (sky130_fd_sc_hd__clkbuf_16)
     4    0.04                           clknet_0_SCK (net)
                  0.06    0.00    0.23 ^ clkbuf_2_1__f_SCK/A (sky130_fd_sc_hd__clkbuf_16)
                  0.06    0.16    0.39 ^ clkbuf_2_1__f_SCK/X (sky130_fd_sc_hd__clkbuf_16)
    12    0.04                           clknet_2_1__leaf_SCK (net)
                  0.06    0.00    0.39 ^ _470_/CLK (sky130_fd_sc_hd__dfrtp_1)
                          0.25    0.64   clock uncertainty
                         -0.02    0.62   clock reconvergence pessimism
                         -0.04    0.58   library hold time
                                  0.58   data required time
-----------------------------------------------------------------------------
                                  0.58   data required time
                                 -0.92   data arrival time
-----------------------------------------------------------------------------
                                  0.34   slack (MET)


Startpoint: _493_ (rising edge-triggered flip-flop clocked by SCK')
Endpoint: _493_ (rising edge-triggered flip-flop clocked by SCK')
Path Group: SCK
Path Type: min

Fanout     Cap    Slew   Delay    Time   Description
-----------------------------------------------------------------------------
                          5.00    5.00   clock SCK' (rise edge)
                          0.00    5.00   clock source latency
                  0.04    0.03    5.03 v SCK (in)
     1    0.02                           SCK (net)
                  0.04    0.00    5.03 v clkbuf_0_SCK/A (sky130_fd_sc_hd__clkbuf_16)
                  0.05    0.15    5.17 v clkbuf_0_SCK/X (sky130_fd_sc_hd__clkbuf_16)
     4    0.04                           clknet_0_SCK (net)
                  0.05    0.00    5.18 v clkbuf_2_3__f_SCK/A (sky130_fd_sc_hd__clkbuf_16)
                  0.03    0.14    5.31 v clkbuf_2_3__f_SCK/X (sky130_fd_sc_hd__clkbuf_16)
     6    0.02                           clknet_2_3__leaf_SCK (net)
                  0.03    0.00    5.31 v _437_/A (sky130_fd_sc_hd__buf_1)
                  0.06    0.10    5.42 v _437_/X (sky130_fd_sc_hd__buf_1)
     1    0.01                           _221_ (net)
                  0.06    0.00    5.42 v clkbuf_0__221_/A (sky130_fd_sc_hd__clkbuf_16)
                  0.03    0.14    5.56 v clkbuf_0__221_/X (sky130_fd_sc_hd__clkbuf_16)
     2    0.02                           clknet_0__221_ (net)
                  0.03    0.00    5.56 v clkbuf_1_1__f__221_/A (sky130_fd_sc_hd__clkbuf_16)
                  0.04    0.14    5.70 v clkbuf_1_1__f__221_/X (sky130_fd_sc_hd__clkbuf_16)
     6    0.03                           clknet_1_1__leaf__221_ (net)
                  0.04    0.00    5.71 v _448__5/A (sky130_fd_sc_hd__inv_2)
                  0.02    0.04    5.74 ^ _448__5/Y (sky130_fd_sc_hd__inv_2)
     1    0.00                           net43 (net)
                  0.02    0.00    5.74 ^ _493_/CLK (sky130_fd_sc_hd__dfrtp_1)
                  0.13    0.36    6.10 ^ _493_/Q (sky130_fd_sc_hd__dfrtp_1)
     2    0.01                           ldata[2] (net)
                  0.13    0.00    6.10 ^ _251_/A1 (sky130_fd_sc_hd__mux2_1)
                  0.04    0.14    6.23 ^ _251_/X (sky130_fd_sc_hd__mux2_1)
     1    0.00                           _118_ (net)
                  0.04    0.00    6.23 ^ _252_/A (sky130_fd_sc_hd__clkbuf_1)
                  0.04    0.07    6.31 ^ _252_/X (sky130_fd_sc_hd__clkbuf_1)
     1    0.00                           _094_ (net)
                  0.04    0.00    6.31 ^ _493_/D (sky130_fd_sc_hd__dfrtp_1)
                                  6.31   data arrival time

                          5.00    5.00   clock SCK' (rise edge)
                          0.00    5.00   clock source latency
                  0.04    0.03    5.03 v SCK (in)
     1    0.02                           SCK (net)
                  0.04    0.00    5.03 v clkbuf_0_SCK/A (sky130_fd_sc_hd__clkbuf_16)
                  0.05    0.16    5.19 v clkbuf_0_SCK/X (sky130_fd_sc_hd__clkbuf_16)
     4    0.04                           clknet_0_SCK (net)
                  0.05    0.00    5.19 v clkbuf_2_3__f_SCK/A (sky130_fd_sc_hd__clkbuf_16)
                  0.03    0.15    5.35 v clkbuf_2_3__f_SCK/X (sky130_fd_sc_hd__clkbuf_16)
     6    0.02                           clknet_2_3__leaf_SCK (net)
                  0.03    0.00    5.35 v _437_/A (sky130_fd_sc_hd__buf_1)
                  0.06    0.11    5.46 v _437_/X (sky130_fd_sc_hd__buf_1)
     1    0.01                           _221_ (net)
                  0.06    0.00    5.46 v clkbuf_0__221_/A (sky130_fd_sc_hd__clkbuf_16)
                  0.03    0.16    5.62 v clkbuf_0__221_/X (sky130_fd_sc_hd__clkbuf_16)
     2    0.02                           clknet_0__221_ (net)
                  0.03    0.00    5.62 v clkbuf_1_1__f__221_/A (sky130_fd_sc_hd__clkbuf_16)
                  0.04    0.16    5.78 v clkbuf_1_1__f__221_/X (sky130_fd_sc_hd__clkbuf_16)
     6    0.03                           clknet_1_1__leaf__221_ (net)
                  0.04    0.00    5.78 v _448__5/A (sky130_fd_sc_hd__inv_2)
                  0.02    0.04    5.82 ^ _448__5/Y (sky130_fd_sc_hd__inv_2)
     1    0.00                           net43 (net)
                  0.02    0.00    5.82 ^ _493_/CLK (sky130_fd_sc_hd__dfrtp_1)
                          0.25    6.07   clock uncertainty
                         -0.08    5.99   clock reconvergence pessimism
                         -0.04    5.95   library hold time
                                  5.95   data required time
-----------------------------------------------------------------------------
                                  5.95   data required time
                                 -6.31   data arrival time
-----------------------------------------------------------------------------
                                  0.35   slack (MET)


Startpoint: _484_ (rising edge-triggered flip-flop clocked by SCK)
Endpoint: _489_ (rising edge-triggered flip-flop clocked by SCK)
Path Group: SCK
Path Type: min

Fanout     Cap    Slew   Delay    Time   Description
-----------------------------------------------------------------------------
                          0.00    0.00   clock SCK (rise edge)
                          0.00    0.00   clock source latency
                  0.08    0.05    0.05 ^ SCK (in)
     1    0.02                           SCK (net)
                  0.08    0.00    0.05 ^ clkbuf_0_SCK/A (sky130_fd_sc_hd__clkbuf_16)
                  0.06    0.15    0.21 ^ clkbuf_0_SCK/X (sky130_fd_sc_hd__clkbuf_16)
     4    0.04                           clknet_0_SCK (net)
                  0.06    0.00    0.21 ^ clkbuf_2_1__f_SCK/A (sky130_fd_sc_hd__clkbuf_16)
                  0.06    0.14    0.35 ^ clkbuf_2_1__f_SCK/X (sky130_fd_sc_hd__clkbuf_16)
    12    0.04                           clknet_2_1__leaf_SCK (net)
                  0.06    0.00    0.35 ^ _484_/CLK (sky130_fd_sc_hd__dfrtp_2)
                  0.11    0.38    0.73 ^ _484_/Q (sky130_fd_sc_hd__dfrtp_2)
     5    0.02                           pre_pass_thru_user (net)
                  0.11    0.00    0.73 ^ _378_/A1 (sky130_fd_sc_hd__o32a_1)
                  0.07    0.17    0.90 ^ _378_/X (sky130_fd_sc_hd__o32a_1)
     1    0.01                           _204_ (net)
                  0.07    0.00    0.90 ^ _379_/A (sky130_fd_sc_hd__inv_2)
                  0.02    0.03    0.93 v _379_/Y (sky130_fd_sc_hd__inv_2)
     1    0.00                           _004_ (net)
                  0.02    0.00    0.93 v _489_/D (sky130_fd_sc_hd__dfrtp_1)
                                  0.93   data arrival time

                          0.00    0.00   clock SCK (rise edge)
                          0.00    0.00   clock source latency
                  0.08    0.06    0.06 ^ SCK (in)
     1    0.02                           SCK (net)
                  0.08    0.00    0.06 ^ clkbuf_0_SCK/A (sky130_fd_sc_hd__clkbuf_16)
                  0.06    0.17    0.23 ^ clkbuf_0_SCK/X (sky130_fd_sc_hd__clkbuf_16)
     4    0.04                           clknet_0_SCK (net)
                  0.06    0.00    0.23 ^ clkbuf_2_2__f_SCK/A (sky130_fd_sc_hd__clkbuf_16)
                  0.05    0.15    0.38 ^ clkbuf_2_2__f_SCK/X (sky130_fd_sc_hd__clkbuf_16)
     9    0.03                           clknet_2_2__leaf_SCK (net)
                  0.05    0.00    0.38 ^ _489_/CLK (sky130_fd_sc_hd__dfrtp_1)
                          0.25    0.63   clock uncertainty
                         -0.02    0.61   clock reconvergence pessimism
                         -0.03    0.57   library hold time
                                  0.57   data required time
-----------------------------------------------------------------------------
                                  0.57   data required time
                                 -0.93   data arrival time
-----------------------------------------------------------------------------
                                  0.36   slack (MET)


Startpoint: _482_ (rising edge-triggered flip-flop clocked by SCK)
Endpoint: _456_ (rising edge-triggered flip-flop clocked by SCK)
Path Group: SCK
Path Type: min

Fanout     Cap    Slew   Delay    Time   Description
-----------------------------------------------------------------------------
                          0.00    0.00   clock SCK (rise edge)
                          0.00    0.00   clock source latency
                  0.08    0.05    0.05 ^ SCK (in)
     1    0.02                           SCK (net)
                  0.08    0.00    0.05 ^ clkbuf_0_SCK/A (sky130_fd_sc_hd__clkbuf_16)
                  0.06    0.15    0.21 ^ clkbuf_0_SCK/X (sky130_fd_sc_hd__clkbuf_16)
     4    0.04                           clknet_0_SCK (net)
                  0.06    0.00    0.21 ^ clkbuf_2_1__f_SCK/A (sky130_fd_sc_hd__clkbuf_16)
                  0.06    0.14    0.35 ^ clkbuf_2_1__f_SCK/X (sky130_fd_sc_hd__clkbuf_16)
    12    0.04                           clknet_2_1__leaf_SCK (net)
                  0.06    0.00    0.35 ^ _482_/CLK (sky130_fd_sc_hd__dfrtp_4)
                  0.11    0.43    0.78 ^ _482_/Q (sky130_fd_sc_hd__dfrtp_4)
     6    0.03                           pre_pass_thru_mgmt (net)
                  0.11    0.00    0.78 ^ _372_/A1 (sky130_fd_sc_hd__a31o_1)
                  0.04    0.14    0.92 ^ _372_/X (sky130_fd_sc_hd__a31o_1)
     1    0.00                           _063_ (net)
                  0.04    0.00    0.92 ^ _456_/D (sky130_fd_sc_hd__dfrtp_1)
                                  0.92   data arrival time

                          0.00    0.00   clock SCK (rise edge)
                          0.00    0.00   clock source latency
                  0.08    0.06    0.06 ^ SCK (in)
     1    0.02                           SCK (net)
                  0.08    0.00    0.06 ^ clkbuf_0_SCK/A (sky130_fd_sc_hd__clkbuf_16)
                  0.06    0.17    0.23 ^ clkbuf_0_SCK/X (sky130_fd_sc_hd__clkbuf_16)
     4    0.04                           clknet_0_SCK (net)
                  0.06    0.00    0.23 ^ clkbuf_2_3__f_SCK/A (sky130_fd_sc_hd__clkbuf_16)
                  0.04    0.14    0.37 ^ clkbuf_2_3__f_SCK/X (sky130_fd_sc_hd__clkbuf_16)
     6    0.02                           clknet_2_3__leaf_SCK (net)
                  0.04    0.00    0.37 ^ _456_/CLK (sky130_fd_sc_hd__dfrtp_1)
                          0.25    0.62   clock uncertainty
                         -0.02    0.60   clock reconvergence pessimism
                         -0.03    0.56   library hold time
                                  0.56   data required time
-----------------------------------------------------------------------------
                                  0.56   data required time
                                 -0.92   data arrival time
-----------------------------------------------------------------------------
                                  0.36   slack (MET)


Startpoint: _462_ (rising edge-triggered flip-flop clocked by SCK)
Endpoint: _462_ (rising edge-triggered flip-flop clocked by SCK)
Path Group: SCK
Path Type: min

Fanout     Cap    Slew   Delay    Time   Description
-----------------------------------------------------------------------------
                          0.00    0.00   clock SCK (rise edge)
                          0.00    0.00   clock source latency
                  0.08    0.05    0.05 ^ SCK (in)
     1    0.02                           SCK (net)
                  0.08    0.00    0.05 ^ clkbuf_0_SCK/A (sky130_fd_sc_hd__clkbuf_16)
                  0.06    0.15    0.21 ^ clkbuf_0_SCK/X (sky130_fd_sc_hd__clkbuf_16)
     4    0.04                           clknet_0_SCK (net)
                  0.06    0.00    0.21 ^ clkbuf_2_2__f_SCK/A (sky130_fd_sc_hd__clkbuf_16)
                  0.05    0.14    0.34 ^ clkbuf_2_2__f_SCK/X (sky130_fd_sc_hd__clkbuf_16)
     9    0.03                           clknet_2_2__leaf_SCK (net)
                  0.05    0.00    0.34 ^ _462_/CLK (sky130_fd_sc_hd__dfrtp_2)
                  0.11    0.38    0.72 ^ _462_/Q (sky130_fd_sc_hd__dfrtp_2)
     6    0.02                           addr[3] (net)
                  0.11    0.00    0.73 ^ _351_/A0 (sky130_fd_sc_hd__mux2_1)
                  0.04    0.13    0.85 ^ _351_/X (sky130_fd_sc_hd__mux2_1)
     1    0.00                           _188_ (net)
                  0.04    0.00    0.85 ^ _352_/A (sky130_fd_sc_hd__clkbuf_1)
                  0.04    0.07    0.93 ^ _352_/X (sky130_fd_sc_hd__clkbuf_1)
     1    0.00                           _069_ (net)
                  0.04    0.00    0.93 ^ _462_/D (sky130_fd_sc_hd__dfrtp_2)
                                  0.93   data arrival time

                          0.00    0.00   clock SCK (rise edge)
                          0.00    0.00   clock source latency
                  0.08    0.06    0.06 ^ SCK (in)
     1    0.02                           SCK (net)
                  0.08    0.00    0.06 ^ clkbuf_0_SCK/A (sky130_fd_sc_hd__clkbuf_16)
                  0.06    0.17    0.23 ^ clkbuf_0_SCK/X (sky130_fd_sc_hd__clkbuf_16)
     4    0.04                           clknet_0_SCK (net)
                  0.06    0.00    0.23 ^ clkbuf_2_2__f_SCK/A (sky130_fd_sc_hd__clkbuf_16)
                  0.05    0.15    0.38 ^ clkbuf_2_2__f_SCK/X (sky130_fd_sc_hd__clkbuf_16)
     9    0.03                           clknet_2_2__leaf_SCK (net)
                  0.05    0.00    0.38 ^ _462_/CLK (sky130_fd_sc_hd__dfrtp_2)
                          0.25    0.63   clock uncertainty
                         -0.04    0.59   clock reconvergence pessimism
                         -0.03    0.56   library hold time
                                  0.56   data required time
-----------------------------------------------------------------------------
                                  0.56   data required time
                                 -0.93   data arrival time
-----------------------------------------------------------------------------
                                  0.37   slack (MET)


Startpoint: _464_ (rising edge-triggered flip-flop clocked by SCK)
Endpoint: _464_ (rising edge-triggered flip-flop clocked by SCK)
Path Group: SCK
Path Type: min

Fanout     Cap    Slew   Delay    Time   Description
-----------------------------------------------------------------------------
                          0.00    0.00   clock SCK (rise edge)
                          0.00    0.00   clock source latency
                  0.08    0.05    0.05 ^ SCK (in)
     1    0.02                           SCK (net)
                  0.08    0.00    0.05 ^ clkbuf_0_SCK/A (sky130_fd_sc_hd__clkbuf_16)
                  0.06    0.15    0.21 ^ clkbuf_0_SCK/X (sky130_fd_sc_hd__clkbuf_16)
     4    0.04                           clknet_0_SCK (net)
                  0.06    0.00    0.21 ^ clkbuf_2_0__f_SCK/A (sky130_fd_sc_hd__clkbuf_16)
                  0.05    0.13    0.34 ^ clkbuf_2_0__f_SCK/X (sky130_fd_sc_hd__clkbuf_16)
     9    0.03                           clknet_2_0__leaf_SCK (net)
                  0.05    0.00    0.34 ^ _464_/CLK (sky130_fd_sc_hd__dfrtp_2)
                  0.11    0.38    0.73 ^ _464_/Q (sky130_fd_sc_hd__dfrtp_2)
     7    0.02                           addr[5] (net)
                  0.11    0.00    0.73 ^ _341_/A0 (sky130_fd_sc_hd__mux2_1)
                  0.04    0.13    0.86 ^ _341_/X (sky130_fd_sc_hd__mux2_1)
     1    0.00                           _180_ (net)
                  0.04    0.00    0.86 ^ _342_/A (sky130_fd_sc_hd__clkbuf_1)
                  0.04    0.07    0.93 ^ _342_/X (sky130_fd_sc_hd__clkbuf_1)
     1    0.00                           _071_ (net)
                  0.04    0.00    0.93 ^ _464_/D (sky130_fd_sc_hd__dfrtp_2)
                                  0.93   data arrival time

                          0.00    0.00   clock SCK (rise edge)
                          0.00    0.00   clock source latency
                  0.08    0.06    0.06 ^ SCK (in)
     1    0.02                           SCK (net)
                  0.08    0.00    0.06 ^ clkbuf_0_SCK/A (sky130_fd_sc_hd__clkbuf_16)
                  0.06    0.17    0.23 ^ clkbuf_0_SCK/X (sky130_fd_sc_hd__clkbuf_16)
     4    0.04                           clknet_0_SCK (net)
                  0.06    0.00    0.23 ^ clkbuf_2_0__f_SCK/A (sky130_fd_sc_hd__clkbuf_16)
                  0.05    0.15    0.38 ^ clkbuf_2_0__f_SCK/X (sky130_fd_sc_hd__clkbuf_16)
     9    0.03                           clknet_2_0__leaf_SCK (net)
                  0.05    0.00    0.38 ^ _464_/CLK (sky130_fd_sc_hd__dfrtp_2)
                          0.25    0.63   clock uncertainty
                         -0.04    0.59   clock reconvergence pessimism
                         -0.03    0.56   library hold time
                                  0.56   data required time
-----------------------------------------------------------------------------
                                  0.56   data required time
                                 -0.93   data arrival time
-----------------------------------------------------------------------------
                                  0.37   slack (MET)


Startpoint: _465_ (rising edge-triggered flip-flop clocked by SCK)
Endpoint: _465_ (rising edge-triggered flip-flop clocked by SCK)
Path Group: SCK
Path Type: min

Fanout     Cap    Slew   Delay    Time   Description
-----------------------------------------------------------------------------
                          0.00    0.00   clock SCK (rise edge)
                          0.00    0.00   clock source latency
                  0.08    0.05    0.05 ^ SCK (in)
     1    0.02                           SCK (net)
                  0.08    0.00    0.05 ^ clkbuf_0_SCK/A (sky130_fd_sc_hd__clkbuf_16)
                  0.06    0.15    0.21 ^ clkbuf_0_SCK/X (sky130_fd_sc_hd__clkbuf_16)
     4    0.04                           clknet_0_SCK (net)
                  0.06    0.00    0.21 ^ clkbuf_2_0__f_SCK/A (sky130_fd_sc_hd__clkbuf_16)
                  0.05    0.13    0.34 ^ clkbuf_2_0__f_SCK/X (sky130_fd_sc_hd__clkbuf_16)
     9    0.03                           clknet_2_0__leaf_SCK (net)
                  0.05    0.00    0.34 ^ _465_/CLK (sky130_fd_sc_hd__dfrtp_1)
                  0.15    0.38    0.72 ^ _465_/Q (sky130_fd_sc_hd__dfrtp_1)
     5    0.02                           addr[6] (net)
                  0.15    0.00    0.72 ^ _336_/A0 (sky130_fd_sc_hd__mux2_1)
                  0.04    0.14    0.86 ^ _336_/X (sky130_fd_sc_hd__mux2_1)
     1    0.00                           _176_ (net)
                  0.04    0.00    0.86 ^ _337_/A (sky130_fd_sc_hd__clkbuf_1)
                  0.04    0.07    0.93 ^ _337_/X (sky130_fd_sc_hd__clkbuf_1)
     1    0.00                           _072_ (net)
                  0.04    0.00    0.93 ^ _465_/D (sky130_fd_sc_hd__dfrtp_1)
                                  0.93   data arrival time

                          0.00    0.00   clock SCK (rise edge)
                          0.00    0.00   clock source latency
                  0.08    0.06    0.06 ^ SCK (in)
     1    0.02                           SCK (net)
                  0.08    0.00    0.06 ^ clkbuf_0_SCK/A (sky130_fd_sc_hd__clkbuf_16)
                  0.06    0.17    0.23 ^ clkbuf_0_SCK/X (sky130_fd_sc_hd__clkbuf_16)
     4    0.04                           clknet_0_SCK (net)
                  0.06    0.00    0.23 ^ clkbuf_2_0__f_SCK/A (sky130_fd_sc_hd__clkbuf_16)
                  0.05    0.15    0.38 ^ clkbuf_2_0__f_SCK/X (sky130_fd_sc_hd__clkbuf_16)
     9    0.03                           clknet_2_0__leaf_SCK (net)
                  0.05    0.00    0.38 ^ _465_/CLK (sky130_fd_sc_hd__dfrtp_1)
                          0.25    0.63   clock uncertainty
                         -0.04    0.59   clock reconvergence pessimism
                         -0.03    0.56   library hold time
                                  0.56   data required time
-----------------------------------------------------------------------------
                                  0.56   data required time
                                 -0.93   data arrival time
-----------------------------------------------------------------------------
                                  0.37   slack (MET)


Startpoint: _488_ (rising edge-triggered flip-flop clocked by SCK)
Endpoint: _488_ (rising edge-triggered flip-flop clocked by SCK)
Path Group: SCK
Path Type: min

Fanout     Cap    Slew   Delay    Time   Description
-----------------------------------------------------------------------------
                          0.00    0.00   clock SCK (rise edge)
                          0.00    0.00   clock source latency
                  0.08    0.05    0.05 ^ SCK (in)
     1    0.02                           SCK (net)
                  0.08    0.00    0.05 ^ clkbuf_0_SCK/A (sky130_fd_sc_hd__clkbuf_16)
                  0.06    0.15    0.21 ^ clkbuf_0_SCK/X (sky130_fd_sc_hd__clkbuf_16)
     4    0.04                           clknet_0_SCK (net)
                  0.06    0.00    0.21 ^ clkbuf_2_2__f_SCK/A (sky130_fd_sc_hd__clkbuf_16)
                  0.05    0.14    0.34 ^ clkbuf_2_2__f_SCK/X (sky130_fd_sc_hd__clkbuf_16)
     9    0.03                           clknet_2_2__leaf_SCK (net)
                  0.05    0.00    0.34 ^ _488_/CLK (sky130_fd_sc_hd__dfrtp_4)
                  0.15    0.46    0.81 ^ _488_/Q (sky130_fd_sc_hd__dfrtp_4)
     8    0.04                           state[2] (net)
                  0.15    0.00    0.81 ^ _382_/B2 (sky130_fd_sc_hd__a22o_1)
                  0.04    0.13    0.94 ^ _382_/X (sky130_fd_sc_hd__a22o_1)
     1    0.00                           _003_ (net)
                  0.04    0.00    0.94 ^ _488_/D (sky130_fd_sc_hd__dfrtp_4)
                                  0.94   data arrival time

                          0.00    0.00   clock SCK (rise edge)
                          0.00    0.00   clock source latency
                  0.08    0.06    0.06 ^ SCK (in)
     1    0.02                           SCK (net)
                  0.08    0.00    0.06 ^ clkbuf_0_SCK/A (sky130_fd_sc_hd__clkbuf_16)
                  0.06    0.17    0.23 ^ clkbuf_0_SCK/X (sky130_fd_sc_hd__clkbuf_16)
     4    0.04                           clknet_0_SCK (net)
                  0.06    0.00    0.23 ^ clkbuf_2_2__f_SCK/A (sky130_fd_sc_hd__clkbuf_16)
                  0.05    0.15    0.38 ^ clkbuf_2_2__f_SCK/X (sky130_fd_sc_hd__clkbuf_16)
     9    0.03                           clknet_2_2__leaf_SCK (net)
                  0.05    0.00    0.38 ^ _488_/CLK (sky130_fd_sc_hd__dfrtp_4)
                          0.25    0.63   clock uncertainty
                         -0.04    0.59   clock reconvergence pessimism
                         -0.03    0.56   library hold time
                                  0.56   data required time
-----------------------------------------------------------------------------
                                  0.56   data required time
                                 -0.94   data arrival time
-----------------------------------------------------------------------------
                                  0.38   slack (MET)


Startpoint: _472_ (rising edge-triggered flip-flop clocked by SCK)
Endpoint: _472_ (rising edge-triggered flip-flop clocked by SCK)
Path Group: SCK
Path Type: min

Fanout     Cap    Slew   Delay    Time   Description
-----------------------------------------------------------------------------
                          0.00    0.00   clock SCK (rise edge)
                          0.00    0.00   clock source latency
                  0.08    0.05    0.05 ^ SCK (in)
     1    0.02                           SCK (net)
                  0.08    0.00    0.05 ^ clkbuf_0_SCK/A (sky130_fd_sc_hd__clkbuf_16)
                  0.06    0.15    0.21 ^ clkbuf_0_SCK/X (sky130_fd_sc_hd__clkbuf_16)
     4    0.04                           clknet_0_SCK (net)
                  0.06    0.00    0.21 ^ clkbuf_2_0__f_SCK/A (sky130_fd_sc_hd__clkbuf_16)
                  0.05    0.13    0.34 ^ clkbuf_2_0__f_SCK/X (sky130_fd_sc_hd__clkbuf_16)
     9    0.03                           clknet_2_0__leaf_SCK (net)
                  0.05    0.00    0.34 ^ _472_/CLK (sky130_fd_sc_hd__dfrtp_1)
                  0.09    0.34    0.68 ^ _472_/Q (sky130_fd_sc_hd__dfrtp_1)
     2    0.01                           fixed[0] (net)
                  0.09    0.00    0.68 ^ _295_/A (sky130_fd_sc_hd__inv_2)
                  0.04    0.06    0.73 v _295_/Y (sky130_fd_sc_hd__inv_2)
     4    0.01                           _145_ (net)
                  0.04    0.00    0.73 v _303_/B1 (sky130_fd_sc_hd__a21o_1)
                  0.04    0.14    0.88 v _303_/X (sky130_fd_sc_hd__a21o_1)
     1    0.00                           _151_ (net)
                  0.04    0.00    0.88 v _304_/C1 (sky130_fd_sc_hd__o221ai_1)
                  0.07    0.06    0.93 ^ _304_/Y (sky130_fd_sc_hd__o221ai_1)
     1    0.00                           _079_ (net)
                  0.07    0.00    0.93 ^ _472_/D (sky130_fd_sc_hd__dfrtp_1)
                                  0.93   data arrival time

                          0.00    0.00   clock SCK (rise edge)
                          0.00    0.00   clock source latency
                  0.08    0.06    0.06 ^ SCK (in)
     1    0.02                           SCK (net)
                  0.08    0.00    0.06 ^ clkbuf_0_SCK/A (sky130_fd_sc_hd__clkbuf_16)
                  0.06    0.17    0.23 ^ clkbuf_0_SCK/X (sky130_fd_sc_hd__clkbuf_16)
     4    0.04                           clknet_0_SCK (net)
                  0.06    0.00    0.23 ^ clkbuf_2_0__f_SCK/A (sky130_fd_sc_hd__clkbuf_16)
                  0.05    0.15    0.38 ^ clkbuf_2_0__f_SCK/X (sky130_fd_sc_hd__clkbuf_16)
     9    0.03                           clknet_2_0__leaf_SCK (net)
                  0.05    0.00    0.38 ^ _472_/CLK (sky130_fd_sc_hd__dfrtp_1)
                          0.25    0.63   clock uncertainty
                         -0.04    0.59   clock reconvergence pessimism
                         -0.04    0.55   library hold time
                                  0.55   data required time
-----------------------------------------------------------------------------
                                  0.55   data required time
                                 -0.93   data arrival time
-----------------------------------------------------------------------------
                                  0.38   slack (MET)


Startpoint: _471_ (rising edge-triggered flip-flop clocked by SCK)
Endpoint: _471_ (rising edge-triggered flip-flop clocked by SCK)
Path Group: SCK
Path Type: min

Fanout     Cap    Slew   Delay    Time   Description
-----------------------------------------------------------------------------
                          0.00    0.00   clock SCK (rise edge)
                          0.00    0.00   clock source latency
                  0.08    0.05    0.05 ^ SCK (in)
     1    0.02                           SCK (net)
                  0.08    0.00    0.05 ^ clkbuf_0_SCK/A (sky130_fd_sc_hd__clkbuf_16)
                  0.06    0.15    0.21 ^ clkbuf_0_SCK/X (sky130_fd_sc_hd__clkbuf_16)
     4    0.04                           clknet_0_SCK (net)
                  0.06    0.00    0.21 ^ clkbuf_2_1__f_SCK/A (sky130_fd_sc_hd__clkbuf_16)
                  0.06    0.14    0.35 ^ clkbuf_2_1__f_SCK/X (sky130_fd_sc_hd__clkbuf_16)
    12    0.04                           clknet_2_1__leaf_SCK (net)
                  0.06    0.00    0.35 ^ _471_/CLK (sky130_fd_sc_hd__dfrtp_1)
                  0.15    0.39    0.74 ^ _471_/Q (sky130_fd_sc_hd__dfrtp_1)
     3    0.02                           readmode (net)
                  0.15    0.00    0.74 ^ _306_/A1 (sky130_fd_sc_hd__mux2_1)
                  0.04    0.14    0.88 ^ _306_/X (sky130_fd_sc_hd__mux2_1)
     1    0.00                           _153_ (net)
                  0.04    0.00    0.88 ^ _307_/A (sky130_fd_sc_hd__clkbuf_1)
                  0.04    0.07    0.95 ^ _307_/X (sky130_fd_sc_hd__clkbuf_1)
     1    0.00                           _078_ (net)
                  0.04    0.00    0.95 ^ _471_/D (sky130_fd_sc_hd__dfrtp_1)
                                  0.95   data arrival time

                          0.00    0.00   clock SCK (rise edge)
                          0.00    0.00   clock source latency
                  0.08    0.06    0.06 ^ SCK (in)
     1    0.02                           SCK (net)
                  0.08    0.00    0.06 ^ clkbuf_0_SCK/A (sky130_fd_sc_hd__clkbuf_16)
                  0.06    0.17    0.23 ^ clkbuf_0_SCK/X (sky130_fd_sc_hd__clkbuf_16)
     4    0.04                           clknet_0_SCK (net)
                  0.06    0.00    0.23 ^ clkbuf_2_1__f_SCK/A (sky130_fd_sc_hd__clkbuf_16)
                  0.06    0.16    0.39 ^ clkbuf_2_1__f_SCK/X (sky130_fd_sc_hd__clkbuf_16)
    12    0.04                           clknet_2_1__leaf_SCK (net)
                  0.06    0.00    0.39 ^ _471_/CLK (sky130_fd_sc_hd__dfrtp_1)
                          0.25    0.64   clock uncertainty
                         -0.04    0.60   clock reconvergence pessimism
                         -0.03    0.57   library hold time
                                  0.57   data required time
-----------------------------------------------------------------------------
                                  0.57   data required time
                                 -0.95   data arrival time
-----------------------------------------------------------------------------
                                  0.39   slack (MET)


Startpoint: _469_ (rising edge-triggered flip-flop clocked by SCK)
Endpoint: _482_ (rising edge-triggered flip-flop clocked by SCK)
Path Group: SCK
Path Type: min

Fanout     Cap    Slew   Delay    Time   Description
-----------------------------------------------------------------------------
                          0.00    0.00   clock SCK (rise edge)
                          0.00    0.00   clock source latency
                  0.08    0.05    0.05 ^ SCK (in)
     1    0.02                           SCK (net)
                  0.08    0.00    0.05 ^ clkbuf_0_SCK/A (sky130_fd_sc_hd__clkbuf_16)
                  0.06    0.15    0.21 ^ clkbuf_0_SCK/X (sky130_fd_sc_hd__clkbuf_16)
     4    0.04                           clknet_0_SCK (net)
                  0.06    0.00    0.21 ^ clkbuf_2_1__f_SCK/A (sky130_fd_sc_hd__clkbuf_16)
                  0.06    0.14    0.35 ^ clkbuf_2_1__f_SCK/X (sky130_fd_sc_hd__clkbuf_16)
    12    0.04                           clknet_2_1__leaf_SCK (net)
                  0.06    0.00    0.35 ^ _469_/CLK (sky130_fd_sc_hd__dfrtp_4)
                  0.12    0.45    0.80 ^ _469_/Q (sky130_fd_sc_hd__dfrtp_4)
     9    0.03                           count[2] (net)
                  0.12    0.00    0.80 ^ _276_/A2 (sky130_fd_sc_hd__a41o_1)
                  0.04    0.16    0.96 ^ _276_/X (sky130_fd_sc_hd__a41o_1)
     1    0.00                           _089_ (net)
                  0.04    0.00    0.96 ^ _482_/D (sky130_fd_sc_hd__dfrtp_4)
                                  0.96   data arrival time

                          0.00    0.00   clock SCK (rise edge)
                          0.00    0.00   clock source latency
                  0.08    0.06    0.06 ^ SCK (in)
     1    0.02                           SCK (net)
                  0.08    0.00    0.06 ^ clkbuf_0_SCK/A (sky130_fd_sc_hd__clkbuf_16)
                  0.06    0.17    0.23 ^ clkbuf_0_SCK/X (sky130_fd_sc_hd__clkbuf_16)
     4    0.04                           clknet_0_SCK (net)
                  0.06    0.00    0.23 ^ clkbuf_2_1__f_SCK/A (sky130_fd_sc_hd__clkbuf_16)
                  0.06    0.16    0.39 ^ clkbuf_2_1__f_SCK/X (sky130_fd_sc_hd__clkbuf_16)
    12    0.04                           clknet_2_1__leaf_SCK (net)
                  0.06    0.00    0.39 ^ _482_/CLK (sky130_fd_sc_hd__dfrtp_4)
                          0.25    0.64   clock uncertainty
                         -0.04    0.60   clock reconvergence pessimism
                         -0.03    0.57   library hold time
                                  0.57   data required time
-----------------------------------------------------------------------------
                                  0.57   data required time
                                 -0.96   data arrival time
-----------------------------------------------------------------------------
                                  0.39   slack (MET)


Startpoint: _467_ (rising edge-triggered flip-flop clocked by SCK)
Endpoint: _467_ (rising edge-triggered flip-flop clocked by SCK)
Path Group: SCK
Path Type: min

Fanout     Cap    Slew   Delay    Time   Description
-----------------------------------------------------------------------------
                          0.00    0.00   clock SCK (rise edge)
                          0.00    0.00   clock source latency
                  0.08    0.05    0.05 ^ SCK (in)
     1    0.02                           SCK (net)
                  0.08    0.00    0.05 ^ clkbuf_0_SCK/A (sky130_fd_sc_hd__clkbuf_16)
                  0.06    0.15    0.21 ^ clkbuf_0_SCK/X (sky130_fd_sc_hd__clkbuf_16)
     4    0.04                           clknet_0_SCK (net)
                  0.06    0.00    0.21 ^ clkbuf_2_1__f_SCK/A (sky130_fd_sc_hd__clkbuf_16)
                  0.06    0.14    0.35 ^ clkbuf_2_1__f_SCK/X (sky130_fd_sc_hd__clkbuf_16)
    12    0.04                           clknet_2_1__leaf_SCK (net)
                  0.06    0.00    0.35 ^ _467_/CLK (sky130_fd_sc_hd__dfrtp_1)
                  0.09    0.34    0.69 ^ _467_/Q (sky130_fd_sc_hd__dfrtp_1)
     3    0.01                           count[0] (net)
                  0.09    0.00    0.69 ^ _265_/A (sky130_fd_sc_hd__clkbuf_4)
                  0.13    0.20    0.89 ^ _265_/X (sky130_fd_sc_hd__clkbuf_4)
    10    0.04                           _125_ (net)
                  0.13    0.00    0.89 ^ _320_/A (sky130_fd_sc_hd__xor2_1)
                  0.03    0.07    0.96 v _320_/X (sky130_fd_sc_hd__xor2_1)
     1    0.00                           _074_ (net)
                  0.03    0.00    0.97 v _467_/D (sky130_fd_sc_hd__dfrtp_1)
                                  0.97   data arrival time

                          0.00    0.00   clock SCK (rise edge)
                          0.00    0.00   clock source latency
                  0.08    0.06    0.06 ^ SCK (in)
     1    0.02                           SCK (net)
                  0.08    0.00    0.06 ^ clkbuf_0_SCK/A (sky130_fd_sc_hd__clkbuf_16)
                  0.06    0.17    0.23 ^ clkbuf_0_SCK/X (sky130_fd_sc_hd__clkbuf_16)
     4    0.04                           clknet_0_SCK (net)
                  0.06    0.00    0.23 ^ clkbuf_2_1__f_SCK/A (sky130_fd_sc_hd__clkbuf_16)
                  0.06    0.16    0.39 ^ clkbuf_2_1__f_SCK/X (sky130_fd_sc_hd__clkbuf_16)
    12    0.04                           clknet_2_1__leaf_SCK (net)
                  0.06    0.00    0.39 ^ _467_/CLK (sky130_fd_sc_hd__dfrtp_1)
                          0.25    0.64   clock uncertainty
                         -0.04    0.60   clock reconvergence pessimism
                         -0.04    0.56   library hold time
                                  0.56   data required time
-----------------------------------------------------------------------------
                                  0.56   data required time
                                 -0.97   data arrival time
-----------------------------------------------------------------------------
                                  0.40   slack (MET)


Startpoint: _461_ (rising edge-triggered flip-flop clocked by SCK)
Endpoint: _461_ (rising edge-triggered flip-flop clocked by SCK)
Path Group: SCK
Path Type: min

Fanout     Cap    Slew   Delay    Time   Description
-----------------------------------------------------------------------------
                          0.00    0.00   clock SCK (rise edge)
                          0.00    0.00   clock source latency
                  0.08    0.05    0.05 ^ SCK (in)
     1    0.02                           SCK (net)
                  0.08    0.00    0.05 ^ clkbuf_0_SCK/A (sky130_fd_sc_hd__clkbuf_16)
                  0.06    0.15    0.21 ^ clkbuf_0_SCK/X (sky130_fd_sc_hd__clkbuf_16)
     4    0.04                           clknet_0_SCK (net)
                  0.06    0.00    0.21 ^ clkbuf_2_2__f_SCK/A (sky130_fd_sc_hd__clkbuf_16)
                  0.05    0.14    0.34 ^ clkbuf_2_2__f_SCK/X (sky130_fd_sc_hd__clkbuf_16)
     9    0.03                           clknet_2_2__leaf_SCK (net)
                  0.05    0.00    0.34 ^ _461_/CLK (sky130_fd_sc_hd__dfrtp_4)
                  0.10    0.43    0.77 ^ _461_/Q (sky130_fd_sc_hd__dfrtp_4)
     8    0.02                           addr[2] (net)
                  0.10    0.00    0.77 ^ _356_/A0 (sky130_fd_sc_hd__mux2_1)
                  0.04    0.12    0.89 ^ _356_/X (sky130_fd_sc_hd__mux2_1)
     1    0.00                           _192_ (net)
                  0.04    0.00    0.89 ^ _357_/A (sky130_fd_sc_hd__clkbuf_1)
                  0.04    0.07    0.97 ^ _357_/X (sky130_fd_sc_hd__clkbuf_1)
     1    0.00                           _068_ (net)
                  0.04    0.00    0.97 ^ _461_/D (sky130_fd_sc_hd__dfrtp_4)
                                  0.97   data arrival time

                          0.00    0.00   clock SCK (rise edge)
                          0.00    0.00   clock source latency
                  0.08    0.06    0.06 ^ SCK (in)
     1    0.02                           SCK (net)
                  0.08    0.00    0.06 ^ clkbuf_0_SCK/A (sky130_fd_sc_hd__clkbuf_16)
                  0.06    0.17    0.23 ^ clkbuf_0_SCK/X (sky130_fd_sc_hd__clkbuf_16)
     4    0.04                           clknet_0_SCK (net)
                  0.06    0.00    0.23 ^ clkbuf_2_2__f_SCK/A (sky130_fd_sc_hd__clkbuf_16)
                  0.05    0.15    0.38 ^ clkbuf_2_2__f_SCK/X (sky130_fd_sc_hd__clkbuf_16)
     9    0.03                           clknet_2_2__leaf_SCK (net)
                  0.05    0.00    0.38 ^ _461_/CLK (sky130_fd_sc_hd__dfrtp_4)
                          0.25    0.63   clock uncertainty
                         -0.04    0.59   clock reconvergence pessimism
                         -0.03    0.56   library hold time
                                  0.56   data required time
-----------------------------------------------------------------------------
                                  0.56   data required time
                                 -0.97   data arrival time
-----------------------------------------------------------------------------
                                  0.40   slack (MET)


Startpoint: _460_ (rising edge-triggered flip-flop clocked by SCK)
Endpoint: _460_ (rising edge-triggered flip-flop clocked by SCK)
Path Group: SCK
Path Type: min

Fanout     Cap    Slew   Delay    Time   Description
-----------------------------------------------------------------------------
                          0.00    0.00   clock SCK (rise edge)
                          0.00    0.00   clock source latency
                  0.08    0.05    0.05 ^ SCK (in)
     1    0.02                           SCK (net)
                  0.08    0.00    0.05 ^ clkbuf_0_SCK/A (sky130_fd_sc_hd__clkbuf_16)
                  0.06    0.15    0.21 ^ clkbuf_0_SCK/X (sky130_fd_sc_hd__clkbuf_16)
     4    0.04                           clknet_0_SCK (net)
                  0.06    0.00    0.21 ^ clkbuf_2_2__f_SCK/A (sky130_fd_sc_hd__clkbuf_16)
                  0.05    0.14    0.34 ^ clkbuf_2_2__f_SCK/X (sky130_fd_sc_hd__clkbuf_16)
     9    0.03                           clknet_2_2__leaf_SCK (net)
                  0.05    0.00    0.34 ^ _460_/CLK (sky130_fd_sc_hd__dfrtp_4)
                  0.10    0.43    0.77 ^ _460_/Q (sky130_fd_sc_hd__dfrtp_4)
     8    0.03                           addr[1] (net)
                  0.10    0.00    0.77 ^ _360_/A0 (sky130_fd_sc_hd__mux2_1)
                  0.04    0.13    0.90 ^ _360_/X (sky130_fd_sc_hd__mux2_1)
     1    0.00                           _195_ (net)
                  0.04    0.00    0.90 ^ _361_/A (sky130_fd_sc_hd__clkbuf_1)
                  0.04    0.07    0.97 ^ _361_/X (sky130_fd_sc_hd__clkbuf_1)
     1    0.00                           _067_ (net)
                  0.04    0.00    0.97 ^ _460_/D (sky130_fd_sc_hd__dfrtp_4)
                                  0.97   data arrival time

                          0.00    0.00   clock SCK (rise edge)
                          0.00    0.00   clock source latency
                  0.08    0.06    0.06 ^ SCK (in)
     1    0.02                           SCK (net)
                  0.08    0.00    0.06 ^ clkbuf_0_SCK/A (sky130_fd_sc_hd__clkbuf_16)
                  0.06    0.17    0.23 ^ clkbuf_0_SCK/X (sky130_fd_sc_hd__clkbuf_16)
     4    0.04                           clknet_0_SCK (net)
                  0.06    0.00    0.23 ^ clkbuf_2_2__f_SCK/A (sky130_fd_sc_hd__clkbuf_16)
                  0.05    0.15    0.38 ^ clkbuf_2_2__f_SCK/X (sky130_fd_sc_hd__clkbuf_16)
     9    0.03                           clknet_2_2__leaf_SCK (net)
                  0.05    0.00    0.38 ^ _460_/CLK (sky130_fd_sc_hd__dfrtp_4)
                          0.25    0.63   clock uncertainty
                         -0.04    0.59   clock reconvergence pessimism
                         -0.03    0.56   library hold time
                                  0.56   data required time
-----------------------------------------------------------------------------
                                  0.56   data required time
                                 -0.97   data arrival time
-----------------------------------------------------------------------------
                                  0.41   slack (MET)


Startpoint: _459_ (rising edge-triggered flip-flop clocked by SCK)
Endpoint: _459_ (rising edge-triggered flip-flop clocked by SCK)
Path Group: SCK
Path Type: min

Fanout     Cap    Slew   Delay    Time   Description
-----------------------------------------------------------------------------
                          0.00    0.00   clock SCK (rise edge)
                          0.00    0.00   clock source latency
                  0.08    0.05    0.05 ^ SCK (in)
     1    0.02                           SCK (net)
                  0.08    0.00    0.05 ^ clkbuf_0_SCK/A (sky130_fd_sc_hd__clkbuf_16)
                  0.06    0.15    0.21 ^ clkbuf_0_SCK/X (sky130_fd_sc_hd__clkbuf_16)
     4    0.04                           clknet_0_SCK (net)
                  0.06    0.00    0.21 ^ clkbuf_2_2__f_SCK/A (sky130_fd_sc_hd__clkbuf_16)
                  0.05    0.14    0.34 ^ clkbuf_2_2__f_SCK/X (sky130_fd_sc_hd__clkbuf_16)
     9    0.03                           clknet_2_2__leaf_SCK (net)
                  0.05    0.00    0.34 ^ _459_/CLK (sky130_fd_sc_hd__dfrtp_4)
                  0.11    0.43    0.78 ^ _459_/Q (sky130_fd_sc_hd__dfrtp_4)
     8    0.03                           addr[0] (net)
                  0.11    0.00    0.78 ^ _364_/A0 (sky130_fd_sc_hd__mux2_1)
                  0.04    0.13    0.91 ^ _364_/X (sky130_fd_sc_hd__mux2_1)
     1    0.00                           _198_ (net)
                  0.04    0.00    0.91 ^ _365_/A (sky130_fd_sc_hd__clkbuf_1)
                  0.04    0.07    0.98 ^ _365_/X (sky130_fd_sc_hd__clkbuf_1)
     1    0.00                           _066_ (net)
                  0.04    0.00    0.98 ^ _459_/D (sky130_fd_sc_hd__dfrtp_4)
                                  0.98   data arrival time

                          0.00    0.00   clock SCK (rise edge)
                          0.00    0.00   clock source latency
                  0.08    0.06    0.06 ^ SCK (in)
     1    0.02                           SCK (net)
                  0.08    0.00    0.06 ^ clkbuf_0_SCK/A (sky130_fd_sc_hd__clkbuf_16)
                  0.06    0.17    0.23 ^ clkbuf_0_SCK/X (sky130_fd_sc_hd__clkbuf_16)
     4    0.04                           clknet_0_SCK (net)
                  0.06    0.00    0.23 ^ clkbuf_2_2__f_SCK/A (sky130_fd_sc_hd__clkbuf_16)
                  0.05    0.15    0.38 ^ clkbuf_2_2__f_SCK/X (sky130_fd_sc_hd__clkbuf_16)
     9    0.03                           clknet_2_2__leaf_SCK (net)
                  0.05    0.00    0.38 ^ _459_/CLK (sky130_fd_sc_hd__dfrtp_4)
                          0.25    0.63   clock uncertainty
                         -0.04    0.59   clock reconvergence pessimism
                         -0.03    0.56   library hold time
                                  0.56   data required time
-----------------------------------------------------------------------------
                                  0.56   data required time
                                 -0.98   data arrival time
-----------------------------------------------------------------------------
                                  0.42   slack (MET)


Startpoint: _463_ (rising edge-triggered flip-flop clocked by SCK)
Endpoint: _463_ (rising edge-triggered flip-flop clocked by SCK)
Path Group: SCK
Path Type: min

Fanout     Cap    Slew   Delay    Time   Description
-----------------------------------------------------------------------------
                          0.00    0.00   clock SCK (rise edge)
                          0.00    0.00   clock source latency
                  0.08    0.05    0.05 ^ SCK (in)
     1    0.02                           SCK (net)
                  0.08    0.00    0.05 ^ clkbuf_0_SCK/A (sky130_fd_sc_hd__clkbuf_16)
                  0.06    0.15    0.21 ^ clkbuf_0_SCK/X (sky130_fd_sc_hd__clkbuf_16)
     4    0.04                           clknet_0_SCK (net)
                  0.06    0.00    0.21 ^ clkbuf_2_2__f_SCK/A (sky130_fd_sc_hd__clkbuf_16)
                  0.05    0.14    0.34 ^ clkbuf_2_2__f_SCK/X (sky130_fd_sc_hd__clkbuf_16)
     9    0.03                           clknet_2_2__leaf_SCK (net)
                  0.05    0.00    0.34 ^ _463_/CLK (sky130_fd_sc_hd__dfrtp_4)
                  0.12    0.44    0.79 ^ _463_/Q (sky130_fd_sc_hd__dfrtp_4)
    10    0.03                           addr[4] (net)
                  0.12    0.00    0.79 ^ _346_/A0 (sky130_fd_sc_hd__mux2_1)
                  0.05    0.14    0.92 ^ _346_/X (sky130_fd_sc_hd__mux2_1)
     1    0.00                           _184_ (net)
                  0.05    0.00    0.92 ^ _347_/A (sky130_fd_sc_hd__clkbuf_1)
                  0.04    0.08    1.00 ^ _347_/X (sky130_fd_sc_hd__clkbuf_1)
     1    0.00                           _070_ (net)
                  0.04    0.00    1.00 ^ _463_/D (sky130_fd_sc_hd__dfrtp_4)
                                  1.00   data arrival time

                          0.00    0.00   clock SCK (rise edge)
                          0.00    0.00   clock source latency
                  0.08    0.06    0.06 ^ SCK (in)
     1    0.02                           SCK (net)
                  0.08    0.00    0.06 ^ clkbuf_0_SCK/A (sky130_fd_sc_hd__clkbuf_16)
                  0.06    0.17    0.23 ^ clkbuf_0_SCK/X (sky130_fd_sc_hd__clkbuf_16)
     4    0.04                           clknet_0_SCK (net)
                  0.06    0.00    0.23 ^ clkbuf_2_2__f_SCK/A (sky130_fd_sc_hd__clkbuf_16)
                  0.05    0.15    0.38 ^ clkbuf_2_2__f_SCK/X (sky130_fd_sc_hd__clkbuf_16)
     9    0.03                           clknet_2_2__leaf_SCK (net)
                  0.05    0.00    0.38 ^ _463_/CLK (sky130_fd_sc_hd__dfrtp_4)
                          0.25    0.63   clock uncertainty
                         -0.04    0.59   clock reconvergence pessimism
                         -0.03    0.56   library hold time
                                  0.56   data required time
-----------------------------------------------------------------------------
                                  0.56   data required time
                                 -1.00   data arrival time
-----------------------------------------------------------------------------
                                  0.44   slack (MET)


Startpoint: _468_ (rising edge-triggered flip-flop clocked by SCK)
Endpoint: _469_ (rising edge-triggered flip-flop clocked by SCK)
Path Group: SCK
Path Type: min

Fanout     Cap    Slew   Delay    Time   Description
-----------------------------------------------------------------------------
                          0.00    0.00   clock SCK (rise edge)
                          0.00    0.00   clock source latency
                  0.08    0.05    0.05 ^ SCK (in)
     1    0.02                           SCK (net)
                  0.08    0.00    0.05 ^ clkbuf_0_SCK/A (sky130_fd_sc_hd__clkbuf_16)
                  0.06    0.15    0.21 ^ clkbuf_0_SCK/X (sky130_fd_sc_hd__clkbuf_16)
     4    0.04                           clknet_0_SCK (net)
                  0.06    0.00    0.21 ^ clkbuf_2_1__f_SCK/A (sky130_fd_sc_hd__clkbuf_16)
                  0.06    0.14    0.35 ^ clkbuf_2_1__f_SCK/X (sky130_fd_sc_hd__clkbuf_16)
    12    0.04                           clknet_2_1__leaf_SCK (net)
                  0.06    0.00    0.35 ^ _468_/CLK (sky130_fd_sc_hd__dfrtp_4)
                  0.12    0.44    0.79 ^ _468_/Q (sky130_fd_sc_hd__dfrtp_4)
     9    0.03                           count[1] (net)
                  0.12    0.00    0.79 ^ _313_/B (sky130_fd_sc_hd__or2_1)
                  0.03    0.10    0.89 ^ _313_/X (sky130_fd_sc_hd__or2_1)
     1    0.00                           _158_ (net)
                  0.03    0.00    0.89 ^ _314_/A (sky130_fd_sc_hd__and2_1)
                  0.07    0.12    1.01 ^ _314_/X (sky130_fd_sc_hd__and2_1)
     1    0.01                           _159_ (net)
                  0.07    0.00    1.01 ^ _315_/B (sky130_fd_sc_hd__xnor2_1)
                  0.04    0.06    1.07 v _315_/Y (sky130_fd_sc_hd__xnor2_1)
     1    0.00                           _076_ (net)
                  0.04    0.00    1.07 v _469_/D (sky130_fd_sc_hd__dfrtp_4)
                                  1.07   data arrival time

                          0.00    0.00   clock SCK (rise edge)
                          0.00    0.00   clock source latency
                  0.08    0.06    0.06 ^ SCK (in)
     1    0.02                           SCK (net)
                  0.08    0.00    0.06 ^ clkbuf_0_SCK/A (sky130_fd_sc_hd__clkbuf_16)
                  0.06    0.17    0.23 ^ clkbuf_0_SCK/X (sky130_fd_sc_hd__clkbuf_16)
     4    0.04                           clknet_0_SCK (net)
                  0.06    0.00    0.23 ^ clkbuf_2_1__f_SCK/A (sky130_fd_sc_hd__clkbuf_16)
                  0.06    0.16    0.39 ^ clkbuf_2_1__f_SCK/X (sky130_fd_sc_hd__clkbuf_16)
    12    0.04                           clknet_2_1__leaf_SCK (net)
                  0.06    0.00    0.39 ^ _469_/CLK (sky130_fd_sc_hd__dfrtp_4)
                          0.25    0.64   clock uncertainty
                         -0.04    0.60   clock reconvergence pessimism
                         -0.03    0.57   library hold time
                                  0.57   data required time
-----------------------------------------------------------------------------
                                  0.57   data required time
                                 -1.07   data arrival time
-----------------------------------------------------------------------------
                                  0.51   slack (MET)


Startpoint: _469_ (rising edge-triggered flip-flop clocked by SCK)
Endpoint: _486_ (rising edge-triggered flip-flop clocked by SCK)
Path Group: SCK
Path Type: min

Fanout     Cap    Slew   Delay    Time   Description
-----------------------------------------------------------------------------
                          0.00    0.00   clock SCK (rise edge)
                          0.00    0.00   clock source latency
                  0.08    0.05    0.05 ^ SCK (in)
     1    0.02                           SCK (net)
                  0.08    0.00    0.05 ^ clkbuf_0_SCK/A (sky130_fd_sc_hd__clkbuf_16)
                  0.06    0.15    0.21 ^ clkbuf_0_SCK/X (sky130_fd_sc_hd__clkbuf_16)
     4    0.04                           clknet_0_SCK (net)
                  0.06    0.00    0.21 ^ clkbuf_2_1__f_SCK/A (sky130_fd_sc_hd__clkbuf_16)
                  0.06    0.14    0.35 ^ clkbuf_2_1__f_SCK/X (sky130_fd_sc_hd__clkbuf_16)
    12    0.04                           clknet_2_1__leaf_SCK (net)
                  0.06    0.00    0.35 ^ _469_/CLK (sky130_fd_sc_hd__dfrtp_4)
                  0.10    0.50    0.85 v _469_/Q (sky130_fd_sc_hd__dfrtp_4)
     9    0.03                           count[2] (net)
                  0.10    0.00    0.85 v _380_/A (sky130_fd_sc_hd__nand3_1)
                  0.07    0.09    0.94 ^ _380_/Y (sky130_fd_sc_hd__nand3_1)
     2    0.00                           _205_ (net)
                  0.07    0.00    0.94 ^ _383_/B1 (sky130_fd_sc_hd__a2bb2o_1)
                  0.06    0.14    1.08 ^ _383_/X (sky130_fd_sc_hd__a2bb2o_1)
     1    0.01                           _001_ (net)
                  0.06    0.00    1.08 ^ _486_/D (sky130_fd_sc_hd__dfstp_2)
                                  1.08   data arrival time

                          0.00    0.00   clock SCK (rise edge)
                          0.00    0.00   clock source latency
                  0.08    0.06    0.06 ^ SCK (in)
     1    0.02                           SCK (net)
                  0.08    0.00    0.06 ^ clkbuf_0_SCK/A (sky130_fd_sc_hd__clkbuf_16)
                  0.06    0.17    0.23 ^ clkbuf_0_SCK/X (sky130_fd_sc_hd__clkbuf_16)
     4    0.04                           clknet_0_SCK (net)
                  0.06    0.00    0.23 ^ clkbuf_2_0__f_SCK/A (sky130_fd_sc_hd__clkbuf_16)
                  0.05    0.15    0.38 ^ clkbuf_2_0__f_SCK/X (sky130_fd_sc_hd__clkbuf_16)
     9    0.03                           clknet_2_0__leaf_SCK (net)
                  0.05    0.00    0.38 ^ _486_/CLK (sky130_fd_sc_hd__dfstp_2)
                          0.25    0.63   clock uncertainty
                         -0.02    0.61   clock reconvergence pessimism
                         -0.04    0.57   library hold time
                                  0.57   data required time
-----------------------------------------------------------------------------
                                  0.57   data required time
                                 -1.08   data arrival time
-----------------------------------------------------------------------------
                                  0.51   slack (MET)


Startpoint: _468_ (rising edge-triggered flip-flop clocked by SCK)
Endpoint: _468_ (rising edge-triggered flip-flop clocked by SCK)
Path Group: SCK
Path Type: min

Fanout     Cap    Slew   Delay    Time   Description
-----------------------------------------------------------------------------
                          0.00    0.00   clock SCK (rise edge)
                          0.00    0.00   clock source latency
                  0.08    0.05    0.05 ^ SCK (in)
     1    0.02                           SCK (net)
                  0.08    0.00    0.05 ^ clkbuf_0_SCK/A (sky130_fd_sc_hd__clkbuf_16)
                  0.06    0.15    0.21 ^ clkbuf_0_SCK/X (sky130_fd_sc_hd__clkbuf_16)
     4    0.04                           clknet_0_SCK (net)
                  0.06    0.00    0.21 ^ clkbuf_2_1__f_SCK/A (sky130_fd_sc_hd__clkbuf_16)
                  0.06    0.14    0.35 ^ clkbuf_2_1__f_SCK/X (sky130_fd_sc_hd__clkbuf_16)
    12    0.04                           clknet_2_1__leaf_SCK (net)
                  0.06    0.00    0.35 ^ _468_/CLK (sky130_fd_sc_hd__dfrtp_4)
                  0.12    0.44    0.79 ^ _468_/Q (sky130_fd_sc_hd__dfrtp_4)
     9    0.03                           count[1] (net)
                  0.12    0.00    0.79 ^ _272_/A_N (sky130_fd_sc_hd__nand2b_2)
                  0.14    0.20    0.99 ^ _272_/Y (sky130_fd_sc_hd__nand2b_2)
     6    0.02                           _130_ (net)
                  0.14    0.00    0.99 ^ _319_/A1 (sky130_fd_sc_hd__o21ai_1)
                  0.05    0.09    1.08 v _319_/Y (sky130_fd_sc_hd__o21ai_1)
     1    0.00                           _075_ (net)
                  0.05    0.00    1.08 v _468_/D (sky130_fd_sc_hd__dfrtp_4)
                                  1.08   data arrival time

                          0.00    0.00   clock SCK (rise edge)
                          0.00    0.00   clock source latency
                  0.08    0.06    0.06 ^ SCK (in)
     1    0.02                           SCK (net)
                  0.08    0.00    0.06 ^ clkbuf_0_SCK/A (sky130_fd_sc_hd__clkbuf_16)
                  0.06    0.17    0.23 ^ clkbuf_0_SCK/X (sky130_fd_sc_hd__clkbuf_16)
     4    0.04                           clknet_0_SCK (net)
                  0.06    0.00    0.23 ^ clkbuf_2_1__f_SCK/A (sky130_fd_sc_hd__clkbuf_16)
                  0.06    0.16    0.39 ^ clkbuf_2_1__f_SCK/X (sky130_fd_sc_hd__clkbuf_16)
    12    0.04                           clknet_2_1__leaf_SCK (net)
                  0.06    0.00    0.39 ^ _468_/CLK (sky130_fd_sc_hd__dfrtp_4)
                          0.25    0.64   clock uncertainty
                         -0.04    0.60   clock reconvergence pessimism
                         -0.04    0.56   library hold time
                                  0.56   data required time
-----------------------------------------------------------------------------
                                  0.56   data required time
                                 -1.08   data arrival time
-----------------------------------------------------------------------------
                                  0.52   slack (MET)


Startpoint: _491_ (rising edge-triggered flip-flop clocked by SCK')
Endpoint: _491_ (rising edge-triggered flip-flop clocked by SCK')
Path Group: SCK
Path Type: min

Fanout     Cap    Slew   Delay    Time   Description
-----------------------------------------------------------------------------
                          5.00    5.00   clock SCK' (rise edge)
                          0.00    5.00   clock source latency
                  0.04    0.03    5.03 v SCK (in)
     1    0.02                           SCK (net)
                  0.04    0.00    5.03 v clkbuf_0_SCK/A (sky130_fd_sc_hd__clkbuf_16)
                  0.05    0.15    5.17 v clkbuf_0_SCK/X (sky130_fd_sc_hd__clkbuf_16)
     4    0.04                           clknet_0_SCK (net)
                  0.05    0.00    5.18 v clkbuf_2_3__f_SCK/A (sky130_fd_sc_hd__clkbuf_16)
                  0.03    0.14    5.31 v clkbuf_2_3__f_SCK/X (sky130_fd_sc_hd__clkbuf_16)
     6    0.02                           clknet_2_3__leaf_SCK (net)
                  0.03    0.00    5.31 v _437_/A (sky130_fd_sc_hd__buf_1)
                  0.06    0.10    5.42 v _437_/X (sky130_fd_sc_hd__buf_1)
     1    0.01                           _221_ (net)
                  0.06    0.00    5.42 v clkbuf_0__221_/A (sky130_fd_sc_hd__clkbuf_16)
                  0.03    0.14    5.56 v clkbuf_0__221_/X (sky130_fd_sc_hd__clkbuf_16)
     2    0.02                           clknet_0__221_ (net)
                  0.03    0.00    5.56 v clkbuf_1_1__f__221_/A (sky130_fd_sc_hd__clkbuf_16)
                  0.04    0.14    5.70 v clkbuf_1_1__f__221_/X (sky130_fd_sc_hd__clkbuf_16)
     6    0.03                           clknet_1_1__leaf__221_ (net)
                  0.04    0.00    5.71 v _446__3/A (sky130_fd_sc_hd__inv_2)
                  0.02    0.04    5.74 ^ _446__3/Y (sky130_fd_sc_hd__inv_2)
     1    0.00                           net41 (net)
                  0.02    0.00    5.74 ^ _491_/CLK (sky130_fd_sc_hd__dfrtp_1)
                  0.07    0.31    6.05 ^ _491_/Q (sky130_fd_sc_hd__dfrtp_1)
     2    0.01                           ldata[0] (net)
                  0.07    0.00    6.05 ^ hold4/A (sky130_fd_sc_hd__dlygate4sd3_1)
                  0.06    0.52    6.57 ^ hold4/X (sky130_fd_sc_hd__dlygate4sd3_1)
     1    0.00                           net52 (net)
                  0.06    0.00    6.57 ^ _259_/A1 (sky130_fd_sc_hd__a22o_1)
                  0.04    0.12    6.69 ^ _259_/X (sky130_fd_sc_hd__a22o_1)
     1    0.00                           _092_ (net)
                  0.04    0.00    6.69 ^ _491_/D (sky130_fd_sc_hd__dfrtp_1)
                                  6.69   data arrival time

                          5.00    5.00   clock SCK' (rise edge)
                          0.00    5.00   clock source latency
                  0.04    0.03    5.03 v SCK (in)
     1    0.02                           SCK (net)
                  0.04    0.00    5.03 v clkbuf_0_SCK/A (sky130_fd_sc_hd__clkbuf_16)
                  0.05    0.16    5.19 v clkbuf_0_SCK/X (sky130_fd_sc_hd__clkbuf_16)
     4    0.04                           clknet_0_SCK (net)
                  0.05    0.00    5.19 v clkbuf_2_3__f_SCK/A (sky130_fd_sc_hd__clkbuf_16)
                  0.03    0.15    5.35 v clkbuf_2_3__f_SCK/X (sky130_fd_sc_hd__clkbuf_16)
     6    0.02                           clknet_2_3__leaf_SCK (net)
                  0.03    0.00    5.35 v _437_/A (sky130_fd_sc_hd__buf_1)
                  0.06    0.11    5.46 v _437_/X (sky130_fd_sc_hd__buf_1)
     1    0.01                           _221_ (net)
                  0.06    0.00    5.46 v clkbuf_0__221_/A (sky130_fd_sc_hd__clkbuf_16)
                  0.03    0.16    5.62 v clkbuf_0__221_/X (sky130_fd_sc_hd__clkbuf_16)
     2    0.02                           clknet_0__221_ (net)
                  0.03    0.00    5.62 v clkbuf_1_1__f__221_/A (sky130_fd_sc_hd__clkbuf_16)
                  0.04    0.16    5.78 v clkbuf_1_1__f__221_/X (sky130_fd_sc_hd__clkbuf_16)
     6    0.03                           clknet_1_1__leaf__221_ (net)
                  0.04    0.00    5.78 v _446__3/A (sky130_fd_sc_hd__inv_2)
                  0.02    0.04    5.82 ^ _446__3/Y (sky130_fd_sc_hd__inv_2)
     1    0.00                           net41 (net)
                  0.02    0.00    5.82 ^ _491_/CLK (sky130_fd_sc_hd__dfrtp_1)
                          0.25    6.07   clock uncertainty
                         -0.08    5.99   clock reconvergence pessimism
                         -0.04    5.95   library hold time
                                  5.95   data required time
-----------------------------------------------------------------------------
                                  5.95   data required time
                                 -6.69   data arrival time
-----------------------------------------------------------------------------
                                  0.74   slack (MET)


Startpoint: CSB (input port clocked by SCK)
Endpoint: _487_ (removal check against rising-edge clock SCK)
Path Group: asynchronous
Path Type: min

Fanout     Cap    Slew   Delay    Time   Description
-----------------------------------------------------------------------------
                          0.00    0.00   clock SCK (rise edge)
                          0.00    0.00   clock network delay (propagated)
                          2.00    2.00 v input external delay
                  0.01    0.00    2.00 v CSB (in)
     1    0.00                           CSB (net)
                  0.01    0.00    2.00 v input1/A (sky130_fd_sc_hd__clkbuf_1)
                  0.02    0.06    2.07 v input1/X (sky130_fd_sc_hd__clkbuf_1)
     1    0.00                           net1 (net)
                  0.02    0.00    2.07 v _224_/A (sky130_fd_sc_hd__buf_2)
                  0.09    0.16    2.23 v _224_/X (sky130_fd_sc_hd__buf_2)
     9    0.04                           _102_ (net)
                  0.09    0.00    2.24 v _442_/B (sky130_fd_sc_hd__nor2_1)
                  0.09    0.11    2.34 ^ _442_/Y (sky130_fd_sc_hd__nor2_1)
     1    0.00                           _041_ (net)
                  0.09    0.00    2.34 ^ _487_/RESET_B (sky130_fd_sc_hd__dfrtp_1)
                                  2.34   data arrival time

                          0.00    0.00   clock SCK (rise edge)
                          0.00    0.00   clock source latency
                  0.08    0.06    0.06 ^ SCK (in)
     1    0.02                           SCK (net)
                  0.08    0.00    0.06 ^ clkbuf_0_SCK/A (sky130_fd_sc_hd__clkbuf_16)
                  0.06    0.17    0.23 ^ clkbuf_0_SCK/X (sky130_fd_sc_hd__clkbuf_16)
     4    0.04                           clknet_0_SCK (net)
                  0.06    0.00    0.23 ^ clkbuf_2_2__f_SCK/A (sky130_fd_sc_hd__clkbuf_16)
                  0.05    0.15    0.38 ^ clkbuf_2_2__f_SCK/X (sky130_fd_sc_hd__clkbuf_16)
     9    0.03                           clknet_2_2__leaf_SCK (net)
                  0.05    0.00    0.38 ^ _487_/CLK (sky130_fd_sc_hd__dfrtp_1)
                          0.25    0.63   clock uncertainty
                          0.00    0.63   clock reconvergence pessimism
                          0.34    0.96   library removal time
                                  0.96   data required time
-----------------------------------------------------------------------------
                                  0.96   data required time
                                 -2.34   data arrival time
-----------------------------------------------------------------------------
                                  1.38   slack (MET)


Startpoint: CSB (input port clocked by SCK)
Endpoint: _489_ (removal check against rising-edge clock SCK)
Path Group: asynchronous
Path Type: min

Fanout     Cap    Slew   Delay    Time   Description
-----------------------------------------------------------------------------
                          0.00    0.00   clock SCK (rise edge)
                          0.00    0.00   clock network delay (propagated)
                          2.00    2.00 v input external delay
                  0.01    0.00    2.00 v CSB (in)
     1    0.00                           CSB (net)
                  0.01    0.00    2.00 v input1/A (sky130_fd_sc_hd__clkbuf_1)
                  0.02    0.06    2.07 v input1/X (sky130_fd_sc_hd__clkbuf_1)
     1    0.00                           net1 (net)
                  0.02    0.00    2.07 v _224_/A (sky130_fd_sc_hd__buf_2)
                  0.09    0.16    2.23 v _224_/X (sky130_fd_sc_hd__buf_2)
     9    0.04                           _102_ (net)
                  0.09    0.00    2.24 v _444_/B (sky130_fd_sc_hd__nor2_1)
                  0.10    0.11    2.35 ^ _444_/Y (sky130_fd_sc_hd__nor2_1)
     1    0.00                           _043_ (net)
                  0.10    0.00    2.35 ^ _489_/RESET_B (sky130_fd_sc_hd__dfrtp_1)
                                  2.35   data arrival time

                          0.00    0.00   clock SCK (rise edge)
                          0.00    0.00   clock source latency
                  0.08    0.06    0.06 ^ SCK (in)
     1    0.02                           SCK (net)
                  0.08    0.00    0.06 ^ clkbuf_0_SCK/A (sky130_fd_sc_hd__clkbuf_16)
                  0.06    0.17    0.23 ^ clkbuf_0_SCK/X (sky130_fd_sc_hd__clkbuf_16)
     4    0.04                           clknet_0_SCK (net)
                  0.06    0.00    0.23 ^ clkbuf_2_2__f_SCK/A (sky130_fd_sc_hd__clkbuf_16)
                  0.05    0.15    0.38 ^ clkbuf_2_2__f_SCK/X (sky130_fd_sc_hd__clkbuf_16)
     9    0.03                           clknet_2_2__leaf_SCK (net)
                  0.05    0.00    0.38 ^ _489_/CLK (sky130_fd_sc_hd__dfrtp_1)
                          0.25    0.63   clock uncertainty
                          0.00    0.63   clock reconvergence pessimism
                          0.34    0.97   library removal time
                                  0.97   data required time
-----------------------------------------------------------------------------
                                  0.97   data required time
                                 -2.35   data arrival time
-----------------------------------------------------------------------------
                                  1.38   slack (MET)


Startpoint: CSB (input port clocked by SCK)
Endpoint: _488_ (removal check against rising-edge clock SCK)
Path Group: asynchronous
Path Type: min

Fanout     Cap    Slew   Delay    Time   Description
-----------------------------------------------------------------------------
                          0.00    0.00   clock SCK (rise edge)
                          0.00    0.00   clock network delay (propagated)
                          2.00    2.00 v input external delay
                  0.01    0.00    2.00 v CSB (in)
     1    0.00                           CSB (net)
                  0.01    0.00    2.00 v input1/A (sky130_fd_sc_hd__clkbuf_1)
                  0.02    0.06    2.07 v input1/X (sky130_fd_sc_hd__clkbuf_1)
     1    0.00                           net1 (net)
                  0.02    0.00    2.07 v _224_/A (sky130_fd_sc_hd__buf_2)
                  0.09    0.16    2.23 v _224_/X (sky130_fd_sc_hd__buf_2)
     9    0.04                           _102_ (net)
                  0.09    0.00    2.24 v _443_/B (sky130_fd_sc_hd__nor2_1)
                  0.10    0.11    2.35 ^ _443_/Y (sky130_fd_sc_hd__nor2_1)
     1    0.00                           _042_ (net)
                  0.10    0.00    2.35 ^ _488_/RESET_B (sky130_fd_sc_hd__dfrtp_4)
                                  2.35   data arrival time

                          0.00    0.00   clock SCK (rise edge)
                          0.00    0.00   clock source latency
                  0.08    0.06    0.06 ^ SCK (in)
     1    0.02                           SCK (net)
                  0.08    0.00    0.06 ^ clkbuf_0_SCK/A (sky130_fd_sc_hd__clkbuf_16)
                  0.06    0.17    0.23 ^ clkbuf_0_SCK/X (sky130_fd_sc_hd__clkbuf_16)
     4    0.04                           clknet_0_SCK (net)
                  0.06    0.00    0.23 ^ clkbuf_2_2__f_SCK/A (sky130_fd_sc_hd__clkbuf_16)
                  0.05    0.15    0.38 ^ clkbuf_2_2__f_SCK/X (sky130_fd_sc_hd__clkbuf_16)
     9    0.03                           clknet_2_2__leaf_SCK (net)
                  0.05    0.00    0.38 ^ _488_/CLK (sky130_fd_sc_hd__dfrtp_4)
                          0.25    0.63   clock uncertainty
                          0.00    0.63   clock reconvergence pessimism
                          0.34    0.97   library removal time
                                  0.97   data required time
-----------------------------------------------------------------------------
                                  0.97   data required time
                                 -2.35   data arrival time
-----------------------------------------------------------------------------
                                  1.38   slack (MET)


Startpoint: CSB (input port clocked by SCK)
Endpoint: _490_ (removal check against rising-edge clock SCK)
Path Group: asynchronous
Path Type: min

Fanout     Cap    Slew   Delay    Time   Description
-----------------------------------------------------------------------------
                          0.00    0.00   clock SCK (rise edge)
                          0.00    0.00   clock network delay (propagated)
                          2.00    2.00 v input external delay
                  0.01    0.00    2.00 v CSB (in)
     1    0.00                           CSB (net)
                  0.01    0.00    2.00 v input1/A (sky130_fd_sc_hd__clkbuf_1)
                  0.02    0.06    2.07 v input1/X (sky130_fd_sc_hd__clkbuf_1)
     1    0.00                           net1 (net)
                  0.02    0.00    2.07 v _224_/A (sky130_fd_sc_hd__buf_2)
                  0.09    0.16    2.23 v _224_/X (sky130_fd_sc_hd__buf_2)
     9    0.04                           _102_ (net)
                  0.09    0.00    2.24 v _445_/B (sky130_fd_sc_hd__nor2_1)
                  0.12    0.12    2.36 ^ _445_/Y (sky130_fd_sc_hd__nor2_1)
     1    0.01                           _044_ (net)
                  0.12    0.00    2.36 ^ _490_/RESET_B (sky130_fd_sc_hd__dfrtp_1)
                                  2.36   data arrival time

                          0.00    0.00   clock SCK (rise edge)
                          0.00    0.00   clock source latency
                  0.08    0.06    0.06 ^ SCK (in)
     1    0.02                           SCK (net)
                  0.08    0.00    0.06 ^ clkbuf_0_SCK/A (sky130_fd_sc_hd__clkbuf_16)
                  0.06    0.17    0.23 ^ clkbuf_0_SCK/X (sky130_fd_sc_hd__clkbuf_16)
     4    0.04                           clknet_0_SCK (net)
                  0.06    0.00    0.23 ^ clkbuf_2_3__f_SCK/A (sky130_fd_sc_hd__clkbuf_16)
                  0.04    0.14    0.37 ^ clkbuf_2_3__f_SCK/X (sky130_fd_sc_hd__clkbuf_16)
     6    0.02                           clknet_2_3__leaf_SCK (net)
                  0.04    0.00    0.37 ^ _490_/CLK (sky130_fd_sc_hd__dfrtp_1)
                          0.25    0.62   clock uncertainty
                          0.00    0.62   clock reconvergence pessimism
                          0.34    0.96   library removal time
                                  0.96   data required time
-----------------------------------------------------------------------------
                                  0.96   data required time
                                 -2.36   data arrival time
-----------------------------------------------------------------------------
                                  1.40   slack (MET)


Startpoint: CSB (input port clocked by SCK)
Endpoint: _486_ (removal check against rising-edge clock SCK)
Path Group: asynchronous
Path Type: min

Fanout     Cap    Slew   Delay    Time   Description
-----------------------------------------------------------------------------
                          0.00    0.00   clock SCK (rise edge)
                          0.00    0.00   clock network delay (propagated)
                          2.00    2.00 v input external delay
                  0.01    0.00    2.00 v CSB (in)
     1    0.00                           CSB (net)
                  0.01    0.00    2.00 v input1/A (sky130_fd_sc_hd__clkbuf_1)
                  0.02    0.06    2.07 v input1/X (sky130_fd_sc_hd__clkbuf_1)
     1    0.00                           net1 (net)
                  0.02    0.00    2.07 v _224_/A (sky130_fd_sc_hd__buf_2)
                  0.09    0.16    2.23 v _224_/X (sky130_fd_sc_hd__buf_2)
     9    0.04                           _102_ (net)
                  0.09    0.00    2.24 v _441_/B (sky130_fd_sc_hd__nor2_1)
                  0.09    0.11    2.34 ^ _441_/Y (sky130_fd_sc_hd__nor2_1)
     1    0.00                           _040_ (net)
                  0.09    0.00    2.34 ^ _486_/SET_B (sky130_fd_sc_hd__dfstp_2)
                                  2.34   data arrival time

                          0.00    0.00   clock SCK (rise edge)
                          0.00    0.00   clock source latency
                  0.08    0.06    0.06 ^ SCK (in)
     1    0.02                           SCK (net)
                  0.08    0.00    0.06 ^ clkbuf_0_SCK/A (sky130_fd_sc_hd__clkbuf_16)
                  0.06    0.17    0.23 ^ clkbuf_0_SCK/X (sky130_fd_sc_hd__clkbuf_16)
     4    0.04                           clknet_0_SCK (net)
                  0.06    0.00    0.23 ^ clkbuf_2_0__f_SCK/A (sky130_fd_sc_hd__clkbuf_16)
                  0.05    0.15    0.38 ^ clkbuf_2_0__f_SCK/X (sky130_fd_sc_hd__clkbuf_16)
     9    0.03                           clknet_2_0__leaf_SCK (net)
                  0.05    0.00    0.38 ^ _486_/CLK (sky130_fd_sc_hd__dfstp_2)
                          0.25    0.63   clock uncertainty
                          0.00    0.63   clock reconvergence pessimism
                          0.15    0.78   library removal time
                                  0.78   data required time
-----------------------------------------------------------------------------
                                  0.78   data required time
                                 -2.34   data arrival time
-----------------------------------------------------------------------------
                                  1.56   slack (MET)


Startpoint: CSB (input port clocked by SCK)
Endpoint: _469_ (removal check against rising-edge clock SCK)
Path Group: asynchronous
Path Type: min

Fanout     Cap    Slew   Delay    Time   Description
-----------------------------------------------------------------------------
                          0.00    0.00   clock SCK (rise edge)
                          0.00    0.00   clock network delay (propagated)
                          2.00    2.00 v input external delay
                  0.01    0.00    2.00 v CSB (in)
     1    0.00                           CSB (net)
                  0.01    0.00    2.00 v input1/A (sky130_fd_sc_hd__clkbuf_1)
                  0.02    0.06    2.07 v input1/X (sky130_fd_sc_hd__clkbuf_1)
     1    0.00                           net1 (net)
                  0.02    0.00    2.07 v _224_/A (sky130_fd_sc_hd__buf_2)
                  0.09    0.16    2.23 v _224_/X (sky130_fd_sc_hd__buf_2)
     9    0.04                           _102_ (net)
                  0.09    0.00    2.23 v _415_/A (sky130_fd_sc_hd__clkbuf_4)
                  0.09    0.20    2.44 v _415_/X (sky130_fd_sc_hd__clkbuf_4)
    10    0.04                           _218_ (net)
                  0.09    0.00    2.44 v _421_/B (sky130_fd_sc_hd__nor2_1)
                  0.09    0.11    2.55 ^ _421_/Y (sky130_fd_sc_hd__nor2_1)
     1    0.00                           _021_ (net)
                  0.09    0.00    2.55 ^ _469_/RESET_B (sky130_fd_sc_hd__dfrtp_4)
                                  2.55   data arrival time

                          0.00    0.00   clock SCK (rise edge)
                          0.00    0.00   clock source latency
                  0.08    0.06    0.06 ^ SCK (in)
     1    0.02                           SCK (net)
                  0.08    0.00    0.06 ^ clkbuf_0_SCK/A (sky130_fd_sc_hd__clkbuf_16)
                  0.06    0.17    0.23 ^ clkbuf_0_SCK/X (sky130_fd_sc_hd__clkbuf_16)
     4    0.04                           clknet_0_SCK (net)
                  0.06    0.00    0.23 ^ clkbuf_2_1__f_SCK/A (sky130_fd_sc_hd__clkbuf_16)
                  0.06    0.16    0.39 ^ clkbuf_2_1__f_SCK/X (sky130_fd_sc_hd__clkbuf_16)
    12    0.04                           clknet_2_1__leaf_SCK (net)
                  0.06    0.00    0.39 ^ _469_/CLK (sky130_fd_sc_hd__dfrtp_4)
                          0.25    0.64   clock uncertainty
                          0.00    0.64   clock reconvergence pessimism
                          0.34    0.97   library removal time
                                  0.97   data required time
-----------------------------------------------------------------------------
                                  0.97   data required time
                                 -2.55   data arrival time
-----------------------------------------------------------------------------
                                  1.57   slack (MET)


Startpoint: CSB (input port clocked by SCK)
Endpoint: _471_ (removal check against rising-edge clock SCK)
Path Group: asynchronous
Path Type: min

Fanout     Cap    Slew   Delay    Time   Description
-----------------------------------------------------------------------------
                          0.00    0.00   clock SCK (rise edge)
                          0.00    0.00   clock network delay (propagated)
                          2.00    2.00 v input external delay
                  0.01    0.00    2.00 v CSB (in)
     1    0.00                           CSB (net)
                  0.01    0.00    2.00 v input1/A (sky130_fd_sc_hd__clkbuf_1)
                  0.02    0.06    2.07 v input1/X (sky130_fd_sc_hd__clkbuf_1)
     1    0.00                           net1 (net)
                  0.02    0.00    2.07 v _224_/A (sky130_fd_sc_hd__buf_2)
                  0.09    0.16    2.23 v _224_/X (sky130_fd_sc_hd__buf_2)
     9    0.04                           _102_ (net)
                  0.09    0.00    2.23 v _415_/A (sky130_fd_sc_hd__clkbuf_4)
                  0.09    0.20    2.44 v _415_/X (sky130_fd_sc_hd__clkbuf_4)
    10    0.04                           _218_ (net)
                  0.09    0.00    2.44 v _423_/B (sky130_fd_sc_hd__nor2_1)
                  0.09    0.11    2.55 ^ _423_/Y (sky130_fd_sc_hd__nor2_1)
     1    0.00                           _023_ (net)
                  0.09    0.00    2.55 ^ _471_/RESET_B (sky130_fd_sc_hd__dfrtp_1)
                                  2.55   data arrival time

                          0.00    0.00   clock SCK (rise edge)
                          0.00    0.00   clock source latency
                  0.08    0.06    0.06 ^ SCK (in)
     1    0.02                           SCK (net)
                  0.08    0.00    0.06 ^ clkbuf_0_SCK/A (sky130_fd_sc_hd__clkbuf_16)
                  0.06    0.17    0.23 ^ clkbuf_0_SCK/X (sky130_fd_sc_hd__clkbuf_16)
     4    0.04                           clknet_0_SCK (net)
                  0.06    0.00    0.23 ^ clkbuf_2_1__f_SCK/A (sky130_fd_sc_hd__clkbuf_16)
                  0.06    0.16    0.39 ^ clkbuf_2_1__f_SCK/X (sky130_fd_sc_hd__clkbuf_16)
    12    0.04                           clknet_2_1__leaf_SCK (net)
                  0.06    0.00    0.39 ^ _471_/CLK (sky130_fd_sc_hd__dfrtp_1)
                          0.25    0.64   clock uncertainty
                          0.00    0.64   clock reconvergence pessimism
                          0.34    0.97   library removal time
                                  0.97   data required time
-----------------------------------------------------------------------------
                                  0.97   data required time
                                 -2.55   data arrival time
-----------------------------------------------------------------------------
                                  1.57   slack (MET)


Startpoint: CSB (input port clocked by SCK)
Endpoint: _470_ (removal check against rising-edge clock SCK)
Path Group: asynchronous
Path Type: min

Fanout     Cap    Slew   Delay    Time   Description
-----------------------------------------------------------------------------
                          0.00    0.00   clock SCK (rise edge)
                          0.00    0.00   clock network delay (propagated)
                          2.00    2.00 v input external delay
                  0.01    0.00    2.00 v CSB (in)
     1    0.00                           CSB (net)
                  0.01    0.00    2.00 v input1/A (sky130_fd_sc_hd__clkbuf_1)
                  0.02    0.06    2.07 v input1/X (sky130_fd_sc_hd__clkbuf_1)
     1    0.00                           net1 (net)
                  0.02    0.00    2.07 v _224_/A (sky130_fd_sc_hd__buf_2)
                  0.09    0.16    2.23 v _224_/X (sky130_fd_sc_hd__buf_2)
     9    0.04                           _102_ (net)
                  0.09    0.00    2.23 v _415_/A (sky130_fd_sc_hd__clkbuf_4)
                  0.09    0.20    2.44 v _415_/X (sky130_fd_sc_hd__clkbuf_4)
    10    0.04                           _218_ (net)
                  0.09    0.00    2.44 v _422_/B (sky130_fd_sc_hd__nor2_1)
                  0.09    0.11    2.55 ^ _422_/Y (sky130_fd_sc_hd__nor2_1)
     1    0.00                           _022_ (net)
                  0.09    0.00    2.55 ^ _470_/RESET_B (sky130_fd_sc_hd__dfrtp_1)
                                  2.55   data arrival time

                          0.00    0.00   clock SCK (rise edge)
                          0.00    0.00   clock source latency
                  0.08    0.06    0.06 ^ SCK (in)
     1    0.02                           SCK (net)
                  0.08    0.00    0.06 ^ clkbuf_0_SCK/A (sky130_fd_sc_hd__clkbuf_16)
                  0.06    0.17    0.23 ^ clkbuf_0_SCK/X (sky130_fd_sc_hd__clkbuf_16)
     4    0.04                           clknet_0_SCK (net)
                  0.06    0.00    0.23 ^ clkbuf_2_1__f_SCK/A (sky130_fd_sc_hd__clkbuf_16)
                  0.06    0.16    0.39 ^ clkbuf_2_1__f_SCK/X (sky130_fd_sc_hd__clkbuf_16)
    12    0.04                           clknet_2_1__leaf_SCK (net)
                  0.06    0.00    0.39 ^ _470_/CLK (sky130_fd_sc_hd__dfrtp_1)
                          0.25    0.64   clock uncertainty
                          0.00    0.64   clock reconvergence pessimism
                          0.34    0.97   library removal time
                                  0.97   data required time
-----------------------------------------------------------------------------
                                  0.97   data required time
                                 -2.55   data arrival time
-----------------------------------------------------------------------------
                                  1.57   slack (MET)


Startpoint: CSB (input port clocked by SCK)
Endpoint: _467_ (removal check against rising-edge clock SCK)
Path Group: asynchronous
Path Type: min

Fanout     Cap    Slew   Delay    Time   Description
-----------------------------------------------------------------------------
                          0.00    0.00   clock SCK (rise edge)
                          0.00    0.00   clock network delay (propagated)
                          2.00    2.00 v input external delay
                  0.01    0.00    2.00 v CSB (in)
     1    0.00                           CSB (net)
                  0.01    0.00    2.00 v input1/A (sky130_fd_sc_hd__clkbuf_1)
                  0.02    0.06    2.07 v input1/X (sky130_fd_sc_hd__clkbuf_1)
     1    0.00                           net1 (net)
                  0.02    0.00    2.07 v _224_/A (sky130_fd_sc_hd__buf_2)
                  0.09    0.16    2.23 v _224_/X (sky130_fd_sc_hd__buf_2)
     9    0.04                           _102_ (net)
                  0.09    0.00    2.23 v _415_/A (sky130_fd_sc_hd__clkbuf_4)
                  0.09    0.20    2.44 v _415_/X (sky130_fd_sc_hd__clkbuf_4)
    10    0.04                           _218_ (net)
                  0.09    0.00    2.44 v _419_/B (sky130_fd_sc_hd__nor2_1)
                  0.10    0.11    2.55 ^ _419_/Y (sky130_fd_sc_hd__nor2_1)
     1    0.00                           _019_ (net)
                  0.10    0.00    2.55 ^ _467_/RESET_B (sky130_fd_sc_hd__dfrtp_1)
                                  2.55   data arrival time

                          0.00    0.00   clock SCK (rise edge)
                          0.00    0.00   clock source latency
                  0.08    0.06    0.06 ^ SCK (in)
     1    0.02                           SCK (net)
                  0.08    0.00    0.06 ^ clkbuf_0_SCK/A (sky130_fd_sc_hd__clkbuf_16)
                  0.06    0.17    0.23 ^ clkbuf_0_SCK/X (sky130_fd_sc_hd__clkbuf_16)
     4    0.04                           clknet_0_SCK (net)
                  0.06    0.00    0.23 ^ clkbuf_2_1__f_SCK/A (sky130_fd_sc_hd__clkbuf_16)
                  0.06    0.16    0.39 ^ clkbuf_2_1__f_SCK/X (sky130_fd_sc_hd__clkbuf_16)
    12    0.04                           clknet_2_1__leaf_SCK (net)
                  0.06    0.00    0.39 ^ _467_/CLK (sky130_fd_sc_hd__dfrtp_1)
                          0.25    0.64   clock uncertainty
                          0.00    0.64   clock reconvergence pessimism
                          0.34    0.98   library removal time
                                  0.98   data required time
-----------------------------------------------------------------------------
                                  0.98   data required time
                                 -2.55   data arrival time
-----------------------------------------------------------------------------
                                  1.57   slack (MET)


Startpoint: CSB (input port clocked by SCK)
Endpoint: _468_ (removal check against rising-edge clock SCK)
Path Group: asynchronous
Path Type: min

Fanout     Cap    Slew   Delay    Time   Description
-----------------------------------------------------------------------------
                          0.00    0.00   clock SCK (rise edge)
                          0.00    0.00   clock network delay (propagated)
                          2.00    2.00 v input external delay
                  0.01    0.00    2.00 v CSB (in)
     1    0.00                           CSB (net)
                  0.01    0.00    2.00 v input1/A (sky130_fd_sc_hd__clkbuf_1)
                  0.02    0.06    2.07 v input1/X (sky130_fd_sc_hd__clkbuf_1)
     1    0.00                           net1 (net)
                  0.02    0.00    2.07 v _224_/A (sky130_fd_sc_hd__buf_2)
                  0.09    0.16    2.23 v _224_/X (sky130_fd_sc_hd__buf_2)
     9    0.04                           _102_ (net)
                  0.09    0.00    2.23 v _415_/A (sky130_fd_sc_hd__clkbuf_4)
                  0.09    0.20    2.44 v _415_/X (sky130_fd_sc_hd__clkbuf_4)
    10    0.04                           _218_ (net)
                  0.09    0.00    2.44 v _420_/B (sky130_fd_sc_hd__nor2_1)
                  0.10    0.11    2.55 ^ _420_/Y (sky130_fd_sc_hd__nor2_1)
     1    0.00                           _020_ (net)
                  0.10    0.00    2.55 ^ _468_/RESET_B (sky130_fd_sc_hd__dfrtp_4)
                                  2.55   data arrival time

                          0.00    0.00   clock SCK (rise edge)
                          0.00    0.00   clock source latency
                  0.08    0.06    0.06 ^ SCK (in)
     1    0.02                           SCK (net)
                  0.08    0.00    0.06 ^ clkbuf_0_SCK/A (sky130_fd_sc_hd__clkbuf_16)
                  0.06    0.17    0.23 ^ clkbuf_0_SCK/X (sky130_fd_sc_hd__clkbuf_16)
     4    0.04                           clknet_0_SCK (net)
                  0.06    0.00    0.23 ^ clkbuf_2_1__f_SCK/A (sky130_fd_sc_hd__clkbuf_16)
                  0.06    0.16    0.39 ^ clkbuf_2_1__f_SCK/X (sky130_fd_sc_hd__clkbuf_16)
    12    0.04                           clknet_2_1__leaf_SCK (net)
                  0.06    0.00    0.39 ^ _468_/CLK (sky130_fd_sc_hd__dfrtp_4)
                          0.25    0.64   clock uncertainty
                          0.00    0.64   clock reconvergence pessimism
                          0.34    0.98   library removal time
                                  0.98   data required time
-----------------------------------------------------------------------------
                                  0.98   data required time
                                 -2.55   data arrival time
-----------------------------------------------------------------------------
                                  1.57   slack (MET)


Startpoint: CSB (input port clocked by SCK)
Endpoint: _466_ (removal check against rising-edge clock SCK)
Path Group: asynchronous
Path Type: min

Fanout     Cap    Slew   Delay    Time   Description
-----------------------------------------------------------------------------
                          0.00    0.00   clock SCK (rise edge)
                          0.00    0.00   clock network delay (propagated)
                          2.00    2.00 v input external delay
                  0.01    0.00    2.00 v CSB (in)
     1    0.00                           CSB (net)
                  0.01    0.00    2.00 v input1/A (sky130_fd_sc_hd__clkbuf_1)
                  0.02    0.06    2.07 v input1/X (sky130_fd_sc_hd__clkbuf_1)
     1    0.00                           net1 (net)
                  0.02    0.00    2.07 v _224_/A (sky130_fd_sc_hd__buf_2)
                  0.09    0.16    2.23 v _224_/X (sky130_fd_sc_hd__buf_2)
     9    0.04                           _102_ (net)
                  0.09    0.00    2.23 v _415_/A (sky130_fd_sc_hd__clkbuf_4)
                  0.09    0.20    2.44 v _415_/X (sky130_fd_sc_hd__clkbuf_4)
    10    0.04                           _218_ (net)
                  0.09    0.00    2.44 v _418_/B (sky130_fd_sc_hd__nor2_1)
                  0.10    0.11    2.55 ^ _418_/Y (sky130_fd_sc_hd__nor2_1)
     1    0.00                           _018_ (net)
                  0.10    0.00    2.55 ^ _466_/RESET_B (sky130_fd_sc_hd__dfrtp_1)
                                  2.55   data arrival time

                          0.00    0.00   clock SCK (rise edge)
                          0.00    0.00   clock source latency
                  0.08    0.06    0.06 ^ SCK (in)
     1    0.02                           SCK (net)
                  0.08    0.00    0.06 ^ clkbuf_0_SCK/A (sky130_fd_sc_hd__clkbuf_16)
                  0.06    0.17    0.23 ^ clkbuf_0_SCK/X (sky130_fd_sc_hd__clkbuf_16)
     4    0.04                           clknet_0_SCK (net)
                  0.06    0.00    0.23 ^ clkbuf_2_0__f_SCK/A (sky130_fd_sc_hd__clkbuf_16)
                  0.05    0.15    0.38 ^ clkbuf_2_0__f_SCK/X (sky130_fd_sc_hd__clkbuf_16)
     9    0.03                           clknet_2_0__leaf_SCK (net)
                  0.05    0.00    0.38 ^ _466_/CLK (sky130_fd_sc_hd__dfrtp_1)
                          0.25    0.63   clock uncertainty
                          0.00    0.63   clock reconvergence pessimism
                          0.34    0.96   library removal time
                                  0.96   data required time
-----------------------------------------------------------------------------
                                  0.96   data required time
                                 -2.55   data arrival time
-----------------------------------------------------------------------------
                                  1.58   slack (MET)


Startpoint: CSB (input port clocked by SCK)
Endpoint: _464_ (removal check against rising-edge clock SCK)
Path Group: asynchronous
Path Type: min

Fanout     Cap    Slew   Delay    Time   Description
-----------------------------------------------------------------------------
                          0.00    0.00   clock SCK (rise edge)
                          0.00    0.00   clock network delay (propagated)
                          2.00    2.00 v input external delay
                  0.01    0.00    2.00 v CSB (in)
     1    0.00                           CSB (net)
                  0.01    0.00    2.00 v input1/A (sky130_fd_sc_hd__clkbuf_1)
                  0.02    0.06    2.07 v input1/X (sky130_fd_sc_hd__clkbuf_1)
     1    0.00                           net1 (net)
                  0.02    0.00    2.07 v _224_/A (sky130_fd_sc_hd__buf_2)
                  0.09    0.16    2.23 v _224_/X (sky130_fd_sc_hd__buf_2)
     9    0.04                           _102_ (net)
                  0.09    0.00    2.23 v _415_/A (sky130_fd_sc_hd__clkbuf_4)
                  0.09    0.20    2.44 v _415_/X (sky130_fd_sc_hd__clkbuf_4)
    10    0.04                           _218_ (net)
                  0.09    0.00    2.44 v _416_/B (sky130_fd_sc_hd__nor2_1)
                  0.10    0.11    2.55 ^ _416_/Y (sky130_fd_sc_hd__nor2_1)
     1    0.00                           _016_ (net)
                  0.10    0.00    2.55 ^ _464_/RESET_B (sky130_fd_sc_hd__dfrtp_2)
                                  2.55   data arrival time

                          0.00    0.00   clock SCK (rise edge)
                          0.00    0.00   clock source latency
                  0.08    0.06    0.06 ^ SCK (in)
     1    0.02                           SCK (net)
                  0.08    0.00    0.06 ^ clkbuf_0_SCK/A (sky130_fd_sc_hd__clkbuf_16)
                  0.06    0.17    0.23 ^ clkbuf_0_SCK/X (sky130_fd_sc_hd__clkbuf_16)
     4    0.04                           clknet_0_SCK (net)
                  0.06    0.00    0.23 ^ clkbuf_2_0__f_SCK/A (sky130_fd_sc_hd__clkbuf_16)
                  0.05    0.15    0.38 ^ clkbuf_2_0__f_SCK/X (sky130_fd_sc_hd__clkbuf_16)
     9    0.03                           clknet_2_0__leaf_SCK (net)
                  0.05    0.00    0.38 ^ _464_/CLK (sky130_fd_sc_hd__dfrtp_2)
                          0.25    0.63   clock uncertainty
                          0.00    0.63   clock reconvergence pessimism
                          0.34    0.96   library removal time
                                  0.96   data required time
-----------------------------------------------------------------------------
                                  0.96   data required time
                                 -2.55   data arrival time
-----------------------------------------------------------------------------
                                  1.58   slack (MET)


Startpoint: CSB (input port clocked by SCK)
Endpoint: _472_ (removal check against rising-edge clock SCK)
Path Group: asynchronous
Path Type: min

Fanout     Cap    Slew   Delay    Time   Description
-----------------------------------------------------------------------------
                          0.00    0.00   clock SCK (rise edge)
                          0.00    0.00   clock network delay (propagated)
                          2.00    2.00 v input external delay
                  0.01    0.00    2.00 v CSB (in)
     1    0.00                           CSB (net)
                  0.01    0.00    2.00 v input1/A (sky130_fd_sc_hd__clkbuf_1)
                  0.02    0.06    2.07 v input1/X (sky130_fd_sc_hd__clkbuf_1)
     1    0.00                           net1 (net)
                  0.02    0.00    2.07 v _224_/A (sky130_fd_sc_hd__buf_2)
                  0.09    0.16    2.23 v _224_/X (sky130_fd_sc_hd__buf_2)
     9    0.04                           _102_ (net)
                  0.09    0.00    2.23 v _415_/A (sky130_fd_sc_hd__clkbuf_4)
                  0.09    0.20    2.44 v _415_/X (sky130_fd_sc_hd__clkbuf_4)
    10    0.04                           _218_ (net)
                  0.09    0.00    2.44 v _424_/B (sky130_fd_sc_hd__nor2_1)
                  0.10    0.11    2.55 ^ _424_/Y (sky130_fd_sc_hd__nor2_1)
     1    0.00                           _024_ (net)
                  0.10    0.00    2.55 ^ _472_/RESET_B (sky130_fd_sc_hd__dfrtp_1)
                                  2.55   data arrival time

                          0.00    0.00   clock SCK (rise edge)
                          0.00    0.00   clock source latency
                  0.08    0.06    0.06 ^ SCK (in)
     1    0.02                           SCK (net)
                  0.08    0.00    0.06 ^ clkbuf_0_SCK/A (sky130_fd_sc_hd__clkbuf_16)
                  0.06    0.17    0.23 ^ clkbuf_0_SCK/X (sky130_fd_sc_hd__clkbuf_16)
     4    0.04                           clknet_0_SCK (net)
                  0.06    0.00    0.23 ^ clkbuf_2_0__f_SCK/A (sky130_fd_sc_hd__clkbuf_16)
                  0.05    0.15    0.38 ^ clkbuf_2_0__f_SCK/X (sky130_fd_sc_hd__clkbuf_16)
     9    0.03                           clknet_2_0__leaf_SCK (net)
                  0.05    0.00    0.38 ^ _472_/CLK (sky130_fd_sc_hd__dfrtp_1)
                          0.25    0.63   clock uncertainty
                          0.00    0.63   clock reconvergence pessimism
                          0.34    0.96   library removal time
                                  0.96   data required time
-----------------------------------------------------------------------------
                                  0.96   data required time
                                 -2.55   data arrival time
-----------------------------------------------------------------------------
                                  1.58   slack (MET)


Startpoint: CSB (input port clocked by SCK)
Endpoint: _473_ (removal check against rising-edge clock SCK)
Path Group: asynchronous
Path Type: min

Fanout     Cap    Slew   Delay    Time   Description
-----------------------------------------------------------------------------
                          0.00    0.00   clock SCK (rise edge)
                          0.00    0.00   clock network delay (propagated)
                          2.00    2.00 v input external delay
                  0.01    0.00    2.00 v CSB (in)
     1    0.00                           CSB (net)
                  0.01    0.00    2.00 v input1/A (sky130_fd_sc_hd__clkbuf_1)
                  0.02    0.06    2.07 v input1/X (sky130_fd_sc_hd__clkbuf_1)
     1    0.00                           net1 (net)
                  0.02    0.00    2.07 v _224_/A (sky130_fd_sc_hd__buf_2)
                  0.09    0.16    2.23 v _224_/X (sky130_fd_sc_hd__buf_2)
     9    0.04                           _102_ (net)
                  0.09    0.00    2.23 v _415_/A (sky130_fd_sc_hd__clkbuf_4)
                  0.09    0.20    2.44 v _415_/X (sky130_fd_sc_hd__clkbuf_4)
    10    0.04                           _218_ (net)
                  0.09    0.00    2.44 v _425_/B (sky130_fd_sc_hd__nor2_1)
                  0.10    0.11    2.55 ^ _425_/Y (sky130_fd_sc_hd__nor2_1)
     1    0.00                           _025_ (net)
                  0.10    0.00    2.55 ^ _473_/RESET_B (sky130_fd_sc_hd__dfrtp_2)
                                  2.55   data arrival time

                          0.00    0.00   clock SCK (rise edge)
                          0.00    0.00   clock source latency
                  0.08    0.06    0.06 ^ SCK (in)
     1    0.02                           SCK (net)
                  0.08    0.00    0.06 ^ clkbuf_0_SCK/A (sky130_fd_sc_hd__clkbuf_16)
                  0.06    0.17    0.23 ^ clkbuf_0_SCK/X (sky130_fd_sc_hd__clkbuf_16)
     4    0.04                           clknet_0_SCK (net)
                  0.06    0.00    0.23 ^ clkbuf_2_0__f_SCK/A (sky130_fd_sc_hd__clkbuf_16)
                  0.05    0.15    0.38 ^ clkbuf_2_0__f_SCK/X (sky130_fd_sc_hd__clkbuf_16)
     9    0.03                           clknet_2_0__leaf_SCK (net)
                  0.05    0.00    0.38 ^ _473_/CLK (sky130_fd_sc_hd__dfrtp_2)
                          0.25    0.63   clock uncertainty
                          0.00    0.63   clock reconvergence pessimism
                          0.34    0.96   library removal time
                                  0.96   data required time
-----------------------------------------------------------------------------
                                  0.96   data required time
                                 -2.55   data arrival time
-----------------------------------------------------------------------------
                                  1.58   slack (MET)


Startpoint: reset (input port clocked by SCK)
Endpoint: _479_ (removal check against rising-edge clock SCK)
Path Group: asynchronous
Path Type: min

Fanout     Cap    Slew   Delay    Time   Description
-----------------------------------------------------------------------------
                          0.00    0.00   clock SCK (rise edge)
                          0.00    0.00   clock network delay (propagated)
                          2.00    2.00 v input external delay
                  0.01    0.00    2.00 v reset (in)
     1    0.00                           reset (net)
                  0.01    0.00    2.00 v input11/A (sky130_fd_sc_hd__clkbuf_1)
                  0.02    0.06    2.07 v input11/X (sky130_fd_sc_hd__clkbuf_1)
     1    0.00                           net11 (net)
                  0.02    0.00    2.07 v _222_/A (sky130_fd_sc_hd__buf_2)
                  0.09    0.16    2.23 v _222_/X (sky130_fd_sc_hd__buf_2)
     9    0.03                           _100_ (net)
                  0.09    0.00    2.23 v _426_/A (sky130_fd_sc_hd__clkbuf_4)
                  0.10    0.21    2.44 v _426_/X (sky130_fd_sc_hd__clkbuf_4)
    10    0.04                           _219_ (net)
                  0.10    0.00    2.44 v _433_/A (sky130_fd_sc_hd__nor2_1)
                  0.09    0.12    2.56 ^ _433_/Y (sky130_fd_sc_hd__nor2_1)
     1    0.00                           _031_ (net)
                  0.09    0.00    2.56 ^ _479_/RESET_B (sky130_fd_sc_hd__dfrtp_1)
                                  2.56   data arrival time

                          0.00    0.00   clock SCK (rise edge)
                          0.00    0.00   clock source latency
                  0.08    0.06    0.06 ^ SCK (in)
     1    0.02                           SCK (net)
                  0.08    0.00    0.06 ^ clkbuf_0_SCK/A (sky130_fd_sc_hd__clkbuf_16)
                  0.06    0.17    0.23 ^ clkbuf_0_SCK/X (sky130_fd_sc_hd__clkbuf_16)
     4    0.04                           clknet_0_SCK (net)
                  0.06    0.00    0.23 ^ clkbuf_2_1__f_SCK/A (sky130_fd_sc_hd__clkbuf_16)
                  0.06    0.16    0.39 ^ clkbuf_2_1__f_SCK/X (sky130_fd_sc_hd__clkbuf_16)
    12    0.04                           clknet_2_1__leaf_SCK (net)
                  0.06    0.00    0.39 ^ _479_/CLK (sky130_fd_sc_hd__dfrtp_1)
                          0.25    0.64   clock uncertainty
                          0.00    0.64   clock reconvergence pessimism
                          0.34    0.98   library removal time
                                  0.98   data required time
-----------------------------------------------------------------------------
                                  0.98   data required time
                                 -2.56   data arrival time
-----------------------------------------------------------------------------
                                  1.59   slack (MET)


Startpoint: CSB (input port clocked by SCK)
Endpoint: _465_ (removal check against rising-edge clock SCK)
Path Group: asynchronous
Path Type: min

Fanout     Cap    Slew   Delay    Time   Description
-----------------------------------------------------------------------------
                          0.00    0.00   clock SCK (rise edge)
                          0.00    0.00   clock network delay (propagated)
                          2.00    2.00 v input external delay
                  0.01    0.00    2.00 v CSB (in)
     1    0.00                           CSB (net)
                  0.01    0.00    2.00 v input1/A (sky130_fd_sc_hd__clkbuf_1)
                  0.02    0.06    2.07 v input1/X (sky130_fd_sc_hd__clkbuf_1)
     1    0.00                           net1 (net)
                  0.02    0.00    2.07 v _224_/A (sky130_fd_sc_hd__buf_2)
                  0.09    0.16    2.23 v _224_/X (sky130_fd_sc_hd__buf_2)
     9    0.04                           _102_ (net)
                  0.09    0.00    2.23 v _415_/A (sky130_fd_sc_hd__clkbuf_4)
                  0.09    0.20    2.44 v _415_/X (sky130_fd_sc_hd__clkbuf_4)
    10    0.04                           _218_ (net)
                  0.09    0.00    2.44 v _417_/B (sky130_fd_sc_hd__nor2_1)
                  0.10    0.11    2.55 ^ _417_/Y (sky130_fd_sc_hd__nor2_1)
     1    0.00                           _017_ (net)
                  0.10    0.00    2.55 ^ _465_/RESET_B (sky130_fd_sc_hd__dfrtp_1)
                                  2.55   data arrival time

                          0.00    0.00   clock SCK (rise edge)
                          0.00    0.00   clock source latency
                  0.08    0.06    0.06 ^ SCK (in)
     1    0.02                           SCK (net)
                  0.08    0.00    0.06 ^ clkbuf_0_SCK/A (sky130_fd_sc_hd__clkbuf_16)
                  0.06    0.17    0.23 ^ clkbuf_0_SCK/X (sky130_fd_sc_hd__clkbuf_16)
     4    0.04                           clknet_0_SCK (net)
                  0.06    0.00    0.23 ^ clkbuf_2_0__f_SCK/A (sky130_fd_sc_hd__clkbuf_16)
                  0.05    0.15    0.38 ^ clkbuf_2_0__f_SCK/X (sky130_fd_sc_hd__clkbuf_16)
     9    0.03                           clknet_2_0__leaf_SCK (net)
                  0.05    0.00    0.38 ^ _465_/CLK (sky130_fd_sc_hd__dfrtp_1)
                          0.25    0.63   clock uncertainty
                          0.00    0.63   clock reconvergence pessimism
                          0.34    0.97   library removal time
                                  0.97   data required time
-----------------------------------------------------------------------------
                                  0.97   data required time
                                 -2.55   data arrival time
-----------------------------------------------------------------------------
                                  1.59   slack (MET)


Startpoint: reset (input port clocked by SCK)
Endpoint: _476_ (removal check against rising-edge clock SCK)
Path Group: asynchronous
Path Type: min

Fanout     Cap    Slew   Delay    Time   Description
-----------------------------------------------------------------------------
                          0.00    0.00   clock SCK (rise edge)
                          0.00    0.00   clock network delay (propagated)
                          2.00    2.00 v input external delay
                  0.01    0.00    2.00 v reset (in)
     1    0.00                           reset (net)
                  0.01    0.00    2.00 v input11/A (sky130_fd_sc_hd__clkbuf_1)
                  0.02    0.06    2.07 v input11/X (sky130_fd_sc_hd__clkbuf_1)
     1    0.00                           net11 (net)
                  0.02    0.00    2.07 v _222_/A (sky130_fd_sc_hd__buf_2)
                  0.09    0.16    2.23 v _222_/X (sky130_fd_sc_hd__buf_2)
     9    0.03                           _100_ (net)
                  0.09    0.00    2.23 v _426_/A (sky130_fd_sc_hd__clkbuf_4)
                  0.10    0.21    2.44 v _426_/X (sky130_fd_sc_hd__clkbuf_4)
    10    0.04                           _219_ (net)
                  0.10    0.00    2.44 v _430_/A (sky130_fd_sc_hd__nor2_1)
                  0.09    0.12    2.56 ^ _430_/Y (sky130_fd_sc_hd__nor2_1)
     1    0.00                           _028_ (net)
                  0.09    0.00    2.56 ^ _476_/RESET_B (sky130_fd_sc_hd__dfrtp_1)
                                  2.56   data arrival time

                          0.00    0.00   clock SCK (rise edge)
                          0.00    0.00   clock source latency
                  0.08    0.06    0.06 ^ SCK (in)
     1    0.02                           SCK (net)
                  0.08    0.00    0.06 ^ clkbuf_0_SCK/A (sky130_fd_sc_hd__clkbuf_16)
                  0.06    0.17    0.23 ^ clkbuf_0_SCK/X (sky130_fd_sc_hd__clkbuf_16)
     4    0.04                           clknet_0_SCK (net)
                  0.06    0.00    0.23 ^ clkbuf_2_1__f_SCK/A (sky130_fd_sc_hd__clkbuf_16)
                  0.06    0.16    0.39 ^ clkbuf_2_1__f_SCK/X (sky130_fd_sc_hd__clkbuf_16)
    12    0.04                           clknet_2_1__leaf_SCK (net)
                  0.06    0.00    0.39 ^ _476_/CLK (sky130_fd_sc_hd__dfrtp_1)
                          0.25    0.64   clock uncertainty
                          0.00    0.64   clock reconvergence pessimism
                          0.34    0.97   library removal time
                                  0.97   data required time
-----------------------------------------------------------------------------
                                  0.97   data required time
                                 -2.56   data arrival time
-----------------------------------------------------------------------------
                                  1.59   slack (MET)


Startpoint: CSB (input port clocked by SCK)
Endpoint: _458_ (removal check against rising-edge clock SCK)
Path Group: asynchronous
Path Type: min

Fanout     Cap    Slew   Delay    Time   Description
-----------------------------------------------------------------------------
                          0.00    0.00   clock SCK (rise edge)
                          0.00    0.00   clock network delay (propagated)
                          2.00    2.00 v input external delay
                  0.01    0.00    2.00 v CSB (in)
     1    0.00                           CSB (net)
                  0.01    0.00    2.00 v input1/A (sky130_fd_sc_hd__clkbuf_1)
                  0.02    0.06    2.07 v input1/X (sky130_fd_sc_hd__clkbuf_1)
     1    0.00                           net1 (net)
                  0.02    0.00    2.07 v _224_/A (sky130_fd_sc_hd__buf_2)
                  0.09    0.16    2.23 v _224_/X (sky130_fd_sc_hd__buf_2)
     9    0.04                           _102_ (net)
                  0.09    0.00    2.24 v _403_/A (sky130_fd_sc_hd__clkbuf_4)
                  0.09    0.21    2.44 v _403_/X (sky130_fd_sc_hd__clkbuf_4)
    10    0.04                           _216_ (net)
                  0.09    0.00    2.44 v _408_/B (sky130_fd_sc_hd__nor2_1)
                  0.10    0.11    2.55 ^ _408_/Y (sky130_fd_sc_hd__nor2_1)
     1    0.00                           _010_ (net)
                  0.10    0.00    2.55 ^ _458_/RESET_B (sky130_fd_sc_hd__dfrtp_1)
                                  2.55   data arrival time

                          0.00    0.00   clock SCK (rise edge)
                          0.00    0.00   clock source latency
                  0.08    0.06    0.06 ^ SCK (in)
     1    0.02                           SCK (net)
                  0.08    0.00    0.06 ^ clkbuf_0_SCK/A (sky130_fd_sc_hd__clkbuf_16)
                  0.06    0.17    0.23 ^ clkbuf_0_SCK/X (sky130_fd_sc_hd__clkbuf_16)
     4    0.04                           clknet_0_SCK (net)
                  0.06    0.00    0.23 ^ clkbuf_2_2__f_SCK/A (sky130_fd_sc_hd__clkbuf_16)
                  0.05    0.15    0.38 ^ clkbuf_2_2__f_SCK/X (sky130_fd_sc_hd__clkbuf_16)
     9    0.03                           clknet_2_2__leaf_SCK (net)
                  0.05    0.00    0.38 ^ _458_/CLK (sky130_fd_sc_hd__dfrtp_1)
                          0.25    0.63   clock uncertainty
                          0.00    0.63   clock reconvergence pessimism
                          0.34    0.97   library removal time
                                  0.97   data required time
-----------------------------------------------------------------------------
                                  0.97   data required time
                                 -2.55   data arrival time
-----------------------------------------------------------------------------
                                  1.59   slack (MET)


Startpoint: CSB (input port clocked by SCK)
Endpoint: _462_ (removal check against rising-edge clock SCK)
Path Group: asynchronous
Path Type: min

Fanout     Cap    Slew   Delay    Time   Description
-----------------------------------------------------------------------------
                          0.00    0.00   clock SCK (rise edge)
                          0.00    0.00   clock network delay (propagated)
                          2.00    2.00 v input external delay
                  0.01    0.00    2.00 v CSB (in)
     1    0.00                           CSB (net)
                  0.01    0.00    2.00 v input1/A (sky130_fd_sc_hd__clkbuf_1)
                  0.02    0.06    2.07 v input1/X (sky130_fd_sc_hd__clkbuf_1)
     1    0.00                           net1 (net)
                  0.02    0.00    2.07 v _224_/A (sky130_fd_sc_hd__buf_2)
                  0.09    0.16    2.23 v _224_/X (sky130_fd_sc_hd__buf_2)
     9    0.04                           _102_ (net)
                  0.09    0.00    2.24 v _403_/A (sky130_fd_sc_hd__clkbuf_4)
                  0.09    0.21    2.44 v _403_/X (sky130_fd_sc_hd__clkbuf_4)
    10    0.04                           _216_ (net)
                  0.09    0.00    2.44 v _412_/B (sky130_fd_sc_hd__nor2_1)
                  0.09    0.11    2.55 ^ _412_/Y (sky130_fd_sc_hd__nor2_1)
     1    0.00                           _014_ (net)
                  0.09    0.00    2.55 ^ _462_/RESET_B (sky130_fd_sc_hd__dfrtp_2)
                                  2.55   data arrival time

                          0.00    0.00   clock SCK (rise edge)
                          0.00    0.00   clock source latency
                  0.08    0.06    0.06 ^ SCK (in)
     1    0.02                           SCK (net)
                  0.08    0.00    0.06 ^ clkbuf_0_SCK/A (sky130_fd_sc_hd__clkbuf_16)
                  0.06    0.17    0.23 ^ clkbuf_0_SCK/X (sky130_fd_sc_hd__clkbuf_16)
     4    0.04                           clknet_0_SCK (net)
                  0.06    0.00    0.23 ^ clkbuf_2_2__f_SCK/A (sky130_fd_sc_hd__clkbuf_16)
                  0.05    0.15    0.38 ^ clkbuf_2_2__f_SCK/X (sky130_fd_sc_hd__clkbuf_16)
     9    0.03                           clknet_2_2__leaf_SCK (net)
                  0.05    0.00    0.38 ^ _462_/CLK (sky130_fd_sc_hd__dfrtp_2)
                          0.25    0.63   clock uncertainty
                          0.00    0.63   clock reconvergence pessimism
                          0.34    0.97   library removal time
                                  0.97   data required time
-----------------------------------------------------------------------------
                                  0.97   data required time
                                 -2.55   data arrival time
-----------------------------------------------------------------------------
                                  1.59   slack (MET)


Startpoint: CSB (input port clocked by SCK)
Endpoint: _461_ (removal check against rising-edge clock SCK)
Path Group: asynchronous
Path Type: min

Fanout     Cap    Slew   Delay    Time   Description
-----------------------------------------------------------------------------
                          0.00    0.00   clock SCK (rise edge)
                          0.00    0.00   clock network delay (propagated)
                          2.00    2.00 v input external delay
                  0.01    0.00    2.00 v CSB (in)
     1    0.00                           CSB (net)
                  0.01    0.00    2.00 v input1/A (sky130_fd_sc_hd__clkbuf_1)
                  0.02    0.06    2.07 v input1/X (sky130_fd_sc_hd__clkbuf_1)
     1    0.00                           net1 (net)
                  0.02    0.00    2.07 v _224_/A (sky130_fd_sc_hd__buf_2)
                  0.09    0.16    2.23 v _224_/X (sky130_fd_sc_hd__buf_2)
     9    0.04                           _102_ (net)
                  0.09    0.00    2.24 v _403_/A (sky130_fd_sc_hd__clkbuf_4)
                  0.09    0.21    2.44 v _403_/X (sky130_fd_sc_hd__clkbuf_4)
    10    0.04                           _216_ (net)
                  0.09    0.00    2.44 v _411_/B (sky130_fd_sc_hd__nor2_1)
                  0.10    0.11    2.55 ^ _411_/Y (sky130_fd_sc_hd__nor2_1)
     1    0.00                           _013_ (net)
                  0.10    0.00    2.55 ^ _461_/RESET_B (sky130_fd_sc_hd__dfrtp_4)
                                  2.55   data arrival time

                          0.00    0.00   clock SCK (rise edge)
                          0.00    0.00   clock source latency
                  0.08    0.06    0.06 ^ SCK (in)
     1    0.02                           SCK (net)
                  0.08    0.00    0.06 ^ clkbuf_0_SCK/A (sky130_fd_sc_hd__clkbuf_16)
                  0.06    0.17    0.23 ^ clkbuf_0_SCK/X (sky130_fd_sc_hd__clkbuf_16)
     4    0.04                           clknet_0_SCK (net)
                  0.06    0.00    0.23 ^ clkbuf_2_2__f_SCK/A (sky130_fd_sc_hd__clkbuf_16)
                  0.05    0.15    0.38 ^ clkbuf_2_2__f_SCK/X (sky130_fd_sc_hd__clkbuf_16)
     9    0.03                           clknet_2_2__leaf_SCK (net)
                  0.05    0.00    0.38 ^ _461_/CLK (sky130_fd_sc_hd__dfrtp_4)
                          0.25    0.63   clock uncertainty
                          0.00    0.63   clock reconvergence pessimism
                          0.34    0.97   library removal time
                                  0.97   data required time
-----------------------------------------------------------------------------
                                  0.97   data required time
                                 -2.55   data arrival time
-----------------------------------------------------------------------------
                                  1.59   slack (MET)


Startpoint: reset (input port clocked by SCK)
Endpoint: _478_ (removal check against rising-edge clock SCK)
Path Group: asynchronous
Path Type: min

Fanout     Cap    Slew   Delay    Time   Description
-----------------------------------------------------------------------------
                          0.00    0.00   clock SCK (rise edge)
                          0.00    0.00   clock network delay (propagated)
                          2.00    2.00 v input external delay
                  0.01    0.00    2.00 v reset (in)
     1    0.00                           reset (net)
                  0.01    0.00    2.00 v input11/A (sky130_fd_sc_hd__clkbuf_1)
                  0.02    0.06    2.07 v input11/X (sky130_fd_sc_hd__clkbuf_1)
     1    0.00                           net11 (net)
                  0.02    0.00    2.07 v _222_/A (sky130_fd_sc_hd__buf_2)
                  0.09    0.16    2.23 v _222_/X (sky130_fd_sc_hd__buf_2)
     9    0.03                           _100_ (net)
                  0.09    0.00    2.23 v _426_/A (sky130_fd_sc_hd__clkbuf_4)
                  0.10    0.21    2.44 v _426_/X (sky130_fd_sc_hd__clkbuf_4)
    10    0.04                           _219_ (net)
                  0.10    0.00    2.44 v _432_/A (sky130_fd_sc_hd__nor2_1)
                  0.10    0.13    2.56 ^ _432_/Y (sky130_fd_sc_hd__nor2_1)
     1    0.00                           _030_ (net)
                  0.10    0.00    2.56 ^ _478_/RESET_B (sky130_fd_sc_hd__dfrtp_1)
                                  2.56   data arrival time

                          0.00    0.00   clock SCK (rise edge)
                          0.00    0.00   clock source latency
                  0.08    0.06    0.06 ^ SCK (in)
     1    0.02                           SCK (net)
                  0.08    0.00    0.06 ^ clkbuf_0_SCK/A (sky130_fd_sc_hd__clkbuf_16)
                  0.06    0.17    0.23 ^ clkbuf_0_SCK/X (sky130_fd_sc_hd__clkbuf_16)
     4    0.04                           clknet_0_SCK (net)
                  0.06    0.00    0.23 ^ clkbuf_2_1__f_SCK/A (sky130_fd_sc_hd__clkbuf_16)
                  0.06    0.16    0.39 ^ clkbuf_2_1__f_SCK/X (sky130_fd_sc_hd__clkbuf_16)
    12    0.04                           clknet_2_1__leaf_SCK (net)
                  0.06    0.00    0.39 ^ _478_/CLK (sky130_fd_sc_hd__dfrtp_1)
                          0.25    0.64   clock uncertainty
                          0.00    0.64   clock reconvergence pessimism
                          0.34    0.98   library removal time
                                  0.98   data required time
-----------------------------------------------------------------------------
                                  0.98   data required time
                                 -2.56   data arrival time
-----------------------------------------------------------------------------
                                  1.59   slack (MET)


Startpoint: CSB (input port clocked by SCK)
Endpoint: _460_ (removal check against rising-edge clock SCK)
Path Group: asynchronous
Path Type: min

Fanout     Cap    Slew   Delay    Time   Description
-----------------------------------------------------------------------------
                          0.00    0.00   clock SCK (rise edge)
                          0.00    0.00   clock network delay (propagated)
                          2.00    2.00 v input external delay
                  0.01    0.00    2.00 v CSB (in)
     1    0.00                           CSB (net)
                  0.01    0.00    2.00 v input1/A (sky130_fd_sc_hd__clkbuf_1)
                  0.02    0.06    2.07 v input1/X (sky130_fd_sc_hd__clkbuf_1)
     1    0.00                           net1 (net)
                  0.02    0.00    2.07 v _224_/A (sky130_fd_sc_hd__buf_2)
                  0.09    0.16    2.23 v _224_/X (sky130_fd_sc_hd__buf_2)
     9    0.04                           _102_ (net)
                  0.09    0.00    2.24 v _403_/A (sky130_fd_sc_hd__clkbuf_4)
                  0.09    0.21    2.44 v _403_/X (sky130_fd_sc_hd__clkbuf_4)
    10    0.04                           _216_ (net)
                  0.09    0.00    2.44 v _410_/B (sky130_fd_sc_hd__nor2_1)
                  0.10    0.11    2.55 ^ _410_/Y (sky130_fd_sc_hd__nor2_1)
     1    0.00                           _012_ (net)
                  0.10    0.00    2.55 ^ _460_/RESET_B (sky130_fd_sc_hd__dfrtp_4)
                                  2.55   data arrival time

                          0.00    0.00   clock SCK (rise edge)
                          0.00    0.00   clock source latency
                  0.08    0.06    0.06 ^ SCK (in)
     1    0.02                           SCK (net)
                  0.08    0.00    0.06 ^ clkbuf_0_SCK/A (sky130_fd_sc_hd__clkbuf_16)
                  0.06    0.17    0.23 ^ clkbuf_0_SCK/X (sky130_fd_sc_hd__clkbuf_16)
     4    0.04                           clknet_0_SCK (net)
                  0.06    0.00    0.23 ^ clkbuf_2_2__f_SCK/A (sky130_fd_sc_hd__clkbuf_16)
                  0.05    0.15    0.38 ^ clkbuf_2_2__f_SCK/X (sky130_fd_sc_hd__clkbuf_16)
     9    0.03                           clknet_2_2__leaf_SCK (net)
                  0.05    0.00    0.38 ^ _460_/CLK (sky130_fd_sc_hd__dfrtp_4)
                          0.25    0.63   clock uncertainty
                          0.00    0.63   clock reconvergence pessimism
                          0.34    0.97   library removal time
                                  0.97   data required time
-----------------------------------------------------------------------------
                                  0.97   data required time
                                 -2.55   data arrival time
-----------------------------------------------------------------------------
                                  1.59   slack (MET)


Startpoint: CSB (input port clocked by SCK)
Endpoint: _482_ (removal check against rising-edge clock SCK)
Path Group: asynchronous
Path Type: min

Fanout     Cap    Slew   Delay    Time   Description
-----------------------------------------------------------------------------
                          0.00    0.00   clock SCK (rise edge)
                          0.00    0.00   clock network delay (propagated)
                          2.00    2.00 v input external delay
                  0.01    0.00    2.00 v CSB (in)
     1    0.00                           CSB (net)
                  0.01    0.00    2.00 v input1/A (sky130_fd_sc_hd__clkbuf_1)
                  0.02    0.06    2.07 v input1/X (sky130_fd_sc_hd__clkbuf_1)
     1    0.00                           net1 (net)
                  0.02    0.00    2.07 v _224_/A (sky130_fd_sc_hd__buf_2)
                  0.09    0.16    2.23 v _224_/X (sky130_fd_sc_hd__buf_2)
     9    0.04                           _102_ (net)
                  0.09    0.00    2.23 v _427_/A (sky130_fd_sc_hd__clkbuf_4)
                  0.10    0.21    2.45 v _427_/X (sky130_fd_sc_hd__clkbuf_4)
    10    0.05                           _220_ (net)
                  0.10    0.00    2.45 v _436_/B (sky130_fd_sc_hd__nor2_1)
                  0.10    0.12    2.56 ^ _436_/Y (sky130_fd_sc_hd__nor2_1)
     1    0.00                           _034_ (net)
                  0.10    0.00    2.56 ^ _482_/RESET_B (sky130_fd_sc_hd__dfrtp_4)
                                  2.56   data arrival time

                          0.00    0.00   clock SCK (rise edge)
                          0.00    0.00   clock source latency
                  0.08    0.06    0.06 ^ SCK (in)
     1    0.02                           SCK (net)
                  0.08    0.00    0.06 ^ clkbuf_0_SCK/A (sky130_fd_sc_hd__clkbuf_16)
                  0.06    0.17    0.23 ^ clkbuf_0_SCK/X (sky130_fd_sc_hd__clkbuf_16)
     4    0.04                           clknet_0_SCK (net)
                  0.06    0.00    0.23 ^ clkbuf_2_1__f_SCK/A (sky130_fd_sc_hd__clkbuf_16)
                  0.06    0.16    0.39 ^ clkbuf_2_1__f_SCK/X (sky130_fd_sc_hd__clkbuf_16)
    12    0.04                           clknet_2_1__leaf_SCK (net)
                  0.06    0.00    0.39 ^ _482_/CLK (sky130_fd_sc_hd__dfrtp_4)
                          0.25    0.64   clock uncertainty
                          0.00    0.64   clock reconvergence pessimism
                          0.34    0.98   library removal time
                                  0.98   data required time
-----------------------------------------------------------------------------
                                  0.98   data required time
                                 -2.56   data arrival time
-----------------------------------------------------------------------------
                                  1.59   slack (MET)


Startpoint: reset (input port clocked by SCK)
Endpoint: _477_ (removal check against rising-edge clock SCK)
Path Group: asynchronous
Path Type: min

Fanout     Cap    Slew   Delay    Time   Description
-----------------------------------------------------------------------------
                          0.00    0.00   clock SCK (rise edge)
                          0.00    0.00   clock network delay (propagated)
                          2.00    2.00 v input external delay
                  0.01    0.00    2.00 v reset (in)
     1    0.00                           reset (net)
                  0.01    0.00    2.00 v input11/A (sky130_fd_sc_hd__clkbuf_1)
                  0.02    0.06    2.07 v input11/X (sky130_fd_sc_hd__clkbuf_1)
     1    0.00                           net11 (net)
                  0.02    0.00    2.07 v _222_/A (sky130_fd_sc_hd__buf_2)
                  0.09    0.16    2.23 v _222_/X (sky130_fd_sc_hd__buf_2)
     9    0.03                           _100_ (net)
                  0.09    0.00    2.23 v _426_/A (sky130_fd_sc_hd__clkbuf_4)
                  0.10    0.21    2.44 v _426_/X (sky130_fd_sc_hd__clkbuf_4)
    10    0.04                           _219_ (net)
                  0.10    0.00    2.44 v _431_/A (sky130_fd_sc_hd__nor2_1)
                  0.10    0.13    2.56 ^ _431_/Y (sky130_fd_sc_hd__nor2_1)
     1    0.00                           _029_ (net)
                  0.10    0.00    2.56 ^ _477_/RESET_B (sky130_fd_sc_hd__dfrtp_1)
                                  2.56   data arrival time

                          0.00    0.00   clock SCK (rise edge)
                          0.00    0.00   clock source latency
                  0.08    0.06    0.06 ^ SCK (in)
     1    0.02                           SCK (net)
                  0.08    0.00    0.06 ^ clkbuf_0_SCK/A (sky130_fd_sc_hd__clkbuf_16)
                  0.06    0.17    0.23 ^ clkbuf_0_SCK/X (sky130_fd_sc_hd__clkbuf_16)
     4    0.04                           clknet_0_SCK (net)
                  0.06    0.00    0.23 ^ clkbuf_2_1__f_SCK/A (sky130_fd_sc_hd__clkbuf_16)
                  0.06    0.16    0.39 ^ clkbuf_2_1__f_SCK/X (sky130_fd_sc_hd__clkbuf_16)
    12    0.04                           clknet_2_1__leaf_SCK (net)
                  0.06    0.00    0.39 ^ _477_/CLK (sky130_fd_sc_hd__dfrtp_1)
                          0.25    0.64   clock uncertainty
                          0.00    0.64   clock reconvergence pessimism
                          0.34    0.98   library removal time
                                  0.98   data required time
-----------------------------------------------------------------------------
                                  0.98   data required time
                                 -2.56   data arrival time
-----------------------------------------------------------------------------
                                  1.59   slack (MET)


Startpoint: CSB (input port clocked by SCK)
Endpoint: _463_ (removal check against rising-edge clock SCK)
Path Group: asynchronous
Path Type: min

Fanout     Cap    Slew   Delay    Time   Description
-----------------------------------------------------------------------------
                          0.00    0.00   clock SCK (rise edge)
                          0.00    0.00   clock network delay (propagated)
                          2.00    2.00 v input external delay
                  0.01    0.00    2.00 v CSB (in)
     1    0.00                           CSB (net)
                  0.01    0.00    2.00 v input1/A (sky130_fd_sc_hd__clkbuf_1)
                  0.02    0.06    2.07 v input1/X (sky130_fd_sc_hd__clkbuf_1)
     1    0.00                           net1 (net)
                  0.02    0.00    2.07 v _224_/A (sky130_fd_sc_hd__buf_2)
                  0.09    0.16    2.23 v _224_/X (sky130_fd_sc_hd__buf_2)
     9    0.04                           _102_ (net)
                  0.09    0.00    2.24 v _403_/A (sky130_fd_sc_hd__clkbuf_4)
                  0.09    0.21    2.44 v _403_/X (sky130_fd_sc_hd__clkbuf_4)
    10    0.04                           _216_ (net)
                  0.09    0.00    2.44 v _413_/B (sky130_fd_sc_hd__nor2_1)
                  0.10    0.11    2.55 ^ _413_/Y (sky130_fd_sc_hd__nor2_1)
     1    0.00                           _015_ (net)
                  0.10    0.00    2.55 ^ _463_/RESET_B (sky130_fd_sc_hd__dfrtp_4)
                                  2.55   data arrival time

                          0.00    0.00   clock SCK (rise edge)
                          0.00    0.00   clock source latency
                  0.08    0.06    0.06 ^ SCK (in)
     1    0.02                           SCK (net)
                  0.08    0.00    0.06 ^ clkbuf_0_SCK/A (sky130_fd_sc_hd__clkbuf_16)
                  0.06    0.17    0.23 ^ clkbuf_0_SCK/X (sky130_fd_sc_hd__clkbuf_16)
     4    0.04                           clknet_0_SCK (net)
                  0.06    0.00    0.23 ^ clkbuf_2_2__f_SCK/A (sky130_fd_sc_hd__clkbuf_16)
                  0.05    0.15    0.38 ^ clkbuf_2_2__f_SCK/X (sky130_fd_sc_hd__clkbuf_16)
     9    0.03                           clknet_2_2__leaf_SCK (net)
                  0.05    0.00    0.38 ^ _463_/CLK (sky130_fd_sc_hd__dfrtp_4)
                          0.25    0.63   clock uncertainty
                          0.00    0.63   clock reconvergence pessimism
                          0.34    0.97   library removal time
                                  0.97   data required time
-----------------------------------------------------------------------------
                                  0.97   data required time
                                 -2.55   data arrival time
-----------------------------------------------------------------------------
                                  1.59   slack (MET)


Startpoint: reset (input port clocked by SCK)
Endpoint: _475_ (removal check against rising-edge clock SCK)
Path Group: asynchronous
Path Type: min

Fanout     Cap    Slew   Delay    Time   Description
-----------------------------------------------------------------------------
                          0.00    0.00   clock SCK (rise edge)
                          0.00    0.00   clock network delay (propagated)
                          2.00    2.00 v input external delay
                  0.01    0.00    2.00 v reset (in)
     1    0.00                           reset (net)
                  0.01    0.00    2.00 v input11/A (sky130_fd_sc_hd__clkbuf_1)
                  0.02    0.06    2.07 v input11/X (sky130_fd_sc_hd__clkbuf_1)
     1    0.00                           net11 (net)
                  0.02    0.00    2.07 v _222_/A (sky130_fd_sc_hd__buf_2)
                  0.09    0.16    2.23 v _222_/X (sky130_fd_sc_hd__buf_2)
     9    0.03                           _100_ (net)
                  0.09    0.00    2.23 v _426_/A (sky130_fd_sc_hd__clkbuf_4)
                  0.10    0.21    2.44 v _426_/X (sky130_fd_sc_hd__clkbuf_4)
    10    0.04                           _219_ (net)
                  0.10    0.00    2.44 v _429_/A (sky130_fd_sc_hd__nor2_1)
                  0.10    0.13    2.57 ^ _429_/Y (sky130_fd_sc_hd__nor2_1)
     1    0.00                           _027_ (net)
                  0.10    0.00    2.57 ^ _475_/RESET_B (sky130_fd_sc_hd__dfrtp_1)
                                  2.57   data arrival time

                          0.00    0.00   clock SCK (rise edge)
                          0.00    0.00   clock source latency
                  0.08    0.06    0.06 ^ SCK (in)
     1    0.02                           SCK (net)
                  0.08    0.00    0.06 ^ clkbuf_0_SCK/A (sky130_fd_sc_hd__clkbuf_16)
                  0.06    0.17    0.23 ^ clkbuf_0_SCK/X (sky130_fd_sc_hd__clkbuf_16)
     4    0.04                           clknet_0_SCK (net)
                  0.06    0.00    0.23 ^ clkbuf_2_1__f_SCK/A (sky130_fd_sc_hd__clkbuf_16)
                  0.06    0.16    0.39 ^ clkbuf_2_1__f_SCK/X (sky130_fd_sc_hd__clkbuf_16)
    12    0.04                           clknet_2_1__leaf_SCK (net)
                  0.06    0.00    0.39 ^ _475_/CLK (sky130_fd_sc_hd__dfrtp_1)
                          0.25    0.64   clock uncertainty
                          0.00    0.64   clock reconvergence pessimism
                          0.34    0.98   library removal time
                                  0.98   data required time
-----------------------------------------------------------------------------
                                  0.98   data required time
                                 -2.57   data arrival time
-----------------------------------------------------------------------------
                                  1.59   slack (MET)


Startpoint: CSB (input port clocked by SCK)
Endpoint: _459_ (removal check against rising-edge clock SCK)
Path Group: asynchronous
Path Type: min

Fanout     Cap    Slew   Delay    Time   Description
-----------------------------------------------------------------------------
                          0.00    0.00   clock SCK (rise edge)
                          0.00    0.00   clock network delay (propagated)
                          2.00    2.00 v input external delay
                  0.01    0.00    2.00 v CSB (in)
     1    0.00                           CSB (net)
                  0.01    0.00    2.00 v input1/A (sky130_fd_sc_hd__clkbuf_1)
                  0.02    0.06    2.07 v input1/X (sky130_fd_sc_hd__clkbuf_1)
     1    0.00                           net1 (net)
                  0.02    0.00    2.07 v _224_/A (sky130_fd_sc_hd__buf_2)
                  0.09    0.16    2.23 v _224_/X (sky130_fd_sc_hd__buf_2)
     9    0.04                           _102_ (net)
                  0.09    0.00    2.24 v _403_/A (sky130_fd_sc_hd__clkbuf_4)
                  0.09    0.21    2.44 v _403_/X (sky130_fd_sc_hd__clkbuf_4)
    10    0.04                           _216_ (net)
                  0.09    0.00    2.44 v _409_/B (sky130_fd_sc_hd__nor2_1)
                  0.11    0.12    2.56 ^ _409_/Y (sky130_fd_sc_hd__nor2_1)
     1    0.00                           _011_ (net)
                  0.11    0.00    2.56 ^ _459_/RESET_B (sky130_fd_sc_hd__dfrtp_4)
                                  2.56   data arrival time

                          0.00    0.00   clock SCK (rise edge)
                          0.00    0.00   clock source latency
                  0.08    0.06    0.06 ^ SCK (in)
     1    0.02                           SCK (net)
                  0.08    0.00    0.06 ^ clkbuf_0_SCK/A (sky130_fd_sc_hd__clkbuf_16)
                  0.06    0.17    0.23 ^ clkbuf_0_SCK/X (sky130_fd_sc_hd__clkbuf_16)
     4    0.04                           clknet_0_SCK (net)
                  0.06    0.00    0.23 ^ clkbuf_2_2__f_SCK/A (sky130_fd_sc_hd__clkbuf_16)
                  0.05    0.15    0.38 ^ clkbuf_2_2__f_SCK/X (sky130_fd_sc_hd__clkbuf_16)
     9    0.03                           clknet_2_2__leaf_SCK (net)
                  0.05    0.00    0.38 ^ _459_/CLK (sky130_fd_sc_hd__dfrtp_4)
                          0.25    0.63   clock uncertainty
                          0.00    0.63   clock reconvergence pessimism
                          0.34    0.97   library removal time
                                  0.97   data required time
-----------------------------------------------------------------------------
                                  0.97   data required time
                                 -2.56   data arrival time
-----------------------------------------------------------------------------
                                  1.59   slack (MET)


Startpoint: CSB (input port clocked by SCK)
Endpoint: _484_ (removal check against rising-edge clock SCK)
Path Group: asynchronous
Path Type: min

Fanout     Cap    Slew   Delay    Time   Description
-----------------------------------------------------------------------------
                          0.00    0.00   clock SCK (rise edge)
                          0.00    0.00   clock network delay (propagated)
                          2.00    2.00 v input external delay
                  0.01    0.00    2.00 v CSB (in)
     1    0.00                           CSB (net)
                  0.01    0.00    2.00 v input1/A (sky130_fd_sc_hd__clkbuf_1)
                  0.02    0.06    2.07 v input1/X (sky130_fd_sc_hd__clkbuf_1)
     1    0.00                           net1 (net)
                  0.02    0.00    2.07 v _224_/A (sky130_fd_sc_hd__buf_2)
                  0.09    0.16    2.23 v _224_/X (sky130_fd_sc_hd__buf_2)
     9    0.04                           _102_ (net)
                  0.09    0.00    2.23 v _427_/A (sky130_fd_sc_hd__clkbuf_4)
                  0.10    0.21    2.45 v _427_/X (sky130_fd_sc_hd__clkbuf_4)
    10    0.05                           _220_ (net)
                  0.10    0.00    2.45 v _439_/B (sky130_fd_sc_hd__nor2_1)
                  0.11    0.13    2.57 ^ _439_/Y (sky130_fd_sc_hd__nor2_1)
     1    0.01                           _037_ (net)
                  0.11    0.00    2.57 ^ _484_/RESET_B (sky130_fd_sc_hd__dfrtp_2)
                                  2.57   data arrival time

                          0.00    0.00   clock SCK (rise edge)
                          0.00    0.00   clock source latency
                  0.08    0.06    0.06 ^ SCK (in)
     1    0.02                           SCK (net)
                  0.08    0.00    0.06 ^ clkbuf_0_SCK/A (sky130_fd_sc_hd__clkbuf_16)
                  0.06    0.17    0.23 ^ clkbuf_0_SCK/X (sky130_fd_sc_hd__clkbuf_16)
     4    0.04                           clknet_0_SCK (net)
                  0.06    0.00    0.23 ^ clkbuf_2_1__f_SCK/A (sky130_fd_sc_hd__clkbuf_16)
                  0.06    0.16    0.39 ^ clkbuf_2_1__f_SCK/X (sky130_fd_sc_hd__clkbuf_16)
    12    0.04                           clknet_2_1__leaf_SCK (net)
                  0.06    0.00    0.39 ^ _484_/CLK (sky130_fd_sc_hd__dfrtp_2)
                          0.25    0.64   clock uncertainty
                          0.00    0.64   clock reconvergence pessimism
                          0.34    0.98   library removal time
                                  0.98   data required time
-----------------------------------------------------------------------------
                                  0.98   data required time
                                 -2.57   data arrival time
-----------------------------------------------------------------------------
                                  1.59   slack (MET)


Startpoint: CSB (input port clocked by SCK)
Endpoint: _480_ (removal check against rising-edge clock SCK)
Path Group: asynchronous
Path Type: min

Fanout     Cap    Slew   Delay    Time   Description
-----------------------------------------------------------------------------
                          0.00    0.00   clock SCK (rise edge)
                          0.00    0.00   clock network delay (propagated)
                          2.00    2.00 v input external delay
                  0.01    0.00    2.00 v CSB (in)
     1    0.00                           CSB (net)
                  0.01    0.00    2.00 v input1/A (sky130_fd_sc_hd__clkbuf_1)
                  0.02    0.06    2.07 v input1/X (sky130_fd_sc_hd__clkbuf_1)
     1    0.00                           net1 (net)
                  0.02    0.00    2.07 v _224_/A (sky130_fd_sc_hd__buf_2)
                  0.09    0.16    2.23 v _224_/X (sky130_fd_sc_hd__buf_2)
     9    0.04                           _102_ (net)
                  0.09    0.00    2.23 v _427_/A (sky130_fd_sc_hd__clkbuf_4)
                  0.10    0.21    2.45 v _427_/X (sky130_fd_sc_hd__clkbuf_4)
    10    0.05                           _220_ (net)
                  0.10    0.00    2.45 v _434_/B (sky130_fd_sc_hd__nor2_1)
                  0.10    0.11    2.56 ^ _434_/Y (sky130_fd_sc_hd__nor2_1)
     1    0.00                           _032_ (net)
                  0.10    0.00    2.56 ^ _480_/RESET_B (sky130_fd_sc_hd__dfrtp_1)
                                  2.56   data arrival time

                          0.00    0.00   clock SCK (rise edge)
                          0.00    0.00   clock source latency
                  0.08    0.06    0.06 ^ SCK (in)
     1    0.02                           SCK (net)
                  0.08    0.00    0.06 ^ clkbuf_0_SCK/A (sky130_fd_sc_hd__clkbuf_16)
                  0.06    0.17    0.23 ^ clkbuf_0_SCK/X (sky130_fd_sc_hd__clkbuf_16)
     4    0.04                           clknet_0_SCK (net)
                  0.06    0.00    0.23 ^ clkbuf_2_0__f_SCK/A (sky130_fd_sc_hd__clkbuf_16)
                  0.05    0.15    0.38 ^ clkbuf_2_0__f_SCK/X (sky130_fd_sc_hd__clkbuf_16)
     9    0.03                           clknet_2_0__leaf_SCK (net)
                  0.05    0.00    0.38 ^ _480_/CLK (sky130_fd_sc_hd__dfrtp_1)
                          0.25    0.63   clock uncertainty
                          0.00    0.63   clock reconvergence pessimism
                          0.34    0.96   library removal time
                                  0.96   data required time
-----------------------------------------------------------------------------
                                  0.96   data required time
                                 -2.56   data arrival time
-----------------------------------------------------------------------------
                                  1.60   slack (MET)


Startpoint: CSB (input port clocked by SCK)
Endpoint: _474_ (removal check against rising-edge clock SCK)
Path Group: asynchronous
Path Type: min

Fanout     Cap    Slew   Delay    Time   Description
-----------------------------------------------------------------------------
                          0.00    0.00   clock SCK (rise edge)
                          0.00    0.00   clock network delay (propagated)
                          2.00    2.00 v input external delay
                  0.01    0.00    2.00 v CSB (in)
     1    0.00                           CSB (net)
                  0.01    0.00    2.00 v input1/A (sky130_fd_sc_hd__clkbuf_1)
                  0.02    0.06    2.07 v input1/X (sky130_fd_sc_hd__clkbuf_1)
     1    0.00                           net1 (net)
                  0.02    0.00    2.07 v _224_/A (sky130_fd_sc_hd__buf_2)
                  0.09    0.16    2.23 v _224_/X (sky130_fd_sc_hd__buf_2)
     9    0.04                           _102_ (net)
                  0.09    0.00    2.23 v _427_/A (sky130_fd_sc_hd__clkbuf_4)
                  0.10    0.21    2.45 v _427_/X (sky130_fd_sc_hd__clkbuf_4)
    10    0.05                           _220_ (net)
                  0.10    0.00    2.45 v _428_/B (sky130_fd_sc_hd__nor2_1)
                  0.10    0.12    2.56 ^ _428_/Y (sky130_fd_sc_hd__nor2_1)
     1    0.00                           _026_ (net)
                  0.10    0.00    2.56 ^ _474_/RESET_B (sky130_fd_sc_hd__dfrtp_1)
                                  2.56   data arrival time

                          0.00    0.00   clock SCK (rise edge)
                          0.00    0.00   clock source latency
                  0.08    0.06    0.06 ^ SCK (in)
     1    0.02                           SCK (net)
                  0.08    0.00    0.06 ^ clkbuf_0_SCK/A (sky130_fd_sc_hd__clkbuf_16)
                  0.06    0.17    0.23 ^ clkbuf_0_SCK/X (sky130_fd_sc_hd__clkbuf_16)
     4    0.04                           clknet_0_SCK (net)
                  0.06    0.00    0.23 ^ clkbuf_2_0__f_SCK/A (sky130_fd_sc_hd__clkbuf_16)
                  0.05    0.15    0.38 ^ clkbuf_2_0__f_SCK/X (sky130_fd_sc_hd__clkbuf_16)
     9    0.03                           clknet_2_0__leaf_SCK (net)
                  0.05    0.00    0.38 ^ _474_/CLK (sky130_fd_sc_hd__dfrtp_1)
                          0.25    0.63   clock uncertainty
                          0.00    0.63   clock reconvergence pessimism
                          0.34    0.96   library removal time
                                  0.96   data required time
-----------------------------------------------------------------------------
                                  0.96   data required time
                                 -2.56   data arrival time
-----------------------------------------------------------------------------
                                  1.60   slack (MET)


Startpoint: CSB (input port clocked by SCK)
Endpoint: _481_ (removal check against rising-edge clock SCK)
Path Group: asynchronous
Path Type: min

Fanout     Cap    Slew   Delay    Time   Description
-----------------------------------------------------------------------------
                          0.00    0.00   clock SCK (rise edge)
                          0.00    0.00   clock network delay (propagated)
                          2.00    2.00 v input external delay
                  0.01    0.00    2.00 v CSB (in)
     1    0.00                           CSB (net)
                  0.01    0.00    2.00 v input1/A (sky130_fd_sc_hd__clkbuf_1)
                  0.02    0.06    2.07 v input1/X (sky130_fd_sc_hd__clkbuf_1)
     1    0.00                           net1 (net)
                  0.02    0.00    2.07 v _224_/A (sky130_fd_sc_hd__buf_2)
                  0.09    0.16    2.23 v _224_/X (sky130_fd_sc_hd__buf_2)
     9    0.04                           _102_ (net)
                  0.09    0.00    2.23 v _427_/A (sky130_fd_sc_hd__clkbuf_4)
                  0.10    0.21    2.45 v _427_/X (sky130_fd_sc_hd__clkbuf_4)
    10    0.05                           _220_ (net)
                  0.10    0.00    2.45 v _435_/B (sky130_fd_sc_hd__nor2_1)
                  0.10    0.12    2.56 ^ _435_/Y (sky130_fd_sc_hd__nor2_1)
     1    0.00                           _033_ (net)
                  0.10    0.00    2.56 ^ _481_/RESET_B (sky130_fd_sc_hd__dfrtp_1)
                                  2.56   data arrival time

                          0.00    0.00   clock SCK (rise edge)
                          0.00    0.00   clock source latency
                  0.08    0.06    0.06 ^ SCK (in)
     1    0.02                           SCK (net)
                  0.08    0.00    0.06 ^ clkbuf_0_SCK/A (sky130_fd_sc_hd__clkbuf_16)
                  0.06    0.17    0.23 ^ clkbuf_0_SCK/X (sky130_fd_sc_hd__clkbuf_16)
     4    0.04                           clknet_0_SCK (net)
                  0.06    0.00    0.23 ^ clkbuf_2_0__f_SCK/A (sky130_fd_sc_hd__clkbuf_16)
                  0.05    0.15    0.38 ^ clkbuf_2_0__f_SCK/X (sky130_fd_sc_hd__clkbuf_16)
     9    0.03                           clknet_2_0__leaf_SCK (net)
                  0.05    0.00    0.38 ^ _481_/CLK (sky130_fd_sc_hd__dfrtp_1)
                          0.25    0.63   clock uncertainty
                          0.00    0.63   clock reconvergence pessimism
                          0.34    0.97   library removal time
                                  0.97   data required time
-----------------------------------------------------------------------------
                                  0.97   data required time
                                 -2.56   data arrival time
-----------------------------------------------------------------------------
                                  1.60   slack (MET)


Startpoint: CSB (input port clocked by SCK)
Endpoint: _454_ (removal check against rising-edge clock SCK)
Path Group: asynchronous
Path Type: min

Fanout     Cap    Slew   Delay    Time   Description
-----------------------------------------------------------------------------
                          0.00    0.00   clock SCK (rise edge)
                          0.00    0.00   clock network delay (propagated)
                          2.00    2.00 v input external delay
                  0.01    0.00    2.00 v CSB (in)
     1    0.00                           CSB (net)
                  0.01    0.00    2.00 v input1/A (sky130_fd_sc_hd__clkbuf_1)
                  0.02    0.06    2.07 v input1/X (sky130_fd_sc_hd__clkbuf_1)
     1    0.00                           net1 (net)
                  0.02    0.00    2.07 v _224_/A (sky130_fd_sc_hd__buf_2)
                  0.09    0.16    2.23 v _224_/X (sky130_fd_sc_hd__buf_2)
     9    0.04                           _102_ (net)
                  0.09    0.00    2.24 v _403_/A (sky130_fd_sc_hd__clkbuf_4)
                  0.09    0.21    2.44 v _403_/X (sky130_fd_sc_hd__clkbuf_4)
    10    0.04                           _216_ (net)
                  0.09    0.00    2.44 v _404_/B (sky130_fd_sc_hd__nor2_1)
                  0.09    0.11    2.55 ^ _404_/Y (sky130_fd_sc_hd__nor2_1)
     1    0.00                           _006_ (net)
                  0.09    0.00    2.55 ^ _454_/RESET_B (sky130_fd_sc_hd__dfrtp_1)
                                  2.55   data arrival time

                          0.00    0.00   clock SCK (rise edge)
                          0.00    0.00   clock source latency
                  0.08    0.06    0.06 ^ SCK (in)
     1    0.02                           SCK (net)
                  0.08    0.00    0.06 ^ clkbuf_0_SCK/A (sky130_fd_sc_hd__clkbuf_16)
                  0.06    0.17    0.23 ^ clkbuf_0_SCK/X (sky130_fd_sc_hd__clkbuf_16)
     4    0.04                           clknet_0_SCK (net)
                  0.06    0.00    0.23 ^ clkbuf_2_3__f_SCK/A (sky130_fd_sc_hd__clkbuf_16)
                  0.04    0.14    0.37 ^ clkbuf_2_3__f_SCK/X (sky130_fd_sc_hd__clkbuf_16)
     6    0.02                           clknet_2_3__leaf_SCK (net)
                  0.04    0.00    0.37 ^ _454_/CLK (sky130_fd_sc_hd__dfrtp_1)
                          0.25    0.62   clock uncertainty
                          0.00    0.62   clock reconvergence pessimism
                          0.33    0.95   library removal time
                                  0.95   data required time
-----------------------------------------------------------------------------
                                  0.95   data required time
                                 -2.55   data arrival time
-----------------------------------------------------------------------------
                                  1.60   slack (MET)


Startpoint: CSB (input port clocked by SCK)
Endpoint: _456_ (removal check against rising-edge clock SCK)
Path Group: asynchronous
Path Type: min

Fanout     Cap    Slew   Delay    Time   Description
-----------------------------------------------------------------------------
                          0.00    0.00   clock SCK (rise edge)
                          0.00    0.00   clock network delay (propagated)
                          2.00    2.00 v input external delay
                  0.01    0.00    2.00 v CSB (in)
     1    0.00                           CSB (net)
                  0.01    0.00    2.00 v input1/A (sky130_fd_sc_hd__clkbuf_1)
                  0.02    0.06    2.07 v input1/X (sky130_fd_sc_hd__clkbuf_1)
     1    0.00                           net1 (net)
                  0.02    0.00    2.07 v _224_/A (sky130_fd_sc_hd__buf_2)
                  0.09    0.16    2.23 v _224_/X (sky130_fd_sc_hd__buf_2)
     9    0.04                           _102_ (net)
                  0.09    0.00    2.24 v _403_/A (sky130_fd_sc_hd__clkbuf_4)
                  0.09    0.21    2.44 v _403_/X (sky130_fd_sc_hd__clkbuf_4)
    10    0.04                           _216_ (net)
                  0.09    0.00    2.44 v _406_/B (sky130_fd_sc_hd__nor2_1)
                  0.10    0.12    2.56 ^ _406_/Y (sky130_fd_sc_hd__nor2_1)
     1    0.00                           _008_ (net)
                  0.10    0.00    2.56 ^ _456_/RESET_B (sky130_fd_sc_hd__dfrtp_1)
                                  2.56   data arrival time

                          0.00    0.00   clock SCK (rise edge)
                          0.00    0.00   clock source latency
                  0.08    0.06    0.06 ^ SCK (in)
     1    0.02                           SCK (net)
                  0.08    0.00    0.06 ^ clkbuf_0_SCK/A (sky130_fd_sc_hd__clkbuf_16)
                  0.06    0.17    0.23 ^ clkbuf_0_SCK/X (sky130_fd_sc_hd__clkbuf_16)
     4    0.04                           clknet_0_SCK (net)
                  0.06    0.00    0.23 ^ clkbuf_2_3__f_SCK/A (sky130_fd_sc_hd__clkbuf_16)
                  0.04    0.14    0.37 ^ clkbuf_2_3__f_SCK/X (sky130_fd_sc_hd__clkbuf_16)
     6    0.02                           clknet_2_3__leaf_SCK (net)
                  0.04    0.00    0.37 ^ _456_/CLK (sky130_fd_sc_hd__dfrtp_1)
                          0.25    0.62   clock uncertainty
                          0.00    0.62   clock reconvergence pessimism
                          0.34    0.95   library removal time
                                  0.95   data required time
-----------------------------------------------------------------------------
                                  0.95   data required time
                                 -2.56   data arrival time
-----------------------------------------------------------------------------
                                  1.61   slack (MET)


Startpoint: CSB (input port clocked by SCK)
Endpoint: _455_ (removal check against rising-edge clock SCK)
Path Group: asynchronous
Path Type: min

Fanout     Cap    Slew   Delay    Time   Description
-----------------------------------------------------------------------------
                          0.00    0.00   clock SCK (rise edge)
                          0.00    0.00   clock network delay (propagated)
                          2.00    2.00 v input external delay
                  0.01    0.00    2.00 v CSB (in)
     1    0.00                           CSB (net)
                  0.01    0.00    2.00 v input1/A (sky130_fd_sc_hd__clkbuf_1)
                  0.02    0.06    2.07 v input1/X (sky130_fd_sc_hd__clkbuf_1)
     1    0.00                           net1 (net)
                  0.02    0.00    2.07 v _224_/A (sky130_fd_sc_hd__buf_2)
                  0.09    0.16    2.23 v _224_/X (sky130_fd_sc_hd__buf_2)
     9    0.04                           _102_ (net)
                  0.09    0.00    2.24 v _403_/A (sky130_fd_sc_hd__clkbuf_4)
                  0.09    0.21    2.44 v _403_/X (sky130_fd_sc_hd__clkbuf_4)
    10    0.04                           _216_ (net)
                  0.09    0.00    2.44 v _405_/B (sky130_fd_sc_hd__nor2_1)
                  0.10    0.12    2.56 ^ _405_/Y (sky130_fd_sc_hd__nor2_1)
     1    0.00                           _007_ (net)
                  0.10    0.00    2.56 ^ _455_/RESET_B (sky130_fd_sc_hd__dfrtp_1)
                                  2.56   data arrival time

                          0.00    0.00   clock SCK (rise edge)
                          0.00    0.00   clock source latency
                  0.08    0.06    0.06 ^ SCK (in)
     1    0.02                           SCK (net)
                  0.08    0.00    0.06 ^ clkbuf_0_SCK/A (sky130_fd_sc_hd__clkbuf_16)
                  0.06    0.17    0.23 ^ clkbuf_0_SCK/X (sky130_fd_sc_hd__clkbuf_16)
     4    0.04                           clknet_0_SCK (net)
                  0.06    0.00    0.23 ^ clkbuf_2_3__f_SCK/A (sky130_fd_sc_hd__clkbuf_16)
                  0.04    0.14    0.37 ^ clkbuf_2_3__f_SCK/X (sky130_fd_sc_hd__clkbuf_16)
     6    0.02                           clknet_2_3__leaf_SCK (net)
                  0.04    0.00    0.37 ^ _455_/CLK (sky130_fd_sc_hd__dfrtp_1)
                          0.25    0.62   clock uncertainty
                          0.00    0.62   clock reconvergence pessimism
                          0.34    0.95   library removal time
                                  0.95   data required time
-----------------------------------------------------------------------------
                                  0.95   data required time
                                 -2.56   data arrival time
-----------------------------------------------------------------------------
                                  1.61   slack (MET)


Startpoint: CSB (input port clocked by SCK)
Endpoint: _457_ (removal check against rising-edge clock SCK)
Path Group: asynchronous
Path Type: min

Fanout     Cap    Slew   Delay    Time   Description
-----------------------------------------------------------------------------
                          0.00    0.00   clock SCK (rise edge)
                          0.00    0.00   clock network delay (propagated)
                          2.00    2.00 v input external delay
                  0.01    0.00    2.00 v CSB (in)
     1    0.00                           CSB (net)
                  0.01    0.00    2.00 v input1/A (sky130_fd_sc_hd__clkbuf_1)
                  0.02    0.06    2.07 v input1/X (sky130_fd_sc_hd__clkbuf_1)
     1    0.00                           net1 (net)
                  0.02    0.00    2.07 v _224_/A (sky130_fd_sc_hd__buf_2)
                  0.09    0.16    2.23 v _224_/X (sky130_fd_sc_hd__buf_2)
     9    0.04                           _102_ (net)
                  0.09    0.00    2.24 v _403_/A (sky130_fd_sc_hd__clkbuf_4)
                  0.09    0.21    2.44 v _403_/X (sky130_fd_sc_hd__clkbuf_4)
    10    0.04                           _216_ (net)
                  0.09    0.00    2.44 v _407_/B (sky130_fd_sc_hd__nor2_1)
                  0.11    0.12    2.56 ^ _407_/Y (sky130_fd_sc_hd__nor2_1)
     1    0.00                           _009_ (net)
                  0.11    0.00    2.56 ^ _457_/RESET_B (sky130_fd_sc_hd__dfrtp_1)
                                  2.56   data arrival time

                          0.00    0.00   clock SCK (rise edge)
                          0.00    0.00   clock source latency
                  0.08    0.06    0.06 ^ SCK (in)
     1    0.02                           SCK (net)
                  0.08    0.00    0.06 ^ clkbuf_0_SCK/A (sky130_fd_sc_hd__clkbuf_16)
                  0.06    0.17    0.23 ^ clkbuf_0_SCK/X (sky130_fd_sc_hd__clkbuf_16)
     4    0.04                           clknet_0_SCK (net)
                  0.06    0.00    0.23 ^ clkbuf_2_3__f_SCK/A (sky130_fd_sc_hd__clkbuf_16)
                  0.04    0.14    0.37 ^ clkbuf_2_3__f_SCK/X (sky130_fd_sc_hd__clkbuf_16)
     6    0.02                           clknet_2_3__leaf_SCK (net)
                  0.04    0.00    0.37 ^ _457_/CLK (sky130_fd_sc_hd__dfrtp_1)
                          0.25    0.62   clock uncertainty
                          0.00    0.62   clock reconvergence pessimism
                          0.34    0.95   library removal time
                                  0.95   data required time
-----------------------------------------------------------------------------
                                  0.95   data required time
                                 -2.56   data arrival time
-----------------------------------------------------------------------------
                                  1.61   slack (MET)


Startpoint: _481_ (rising edge-triggered flip-flop clocked by SCK)
Endpoint: odata[7] (output port clocked by SCK)
Path Group: SCK
Path Type: min

Fanout     Cap    Slew   Delay    Time   Description
-----------------------------------------------------------------------------
                          0.00    0.00   clock SCK (rise edge)
                          0.00    0.00   clock source latency
                  0.08    0.05    0.05 ^ SCK (in)
     1    0.02                           SCK (net)
                  0.08    0.00    0.05 ^ clkbuf_0_SCK/A (sky130_fd_sc_hd__clkbuf_16)
                  0.06    0.15    0.21 ^ clkbuf_0_SCK/X (sky130_fd_sc_hd__clkbuf_16)
     4    0.04                           clknet_0_SCK (net)
                  0.06    0.00    0.21 ^ clkbuf_2_0__f_SCK/A (sky130_fd_sc_hd__clkbuf_16)
                  0.05    0.13    0.34 ^ clkbuf_2_0__f_SCK/X (sky130_fd_sc_hd__clkbuf_16)
     9    0.03                           clknet_2_0__leaf_SCK (net)
                  0.05    0.00    0.34 ^ _481_/CLK (sky130_fd_sc_hd__dfrtp_1)
                  0.07    0.32    0.67 ^ _481_/Q (sky130_fd_sc_hd__dfrtp_1)
     2    0.01                           net28 (net)
                  0.07    0.00    0.67 ^ output28/A (sky130_fd_sc_hd__clkbuf_4)
                  0.11    0.18    0.85 ^ output28/X (sky130_fd_sc_hd__clkbuf_4)
     1    0.03                           odata[7] (net)
                  0.11    0.00    0.85 ^ odata[7] (out)
                                  0.85   data arrival time

                          0.00    0.00   clock SCK (rise edge)
                          0.00    0.00   clock network delay (propagated)
                          0.25    0.25   clock uncertainty
                          0.00    0.25   clock reconvergence pessimism
                         -2.00   -1.75   output external delay
                                 -1.75   data required time
-----------------------------------------------------------------------------
                                 -1.75   data required time
                                 -0.85   data arrival time
-----------------------------------------------------------------------------
                                  2.60   slack (MET)


Startpoint: _457_ (rising edge-triggered flip-flop clocked by SCK)
Endpoint: pass_thru_user (output port clocked by SCK)
Path Group: SCK
Path Type: min

Fanout     Cap    Slew   Delay    Time   Description
-----------------------------------------------------------------------------
                          0.00    0.00   clock SCK (rise edge)
                          0.00    0.00   clock source latency
                  0.08    0.05    0.05 ^ SCK (in)
     1    0.02                           SCK (net)
                  0.08    0.00    0.05 ^ clkbuf_0_SCK/A (sky130_fd_sc_hd__clkbuf_16)
                  0.06    0.15    0.21 ^ clkbuf_0_SCK/X (sky130_fd_sc_hd__clkbuf_16)
     4    0.04                           clknet_0_SCK (net)
                  0.06    0.00    0.21 ^ clkbuf_2_3__f_SCK/A (sky130_fd_sc_hd__clkbuf_16)
                  0.04    0.13    0.33 ^ clkbuf_2_3__f_SCK/X (sky130_fd_sc_hd__clkbuf_16)
     6    0.02                           clknet_2_3__leaf_SCK (net)
                  0.04    0.00    0.33 ^ _457_/CLK (sky130_fd_sc_hd__dfrtp_1)
                  0.09    0.34    0.67 ^ _457_/Q (sky130_fd_sc_hd__dfrtp_1)
     2    0.01                           net32 (net)
                  0.09    0.00    0.67 ^ output32/A (sky130_fd_sc_hd__clkbuf_4)
                  0.11    0.19    0.86 ^ output32/X (sky130_fd_sc_hd__clkbuf_4)
     1    0.04                           pass_thru_user (net)
                  0.11    0.00    0.86 ^ pass_thru_user (out)
                                  0.86   data arrival time

                          0.00    0.00   clock SCK (rise edge)
                          0.00    0.00   clock network delay (propagated)
                          0.25    0.25   clock uncertainty
                          0.00    0.25   clock reconvergence pessimism
                         -2.00   -1.75   output external delay
                                 -1.75   data required time
-----------------------------------------------------------------------------
                                 -1.75   data required time
                                 -0.86   data arrival time
-----------------------------------------------------------------------------
                                  2.61   slack (MET)


Startpoint: _480_ (rising edge-triggered flip-flop clocked by SCK)
Endpoint: odata[6] (output port clocked by SCK)
Path Group: SCK
Path Type: min

Fanout     Cap    Slew   Delay    Time   Description
-----------------------------------------------------------------------------
                          0.00    0.00   clock SCK (rise edge)
                          0.00    0.00   clock source latency
                  0.08    0.05    0.05 ^ SCK (in)
     1    0.02                           SCK (net)
                  0.08    0.00    0.05 ^ clkbuf_0_SCK/A (sky130_fd_sc_hd__clkbuf_16)
                  0.06    0.15    0.21 ^ clkbuf_0_SCK/X (sky130_fd_sc_hd__clkbuf_16)
     4    0.04                           clknet_0_SCK (net)
                  0.06    0.00    0.21 ^ clkbuf_2_0__f_SCK/A (sky130_fd_sc_hd__clkbuf_16)
                  0.05    0.13    0.34 ^ clkbuf_2_0__f_SCK/X (sky130_fd_sc_hd__clkbuf_16)
     9    0.03                           clknet_2_0__leaf_SCK (net)
                  0.05    0.00    0.34 ^ _480_/CLK (sky130_fd_sc_hd__dfrtp_1)
                  0.09    0.34    0.68 ^ _480_/Q (sky130_fd_sc_hd__dfrtp_1)
     3    0.01                           net27 (net)
                  0.09    0.00    0.68 ^ output27/A (sky130_fd_sc_hd__clkbuf_4)
                  0.11    0.19    0.87 ^ output27/X (sky130_fd_sc_hd__clkbuf_4)
     1    0.03                           odata[6] (net)
                  0.11    0.00    0.87 ^ odata[6] (out)
                                  0.87   data arrival time

                          0.00    0.00   clock SCK (rise edge)
                          0.00    0.00   clock network delay (propagated)
                          0.25    0.25   clock uncertainty
                          0.00    0.25   clock reconvergence pessimism
                         -2.00   -1.75   output external delay
                                 -1.75   data required time
-----------------------------------------------------------------------------
                                 -1.75   data required time
                                 -0.87   data arrival time
-----------------------------------------------------------------------------
                                  2.62   slack (MET)


Startpoint: _458_ (rising edge-triggered flip-flop clocked by SCK)
Endpoint: pass_thru_user_delay (output port clocked by SCK)
Path Group: SCK
Path Type: min

Fanout     Cap    Slew   Delay    Time   Description
-----------------------------------------------------------------------------
                          0.00    0.00   clock SCK (rise edge)
                          0.00    0.00   clock source latency
                  0.08    0.05    0.05 ^ SCK (in)
     1    0.02                           SCK (net)
                  0.08    0.00    0.05 ^ clkbuf_0_SCK/A (sky130_fd_sc_hd__clkbuf_16)
                  0.06    0.15    0.21 ^ clkbuf_0_SCK/X (sky130_fd_sc_hd__clkbuf_16)
     4    0.04                           clknet_0_SCK (net)
                  0.06    0.00    0.21 ^ clkbuf_2_2__f_SCK/A (sky130_fd_sc_hd__clkbuf_16)
                  0.05    0.14    0.34 ^ clkbuf_2_2__f_SCK/X (sky130_fd_sc_hd__clkbuf_16)
     9    0.03                           clknet_2_2__leaf_SCK (net)
                  0.05    0.00    0.34 ^ _458_/CLK (sky130_fd_sc_hd__dfrtp_1)
                  0.09    0.34    0.68 ^ _458_/Q (sky130_fd_sc_hd__dfrtp_1)
     3    0.01                           net33 (net)
                  0.09    0.00    0.68 ^ output33/A (sky130_fd_sc_hd__clkbuf_4)
                  0.11    0.19    0.88 ^ output33/X (sky130_fd_sc_hd__clkbuf_4)
     1    0.03                           pass_thru_user_delay (net)
                  0.11    0.00    0.88 ^ pass_thru_user_delay (out)
                                  0.88   data arrival time

                          0.00    0.00   clock SCK (rise edge)
                          0.00    0.00   clock network delay (propagated)
                          0.25    0.25   clock uncertainty
                          0.00    0.25   clock reconvergence pessimism
                         -2.00   -1.75   output external delay
                                 -1.75   data required time
-----------------------------------------------------------------------------
                                 -1.75   data required time
                                 -0.88   data arrival time
-----------------------------------------------------------------------------
                                  2.63   slack (MET)


Startpoint: _476_ (rising edge-triggered flip-flop clocked by SCK)
Endpoint: odata[2] (output port clocked by SCK)
Path Group: SCK
Path Type: min

Fanout     Cap    Slew   Delay    Time   Description
-----------------------------------------------------------------------------
                          0.00    0.00   clock SCK (rise edge)
                          0.00    0.00   clock source latency
                  0.08    0.05    0.05 ^ SCK (in)
     1    0.02                           SCK (net)
                  0.08    0.00    0.05 ^ clkbuf_0_SCK/A (sky130_fd_sc_hd__clkbuf_16)
                  0.06    0.15    0.21 ^ clkbuf_0_SCK/X (sky130_fd_sc_hd__clkbuf_16)
     4    0.04                           clknet_0_SCK (net)
                  0.06    0.00    0.21 ^ clkbuf_2_1__f_SCK/A (sky130_fd_sc_hd__clkbuf_16)
                  0.06    0.14    0.35 ^ clkbuf_2_1__f_SCK/X (sky130_fd_sc_hd__clkbuf_16)
    12    0.04                           clknet_2_1__leaf_SCK (net)
                  0.06    0.00    0.35 ^ _476_/CLK (sky130_fd_sc_hd__dfrtp_1)
                  0.09    0.35    0.70 ^ _476_/Q (sky130_fd_sc_hd__dfrtp_1)
     3    0.01                           net23 (net)
                  0.09    0.00    0.70 ^ output23/A (sky130_fd_sc_hd__clkbuf_4)
                  0.11    0.19    0.89 ^ output23/X (sky130_fd_sc_hd__clkbuf_4)
     1    0.03                           odata[2] (net)
                  0.11    0.00    0.89 ^ odata[2] (out)
                                  0.89   data arrival time

                          0.00    0.00   clock SCK (rise edge)
                          0.00    0.00   clock network delay (propagated)
                          0.25    0.25   clock uncertainty
                          0.00    0.25   clock reconvergence pessimism
                         -2.00   -1.75   output external delay
                                 -1.75   data required time
-----------------------------------------------------------------------------
                                 -1.75   data required time
                                 -0.89   data arrival time
-----------------------------------------------------------------------------
                                  2.64   slack (MET)


Startpoint: _475_ (rising edge-triggered flip-flop clocked by SCK)
Endpoint: odata[1] (output port clocked by SCK)
Path Group: SCK
Path Type: min

Fanout     Cap    Slew   Delay    Time   Description
-----------------------------------------------------------------------------
                          0.00    0.00   clock SCK (rise edge)
                          0.00    0.00   clock source latency
                  0.08    0.05    0.05 ^ SCK (in)
     1    0.02                           SCK (net)
                  0.08    0.00    0.05 ^ clkbuf_0_SCK/A (sky130_fd_sc_hd__clkbuf_16)
                  0.06    0.15    0.21 ^ clkbuf_0_SCK/X (sky130_fd_sc_hd__clkbuf_16)
     4    0.04                           clknet_0_SCK (net)
                  0.06    0.00    0.21 ^ clkbuf_2_1__f_SCK/A (sky130_fd_sc_hd__clkbuf_16)
                  0.06    0.14    0.35 ^ clkbuf_2_1__f_SCK/X (sky130_fd_sc_hd__clkbuf_16)
    12    0.04                           clknet_2_1__leaf_SCK (net)
                  0.06    0.00    0.35 ^ _475_/CLK (sky130_fd_sc_hd__dfrtp_1)
                  0.10    0.35    0.70 ^ _475_/Q (sky130_fd_sc_hd__dfrtp_1)
     3    0.01                           net22 (net)
                  0.10    0.00    0.70 ^ output22/A (sky130_fd_sc_hd__clkbuf_4)
                  0.11    0.19    0.89 ^ output22/X (sky130_fd_sc_hd__clkbuf_4)
     1    0.03                           odata[1] (net)
                  0.11    0.00    0.89 ^ odata[1] (out)
                                  0.89   data arrival time

                          0.00    0.00   clock SCK (rise edge)
                          0.00    0.00   clock network delay (propagated)
                          0.25    0.25   clock uncertainty
                          0.00    0.25   clock reconvergence pessimism
                         -2.00   -1.75   output external delay
                                 -1.75   data required time
-----------------------------------------------------------------------------
                                 -1.75   data required time
                                 -0.89   data arrival time
-----------------------------------------------------------------------------
                                  2.64   slack (MET)


Startpoint: _455_ (rising edge-triggered flip-flop clocked by SCK)
Endpoint: pass_thru_mgmt (output port clocked by SCK)
Path Group: SCK
Path Type: min

Fanout     Cap    Slew   Delay    Time   Description
-----------------------------------------------------------------------------
                          0.00    0.00   clock SCK (rise edge)
                          0.00    0.00   clock source latency
                  0.08    0.05    0.05 ^ SCK (in)
     1    0.02                           SCK (net)
                  0.08    0.00    0.05 ^ clkbuf_0_SCK/A (sky130_fd_sc_hd__clkbuf_16)
                  0.06    0.15    0.21 ^ clkbuf_0_SCK/X (sky130_fd_sc_hd__clkbuf_16)
     4    0.04                           clknet_0_SCK (net)
                  0.06    0.00    0.21 ^ clkbuf_2_3__f_SCK/A (sky130_fd_sc_hd__clkbuf_16)
                  0.04    0.13    0.33 ^ clkbuf_2_3__f_SCK/X (sky130_fd_sc_hd__clkbuf_16)
     6    0.02                           clknet_2_3__leaf_SCK (net)
                  0.04    0.00    0.33 ^ _455_/CLK (sky130_fd_sc_hd__dfrtp_1)
                  0.08    0.38    0.71 v _455_/Q (sky130_fd_sc_hd__dfrtp_1)
     2    0.01                           net29 (net)
                  0.08    0.00    0.71 v output29/A (sky130_fd_sc_hd__buf_2)
                  0.09    0.18    0.89 v output29/X (sky130_fd_sc_hd__buf_2)
     1    0.03                           pass_thru_mgmt (net)
                  0.09    0.00    0.90 v pass_thru_mgmt (out)
                                  0.90   data arrival time

                          0.00    0.00   clock SCK (rise edge)
                          0.00    0.00   clock network delay (propagated)
                          0.25    0.25   clock uncertainty
                          0.00    0.25   clock reconvergence pessimism
                         -2.00   -1.75   output external delay
                                 -1.75   data required time
-----------------------------------------------------------------------------
                                 -1.75   data required time
                                 -0.90   data arrival time
-----------------------------------------------------------------------------
                                  2.65   slack (MET)


Startpoint: _478_ (rising edge-triggered flip-flop clocked by SCK)
Endpoint: odata[4] (output port clocked by SCK)
Path Group: SCK
Path Type: min

Fanout     Cap    Slew   Delay    Time   Description
-----------------------------------------------------------------------------
                          0.00    0.00   clock SCK (rise edge)
                          0.00    0.00   clock source latency
                  0.08    0.05    0.05 ^ SCK (in)
     1    0.02                           SCK (net)
                  0.08    0.00    0.05 ^ clkbuf_0_SCK/A (sky130_fd_sc_hd__clkbuf_16)
                  0.06    0.15    0.21 ^ clkbuf_0_SCK/X (sky130_fd_sc_hd__clkbuf_16)
     4    0.04                           clknet_0_SCK (net)
                  0.06    0.00    0.21 ^ clkbuf_2_1__f_SCK/A (sky130_fd_sc_hd__clkbuf_16)
                  0.06    0.14    0.35 ^ clkbuf_2_1__f_SCK/X (sky130_fd_sc_hd__clkbuf_16)
    12    0.04                           clknet_2_1__leaf_SCK (net)
                  0.06    0.00    0.35 ^ _478_/CLK (sky130_fd_sc_hd__dfrtp_1)
                  0.09    0.34    0.69 ^ _478_/Q (sky130_fd_sc_hd__dfrtp_1)
     3    0.01                           net25 (net)
                  0.09    0.00    0.69 ^ output25/A (sky130_fd_sc_hd__buf_2)
                  0.17    0.20    0.90 ^ output25/X (sky130_fd_sc_hd__buf_2)
     1    0.03                           odata[4] (net)
                  0.17    0.00    0.90 ^ odata[4] (out)
                                  0.90   data arrival time

                          0.00    0.00   clock SCK (rise edge)
                          0.00    0.00   clock network delay (propagated)
                          0.25    0.25   clock uncertainty
                          0.00    0.25   clock reconvergence pessimism
                         -2.00   -1.75   output external delay
                                 -1.75   data required time
-----------------------------------------------------------------------------
                                 -1.75   data required time
                                 -0.90   data arrival time
-----------------------------------------------------------------------------
                                  2.65   slack (MET)


Startpoint: _454_ (rising edge-triggered flip-flop clocked by SCK)
Endpoint: rdstb (output port clocked by SCK)
Path Group: SCK
Path Type: min

Fanout     Cap    Slew   Delay    Time   Description
-----------------------------------------------------------------------------
                          0.00    0.00   clock SCK (rise edge)
                          0.00    0.00   clock source latency
                  0.08    0.05    0.05 ^ SCK (in)
     1    0.02                           SCK (net)
                  0.08    0.00    0.05 ^ clkbuf_0_SCK/A (sky130_fd_sc_hd__clkbuf_16)
                  0.06    0.15    0.21 ^ clkbuf_0_SCK/X (sky130_fd_sc_hd__clkbuf_16)
     4    0.04                           clknet_0_SCK (net)
                  0.06    0.00    0.21 ^ clkbuf_2_3__f_SCK/A (sky130_fd_sc_hd__clkbuf_16)
                  0.04    0.13    0.33 ^ clkbuf_2_3__f_SCK/X (sky130_fd_sc_hd__clkbuf_16)
     6    0.02                           clknet_2_3__leaf_SCK (net)
                  0.04    0.00    0.33 ^ _454_/CLK (sky130_fd_sc_hd__dfrtp_1)
                  0.09    0.38    0.72 v _454_/Q (sky130_fd_sc_hd__dfrtp_1)
     3    0.01                           net35 (net)
                  0.09    0.00    0.72 v output35/A (sky130_fd_sc_hd__clkbuf_4)
                  0.08    0.19    0.91 v output35/X (sky130_fd_sc_hd__clkbuf_4)
     1    0.03                           rdstb (net)
                  0.08    0.00    0.91 v rdstb (out)
                                  0.91   data arrival time

                          0.00    0.00   clock SCK (rise edge)
                          0.00    0.00   clock network delay (propagated)
                          0.25    0.25   clock uncertainty
                          0.00    0.25   clock reconvergence pessimism
                         -2.00   -1.75   output external delay
                                 -1.75   data required time
-----------------------------------------------------------------------------
                                 -1.75   data required time
                                 -0.91   data arrival time
-----------------------------------------------------------------------------
                                  2.66   slack (MET)


Startpoint: _456_ (rising edge-triggered flip-flop clocked by SCK)
Endpoint: pass_thru_mgmt_delay (output port clocked by SCK)
Path Group: SCK
Path Type: min

Fanout     Cap    Slew   Delay    Time   Description
-----------------------------------------------------------------------------
                          0.00    0.00   clock SCK (rise edge)
                          0.00    0.00   clock source latency
                  0.08    0.05    0.05 ^ SCK (in)
     1    0.02                           SCK (net)
                  0.08    0.00    0.05 ^ clkbuf_0_SCK/A (sky130_fd_sc_hd__clkbuf_16)
                  0.06    0.15    0.21 ^ clkbuf_0_SCK/X (sky130_fd_sc_hd__clkbuf_16)
     4    0.04                           clknet_0_SCK (net)
                  0.06    0.00    0.21 ^ clkbuf_2_3__f_SCK/A (sky130_fd_sc_hd__clkbuf_16)
                  0.04    0.13    0.33 ^ clkbuf_2_3__f_SCK/X (sky130_fd_sc_hd__clkbuf_16)
     6    0.02                           clknet_2_3__leaf_SCK (net)
                  0.04    0.00    0.33 ^ _456_/CLK (sky130_fd_sc_hd__dfrtp_1)
                  0.09    0.39    0.72 v _456_/Q (sky130_fd_sc_hd__dfrtp_1)
     3    0.02                           net30 (net)
                  0.09    0.00    0.73 v output30/A (sky130_fd_sc_hd__clkbuf_4)
                  0.08    0.19    0.92 v output30/X (sky130_fd_sc_hd__clkbuf_4)
     1    0.03                           pass_thru_mgmt_delay (net)
                  0.08    0.00    0.92 v pass_thru_mgmt_delay (out)
                                  0.92   data arrival time

                          0.00    0.00   clock SCK (rise edge)
                          0.00    0.00   clock network delay (propagated)
                          0.25    0.25   clock uncertainty
                          0.00    0.25   clock reconvergence pessimism
                         -2.00   -1.75   output external delay
                                 -1.75   data required time
-----------------------------------------------------------------------------
                                 -1.75   data required time
                                 -0.92   data arrival time
-----------------------------------------------------------------------------
                                  2.67   slack (MET)


Startpoint: _479_ (rising edge-triggered flip-flop clocked by SCK)
Endpoint: odata[5] (output port clocked by SCK)
Path Group: SCK
Path Type: min

Fanout     Cap    Slew   Delay    Time   Description
-----------------------------------------------------------------------------
                          0.00    0.00   clock SCK (rise edge)
                          0.00    0.00   clock source latency
                  0.08    0.05    0.05 ^ SCK (in)
     1    0.02                           SCK (net)
                  0.08    0.00    0.05 ^ clkbuf_0_SCK/A (sky130_fd_sc_hd__clkbuf_16)
                  0.06    0.15    0.21 ^ clkbuf_0_SCK/X (sky130_fd_sc_hd__clkbuf_16)
     4    0.04                           clknet_0_SCK (net)
                  0.06    0.00    0.21 ^ clkbuf_2_1__f_SCK/A (sky130_fd_sc_hd__clkbuf_16)
                  0.06    0.14    0.35 ^ clkbuf_2_1__f_SCK/X (sky130_fd_sc_hd__clkbuf_16)
    12    0.04                           clknet_2_1__leaf_SCK (net)
                  0.06    0.00    0.35 ^ _479_/CLK (sky130_fd_sc_hd__dfrtp_1)
                  0.09    0.40    0.75 v _479_/Q (sky130_fd_sc_hd__dfrtp_1)
     3    0.01                           net26 (net)
                  0.09    0.00    0.75 v output26/A (sky130_fd_sc_hd__clkbuf_4)
                  0.08    0.19    0.94 v output26/X (sky130_fd_sc_hd__clkbuf_4)
     1    0.03                           odata[5] (net)
                  0.08    0.00    0.94 v odata[5] (out)
                                  0.94   data arrival time

                          0.00    0.00   clock SCK (rise edge)
                          0.00    0.00   clock network delay (propagated)
                          0.25    0.25   clock uncertainty
                          0.00    0.25   clock reconvergence pessimism
                         -2.00   -1.75   output external delay
                                 -1.75   data required time
-----------------------------------------------------------------------------
                                 -1.75   data required time
                                 -0.94   data arrival time
-----------------------------------------------------------------------------
                                  2.69   slack (MET)


Startpoint: _477_ (rising edge-triggered flip-flop clocked by SCK)
Endpoint: odata[3] (output port clocked by SCK)
Path Group: SCK
Path Type: min

Fanout     Cap    Slew   Delay    Time   Description
-----------------------------------------------------------------------------
                          0.00    0.00   clock SCK (rise edge)
                          0.00    0.00   clock source latency
                  0.08    0.05    0.05 ^ SCK (in)
     1    0.02                           SCK (net)
                  0.08    0.00    0.05 ^ clkbuf_0_SCK/A (sky130_fd_sc_hd__clkbuf_16)
                  0.06    0.15    0.21 ^ clkbuf_0_SCK/X (sky130_fd_sc_hd__clkbuf_16)
     4    0.04                           clknet_0_SCK (net)
                  0.06    0.00    0.21 ^ clkbuf_2_1__f_SCK/A (sky130_fd_sc_hd__clkbuf_16)
                  0.06    0.14    0.35 ^ clkbuf_2_1__f_SCK/X (sky130_fd_sc_hd__clkbuf_16)
    12    0.04                           clknet_2_1__leaf_SCK (net)
                  0.06    0.00    0.35 ^ _477_/CLK (sky130_fd_sc_hd__dfrtp_1)
                  0.10    0.41    0.76 v _477_/Q (sky130_fd_sc_hd__dfrtp_1)
     3    0.02                           net24 (net)
                  0.10    0.00    0.76 v output24/A (sky130_fd_sc_hd__clkbuf_4)
                  0.08    0.20    0.95 v output24/X (sky130_fd_sc_hd__clkbuf_4)
     1    0.03                           odata[3] (net)
                  0.08    0.00    0.95 v odata[3] (out)
                                  0.95   data arrival time

                          0.00    0.00   clock SCK (rise edge)
                          0.00    0.00   clock network delay (propagated)
                          0.25    0.25   clock uncertainty
                          0.00    0.25   clock reconvergence pessimism
                         -2.00   -1.75   output external delay
                                 -1.75   data required time
-----------------------------------------------------------------------------
                                 -1.75   data required time
                                 -0.95   data arrival time
-----------------------------------------------------------------------------
                                  2.70   slack (MET)


Startpoint: _458_ (rising edge-triggered flip-flop clocked by SCK)
Endpoint: pass_thru_user_reset (output port clocked by SCK)
Path Group: SCK
Path Type: min

Fanout     Cap    Slew   Delay    Time   Description
-----------------------------------------------------------------------------
                          0.00    0.00   clock SCK (rise edge)
                          0.00    0.00   clock source latency
                  0.08    0.05    0.05 ^ SCK (in)
     1    0.02                           SCK (net)
                  0.08    0.00    0.05 ^ clkbuf_0_SCK/A (sky130_fd_sc_hd__clkbuf_16)
                  0.06    0.15    0.21 ^ clkbuf_0_SCK/X (sky130_fd_sc_hd__clkbuf_16)
     4    0.04                           clknet_0_SCK (net)
                  0.06    0.00    0.21 ^ clkbuf_2_2__f_SCK/A (sky130_fd_sc_hd__clkbuf_16)
                  0.05    0.14    0.34 ^ clkbuf_2_2__f_SCK/X (sky130_fd_sc_hd__clkbuf_16)
     9    0.03                           clknet_2_2__leaf_SCK (net)
                  0.05    0.00    0.34 ^ _458_/CLK (sky130_fd_sc_hd__dfrtp_1)
                  0.09    0.34    0.68 ^ _458_/Q (sky130_fd_sc_hd__dfrtp_1)
     3    0.01                           net33 (net)
                  0.09    0.00    0.68 ^ _400_/B (sky130_fd_sc_hd__or2_1)
                  0.04    0.10    0.78 ^ _400_/X (sky130_fd_sc_hd__or2_1)
     1    0.00                           _214_ (net)
                  0.04    0.00    0.78 ^ _401_/A (sky130_fd_sc_hd__clkbuf_1)
                  0.04    0.07    0.85 ^ _401_/X (sky130_fd_sc_hd__clkbuf_1)
     1    0.00                           net34 (net)
                  0.04    0.00    0.85 ^ output34/A (sky130_fd_sc_hd__clkbuf_4)
                  0.11    0.18    1.03 ^ output34/X (sky130_fd_sc_hd__clkbuf_4)
     1    0.03                           pass_thru_user_reset (net)
                  0.11    0.00    1.03 ^ pass_thru_user_reset (out)
                                  1.03   data arrival time

                          0.00    0.00   clock SCK (rise edge)
                          0.00    0.00   clock network delay (propagated)
                          0.25    0.25   clock uncertainty
                          0.00    0.25   clock reconvergence pessimism
                         -2.00   -1.75   output external delay
                                 -1.75   data required time
-----------------------------------------------------------------------------
                                 -1.75   data required time
                                 -1.03   data arrival time
-----------------------------------------------------------------------------
                                  2.78   slack (MET)


Startpoint: _465_ (rising edge-triggered flip-flop clocked by SCK)
Endpoint: oaddr[6] (output port clocked by SCK)
Path Group: SCK
Path Type: min

Fanout     Cap    Slew   Delay    Time   Description
-----------------------------------------------------------------------------
                          0.00    0.00   clock SCK (rise edge)
                          0.00    0.00   clock source latency
                  0.08    0.05    0.05 ^ SCK (in)
     1    0.02                           SCK (net)
                  0.08    0.00    0.05 ^ clkbuf_0_SCK/A (sky130_fd_sc_hd__clkbuf_16)
                  0.06    0.15    0.21 ^ clkbuf_0_SCK/X (sky130_fd_sc_hd__clkbuf_16)
     4    0.04                           clknet_0_SCK (net)
                  0.06    0.00    0.21 ^ clkbuf_2_0__f_SCK/A (sky130_fd_sc_hd__clkbuf_16)
                  0.05    0.13    0.34 ^ clkbuf_2_0__f_SCK/X (sky130_fd_sc_hd__clkbuf_16)
     9    0.03                           clknet_2_0__leaf_SCK (net)
                  0.05    0.00    0.34 ^ _465_/CLK (sky130_fd_sc_hd__dfrtp_1)
                  0.15    0.38    0.72 ^ _465_/Q (sky130_fd_sc_hd__dfrtp_1)
     5    0.02                           addr[6] (net)
                  0.15    0.00    0.72 ^ _397_/A1 (sky130_fd_sc_hd__a21bo_1)
                  0.06    0.14    0.86 ^ _397_/X (sky130_fd_sc_hd__a21bo_1)
     1    0.01                           net19 (net)
                  0.06    0.00    0.86 ^ output19/A (sky130_fd_sc_hd__clkbuf_4)
                  0.12    0.18    1.05 ^ output19/X (sky130_fd_sc_hd__clkbuf_4)
     1    0.04                           oaddr[6] (net)
                  0.12    0.00    1.05 ^ oaddr[6] (out)
                                  1.05   data arrival time

                          0.00    0.00   clock SCK (rise edge)
                          0.00    0.00   clock network delay (propagated)
                          0.25    0.25   clock uncertainty
                          0.00    0.25   clock reconvergence pessimism
                         -2.00   -1.75   output external delay
                                 -1.75   data required time
-----------------------------------------------------------------------------
                                 -1.75   data required time
                                 -1.05   data arrival time
-----------------------------------------------------------------------------
                                  2.80   slack (MET)


Startpoint: _459_ (rising edge-triggered flip-flop clocked by SCK)
Endpoint: oaddr[1] (output port clocked by SCK)
Path Group: SCK
Path Type: min

Fanout     Cap    Slew   Delay    Time   Description
-----------------------------------------------------------------------------
                          0.00    0.00   clock SCK (rise edge)
                          0.00    0.00   clock source latency
                  0.08    0.05    0.05 ^ SCK (in)
     1    0.02                           SCK (net)
                  0.08    0.00    0.05 ^ clkbuf_0_SCK/A (sky130_fd_sc_hd__clkbuf_16)
                  0.06    0.15    0.21 ^ clkbuf_0_SCK/X (sky130_fd_sc_hd__clkbuf_16)
     4    0.04                           clknet_0_SCK (net)
                  0.06    0.00    0.21 ^ clkbuf_2_2__f_SCK/A (sky130_fd_sc_hd__clkbuf_16)
                  0.05    0.14    0.34 ^ clkbuf_2_2__f_SCK/X (sky130_fd_sc_hd__clkbuf_16)
     9    0.03                           clknet_2_2__leaf_SCK (net)
                  0.05    0.00    0.34 ^ _459_/CLK (sky130_fd_sc_hd__dfrtp_4)
                  0.09    0.49    0.83 v _459_/Q (sky130_fd_sc_hd__dfrtp_4)
     8    0.03                           addr[0] (net)
                  0.09    0.00    0.83 v _362_/A (sky130_fd_sc_hd__inv_2)
                  0.04    0.06    0.90 ^ _362_/Y (sky130_fd_sc_hd__inv_2)
     2    0.01                           _196_ (net)
                  0.04    0.00    0.90 ^ _388_/A1 (sky130_fd_sc_hd__o21ai_1)
                  0.05    0.07    0.97 v _388_/Y (sky130_fd_sc_hd__o21ai_1)
     1    0.01                           net14 (net)
                  0.05    0.00    0.97 v output14/A (sky130_fd_sc_hd__clkbuf_4)
                  0.08    0.18    1.14 v output14/X (sky130_fd_sc_hd__clkbuf_4)
     1    0.03                           oaddr[1] (net)
                  0.08    0.00    1.14 v oaddr[1] (out)
                                  1.14   data arrival time

                          0.00    0.00   clock SCK (rise edge)
                          0.00    0.00   clock network delay (propagated)
                          0.25    0.25   clock uncertainty
                          0.00    0.25   clock reconvergence pessimism
                         -2.00   -1.75   output external delay
                                 -1.75   data required time
-----------------------------------------------------------------------------
                                 -1.75   data required time
                                 -1.14   data arrival time
-----------------------------------------------------------------------------
                                  2.89   slack (MET)


Startpoint: _456_ (rising edge-triggered flip-flop clocked by SCK)
Endpoint: pass_thru_mgmt_reset (output port clocked by SCK)
Path Group: SCK
Path Type: min

Fanout     Cap    Slew   Delay    Time   Description
-----------------------------------------------------------------------------
                          0.00    0.00   clock SCK (rise edge)
                          0.00    0.00   clock source latency
                  0.08    0.05    0.05 ^ SCK (in)
     1    0.02                           SCK (net)
                  0.08    0.00    0.05 ^ clkbuf_0_SCK/A (sky130_fd_sc_hd__clkbuf_16)
                  0.06    0.15    0.21 ^ clkbuf_0_SCK/X (sky130_fd_sc_hd__clkbuf_16)
     4    0.04                           clknet_0_SCK (net)
                  0.06    0.00    0.21 ^ clkbuf_2_3__f_SCK/A (sky130_fd_sc_hd__clkbuf_16)
                  0.04    0.13    0.33 ^ clkbuf_2_3__f_SCK/X (sky130_fd_sc_hd__clkbuf_16)
     6    0.02                           clknet_2_3__leaf_SCK (net)
                  0.04    0.00    0.33 ^ _456_/CLK (sky130_fd_sc_hd__dfrtp_1)
                  0.15    0.38    0.71 ^ _456_/Q (sky130_fd_sc_hd__dfrtp_1)
     3    0.02                           net30 (net)
                  0.15    0.00    0.71 ^ _398_/B (sky130_fd_sc_hd__or2_1)
                  0.10    0.16    0.87 ^ _398_/X (sky130_fd_sc_hd__or2_1)
     1    0.01                           _213_ (net)
                  0.10    0.00    0.87 ^ _399_/A (sky130_fd_sc_hd__clkbuf_1)
                  0.04    0.09    0.96 ^ _399_/X (sky130_fd_sc_hd__clkbuf_1)
     1    0.00                           net31 (net)
                  0.04    0.00    0.96 ^ output31/A (sky130_fd_sc_hd__buf_2)
                  0.17    0.19    1.14 ^ output31/X (sky130_fd_sc_hd__buf_2)
     1    0.03                           pass_thru_mgmt_reset (net)
                  0.17    0.00    1.14 ^ pass_thru_mgmt_reset (out)
                                  1.14   data arrival time

                          0.00    0.00   clock SCK (rise edge)
                          0.00    0.00   clock network delay (propagated)
                          0.25    0.25   clock uncertainty
                          0.00    0.25   clock reconvergence pessimism
                         -2.00   -1.75   output external delay
                                 -1.75   data required time
-----------------------------------------------------------------------------
                                 -1.75   data required time
                                 -1.14   data arrival time
-----------------------------------------------------------------------------
                                  2.89   slack (MET)


Startpoint: _465_ (rising edge-triggered flip-flop clocked by SCK)
Endpoint: oaddr[7] (output port clocked by SCK)
Path Group: SCK
Path Type: min

Fanout     Cap    Slew   Delay    Time   Description
-----------------------------------------------------------------------------
                          0.00    0.00   clock SCK (rise edge)
                          0.00    0.00   clock source latency
                  0.08    0.05    0.05 ^ SCK (in)
     1    0.02                           SCK (net)
                  0.08    0.00    0.05 ^ clkbuf_0_SCK/A (sky130_fd_sc_hd__clkbuf_16)
                  0.06    0.15    0.21 ^ clkbuf_0_SCK/X (sky130_fd_sc_hd__clkbuf_16)
     4    0.04                           clknet_0_SCK (net)
                  0.06    0.00    0.21 ^ clkbuf_2_0__f_SCK/A (sky130_fd_sc_hd__clkbuf_16)
                  0.05    0.13    0.34 ^ clkbuf_2_0__f_SCK/X (sky130_fd_sc_hd__clkbuf_16)
     9    0.03                           clknet_2_0__leaf_SCK (net)
                  0.05    0.00    0.34 ^ _465_/CLK (sky130_fd_sc_hd__dfrtp_1)
                  0.15    0.38    0.72 ^ _465_/Q (sky130_fd_sc_hd__dfrtp_1)
     5    0.02                           addr[6] (net)
                  0.15    0.00    0.72 ^ _322_/A1 (sky130_fd_sc_hd__a21bo_1)
                  0.04    0.12    0.84 ^ _322_/X (sky130_fd_sc_hd__a21bo_1)
     1    0.00                           _164_ (net)
                  0.04    0.00    0.84 ^ _323_/A (sky130_fd_sc_hd__clkbuf_1)
                  0.10    0.11    0.96 ^ _323_/X (sky130_fd_sc_hd__clkbuf_1)
     2    0.01                           net20 (net)
                  0.10    0.00    0.96 ^ output20/A (sky130_fd_sc_hd__clkbuf_4)
                  0.11    0.20    1.15 ^ output20/X (sky130_fd_sc_hd__clkbuf_4)
     1    0.03                           oaddr[7] (net)
                  0.11    0.00    1.15 ^ oaddr[7] (out)
                                  1.15   data arrival time

                          0.00    0.00   clock SCK (rise edge)
                          0.00    0.00   clock network delay (propagated)
                          0.25    0.25   clock uncertainty
                          0.00    0.25   clock reconvergence pessimism
                         -2.00   -1.75   output external delay
                                 -1.75   data required time
-----------------------------------------------------------------------------
                                 -1.75   data required time
                                 -1.15   data arrival time
-----------------------------------------------------------------------------
                                  2.90   slack (MET)


Startpoint: _464_ (rising edge-triggered flip-flop clocked by SCK)
Endpoint: oaddr[5] (output port clocked by SCK)
Path Group: SCK
Path Type: min

Fanout     Cap    Slew   Delay    Time   Description
-----------------------------------------------------------------------------
                          0.00    0.00   clock SCK (rise edge)
                          0.00    0.00   clock source latency
                  0.08    0.05    0.05 ^ SCK (in)
     1    0.02                           SCK (net)
                  0.08    0.00    0.05 ^ clkbuf_0_SCK/A (sky130_fd_sc_hd__clkbuf_16)
                  0.06    0.15    0.21 ^ clkbuf_0_SCK/X (sky130_fd_sc_hd__clkbuf_16)
     4    0.04                           clknet_0_SCK (net)
                  0.06    0.00    0.21 ^ clkbuf_2_0__f_SCK/A (sky130_fd_sc_hd__clkbuf_16)
                  0.05    0.13    0.34 ^ clkbuf_2_0__f_SCK/X (sky130_fd_sc_hd__clkbuf_16)
     9    0.03                           clknet_2_0__leaf_SCK (net)
                  0.05    0.00    0.34 ^ _464_/CLK (sky130_fd_sc_hd__dfrtp_2)
                  0.11    0.38    0.73 ^ _464_/Q (sky130_fd_sc_hd__dfrtp_2)
     7    0.02                           addr[5] (net)
                  0.11    0.00    0.73 ^ _395_/A0 (sky130_fd_sc_hd__mux2_1)
                  0.08    0.16    0.89 ^ _395_/X (sky130_fd_sc_hd__mux2_1)
     1    0.01                           _212_ (net)
                  0.08    0.00    0.89 ^ _396_/A (sky130_fd_sc_hd__clkbuf_1)
                  0.04    0.09    0.97 ^ _396_/X (sky130_fd_sc_hd__clkbuf_1)
     1    0.00                           net18 (net)
                  0.04    0.00    0.97 ^ output18/A (sky130_fd_sc_hd__clkbuf_4)
                  0.12    0.18    1.15 ^ output18/X (sky130_fd_sc_hd__clkbuf_4)
     1    0.04                           oaddr[5] (net)
                  0.12    0.00    1.15 ^ oaddr[5] (out)
                                  1.15   data arrival time

                          0.00    0.00   clock SCK (rise edge)
                          0.00    0.00   clock network delay (propagated)
                          0.25    0.25   clock uncertainty
                          0.00    0.25   clock reconvergence pessimism
                         -2.00   -1.75   output external delay
                                 -1.75   data required time
-----------------------------------------------------------------------------
                                 -1.75   data required time
                                 -1.15   data arrival time
-----------------------------------------------------------------------------
                                  2.90   slack (MET)


Startpoint: _459_ (rising edge-triggered flip-flop clocked by SCK)
Endpoint: oaddr[0] (output port clocked by SCK)
Path Group: SCK
Path Type: min

Fanout     Cap    Slew   Delay    Time   Description
-----------------------------------------------------------------------------
                          0.00    0.00   clock SCK (rise edge)
                          0.00    0.00   clock source latency
                  0.08    0.05    0.05 ^ SCK (in)
     1    0.02                           SCK (net)
                  0.08    0.00    0.05 ^ clkbuf_0_SCK/A (sky130_fd_sc_hd__clkbuf_16)
                  0.06    0.15    0.21 ^ clkbuf_0_SCK/X (sky130_fd_sc_hd__clkbuf_16)
     4    0.04                           clknet_0_SCK (net)
                  0.06    0.00    0.21 ^ clkbuf_2_2__f_SCK/A (sky130_fd_sc_hd__clkbuf_16)
                  0.05    0.14    0.34 ^ clkbuf_2_2__f_SCK/X (sky130_fd_sc_hd__clkbuf_16)
     9    0.03                           clknet_2_2__leaf_SCK (net)
                  0.05    0.00    0.34 ^ _459_/CLK (sky130_fd_sc_hd__dfrtp_4)
                  0.11    0.43    0.78 ^ _459_/Q (sky130_fd_sc_hd__dfrtp_4)
     8    0.03                           addr[0] (net)
                  0.11    0.00    0.78 ^ _386_/A0 (sky130_fd_sc_hd__mux2_1)
                  0.04    0.13    0.91 ^ _386_/X (sky130_fd_sc_hd__mux2_1)
     1    0.00                           _208_ (net)
                  0.04    0.00    0.91 ^ _387_/A (sky130_fd_sc_hd__clkbuf_1)
                  0.05    0.08    0.98 ^ _387_/X (sky130_fd_sc_hd__clkbuf_1)
     1    0.00                           net13 (net)
                  0.05    0.00    0.98 ^ output13/A (sky130_fd_sc_hd__clkbuf_4)
                  0.11    0.18    1.16 ^ output13/X (sky130_fd_sc_hd__clkbuf_4)
     1    0.03                           oaddr[0] (net)
                  0.11    0.00    1.16 ^ oaddr[0] (out)
                                  1.16   data arrival time

                          0.00    0.00   clock SCK (rise edge)
                          0.00    0.00   clock network delay (propagated)
                          0.25    0.25   clock uncertainty
                          0.00    0.25   clock reconvergence pessimism
                         -2.00   -1.75   output external delay
                                 -1.75   data required time
-----------------------------------------------------------------------------
                                 -1.75   data required time
                                 -1.16   data arrival time
-----------------------------------------------------------------------------
                                  2.91   slack (MET)


Startpoint: _462_ (rising edge-triggered flip-flop clocked by SCK)
Endpoint: oaddr[4] (output port clocked by SCK)
Path Group: SCK
Path Type: min

Fanout     Cap    Slew   Delay    Time   Description
-----------------------------------------------------------------------------
                          0.00    0.00   clock SCK (rise edge)
                          0.00    0.00   clock source latency
                  0.08    0.05    0.05 ^ SCK (in)
     1    0.02                           SCK (net)
                  0.08    0.00    0.05 ^ clkbuf_0_SCK/A (sky130_fd_sc_hd__clkbuf_16)
                  0.06    0.15    0.21 ^ clkbuf_0_SCK/X (sky130_fd_sc_hd__clkbuf_16)
     4    0.04                           clknet_0_SCK (net)
                  0.06    0.00    0.21 ^ clkbuf_2_2__f_SCK/A (sky130_fd_sc_hd__clkbuf_16)
                  0.05    0.14    0.34 ^ clkbuf_2_2__f_SCK/X (sky130_fd_sc_hd__clkbuf_16)
     9    0.03                           clknet_2_2__leaf_SCK (net)
                  0.05    0.00    0.34 ^ _462_/CLK (sky130_fd_sc_hd__dfrtp_2)
                  0.11    0.38    0.72 ^ _462_/Q (sky130_fd_sc_hd__dfrtp_2)
     6    0.02                           addr[3] (net)
                  0.11    0.00    0.73 ^ _393_/A1 (sky130_fd_sc_hd__mux2_1)
                  0.09    0.17    0.89 ^ _393_/X (sky130_fd_sc_hd__mux2_1)
     1    0.01                           _211_ (net)
                  0.09    0.00    0.90 ^ _394_/A (sky130_fd_sc_hd__clkbuf_1)
                  0.04    0.08    0.98 ^ _394_/X (sky130_fd_sc_hd__clkbuf_1)
     1    0.00                           net17 (net)
                  0.04    0.00    0.98 ^ output17/A (sky130_fd_sc_hd__buf_2)
                  0.17    0.18    1.16 ^ output17/X (sky130_fd_sc_hd__buf_2)
     1    0.03                           oaddr[4] (net)
                  0.17    0.00    1.16 ^ oaddr[4] (out)
                                  1.16   data arrival time

                          0.00    0.00   clock SCK (rise edge)
                          0.00    0.00   clock network delay (propagated)
                          0.25    0.25   clock uncertainty
                          0.00    0.25   clock reconvergence pessimism
                         -2.00   -1.75   output external delay
                                 -1.75   data required time
-----------------------------------------------------------------------------
                                 -1.75   data required time
                                 -1.16   data arrival time
-----------------------------------------------------------------------------
                                  2.91   slack (MET)


Startpoint: _462_ (rising edge-triggered flip-flop clocked by SCK)
Endpoint: oaddr[3] (output port clocked by SCK)
Path Group: SCK
Path Type: min

Fanout     Cap    Slew   Delay    Time   Description
-----------------------------------------------------------------------------
                          0.00    0.00   clock SCK (rise edge)
                          0.00    0.00   clock source latency
                  0.08    0.05    0.05 ^ SCK (in)
     1    0.02                           SCK (net)
                  0.08    0.00    0.05 ^ clkbuf_0_SCK/A (sky130_fd_sc_hd__clkbuf_16)
                  0.06    0.15    0.21 ^ clkbuf_0_SCK/X (sky130_fd_sc_hd__clkbuf_16)
     4    0.04                           clknet_0_SCK (net)
                  0.06    0.00    0.21 ^ clkbuf_2_2__f_SCK/A (sky130_fd_sc_hd__clkbuf_16)
                  0.05    0.14    0.34 ^ clkbuf_2_2__f_SCK/X (sky130_fd_sc_hd__clkbuf_16)
     9    0.03                           clknet_2_2__leaf_SCK (net)
                  0.05    0.00    0.34 ^ _462_/CLK (sky130_fd_sc_hd__dfrtp_2)
                  0.11    0.38    0.72 ^ _462_/Q (sky130_fd_sc_hd__dfrtp_2)
     6    0.02                           addr[3] (net)
                  0.11    0.00    0.73 ^ _391_/A0 (sky130_fd_sc_hd__mux2_1)
                  0.11    0.19    0.91 ^ _391_/X (sky130_fd_sc_hd__mux2_1)
     1    0.01                           _210_ (net)
                  0.11    0.00    0.91 ^ _392_/A (sky130_fd_sc_hd__clkbuf_1)
                  0.04    0.09    1.00 ^ _392_/X (sky130_fd_sc_hd__clkbuf_1)
     1    0.00                           net16 (net)
                  0.04    0.00    1.00 ^ output16/A (sky130_fd_sc_hd__clkbuf_4)
                  0.11    0.17    1.18 ^ output16/X (sky130_fd_sc_hd__clkbuf_4)
     1    0.03                           oaddr[3] (net)
                  0.11    0.00    1.18 ^ oaddr[3] (out)
                                  1.18   data arrival time

                          0.00    0.00   clock SCK (rise edge)
                          0.00    0.00   clock network delay (propagated)
                          0.25    0.25   clock uncertainty
                          0.00    0.25   clock reconvergence pessimism
                         -2.00   -1.75   output external delay
                                 -1.75   data required time
-----------------------------------------------------------------------------
                                 -1.75   data required time
                                 -1.18   data arrival time
-----------------------------------------------------------------------------
                                  2.93   slack (MET)


Startpoint: _461_ (rising edge-triggered flip-flop clocked by SCK)
Endpoint: oaddr[2] (output port clocked by SCK)
Path Group: SCK
Path Type: min

Fanout     Cap    Slew   Delay    Time   Description
-----------------------------------------------------------------------------
                          0.00    0.00   clock SCK (rise edge)
                          0.00    0.00   clock source latency
                  0.08    0.05    0.05 ^ SCK (in)
     1    0.02                           SCK (net)
                  0.08    0.00    0.05 ^ clkbuf_0_SCK/A (sky130_fd_sc_hd__clkbuf_16)
                  0.06    0.15    0.21 ^ clkbuf_0_SCK/X (sky130_fd_sc_hd__clkbuf_16)
     4    0.04                           clknet_0_SCK (net)
                  0.06    0.00    0.21 ^ clkbuf_2_2__f_SCK/A (sky130_fd_sc_hd__clkbuf_16)
                  0.05    0.14    0.34 ^ clkbuf_2_2__f_SCK/X (sky130_fd_sc_hd__clkbuf_16)
     9    0.03                           clknet_2_2__leaf_SCK (net)
                  0.05    0.00    0.34 ^ _461_/CLK (sky130_fd_sc_hd__dfrtp_4)
                  0.10    0.43    0.77 ^ _461_/Q (sky130_fd_sc_hd__dfrtp_4)
     8    0.02                           addr[2] (net)
                  0.10    0.00    0.77 ^ _389_/A0 (sky130_fd_sc_hd__mux2_1)
                  0.11    0.18    0.95 ^ _389_/X (sky130_fd_sc_hd__mux2_1)
     1    0.01                           _209_ (net)
                  0.11    0.00    0.95 ^ _390_/A (sky130_fd_sc_hd__buf_1)
                  0.11    0.14    1.09 ^ _390_/X (sky130_fd_sc_hd__buf_1)
     1    0.01                           net15 (net)
                  0.11    0.00    1.09 ^ output15/A (sky130_fd_sc_hd__clkbuf_4)
                  0.11    0.20    1.29 ^ output15/X (sky130_fd_sc_hd__clkbuf_4)
     1    0.03                           oaddr[2] (net)
                  0.11    0.00    1.29 ^ oaddr[2] (out)
                                  1.29   data arrival time

                          0.00    0.00   clock SCK (rise edge)
                          0.00    0.00   clock network delay (propagated)
                          0.25    0.25   clock uncertainty
                          0.00    0.25   clock reconvergence pessimism
                         -2.00   -1.75   output external delay
                                 -1.75   data required time
-----------------------------------------------------------------------------
                                 -1.75   data required time
                                 -1.29   data arrival time
-----------------------------------------------------------------------------
                                  3.04   slack (MET)


Startpoint: SDI (input port clocked by SCK)
Endpoint: odata[0] (output port clocked by SCK)
Path Group: SCK
Path Type: min

Fanout     Cap    Slew   Delay    Time   Description
-----------------------------------------------------------------------------
                          0.00    0.00   clock SCK (rise edge)
                          0.00    0.00   clock network delay (propagated)
                          2.00    2.00 v input external delay
                  0.01    0.00    2.00 v SDI (in)
     1    0.00                           SDI (net)
                  0.01    0.00    2.00 v input2/A (sky130_fd_sc_hd__buf_2)
                  0.10    0.17    2.17 v input2/X (sky130_fd_sc_hd__buf_2)
     8    0.04                           net2 (net)
                  0.11    0.00    2.17 v _499_/A (sky130_fd_sc_hd__clkbuf_1)
                  0.02    0.11    2.28 v _499_/X (sky130_fd_sc_hd__clkbuf_1)
     1    0.00                           net21 (net)
                  0.02    0.00    2.28 v output21/A (sky130_fd_sc_hd__clkbuf_4)
                  0.08    0.16    2.44 v output21/X (sky130_fd_sc_hd__clkbuf_4)
     1    0.03                           odata[0] (net)
                  0.08    0.00    2.44 v odata[0] (out)
                                  2.44   data arrival time

                          0.00    0.00   clock SCK (rise edge)
                          0.00    0.00   clock network delay (propagated)
                          0.25    0.25   clock uncertainty
                          0.00    0.25   clock reconvergence pessimism
                         -2.00   -1.75   output external delay
                                 -1.75   data required time
-----------------------------------------------------------------------------
                                 -1.75   data required time
                                 -2.44   data arrival time
-----------------------------------------------------------------------------
                                  4.19   slack (MET)


Startpoint: _487_ (rising edge-triggered flip-flop clocked by SCK)
Endpoint: _483_ (rising edge-triggered flip-flop clocked by SCK')
Path Group: SCK
Path Type: min

Fanout     Cap    Slew   Delay    Time   Description
-----------------------------------------------------------------------------
                         10.00   10.00   clock SCK (rise edge)
                          0.00   10.00   clock source latency
                  0.08    0.05   10.05 ^ SCK (in)
     1    0.02                           SCK (net)
                  0.08    0.00   10.05 ^ clkbuf_0_SCK/A (sky130_fd_sc_hd__clkbuf_16)
                  0.06    0.15   10.21 ^ clkbuf_0_SCK/X (sky130_fd_sc_hd__clkbuf_16)
     4    0.04                           clknet_0_SCK (net)
                  0.06    0.00   10.21 ^ clkbuf_2_2__f_SCK/A (sky130_fd_sc_hd__clkbuf_16)
                  0.05    0.14   10.34 ^ clkbuf_2_2__f_SCK/X (sky130_fd_sc_hd__clkbuf_16)
     9    0.03                           clknet_2_2__leaf_SCK (net)
                  0.05    0.00   10.34 ^ _487_/CLK (sky130_fd_sc_hd__dfrtp_1)
                  0.10    0.34   10.69 ^ _487_/Q (sky130_fd_sc_hd__dfrtp_1)
     3    0.01                           state[1] (net)
                  0.10    0.00   10.69 ^ _384_/B (sky130_fd_sc_hd__nor2_1)
                  0.03    0.05   10.73 v _384_/Y (sky130_fd_sc_hd__nor2_1)
     1    0.00                           _207_ (net)
                  0.03    0.00   10.73 v _385_/A2 (sky130_fd_sc_hd__o21a_1)
                  0.03    0.15   10.89 v _385_/X (sky130_fd_sc_hd__o21a_1)
     1    0.00                           _000_ (net)
                  0.03    0.00   10.89 v _483_/D (sky130_fd_sc_hd__dfstp_1)
                                 10.89   data arrival time

                          5.00    5.00   clock SCK' (rise edge)
                          0.00    5.00   clock source latency
                  0.04    0.03    5.03 v SCK (in)
     1    0.02                           SCK (net)
                  0.04    0.00    5.03 v clkbuf_0_SCK/A (sky130_fd_sc_hd__clkbuf_16)
                  0.05    0.16    5.19 v clkbuf_0_SCK/X (sky130_fd_sc_hd__clkbuf_16)
     4    0.04                           clknet_0_SCK (net)
                  0.05    0.00    5.19 v clkbuf_2_3__f_SCK/A (sky130_fd_sc_hd__clkbuf_16)
                  0.03    0.15    5.35 v clkbuf_2_3__f_SCK/X (sky130_fd_sc_hd__clkbuf_16)
     6    0.02                           clknet_2_3__leaf_SCK (net)
                  0.03    0.00    5.35 v _437_/A (sky130_fd_sc_hd__buf_1)
                  0.06    0.11    5.46 v _437_/X (sky130_fd_sc_hd__buf_1)
     1    0.01                           _221_ (net)
                  0.06    0.00    5.46 v clkbuf_0__221_/A (sky130_fd_sc_hd__clkbuf_16)
                  0.03    0.16    5.62 v clkbuf_0__221_/X (sky130_fd_sc_hd__clkbuf_16)
     2    0.02                           clknet_0__221_ (net)
                  0.03    0.00    5.62 v clkbuf_1_1__f__221_/A (sky130_fd_sc_hd__clkbuf_16)
                  0.04    0.16    5.78 v clkbuf_1_1__f__221_/X (sky130_fd_sc_hd__clkbuf_16)
     6    0.03                           clknet_1_1__leaf__221_ (net)
                  0.04    0.00    5.78 v _438__1/A (sky130_fd_sc_hd__inv_2)
                  0.02    0.04    5.82 ^ _438__1/Y (sky130_fd_sc_hd__inv_2)
     1    0.00                           net39 (net)
                  0.02    0.00    5.82 ^ _483_/CLK (sky130_fd_sc_hd__dfstp_1)
                          0.25    6.07   clock uncertainty
                         -0.02    6.05   clock reconvergence pessimism
                         -0.01    6.04   library hold time
                                  6.04   data required time
-----------------------------------------------------------------------------
                                  6.04   data required time
                                -10.89   data arrival time
-----------------------------------------------------------------------------
                                  4.85   slack (MET)


Startpoint: CSB (input port clocked by SCK)
Endpoint: _492_ (removal check against rising-edge clock SCK')
Path Group: asynchronous
Path Type: min

Fanout     Cap    Slew   Delay    Time   Description
-----------------------------------------------------------------------------
                         10.00   10.00   clock SCK (rise edge)
                          0.00   10.00   clock network delay (propagated)
                          2.00   12.00 v input external delay
                  0.01    0.00   12.00 v CSB (in)
     1    0.00                           CSB (net)
                  0.01    0.00   12.00 v input1/A (sky130_fd_sc_hd__clkbuf_1)
                  0.02    0.06   12.07 v input1/X (sky130_fd_sc_hd__clkbuf_1)
     1    0.00                           net1 (net)
                  0.02    0.00   12.07 v _224_/A (sky130_fd_sc_hd__buf_2)
                  0.09    0.16   12.23 v _224_/X (sky130_fd_sc_hd__buf_2)
     9    0.04                           _102_ (net)
                  0.09    0.00   12.24 v _225_/A (sky130_fd_sc_hd__clkbuf_4)
                  0.09    0.20   12.44 v _225_/X (sky130_fd_sc_hd__clkbuf_4)
    10    0.04                           _103_ (net)
                  0.09    0.00   12.44 v _253_/B (sky130_fd_sc_hd__nor2_1)
                  0.09    0.11   12.55 ^ _253_/Y (sky130_fd_sc_hd__nor2_1)
     1    0.00                           _047_ (net)
                  0.09    0.00   12.55 ^ _492_/RESET_B (sky130_fd_sc_hd__dfrtp_1)
                                 12.55   data arrival time

                          5.00    5.00   clock SCK' (rise edge)
                          0.00    5.00   clock source latency
                  0.04    0.03    5.03 v SCK (in)
     1    0.02                           SCK (net)
                  0.04    0.00    5.03 v clkbuf_0_SCK/A (sky130_fd_sc_hd__clkbuf_16)
                  0.05    0.16    5.19 v clkbuf_0_SCK/X (sky130_fd_sc_hd__clkbuf_16)
     4    0.04                           clknet_0_SCK (net)
                  0.05    0.00    5.19 v clkbuf_2_3__f_SCK/A (sky130_fd_sc_hd__clkbuf_16)
                  0.03    0.15    5.35 v clkbuf_2_3__f_SCK/X (sky130_fd_sc_hd__clkbuf_16)
     6    0.02                           clknet_2_3__leaf_SCK (net)
                  0.03    0.00    5.35 v _437_/A (sky130_fd_sc_hd__buf_1)
                  0.06    0.11    5.46 v _437_/X (sky130_fd_sc_hd__buf_1)
     1    0.01                           _221_ (net)
                  0.06    0.00    5.46 v clkbuf_0__221_/A (sky130_fd_sc_hd__clkbuf_16)
                  0.03    0.16    5.62 v clkbuf_0__221_/X (sky130_fd_sc_hd__clkbuf_16)
     2    0.02                           clknet_0__221_ (net)
                  0.03    0.00    5.62 v clkbuf_1_1__f__221_/A (sky130_fd_sc_hd__clkbuf_16)
                  0.04    0.16    5.78 v clkbuf_1_1__f__221_/X (sky130_fd_sc_hd__clkbuf_16)
     6    0.03                           clknet_1_1__leaf__221_ (net)
                  0.04    0.00    5.78 v _447__4/A (sky130_fd_sc_hd__inv_2)
                  0.02    0.04    5.82 ^ _447__4/Y (sky130_fd_sc_hd__inv_2)
     1    0.00                           net42 (net)
                  0.02    0.00    5.82 ^ _492_/CLK (sky130_fd_sc_hd__dfrtp_1)
                          0.25    6.07   clock uncertainty
                          0.00    6.07   clock reconvergence pessimism
                          0.33    6.39   library removal time
                                  6.39   data required time
-----------------------------------------------------------------------------
                                  6.39   data required time
                                -12.55   data arrival time
-----------------------------------------------------------------------------
                                  6.15   slack (MET)


Startpoint: CSB (input port clocked by SCK)
Endpoint: _497_ (removal check against rising-edge clock SCK')
Path Group: asynchronous
Path Type: min

Fanout     Cap    Slew   Delay    Time   Description
-----------------------------------------------------------------------------
                         10.00   10.00   clock SCK (rise edge)
                          0.00   10.00   clock network delay (propagated)
                          2.00   12.00 v input external delay
                  0.01    0.00   12.00 v CSB (in)
     1    0.00                           CSB (net)
                  0.01    0.00   12.00 v input1/A (sky130_fd_sc_hd__clkbuf_1)
                  0.02    0.06   12.07 v input1/X (sky130_fd_sc_hd__clkbuf_1)
     1    0.00                           net1 (net)
                  0.02    0.00   12.07 v _224_/A (sky130_fd_sc_hd__buf_2)
                  0.09    0.16   12.23 v _224_/X (sky130_fd_sc_hd__buf_2)
     9    0.04                           _102_ (net)
                  0.09    0.00   12.24 v _225_/A (sky130_fd_sc_hd__clkbuf_4)
                  0.09    0.20   12.44 v _225_/X (sky130_fd_sc_hd__clkbuf_4)
    10    0.04                           _103_ (net)
                  0.09    0.00   12.44 v _233_/B (sky130_fd_sc_hd__nor2_1)
                  0.09    0.11   12.55 ^ _233_/Y (sky130_fd_sc_hd__nor2_1)
     1    0.00                           _057_ (net)
                  0.09    0.00   12.55 ^ _497_/RESET_B (sky130_fd_sc_hd__dfrtp_1)
                                 12.55   data arrival time

                          5.00    5.00   clock SCK' (rise edge)
                          0.00    5.00   clock source latency
                  0.04    0.03    5.03 v SCK (in)
     1    0.02                           SCK (net)
                  0.04    0.00    5.03 v clkbuf_0_SCK/A (sky130_fd_sc_hd__clkbuf_16)
                  0.05    0.16    5.19 v clkbuf_0_SCK/X (sky130_fd_sc_hd__clkbuf_16)
     4    0.04                           clknet_0_SCK (net)
                  0.05    0.00    5.19 v clkbuf_2_3__f_SCK/A (sky130_fd_sc_hd__clkbuf_16)
                  0.03    0.15    5.35 v clkbuf_2_3__f_SCK/X (sky130_fd_sc_hd__clkbuf_16)
     6    0.02                           clknet_2_3__leaf_SCK (net)
                  0.03    0.00    5.35 v _437_/A (sky130_fd_sc_hd__buf_1)
                  0.06    0.11    5.46 v _437_/X (sky130_fd_sc_hd__buf_1)
     1    0.01                           _221_ (net)
                  0.06    0.00    5.46 v clkbuf_0__221_/A (sky130_fd_sc_hd__clkbuf_16)
                  0.03    0.16    5.62 v clkbuf_0__221_/X (sky130_fd_sc_hd__clkbuf_16)
     2    0.02                           clknet_0__221_ (net)
                  0.03    0.00    5.62 v clkbuf_1_1__f__221_/A (sky130_fd_sc_hd__clkbuf_16)
                  0.04    0.16    5.78 v clkbuf_1_1__f__221_/X (sky130_fd_sc_hd__clkbuf_16)
     6    0.03                           clknet_1_1__leaf__221_ (net)
                  0.04    0.00    5.78 v _452__9/A (sky130_fd_sc_hd__inv_2)
                  0.02    0.04    5.82 ^ _452__9/Y (sky130_fd_sc_hd__inv_2)
     1    0.00                           net47 (net)
                  0.02    0.00    5.82 ^ _497_/CLK (sky130_fd_sc_hd__dfrtp_1)
                          0.25    6.07   clock uncertainty
                          0.00    6.07   clock reconvergence pessimism
                          0.33    6.40   library removal time
                                  6.40   data required time
-----------------------------------------------------------------------------
                                  6.40   data required time
                                -12.55   data arrival time
-----------------------------------------------------------------------------
                                  6.15   slack (MET)


Startpoint: CSB (input port clocked by SCK)
Endpoint: _493_ (removal check against rising-edge clock SCK')
Path Group: asynchronous
Path Type: min

Fanout     Cap    Slew   Delay    Time   Description
-----------------------------------------------------------------------------
                         10.00   10.00   clock SCK (rise edge)
                          0.00   10.00   clock network delay (propagated)
                          2.00   12.00 v input external delay
                  0.01    0.00   12.00 v CSB (in)
     1    0.00                           CSB (net)
                  0.01    0.00   12.00 v input1/A (sky130_fd_sc_hd__clkbuf_1)
                  0.02    0.06   12.07 v input1/X (sky130_fd_sc_hd__clkbuf_1)
     1    0.00                           net1 (net)
                  0.02    0.00   12.07 v _224_/A (sky130_fd_sc_hd__buf_2)
                  0.09    0.16   12.23 v _224_/X (sky130_fd_sc_hd__buf_2)
     9    0.04                           _102_ (net)
                  0.09    0.00   12.24 v _225_/A (sky130_fd_sc_hd__clkbuf_4)
                  0.09    0.20   12.44 v _225_/X (sky130_fd_sc_hd__clkbuf_4)
    10    0.04                           _103_ (net)
                  0.09    0.00   12.44 v _249_/B (sky130_fd_sc_hd__nor2_1)
                  0.10    0.11   12.55 ^ _249_/Y (sky130_fd_sc_hd__nor2_1)
     1    0.00                           _049_ (net)
                  0.10    0.00   12.55 ^ _493_/RESET_B (sky130_fd_sc_hd__dfrtp_1)
                                 12.55   data arrival time

                          5.00    5.00   clock SCK' (rise edge)
                          0.00    5.00   clock source latency
                  0.04    0.03    5.03 v SCK (in)
     1    0.02                           SCK (net)
                  0.04    0.00    5.03 v clkbuf_0_SCK/A (sky130_fd_sc_hd__clkbuf_16)
                  0.05    0.16    5.19 v clkbuf_0_SCK/X (sky130_fd_sc_hd__clkbuf_16)
     4    0.04                           clknet_0_SCK (net)
                  0.05    0.00    5.19 v clkbuf_2_3__f_SCK/A (sky130_fd_sc_hd__clkbuf_16)
                  0.03    0.15    5.35 v clkbuf_2_3__f_SCK/X (sky130_fd_sc_hd__clkbuf_16)
     6    0.02                           clknet_2_3__leaf_SCK (net)
                  0.03    0.00    5.35 v _437_/A (sky130_fd_sc_hd__buf_1)
                  0.06    0.11    5.46 v _437_/X (sky130_fd_sc_hd__buf_1)
     1    0.01                           _221_ (net)
                  0.06    0.00    5.46 v clkbuf_0__221_/A (sky130_fd_sc_hd__clkbuf_16)
                  0.03    0.16    5.62 v clkbuf_0__221_/X (sky130_fd_sc_hd__clkbuf_16)
     2    0.02                           clknet_0__221_ (net)
                  0.03    0.00    5.62 v clkbuf_1_1__f__221_/A (sky130_fd_sc_hd__clkbuf_16)
                  0.04    0.16    5.78 v clkbuf_1_1__f__221_/X (sky130_fd_sc_hd__clkbuf_16)
     6    0.03                           clknet_1_1__leaf__221_ (net)
                  0.04    0.00    5.78 v _448__5/A (sky130_fd_sc_hd__inv_2)
                  0.02    0.04    5.82 ^ _448__5/Y (sky130_fd_sc_hd__inv_2)
     1    0.00                           net43 (net)
                  0.02    0.00    5.82 ^ _493_/CLK (sky130_fd_sc_hd__dfrtp_1)
                          0.25    6.07   clock uncertainty
                          0.00    6.07   clock reconvergence pessimism
                          0.33    6.40   library removal time
                                  6.40   data required time
-----------------------------------------------------------------------------
                                  6.40   data required time
                                -12.55   data arrival time
-----------------------------------------------------------------------------
                                  6.15   slack (MET)


Startpoint: CSB (input port clocked by SCK)
Endpoint: _491_ (removal check against rising-edge clock SCK')
Path Group: asynchronous
Path Type: min

Fanout     Cap    Slew   Delay    Time   Description
-----------------------------------------------------------------------------
                         10.00   10.00   clock SCK (rise edge)
                          0.00   10.00   clock network delay (propagated)
                          2.00   12.00 v input external delay
                  0.01    0.00   12.00 v CSB (in)
     1    0.00                           CSB (net)
                  0.01    0.00   12.00 v input1/A (sky130_fd_sc_hd__clkbuf_1)
                  0.02    0.06   12.07 v input1/X (sky130_fd_sc_hd__clkbuf_1)
     1    0.00                           net1 (net)
                  0.02    0.00   12.07 v _224_/A (sky130_fd_sc_hd__buf_2)
                  0.09    0.16   12.23 v _224_/X (sky130_fd_sc_hd__buf_2)
     9    0.04                           _102_ (net)
                  0.09    0.00   12.24 v _225_/A (sky130_fd_sc_hd__clkbuf_4)
                  0.09    0.20   12.44 v _225_/X (sky130_fd_sc_hd__clkbuf_4)
    10    0.04                           _103_ (net)
                  0.09    0.00   12.44 v _257_/B (sky130_fd_sc_hd__nor2_1)
                  0.10    0.11   12.55 ^ _257_/Y (sky130_fd_sc_hd__nor2_1)
     1    0.00                           _045_ (net)
                  0.10    0.00   12.55 ^ _491_/RESET_B (sky130_fd_sc_hd__dfrtp_1)
                                 12.55   data arrival time

                          5.00    5.00   clock SCK' (rise edge)
                          0.00    5.00   clock source latency
                  0.04    0.03    5.03 v SCK (in)
     1    0.02                           SCK (net)
                  0.04    0.00    5.03 v clkbuf_0_SCK/A (sky130_fd_sc_hd__clkbuf_16)
                  0.05    0.16    5.19 v clkbuf_0_SCK/X (sky130_fd_sc_hd__clkbuf_16)
     4    0.04                           clknet_0_SCK (net)
                  0.05    0.00    5.19 v clkbuf_2_3__f_SCK/A (sky130_fd_sc_hd__clkbuf_16)
                  0.03    0.15    5.35 v clkbuf_2_3__f_SCK/X (sky130_fd_sc_hd__clkbuf_16)
     6    0.02                           clknet_2_3__leaf_SCK (net)
                  0.03    0.00    5.35 v _437_/A (sky130_fd_sc_hd__buf_1)
                  0.06    0.11    5.46 v _437_/X (sky130_fd_sc_hd__buf_1)
     1    0.01                           _221_ (net)
                  0.06    0.00    5.46 v clkbuf_0__221_/A (sky130_fd_sc_hd__clkbuf_16)
                  0.03    0.16    5.62 v clkbuf_0__221_/X (sky130_fd_sc_hd__clkbuf_16)
     2    0.02                           clknet_0__221_ (net)
                  0.03    0.00    5.62 v clkbuf_1_1__f__221_/A (sky130_fd_sc_hd__clkbuf_16)
                  0.04    0.16    5.78 v clkbuf_1_1__f__221_/X (sky130_fd_sc_hd__clkbuf_16)
     6    0.03                           clknet_1_1__leaf__221_ (net)
                  0.04    0.00    5.78 v _446__3/A (sky130_fd_sc_hd__inv_2)
                  0.02    0.04    5.82 ^ _446__3/Y (sky130_fd_sc_hd__inv_2)
     1    0.00                           net41 (net)
                  0.02    0.00    5.82 ^ _491_/CLK (sky130_fd_sc_hd__dfrtp_1)
                          0.25    6.07   clock uncertainty
                          0.00    6.07   clock reconvergence pessimism
                          0.33    6.40   library removal time
                                  6.40   data required time
-----------------------------------------------------------------------------
                                  6.40   data required time
                                -12.55   data arrival time
-----------------------------------------------------------------------------
                                  6.15   slack (MET)


Startpoint: CSB (input port clocked by SCK)
Endpoint: _498_ (removal check against rising-edge clock SCK')
Path Group: asynchronous
Path Type: min

Fanout     Cap    Slew   Delay    Time   Description
-----------------------------------------------------------------------------
                         10.00   10.00   clock SCK (rise edge)
                          0.00   10.00   clock network delay (propagated)
                          2.00   12.00 v input external delay
                  0.01    0.00   12.00 v CSB (in)
     1    0.00                           CSB (net)
                  0.01    0.00   12.00 v input1/A (sky130_fd_sc_hd__clkbuf_1)
                  0.02    0.06   12.07 v input1/X (sky130_fd_sc_hd__clkbuf_1)
     1    0.00                           net1 (net)
                  0.02    0.00   12.07 v _224_/A (sky130_fd_sc_hd__buf_2)
                  0.09    0.16   12.23 v _224_/X (sky130_fd_sc_hd__buf_2)
     9    0.04                           _102_ (net)
                  0.09    0.00   12.24 v _225_/A (sky130_fd_sc_hd__clkbuf_4)
                  0.09    0.20   12.44 v _225_/X (sky130_fd_sc_hd__clkbuf_4)
    10    0.04                           _103_ (net)
                  0.09    0.00   12.44 v _226_/B (sky130_fd_sc_hd__nor2_1)
                  0.10    0.11   12.55 ^ _226_/Y (sky130_fd_sc_hd__nor2_1)
     1    0.00                           _059_ (net)
                  0.10    0.00   12.55 ^ _498_/RESET_B (sky130_fd_sc_hd__dfrtp_1)
                                 12.55   data arrival time

                          5.00    5.00   clock SCK' (rise edge)
                          0.00    5.00   clock source latency
                  0.04    0.03    5.03 v SCK (in)
     1    0.02                           SCK (net)
                  0.04    0.00    5.03 v clkbuf_0_SCK/A (sky130_fd_sc_hd__clkbuf_16)
                  0.05    0.16    5.19 v clkbuf_0_SCK/X (sky130_fd_sc_hd__clkbuf_16)
     4    0.04                           clknet_0_SCK (net)
                  0.05    0.00    5.19 v clkbuf_2_3__f_SCK/A (sky130_fd_sc_hd__clkbuf_16)
                  0.03    0.15    5.35 v clkbuf_2_3__f_SCK/X (sky130_fd_sc_hd__clkbuf_16)
     6    0.02                           clknet_2_3__leaf_SCK (net)
                  0.03    0.00    5.35 v _437_/A (sky130_fd_sc_hd__buf_1)
                  0.06    0.11    5.46 v _437_/X (sky130_fd_sc_hd__buf_1)
     1    0.01                           _221_ (net)
                  0.06    0.00    5.46 v clkbuf_0__221_/A (sky130_fd_sc_hd__clkbuf_16)
                  0.03    0.16    5.62 v clkbuf_0__221_/X (sky130_fd_sc_hd__clkbuf_16)
     2    0.02                           clknet_0__221_ (net)
                  0.03    0.00    5.62 v clkbuf_1_1__f__221_/A (sky130_fd_sc_hd__clkbuf_16)
                  0.04    0.16    5.78 v clkbuf_1_1__f__221_/X (sky130_fd_sc_hd__clkbuf_16)
     6    0.03                           clknet_1_1__leaf__221_ (net)
                  0.04    0.00    5.78 v _453__10/A (sky130_fd_sc_hd__inv_2)
                  0.02    0.04    5.82 ^ _453__10/Y (sky130_fd_sc_hd__inv_2)
     1    0.00                           net48 (net)
                  0.02    0.00    5.82 ^ _498_/CLK (sky130_fd_sc_hd__dfrtp_1)
                          0.25    6.07   clock uncertainty
                          0.00    6.07   clock reconvergence pessimism
                          0.33    6.40   library removal time
                                  6.40   data required time
-----------------------------------------------------------------------------
                                  6.40   data required time
                                -12.55   data arrival time
-----------------------------------------------------------------------------
                                  6.15   slack (MET)


Startpoint: CSB (input port clocked by SCK)
Endpoint: _496_ (removal check against rising-edge clock SCK')
Path Group: asynchronous
Path Type: min

Fanout     Cap    Slew   Delay    Time   Description
-----------------------------------------------------------------------------
                         10.00   10.00   clock SCK (rise edge)
                          0.00   10.00   clock network delay (propagated)
                          2.00   12.00 v input external delay
                  0.01    0.00   12.00 v CSB (in)
     1    0.00                           CSB (net)
                  0.01    0.00   12.00 v input1/A (sky130_fd_sc_hd__clkbuf_1)
                  0.02    0.06   12.07 v input1/X (sky130_fd_sc_hd__clkbuf_1)
     1    0.00                           net1 (net)
                  0.02    0.00   12.07 v _224_/A (sky130_fd_sc_hd__buf_2)
                  0.09    0.16   12.23 v _224_/X (sky130_fd_sc_hd__buf_2)
     9    0.04                           _102_ (net)
                  0.09    0.00   12.24 v _225_/A (sky130_fd_sc_hd__clkbuf_4)
                  0.09    0.20   12.44 v _225_/X (sky130_fd_sc_hd__clkbuf_4)
    10    0.04                           _103_ (net)
                  0.09    0.00   12.44 v _237_/B (sky130_fd_sc_hd__nor2_1)
                  0.10    0.11   12.55 ^ _237_/Y (sky130_fd_sc_hd__nor2_1)
     1    0.00                           _055_ (net)
                  0.10    0.00   12.55 ^ _496_/RESET_B (sky130_fd_sc_hd__dfrtp_1)
                                 12.55   data arrival time

                          5.00    5.00   clock SCK' (rise edge)
                          0.00    5.00   clock source latency
                  0.04    0.03    5.03 v SCK (in)
     1    0.02                           SCK (net)
                  0.04    0.00    5.03 v clkbuf_0_SCK/A (sky130_fd_sc_hd__clkbuf_16)
                  0.05    0.16    5.19 v clkbuf_0_SCK/X (sky130_fd_sc_hd__clkbuf_16)
     4    0.04                           clknet_0_SCK (net)
                  0.05    0.00    5.19 v clkbuf_2_3__f_SCK/A (sky130_fd_sc_hd__clkbuf_16)
                  0.03    0.15    5.35 v clkbuf_2_3__f_SCK/X (sky130_fd_sc_hd__clkbuf_16)
     6    0.02                           clknet_2_3__leaf_SCK (net)
                  0.03    0.00    5.35 v _437_/A (sky130_fd_sc_hd__buf_1)
                  0.06    0.11    5.46 v _437_/X (sky130_fd_sc_hd__buf_1)
     1    0.01                           _221_ (net)
                  0.06    0.00    5.46 v clkbuf_0__221_/A (sky130_fd_sc_hd__clkbuf_16)
                  0.03    0.16    5.62 v clkbuf_0__221_/X (sky130_fd_sc_hd__clkbuf_16)
     2    0.02                           clknet_0__221_ (net)
                  0.03    0.00    5.62 v clkbuf_1_0__f__221_/A (sky130_fd_sc_hd__clkbuf_16)
                  0.04    0.15    5.77 v clkbuf_1_0__f__221_/X (sky130_fd_sc_hd__clkbuf_16)
     4    0.02                           clknet_1_0__leaf__221_ (net)
                  0.04    0.00    5.77 v _451__8/A (sky130_fd_sc_hd__inv_2)
                  0.02    0.04    5.81 ^ _451__8/Y (sky130_fd_sc_hd__inv_2)
     1    0.00                           net46 (net)
                  0.02    0.00    5.81 ^ _496_/CLK (sky130_fd_sc_hd__dfrtp_1)
                          0.25    6.06   clock uncertainty
                          0.00    6.06   clock reconvergence pessimism
                          0.33    6.38   library removal time
                                  6.38   data required time
-----------------------------------------------------------------------------
                                  6.38   data required time
                                -12.55   data arrival time
-----------------------------------------------------------------------------
                                  6.17   slack (MET)


Startpoint: CSB (input port clocked by SCK)
Endpoint: _485_ (removal check against rising-edge clock SCK')
Path Group: asynchronous
Path Type: min

Fanout     Cap    Slew   Delay    Time   Description
-----------------------------------------------------------------------------
                         10.00   10.00   clock SCK (rise edge)
                          0.00   10.00   clock network delay (propagated)
                          2.00   12.00 v input external delay
                  0.01    0.00   12.00 v CSB (in)
     1    0.00                           CSB (net)
                  0.01    0.00   12.00 v input1/A (sky130_fd_sc_hd__clkbuf_1)
                  0.02    0.06   12.07 v input1/X (sky130_fd_sc_hd__clkbuf_1)
     1    0.00                           net1 (net)
                  0.02    0.00   12.07 v _224_/A (sky130_fd_sc_hd__buf_2)
                  0.09    0.16   12.23 v _224_/X (sky130_fd_sc_hd__buf_2)
     9    0.04                           _102_ (net)
                  0.09    0.00   12.24 v _225_/A (sky130_fd_sc_hd__clkbuf_4)
                  0.09    0.20   12.44 v _225_/X (sky130_fd_sc_hd__clkbuf_4)
    10    0.04                           _103_ (net)
                  0.09    0.00   12.44 v _260_/B (sky130_fd_sc_hd__nor2_1)
                  0.10    0.11   12.55 ^ _260_/Y (sky130_fd_sc_hd__nor2_1)
     1    0.00                           _038_ (net)
                  0.10    0.00   12.55 ^ _485_/RESET_B (sky130_fd_sc_hd__dfrtp_1)
                                 12.55   data arrival time

                          5.00    5.00   clock SCK' (rise edge)
                          0.00    5.00   clock source latency
                  0.04    0.03    5.03 v SCK (in)
     1    0.02                           SCK (net)
                  0.04    0.00    5.03 v clkbuf_0_SCK/A (sky130_fd_sc_hd__clkbuf_16)
                  0.05    0.16    5.19 v clkbuf_0_SCK/X (sky130_fd_sc_hd__clkbuf_16)
     4    0.04                           clknet_0_SCK (net)
                  0.05    0.00    5.19 v clkbuf_2_3__f_SCK/A (sky130_fd_sc_hd__clkbuf_16)
                  0.03    0.15    5.35 v clkbuf_2_3__f_SCK/X (sky130_fd_sc_hd__clkbuf_16)
     6    0.02                           clknet_2_3__leaf_SCK (net)
                  0.03    0.00    5.35 v _437_/A (sky130_fd_sc_hd__buf_1)
                  0.06    0.11    5.46 v _437_/X (sky130_fd_sc_hd__buf_1)
     1    0.01                           _221_ (net)
                  0.06    0.00    5.46 v clkbuf_0__221_/A (sky130_fd_sc_hd__clkbuf_16)
                  0.03    0.16    5.62 v clkbuf_0__221_/X (sky130_fd_sc_hd__clkbuf_16)
     2    0.02                           clknet_0__221_ (net)
                  0.03    0.00    5.62 v clkbuf_1_0__f__221_/A (sky130_fd_sc_hd__clkbuf_16)
                  0.04    0.15    5.77 v clkbuf_1_0__f__221_/X (sky130_fd_sc_hd__clkbuf_16)
     4    0.02                           clknet_1_0__leaf__221_ (net)
                  0.04    0.00    5.77 v _440__2/A (sky130_fd_sc_hd__inv_2)
                  0.02    0.04    5.81 ^ _440__2/Y (sky130_fd_sc_hd__inv_2)
     1    0.00                           net40 (net)
                  0.02    0.00    5.81 ^ _485_/CLK (sky130_fd_sc_hd__dfrtp_1)
                          0.25    6.06   clock uncertainty
                          0.00    6.06   clock reconvergence pessimism
                          0.33    6.38   library removal time
                                  6.38   data required time
-----------------------------------------------------------------------------
                                  6.38   data required time
                                -12.55   data arrival time
-----------------------------------------------------------------------------
                                  6.17   slack (MET)


Startpoint: CSB (input port clocked by SCK)
Endpoint: _495_ (removal check against rising-edge clock SCK')
Path Group: asynchronous
Path Type: min

Fanout     Cap    Slew   Delay    Time   Description
-----------------------------------------------------------------------------
                         10.00   10.00   clock SCK (rise edge)
                          0.00   10.00   clock network delay (propagated)
                          2.00   12.00 v input external delay
                  0.01    0.00   12.00 v CSB (in)
     1    0.00                           CSB (net)
                  0.01    0.00   12.00 v input1/A (sky130_fd_sc_hd__clkbuf_1)
                  0.02    0.06   12.07 v input1/X (sky130_fd_sc_hd__clkbuf_1)
     1    0.00                           net1 (net)
                  0.02    0.00   12.07 v _224_/A (sky130_fd_sc_hd__buf_2)
                  0.09    0.16   12.23 v _224_/X (sky130_fd_sc_hd__buf_2)
     9    0.04                           _102_ (net)
                  0.09    0.00   12.24 v _225_/A (sky130_fd_sc_hd__clkbuf_4)
                  0.09    0.20   12.44 v _225_/X (sky130_fd_sc_hd__clkbuf_4)
    10    0.04                           _103_ (net)
                  0.09    0.00   12.44 v _241_/B (sky130_fd_sc_hd__nor2_1)
                  0.10    0.11   12.56 ^ _241_/Y (sky130_fd_sc_hd__nor2_1)
     1    0.00                           _053_ (net)
                  0.10    0.00   12.56 ^ _495_/RESET_B (sky130_fd_sc_hd__dfrtp_1)
                                 12.56   data arrival time

                          5.00    5.00   clock SCK' (rise edge)
                          0.00    5.00   clock source latency
                  0.04    0.03    5.03 v SCK (in)
     1    0.02                           SCK (net)
                  0.04    0.00    5.03 v clkbuf_0_SCK/A (sky130_fd_sc_hd__clkbuf_16)
                  0.05    0.16    5.19 v clkbuf_0_SCK/X (sky130_fd_sc_hd__clkbuf_16)
     4    0.04                           clknet_0_SCK (net)
                  0.05    0.00    5.19 v clkbuf_2_3__f_SCK/A (sky130_fd_sc_hd__clkbuf_16)
                  0.03    0.15    5.35 v clkbuf_2_3__f_SCK/X (sky130_fd_sc_hd__clkbuf_16)
     6    0.02                           clknet_2_3__leaf_SCK (net)
                  0.03    0.00    5.35 v _437_/A (sky130_fd_sc_hd__buf_1)
                  0.06    0.11    5.46 v _437_/X (sky130_fd_sc_hd__buf_1)
     1    0.01                           _221_ (net)
                  0.06    0.00    5.46 v clkbuf_0__221_/A (sky130_fd_sc_hd__clkbuf_16)
                  0.03    0.16    5.62 v clkbuf_0__221_/X (sky130_fd_sc_hd__clkbuf_16)
     2    0.02                           clknet_0__221_ (net)
                  0.03    0.00    5.62 v clkbuf_1_0__f__221_/A (sky130_fd_sc_hd__clkbuf_16)
                  0.04    0.15    5.77 v clkbuf_1_0__f__221_/X (sky130_fd_sc_hd__clkbuf_16)
     4    0.02                           clknet_1_0__leaf__221_ (net)
                  0.04    0.00    5.77 v _450__7/A (sky130_fd_sc_hd__inv_2)
                  0.02    0.04    5.81 ^ _450__7/Y (sky130_fd_sc_hd__inv_2)
     1    0.00                           net45 (net)
                  0.02    0.00    5.81 ^ _495_/CLK (sky130_fd_sc_hd__dfrtp_1)
                          0.25    6.06   clock uncertainty
                          0.00    6.06   clock reconvergence pessimism
                          0.33    6.39   library removal time
                                  6.39   data required time
-----------------------------------------------------------------------------
                                  6.39   data required time
                                -12.56   data arrival time
-----------------------------------------------------------------------------
                                  6.17   slack (MET)


Startpoint: CSB (input port clocked by SCK)
Endpoint: _494_ (removal check against rising-edge clock SCK')
Path Group: asynchronous
Path Type: min

Fanout     Cap    Slew   Delay    Time   Description
-----------------------------------------------------------------------------
                         10.00   10.00   clock SCK (rise edge)
                          0.00   10.00   clock network delay (propagated)
                          2.00   12.00 v input external delay
                  0.01    0.00   12.00 v CSB (in)
     1    0.00                           CSB (net)
                  0.01    0.00   12.00 v input1/A (sky130_fd_sc_hd__clkbuf_1)
                  0.02    0.06   12.07 v input1/X (sky130_fd_sc_hd__clkbuf_1)
     1    0.00                           net1 (net)
                  0.02    0.00   12.07 v _224_/A (sky130_fd_sc_hd__buf_2)
                  0.09    0.16   12.23 v _224_/X (sky130_fd_sc_hd__buf_2)
     9    0.04                           _102_ (net)
                  0.09    0.00   12.24 v _225_/A (sky130_fd_sc_hd__clkbuf_4)
                  0.09    0.20   12.44 v _225_/X (sky130_fd_sc_hd__clkbuf_4)
    10    0.04                           _103_ (net)
                  0.09    0.00   12.44 v _245_/B (sky130_fd_sc_hd__nor2_1)
                  0.12    0.12   12.57 ^ _245_/Y (sky130_fd_sc_hd__nor2_1)
     1    0.01                           _051_ (net)
                  0.12    0.00   12.57 ^ _494_/RESET_B (sky130_fd_sc_hd__dfrtp_1)
                                 12.57   data arrival time

                          5.00    5.00   clock SCK' (rise edge)
                          0.00    5.00   clock source latency
                  0.04    0.03    5.03 v SCK (in)
     1    0.02                           SCK (net)
                  0.04    0.00    5.03 v clkbuf_0_SCK/A (sky130_fd_sc_hd__clkbuf_16)
                  0.05    0.16    5.19 v clkbuf_0_SCK/X (sky130_fd_sc_hd__clkbuf_16)
     4    0.04                           clknet_0_SCK (net)
                  0.05    0.00    5.19 v clkbuf_2_3__f_SCK/A (sky130_fd_sc_hd__clkbuf_16)
                  0.03    0.15    5.35 v clkbuf_2_3__f_SCK/X (sky130_fd_sc_hd__clkbuf_16)
     6    0.02                           clknet_2_3__leaf_SCK (net)
                  0.03    0.00    5.35 v _437_/A (sky130_fd_sc_hd__buf_1)
                  0.06    0.11    5.46 v _437_/X (sky130_fd_sc_hd__buf_1)
     1    0.01                           _221_ (net)
                  0.06    0.00    5.46 v clkbuf_0__221_/A (sky130_fd_sc_hd__clkbuf_16)
                  0.03    0.16    5.62 v clkbuf_0__221_/X (sky130_fd_sc_hd__clkbuf_16)
     2    0.02                           clknet_0__221_ (net)
                  0.03    0.00    5.62 v clkbuf_1_0__f__221_/A (sky130_fd_sc_hd__clkbuf_16)
                  0.04    0.15    5.77 v clkbuf_1_0__f__221_/X (sky130_fd_sc_hd__clkbuf_16)
     4    0.02                           clknet_1_0__leaf__221_ (net)
                  0.04    0.00    5.77 v _449__6/A (sky130_fd_sc_hd__inv_2)
                  0.02    0.04    5.81 ^ _449__6/Y (sky130_fd_sc_hd__inv_2)
     1    0.00                           net44 (net)
                  0.02    0.00    5.81 ^ _494_/CLK (sky130_fd_sc_hd__dfrtp_1)
                          0.25    6.06   clock uncertainty
                          0.00    6.06   clock reconvergence pessimism
                          0.33    6.39   library removal time
                                  6.39   data required time
-----------------------------------------------------------------------------
                                  6.39   data required time
                                -12.57   data arrival time
-----------------------------------------------------------------------------
                                  6.18   slack (MET)


Startpoint: CSB (input port clocked by SCK)
Endpoint: _483_ (removal check against rising-edge clock SCK')
Path Group: asynchronous
Path Type: min

Fanout     Cap    Slew   Delay    Time   Description
-----------------------------------------------------------------------------
                         10.00   10.00   clock SCK (rise edge)
                          0.00   10.00   clock network delay (propagated)
                          2.00   12.00 v input external delay
                  0.01    0.00   12.00 v CSB (in)
     1    0.00                           CSB (net)
                  0.01    0.00   12.00 v input1/A (sky130_fd_sc_hd__clkbuf_1)
                  0.02    0.06   12.07 v input1/X (sky130_fd_sc_hd__clkbuf_1)
     1    0.00                           net1 (net)
                  0.02    0.00   12.07 v _224_/A (sky130_fd_sc_hd__buf_2)
                  0.09    0.16   12.23 v _224_/X (sky130_fd_sc_hd__buf_2)
     9    0.04                           _102_ (net)
                  0.09    0.00   12.24 v _225_/A (sky130_fd_sc_hd__clkbuf_4)
                  0.09    0.20   12.44 v _225_/X (sky130_fd_sc_hd__clkbuf_4)
    10    0.04                           _103_ (net)
                  0.09    0.00   12.44 v _271_/B (sky130_fd_sc_hd__nor2_1)
                  0.09    0.11   12.55 ^ _271_/Y (sky130_fd_sc_hd__nor2_1)
     1    0.00                           _035_ (net)
                  0.09    0.00   12.55 ^ _483_/SET_B (sky130_fd_sc_hd__dfstp_1)
                                 12.55   data arrival time

                          5.00    5.00   clock SCK' (rise edge)
                          0.00    5.00   clock source latency
                  0.04    0.03    5.03 v SCK (in)
     1    0.02                           SCK (net)
                  0.04    0.00    5.03 v clkbuf_0_SCK/A (sky130_fd_sc_hd__clkbuf_16)
                  0.05    0.16    5.19 v clkbuf_0_SCK/X (sky130_fd_sc_hd__clkbuf_16)
     4    0.04                           clknet_0_SCK (net)
                  0.05    0.00    5.19 v clkbuf_2_3__f_SCK/A (sky130_fd_sc_hd__clkbuf_16)
                  0.03    0.15    5.35 v clkbuf_2_3__f_SCK/X (sky130_fd_sc_hd__clkbuf_16)
     6    0.02                           clknet_2_3__leaf_SCK (net)
                  0.03    0.00    5.35 v _437_/A (sky130_fd_sc_hd__buf_1)
                  0.06    0.11    5.46 v _437_/X (sky130_fd_sc_hd__buf_1)
     1    0.01                           _221_ (net)
                  0.06    0.00    5.46 v clkbuf_0__221_/A (sky130_fd_sc_hd__clkbuf_16)
                  0.03    0.16    5.62 v clkbuf_0__221_/X (sky130_fd_sc_hd__clkbuf_16)
     2    0.02                           clknet_0__221_ (net)
                  0.03    0.00    5.62 v clkbuf_1_1__f__221_/A (sky130_fd_sc_hd__clkbuf_16)
                  0.04    0.16    5.78 v clkbuf_1_1__f__221_/X (sky130_fd_sc_hd__clkbuf_16)
     6    0.03                           clknet_1_1__leaf__221_ (net)
                  0.04    0.00    5.78 v _438__1/A (sky130_fd_sc_hd__inv_2)
                  0.02    0.04    5.82 ^ _438__1/Y (sky130_fd_sc_hd__inv_2)
     1    0.00                           net39 (net)
                  0.02    0.00    5.82 ^ _483_/CLK (sky130_fd_sc_hd__dfstp_1)
                          0.25    6.07   clock uncertainty
                          0.00    6.07   clock reconvergence pessimism
                          0.14    6.21   library removal time
                                  6.21   data required time
-----------------------------------------------------------------------------
                                  6.21   data required time
                                -12.55   data arrival time
-----------------------------------------------------------------------------
                                  6.34   slack (MET)


Startpoint: _483_ (rising edge-triggered flip-flop clocked by SCK')
Endpoint: sdoenb (output port clocked by SCK)
Path Group: SCK
Path Type: min

Fanout     Cap    Slew   Delay    Time   Description
-----------------------------------------------------------------------------
                          5.00    5.00   clock SCK' (rise edge)
                          0.00    5.00   clock source latency
                  0.04    0.03    5.03 v SCK (in)
     1    0.02                           SCK (net)
                  0.04    0.00    5.03 v clkbuf_0_SCK/A (sky130_fd_sc_hd__clkbuf_16)
                  0.05    0.15    5.17 v clkbuf_0_SCK/X (sky130_fd_sc_hd__clkbuf_16)
     4    0.04                           clknet_0_SCK (net)
                  0.05    0.00    5.18 v clkbuf_2_3__f_SCK/A (sky130_fd_sc_hd__clkbuf_16)
                  0.03    0.14    5.31 v clkbuf_2_3__f_SCK/X (sky130_fd_sc_hd__clkbuf_16)
     6    0.02                           clknet_2_3__leaf_SCK (net)
                  0.03    0.00    5.31 v _437_/A (sky130_fd_sc_hd__buf_1)
                  0.06    0.10    5.42 v _437_/X (sky130_fd_sc_hd__buf_1)
     1    0.01                           _221_ (net)
                  0.06    0.00    5.42 v clkbuf_0__221_/A (sky130_fd_sc_hd__clkbuf_16)
                  0.03    0.14    5.56 v clkbuf_0__221_/X (sky130_fd_sc_hd__clkbuf_16)
     2    0.02                           clknet_0__221_ (net)
                  0.03    0.00    5.56 v clkbuf_1_1__f__221_/A (sky130_fd_sc_hd__clkbuf_16)
                  0.04    0.14    5.70 v clkbuf_1_1__f__221_/X (sky130_fd_sc_hd__clkbuf_16)
     6    0.03                           clknet_1_1__leaf__221_ (net)
                  0.04    0.00    5.71 v _438__1/A (sky130_fd_sc_hd__inv_2)
                  0.02    0.04    5.74 ^ _438__1/Y (sky130_fd_sc_hd__inv_2)
     1    0.00                           net39 (net)
                  0.02    0.00    5.74 ^ _483_/CLK (sky130_fd_sc_hd__dfstp_1)
                  0.06    0.35    6.10 v _483_/Q (sky130_fd_sc_hd__dfstp_1)
     1    0.01                           net36 (net)
                  0.06    0.00    6.10 v output36/A (sky130_fd_sc_hd__buf_6)
                  0.04    0.14    6.23 v output36/X (sky130_fd_sc_hd__buf_6)
     1    0.03                           sdoenb (net)
                  0.04    0.00    6.24 v sdoenb (out)
                                  6.24   data arrival time

                          0.00    0.00   clock SCK (rise edge)
                          0.00    0.00   clock network delay (propagated)
                          0.25    0.25   clock uncertainty
                          0.00    0.25   clock reconvergence pessimism
                         -2.00   -1.75   output external delay
                                 -1.75   data required time
-----------------------------------------------------------------------------
                                 -1.75   data required time
                                 -6.24   data arrival time
-----------------------------------------------------------------------------
                                  7.99   slack (MET)


Startpoint: _498_ (rising edge-triggered flip-flop clocked by SCK')
Endpoint: SDO (output port clocked by SCK)
Path Group: SCK
Path Type: min

Fanout     Cap    Slew   Delay    Time   Description
-----------------------------------------------------------------------------
                          5.00    5.00   clock SCK' (rise edge)
                          0.00    5.00   clock source latency
                  0.04    0.03    5.03 v SCK (in)
     1    0.02                           SCK (net)
                  0.04    0.00    5.03 v clkbuf_0_SCK/A (sky130_fd_sc_hd__clkbuf_16)
                  0.05    0.15    5.17 v clkbuf_0_SCK/X (sky130_fd_sc_hd__clkbuf_16)
     4    0.04                           clknet_0_SCK (net)
                  0.05    0.00    5.18 v clkbuf_2_3__f_SCK/A (sky130_fd_sc_hd__clkbuf_16)
                  0.03    0.14    5.31 v clkbuf_2_3__f_SCK/X (sky130_fd_sc_hd__clkbuf_16)
     6    0.02                           clknet_2_3__leaf_SCK (net)
                  0.03    0.00    5.31 v _437_/A (sky130_fd_sc_hd__buf_1)
                  0.06    0.10    5.42 v _437_/X (sky130_fd_sc_hd__buf_1)
     1    0.01                           _221_ (net)
                  0.06    0.00    5.42 v clkbuf_0__221_/A (sky130_fd_sc_hd__clkbuf_16)
                  0.03    0.14    5.56 v clkbuf_0__221_/X (sky130_fd_sc_hd__clkbuf_16)
     2    0.02                           clknet_0__221_ (net)
                  0.03    0.00    5.56 v clkbuf_1_1__f__221_/A (sky130_fd_sc_hd__clkbuf_16)
                  0.04    0.14    5.70 v clkbuf_1_1__f__221_/X (sky130_fd_sc_hd__clkbuf_16)
     6    0.03                           clknet_1_1__leaf__221_ (net)
                  0.04    0.00    5.71 v _453__10/A (sky130_fd_sc_hd__inv_2)
                  0.02    0.03    5.74 ^ _453__10/Y (sky130_fd_sc_hd__inv_2)
     1    0.00                           net48 (net)
                  0.02    0.00    5.74 ^ _498_/CLK (sky130_fd_sc_hd__dfrtp_1)
                  0.07    0.31    6.05 ^ _498_/Q (sky130_fd_sc_hd__dfrtp_1)
     2    0.01                           net12 (net)
                  0.07    0.00    6.05 ^ output12/A (sky130_fd_sc_hd__clkbuf_4)
                  0.11    0.19    6.24 ^ output12/X (sky130_fd_sc_hd__clkbuf_4)
     1    0.03                           SDO (net)
                  0.11    0.00    6.24 ^ SDO (out)
                                  6.24   data arrival time

                          0.00    0.00   clock SCK (rise edge)
                          0.00    0.00   clock network delay (propagated)
                          0.25    0.25   clock uncertainty
                          0.00    0.25   clock reconvergence pessimism
                         -2.00   -1.75   output external delay
                                 -1.75   data required time
-----------------------------------------------------------------------------
                                 -1.75   data required time
                                 -6.24   data arrival time
-----------------------------------------------------------------------------
                                  7.99   slack (MET)


Startpoint: _485_ (rising edge-triggered flip-flop clocked by SCK')
Endpoint: wrstb (output port clocked by SCK)
Path Group: SCK
Path Type: min

Fanout     Cap    Slew   Delay    Time   Description
-----------------------------------------------------------------------------
                          5.00    5.00   clock SCK' (rise edge)
                          0.00    5.00   clock source latency
                  0.04    0.03    5.03 v SCK (in)
     1    0.02                           SCK (net)
                  0.04    0.00    5.03 v clkbuf_0_SCK/A (sky130_fd_sc_hd__clkbuf_16)
                  0.05    0.15    5.17 v clkbuf_0_SCK/X (sky130_fd_sc_hd__clkbuf_16)
     4    0.04                           clknet_0_SCK (net)
                  0.05    0.00    5.18 v clkbuf_2_3__f_SCK/A (sky130_fd_sc_hd__clkbuf_16)
                  0.03    0.14    5.31 v clkbuf_2_3__f_SCK/X (sky130_fd_sc_hd__clkbuf_16)
     6    0.02                           clknet_2_3__leaf_SCK (net)
                  0.03    0.00    5.31 v _437_/A (sky130_fd_sc_hd__buf_1)
                  0.06    0.10    5.42 v _437_/X (sky130_fd_sc_hd__buf_1)
     1    0.01                           _221_ (net)
                  0.06    0.00    5.42 v clkbuf_0__221_/A (sky130_fd_sc_hd__clkbuf_16)
                  0.03    0.14    5.56 v clkbuf_0__221_/X (sky130_fd_sc_hd__clkbuf_16)
     2    0.02                           clknet_0__221_ (net)
                  0.03    0.00    5.56 v clkbuf_1_0__f__221_/A (sky130_fd_sc_hd__clkbuf_16)
                  0.04    0.14    5.70 v clkbuf_1_0__f__221_/X (sky130_fd_sc_hd__clkbuf_16)
     4    0.02                           clknet_1_0__leaf__221_ (net)
                  0.04    0.00    5.70 v _440__2/A (sky130_fd_sc_hd__inv_2)
                  0.02    0.03    5.73 ^ _440__2/Y (sky130_fd_sc_hd__inv_2)
     1    0.00                           net40 (net)
                  0.02    0.00    5.73 ^ _485_/CLK (sky130_fd_sc_hd__dfrtp_1)
                  0.08    0.32    6.05 ^ _485_/Q (sky130_fd_sc_hd__dfrtp_1)
     2    0.01                           net37 (net)
                  0.08    0.00    6.05 ^ output37/A (sky130_fd_sc_hd__buf_2)
                  0.17    0.20    6.25 ^ output37/X (sky130_fd_sc_hd__buf_2)
     1    0.03                           wrstb (net)
                  0.17    0.00    6.25 ^ wrstb (out)
                                  6.25   data arrival time

                          0.00    0.00   clock SCK (rise edge)
                          0.00    0.00   clock network delay (propagated)
                          0.25    0.25   clock uncertainty
                          0.00    0.25   clock reconvergence pessimism
                         -2.00   -1.75   output external delay
                                 -1.75   data required time
-----------------------------------------------------------------------------
                                 -1.75   data required time
                                 -6.25   data arrival time
-----------------------------------------------------------------------------
                                  8.00   slack (MET)



min_report_end
max_report

===========================================================================
report_checks -path_delay max (Setup)
============================================================================
======================= Typical Corner ===================================

Startpoint: _483_ (rising edge-triggered flip-flop clocked by SCK')
Endpoint: sdoenb (output port clocked by SCK)
Path Group: SCK
Path Type: max

Fanout     Cap    Slew   Delay    Time   Description
-----------------------------------------------------------------------------
                          5.00    5.00   clock SCK' (rise edge)
                          0.00    5.00   clock source latency
                  0.04    0.03    5.03 v SCK (in)
     1    0.02                           SCK (net)
                  0.04    0.00    5.03 v clkbuf_0_SCK/A (sky130_fd_sc_hd__clkbuf_16)
                  0.05    0.16    5.19 v clkbuf_0_SCK/X (sky130_fd_sc_hd__clkbuf_16)
     4    0.04                           clknet_0_SCK (net)
                  0.05    0.00    5.19 v clkbuf_2_3__f_SCK/A (sky130_fd_sc_hd__clkbuf_16)
                  0.03    0.15    5.35 v clkbuf_2_3__f_SCK/X (sky130_fd_sc_hd__clkbuf_16)
     6    0.02                           clknet_2_3__leaf_SCK (net)
                  0.03    0.00    5.35 v _437_/A (sky130_fd_sc_hd__buf_1)
                  0.06    0.11    5.46 v _437_/X (sky130_fd_sc_hd__buf_1)
     1    0.01                           _221_ (net)
                  0.06    0.00    5.46 v clkbuf_0__221_/A (sky130_fd_sc_hd__clkbuf_16)
                  0.03    0.16    5.62 v clkbuf_0__221_/X (sky130_fd_sc_hd__clkbuf_16)
     2    0.02                           clknet_0__221_ (net)
                  0.03    0.00    5.62 v clkbuf_1_1__f__221_/A (sky130_fd_sc_hd__clkbuf_16)
                  0.04    0.16    5.78 v clkbuf_1_1__f__221_/X (sky130_fd_sc_hd__clkbuf_16)
     6    0.03                           clknet_1_1__leaf__221_ (net)
                  0.04    0.00    5.78 v _438__1/A (sky130_fd_sc_hd__inv_2)
                  0.02    0.04    5.82 ^ _438__1/Y (sky130_fd_sc_hd__inv_2)
     1    0.00                           net39 (net)
                  0.02    0.00    5.82 ^ _483_/CLK (sky130_fd_sc_hd__dfstp_1)
                  0.12    0.57    6.39 ^ _483_/Q (sky130_fd_sc_hd__dfstp_1)
     1    0.01                           net36 (net)
                  0.12    0.00    6.39 ^ output36/A (sky130_fd_sc_hd__buf_6)
                  0.08    0.16    6.55 ^ output36/X (sky130_fd_sc_hd__buf_6)
     1    0.03                           sdoenb (net)
                  0.08    0.00    6.55 ^ sdoenb (out)
                                  6.55   data arrival time

                         10.00   10.00   clock SCK (rise edge)
                          0.00   10.00   clock network delay (propagated)
                         -0.25    9.75   clock uncertainty
                          0.00    9.75   clock reconvergence pessimism
                         -2.00    7.75   output external delay
                                  7.75   data required time
-----------------------------------------------------------------------------
                                  7.75   data required time
                                 -6.55   data arrival time
-----------------------------------------------------------------------------
                                  1.20   slack (MET)


Startpoint: _498_ (rising edge-triggered flip-flop clocked by SCK')
Endpoint: SDO (output port clocked by SCK)
Path Group: SCK
Path Type: max

Fanout     Cap    Slew   Delay    Time   Description
-----------------------------------------------------------------------------
                          5.00    5.00   clock SCK' (rise edge)
                          0.00    5.00   clock source latency
                  0.04    0.03    5.03 v SCK (in)
     1    0.02                           SCK (net)
                  0.04    0.00    5.03 v clkbuf_0_SCK/A (sky130_fd_sc_hd__clkbuf_16)
                  0.05    0.16    5.19 v clkbuf_0_SCK/X (sky130_fd_sc_hd__clkbuf_16)
     4    0.04                           clknet_0_SCK (net)
                  0.05    0.00    5.19 v clkbuf_2_3__f_SCK/A (sky130_fd_sc_hd__clkbuf_16)
                  0.03    0.15    5.35 v clkbuf_2_3__f_SCK/X (sky130_fd_sc_hd__clkbuf_16)
     6    0.02                           clknet_2_3__leaf_SCK (net)
                  0.03    0.00    5.35 v _437_/A (sky130_fd_sc_hd__buf_1)
                  0.06    0.11    5.46 v _437_/X (sky130_fd_sc_hd__buf_1)
     1    0.01                           _221_ (net)
                  0.06    0.00    5.46 v clkbuf_0__221_/A (sky130_fd_sc_hd__clkbuf_16)
                  0.03    0.16    5.62 v clkbuf_0__221_/X (sky130_fd_sc_hd__clkbuf_16)
     2    0.02                           clknet_0__221_ (net)
                  0.03    0.00    5.62 v clkbuf_1_1__f__221_/A (sky130_fd_sc_hd__clkbuf_16)
                  0.04    0.16    5.78 v clkbuf_1_1__f__221_/X (sky130_fd_sc_hd__clkbuf_16)
     6    0.03                           clknet_1_1__leaf__221_ (net)
                  0.04    0.00    5.78 v _453__10/A (sky130_fd_sc_hd__inv_2)
                  0.02    0.04    5.82 ^ _453__10/Y (sky130_fd_sc_hd__inv_2)
     1    0.00                           net48 (net)
                  0.02    0.00    5.82 ^ _498_/CLK (sky130_fd_sc_hd__dfrtp_1)
                  0.05    0.38    6.20 v _498_/Q (sky130_fd_sc_hd__dfrtp_1)
     2    0.01                           net12 (net)
                  0.05    0.00    6.20 v output12/A (sky130_fd_sc_hd__clkbuf_4)
                  0.08    0.20    6.39 v output12/X (sky130_fd_sc_hd__clkbuf_4)
     1    0.03                           SDO (net)
                  0.08    0.00    6.40 v SDO (out)
                                  6.40   data arrival time

                         10.00   10.00   clock SCK (rise edge)
                          0.00   10.00   clock network delay (propagated)
                         -0.25    9.75   clock uncertainty
                          0.00    9.75   clock reconvergence pessimism
                         -2.00    7.75   output external delay
                                  7.75   data required time
-----------------------------------------------------------------------------
                                  7.75   data required time
                                 -6.40   data arrival time
-----------------------------------------------------------------------------
                                  1.35   slack (MET)


Startpoint: _485_ (rising edge-triggered flip-flop clocked by SCK')
Endpoint: wrstb (output port clocked by SCK)
Path Group: SCK
Path Type: max

Fanout     Cap    Slew   Delay    Time   Description
-----------------------------------------------------------------------------
                          5.00    5.00   clock SCK' (rise edge)
                          0.00    5.00   clock source latency
                  0.04    0.03    5.03 v SCK (in)
     1    0.02                           SCK (net)
                  0.04    0.00    5.03 v clkbuf_0_SCK/A (sky130_fd_sc_hd__clkbuf_16)
                  0.05    0.16    5.19 v clkbuf_0_SCK/X (sky130_fd_sc_hd__clkbuf_16)
     4    0.04                           clknet_0_SCK (net)
                  0.05    0.00    5.19 v clkbuf_2_3__f_SCK/A (sky130_fd_sc_hd__clkbuf_16)
                  0.03    0.15    5.35 v clkbuf_2_3__f_SCK/X (sky130_fd_sc_hd__clkbuf_16)
     6    0.02                           clknet_2_3__leaf_SCK (net)
                  0.03    0.00    5.35 v _437_/A (sky130_fd_sc_hd__buf_1)
                  0.06    0.11    5.46 v _437_/X (sky130_fd_sc_hd__buf_1)
     1    0.01                           _221_ (net)
                  0.06    0.00    5.46 v clkbuf_0__221_/A (sky130_fd_sc_hd__clkbuf_16)
                  0.03    0.16    5.62 v clkbuf_0__221_/X (sky130_fd_sc_hd__clkbuf_16)
     2    0.02                           clknet_0__221_ (net)
                  0.03    0.00    5.62 v clkbuf_1_0__f__221_/A (sky130_fd_sc_hd__clkbuf_16)
                  0.04    0.15    5.77 v clkbuf_1_0__f__221_/X (sky130_fd_sc_hd__clkbuf_16)
     4    0.02                           clknet_1_0__leaf__221_ (net)
                  0.04    0.00    5.77 v _440__2/A (sky130_fd_sc_hd__inv_2)
                  0.02    0.04    5.81 ^ _440__2/Y (sky130_fd_sc_hd__inv_2)
     1    0.00                           net40 (net)
                  0.02    0.00    5.81 ^ _485_/CLK (sky130_fd_sc_hd__dfrtp_1)
                  0.06    0.39    6.19 v _485_/Q (sky130_fd_sc_hd__dfrtp_1)
     2    0.01                           net37 (net)
                  0.06    0.00    6.19 v output37/A (sky130_fd_sc_hd__buf_2)
                  0.09    0.20    6.39 v output37/X (sky130_fd_sc_hd__buf_2)
     1    0.03                           wrstb (net)
                  0.09    0.00    6.39 v wrstb (out)
                                  6.39   data arrival time

                         10.00   10.00   clock SCK (rise edge)
                          0.00   10.00   clock network delay (propagated)
                         -0.25    9.75   clock uncertainty
                          0.00    9.75   clock reconvergence pessimism
                         -2.00    7.75   output external delay
                                  7.75   data required time
-----------------------------------------------------------------------------
                                  7.75   data required time
                                 -6.39   data arrival time
-----------------------------------------------------------------------------
                                  1.36   slack (MET)


Startpoint: idata[5] (input port clocked by SCK)
Endpoint: _496_ (rising edge-triggered flip-flop clocked by SCK')
Path Group: SCK
Path Type: max

Fanout     Cap    Slew   Delay    Time   Description
-----------------------------------------------------------------------------
                          0.00    0.00   clock SCK (rise edge)
                          0.00    0.00   clock network delay (propagated)
                          2.00    2.00 v input external delay
                  0.01    0.00    2.00 v idata[5] (in)
     1    0.00                           idata[5] (net)
                  0.01    0.00    2.00 v input8/A (sky130_fd_sc_hd__buf_1)
                  0.08    0.12    2.13 v input8/X (sky130_fd_sc_hd__buf_1)
     1    0.01                           net8 (net)
                  0.08    0.00    2.13 v _238_/A0 (sky130_fd_sc_hd__mux2_1)
                  0.05    0.30    2.43 v _238_/X (sky130_fd_sc_hd__mux2_1)
     1    0.00                           _111_ (net)
                  0.05    0.00    2.43 v _239_/A0 (sky130_fd_sc_hd__mux2_1)
                  0.05    0.29    2.72 v _239_/X (sky130_fd_sc_hd__mux2_1)
     1    0.00                           _112_ (net)
                  0.05    0.00    2.72 v _240_/A (sky130_fd_sc_hd__clkbuf_1)
                  0.02    0.09    2.81 v _240_/X (sky130_fd_sc_hd__clkbuf_1)
     1    0.00                           _097_ (net)
                  0.02    0.00    2.81 v _496_/D (sky130_fd_sc_hd__dfrtp_1)
                                  2.81   data arrival time

                          5.00    5.00   clock SCK' (rise edge)
                          0.00    5.00   clock source latency
                  0.04    0.03    5.03 v SCK (in)
     1    0.02                           SCK (net)
                  0.04    0.00    5.03 v clkbuf_0_SCK/A (sky130_fd_sc_hd__clkbuf_16)
                  0.05    0.15    5.17 v clkbuf_0_SCK/X (sky130_fd_sc_hd__clkbuf_16)
     4    0.04                           clknet_0_SCK (net)
                  0.05    0.00    5.18 v clkbuf_2_3__f_SCK/A (sky130_fd_sc_hd__clkbuf_16)
                  0.03    0.14    5.31 v clkbuf_2_3__f_SCK/X (sky130_fd_sc_hd__clkbuf_16)
     6    0.02                           clknet_2_3__leaf_SCK (net)
                  0.03    0.00    5.31 v _437_/A (sky130_fd_sc_hd__buf_1)
                  0.06    0.10    5.42 v _437_/X (sky130_fd_sc_hd__buf_1)
     1    0.01                           _221_ (net)
                  0.06    0.00    5.42 v clkbuf_0__221_/A (sky130_fd_sc_hd__clkbuf_16)
                  0.03    0.14    5.56 v clkbuf_0__221_/X (sky130_fd_sc_hd__clkbuf_16)
     2    0.02                           clknet_0__221_ (net)
                  0.03    0.00    5.56 v clkbuf_1_0__f__221_/A (sky130_fd_sc_hd__clkbuf_16)
                  0.04    0.14    5.70 v clkbuf_1_0__f__221_/X (sky130_fd_sc_hd__clkbuf_16)
     4    0.02                           clknet_1_0__leaf__221_ (net)
                  0.04    0.00    5.70 v _451__8/A (sky130_fd_sc_hd__inv_2)
                  0.02    0.03    5.73 ^ _451__8/Y (sky130_fd_sc_hd__inv_2)
     1    0.00                           net46 (net)
                  0.02    0.00    5.73 ^ _496_/CLK (sky130_fd_sc_hd__dfrtp_1)
                         -0.25    5.48   clock uncertainty
                          0.00    5.48   clock reconvergence pessimism
                         -0.11    5.37   library setup time
                                  5.37   data required time
-----------------------------------------------------------------------------
                                  5.37   data required time
                                 -2.81   data arrival time
-----------------------------------------------------------------------------
                                  2.56   slack (MET)


Startpoint: idata[2] (input port clocked by SCK)
Endpoint: _493_ (rising edge-triggered flip-flop clocked by SCK')
Path Group: SCK
Path Type: max

Fanout     Cap    Slew   Delay    Time   Description
-----------------------------------------------------------------------------
                          0.00    0.00   clock SCK (rise edge)
                          0.00    0.00   clock network delay (propagated)
                          2.00    2.00 v input external delay
                  0.01    0.01    2.01 v idata[2] (in)
     1    0.00                           idata[2] (net)
                  0.01    0.00    2.01 v input5/A (sky130_fd_sc_hd__clkbuf_1)
                  0.06    0.11    2.12 v input5/X (sky130_fd_sc_hd__clkbuf_1)
     1    0.01                           net5 (net)
                  0.06    0.00    2.12 v _250_/A0 (sky130_fd_sc_hd__mux2_1)
                  0.05    0.29    2.41 v _250_/X (sky130_fd_sc_hd__mux2_1)
     1    0.00                           _117_ (net)
                  0.05    0.00    2.41 v _251_/A0 (sky130_fd_sc_hd__mux2_1)
                  0.05    0.29    2.70 v _251_/X (sky130_fd_sc_hd__mux2_1)
     1    0.00                           _118_ (net)
                  0.05    0.00    2.70 v _252_/A (sky130_fd_sc_hd__clkbuf_1)
                  0.02    0.09    2.79 v _252_/X (sky130_fd_sc_hd__clkbuf_1)
     1    0.00                           _094_ (net)
                  0.02    0.00    2.79 v _493_/D (sky130_fd_sc_hd__dfrtp_1)
                                  2.79   data arrival time

                          5.00    5.00   clock SCK' (rise edge)
                          0.00    5.00   clock source latency
                  0.04    0.03    5.03 v SCK (in)
     1    0.02                           SCK (net)
                  0.04    0.00    5.03 v clkbuf_0_SCK/A (sky130_fd_sc_hd__clkbuf_16)
                  0.05    0.15    5.17 v clkbuf_0_SCK/X (sky130_fd_sc_hd__clkbuf_16)
     4    0.04                           clknet_0_SCK (net)
                  0.05    0.00    5.18 v clkbuf_2_3__f_SCK/A (sky130_fd_sc_hd__clkbuf_16)
                  0.03    0.14    5.31 v clkbuf_2_3__f_SCK/X (sky130_fd_sc_hd__clkbuf_16)
     6    0.02                           clknet_2_3__leaf_SCK (net)
                  0.03    0.00    5.31 v _437_/A (sky130_fd_sc_hd__buf_1)
                  0.06    0.10    5.42 v _437_/X (sky130_fd_sc_hd__buf_1)
     1    0.01                           _221_ (net)
                  0.06    0.00    5.42 v clkbuf_0__221_/A (sky130_fd_sc_hd__clkbuf_16)
                  0.03    0.14    5.56 v clkbuf_0__221_/X (sky130_fd_sc_hd__clkbuf_16)
     2    0.02                           clknet_0__221_ (net)
                  0.03    0.00    5.56 v clkbuf_1_1__f__221_/A (sky130_fd_sc_hd__clkbuf_16)
                  0.04    0.14    5.70 v clkbuf_1_1__f__221_/X (sky130_fd_sc_hd__clkbuf_16)
     6    0.03                           clknet_1_1__leaf__221_ (net)
                  0.04    0.00    5.71 v _448__5/A (sky130_fd_sc_hd__inv_2)
                  0.02    0.04    5.74 ^ _448__5/Y (sky130_fd_sc_hd__inv_2)
     1    0.00                           net43 (net)
                  0.02    0.00    5.74 ^ _493_/CLK (sky130_fd_sc_hd__dfrtp_1)
                         -0.25    5.49   clock uncertainty
                          0.00    5.49   clock reconvergence pessimism
                         -0.11    5.38   library setup time
                                  5.38   data required time
-----------------------------------------------------------------------------
                                  5.38   data required time
                                 -2.79   data arrival time
-----------------------------------------------------------------------------
                                  2.59   slack (MET)


Startpoint: idata[4] (input port clocked by SCK)
Endpoint: _495_ (rising edge-triggered flip-flop clocked by SCK')
Path Group: SCK
Path Type: max

Fanout     Cap    Slew   Delay    Time   Description
-----------------------------------------------------------------------------
                          0.00    0.00   clock SCK (rise edge)
                          0.00    0.00   clock network delay (propagated)
                          2.00    2.00 v input external delay
                  0.01    0.00    2.00 v idata[4] (in)
     1    0.00                           idata[4] (net)
                  0.01    0.00    2.00 v input7/A (sky130_fd_sc_hd__clkbuf_1)
                  0.04    0.09    2.10 v input7/X (sky130_fd_sc_hd__clkbuf_1)
     1    0.01                           net7 (net)
                  0.04    0.00    2.10 v _242_/A0 (sky130_fd_sc_hd__mux2_1)
                  0.06    0.29    2.39 v _242_/X (sky130_fd_sc_hd__mux2_1)
     1    0.00                           _113_ (net)
                  0.06    0.00    2.39 v _243_/A0 (sky130_fd_sc_hd__mux2_1)
                  0.06    0.30    2.68 v _243_/X (sky130_fd_sc_hd__mux2_1)
     1    0.00                           _114_ (net)
                  0.06    0.00    2.68 v _244_/A (sky130_fd_sc_hd__clkbuf_1)
                  0.02    0.09    2.78 v _244_/X (sky130_fd_sc_hd__clkbuf_1)
     1    0.00                           _096_ (net)
                  0.02    0.00    2.78 v _495_/D (sky130_fd_sc_hd__dfrtp_1)
                                  2.78   data arrival time

                          5.00    5.00   clock SCK' (rise edge)
                          0.00    5.00   clock source latency
                  0.04    0.03    5.03 v SCK (in)
     1    0.02                           SCK (net)
                  0.04    0.00    5.03 v clkbuf_0_SCK/A (sky130_fd_sc_hd__clkbuf_16)
                  0.05    0.15    5.17 v clkbuf_0_SCK/X (sky130_fd_sc_hd__clkbuf_16)
     4    0.04                           clknet_0_SCK (net)
                  0.05    0.00    5.18 v clkbuf_2_3__f_SCK/A (sky130_fd_sc_hd__clkbuf_16)
                  0.03    0.14    5.31 v clkbuf_2_3__f_SCK/X (sky130_fd_sc_hd__clkbuf_16)
     6    0.02                           clknet_2_3__leaf_SCK (net)
                  0.03    0.00    5.31 v _437_/A (sky130_fd_sc_hd__buf_1)
                  0.06    0.10    5.42 v _437_/X (sky130_fd_sc_hd__buf_1)
     1    0.01                           _221_ (net)
                  0.06    0.00    5.42 v clkbuf_0__221_/A (sky130_fd_sc_hd__clkbuf_16)
                  0.03    0.14    5.56 v clkbuf_0__221_/X (sky130_fd_sc_hd__clkbuf_16)
     2    0.02                           clknet_0__221_ (net)
                  0.03    0.00    5.56 v clkbuf_1_0__f__221_/A (sky130_fd_sc_hd__clkbuf_16)
                  0.04    0.14    5.70 v clkbuf_1_0__f__221_/X (sky130_fd_sc_hd__clkbuf_16)
     4    0.02                           clknet_1_0__leaf__221_ (net)
                  0.04    0.00    5.70 v _450__7/A (sky130_fd_sc_hd__inv_2)
                  0.02    0.03    5.73 ^ _450__7/Y (sky130_fd_sc_hd__inv_2)
     1    0.00                           net45 (net)
                  0.02    0.00    5.73 ^ _495_/CLK (sky130_fd_sc_hd__dfrtp_1)
                         -0.25    5.48   clock uncertainty
                          0.00    5.48   clock reconvergence pessimism
                         -0.11    5.37   library setup time
                                  5.37   data required time
-----------------------------------------------------------------------------
                                  5.37   data required time
                                 -2.78   data arrival time
-----------------------------------------------------------------------------
                                  2.59   slack (MET)


Startpoint: idata[3] (input port clocked by SCK)
Endpoint: _494_ (rising edge-triggered flip-flop clocked by SCK')
Path Group: SCK
Path Type: max

Fanout     Cap    Slew   Delay    Time   Description
-----------------------------------------------------------------------------
                          0.00    0.00   clock SCK (rise edge)
                          0.00    0.00   clock network delay (propagated)
                          2.00    2.00 v input external delay
                  0.01    0.01    2.01 v idata[3] (in)
     1    0.00                           idata[3] (net)
                  0.01    0.00    2.01 v input6/A (sky130_fd_sc_hd__clkbuf_1)
                  0.05    0.10    2.10 v input6/X (sky130_fd_sc_hd__clkbuf_1)
     1    0.01                           net6 (net)
                  0.05    0.00    2.10 v _246_/A0 (sky130_fd_sc_hd__mux2_1)
                  0.05    0.28    2.39 v _246_/X (sky130_fd_sc_hd__mux2_1)
     1    0.00                           _115_ (net)
                  0.05    0.00    2.39 v _247_/A0 (sky130_fd_sc_hd__mux2_1)
                  0.06    0.30    2.68 v _247_/X (sky130_fd_sc_hd__mux2_1)
     1    0.00                           _116_ (net)
                  0.06    0.00    2.68 v _248_/A (sky130_fd_sc_hd__clkbuf_1)
                  0.03    0.10    2.78 v _248_/X (sky130_fd_sc_hd__clkbuf_1)
     1    0.00                           _095_ (net)
                  0.03    0.00    2.78 v _494_/D (sky130_fd_sc_hd__dfrtp_1)
                                  2.78   data arrival time

                          5.00    5.00   clock SCK' (rise edge)
                          0.00    5.00   clock source latency
                  0.04    0.03    5.03 v SCK (in)
     1    0.02                           SCK (net)
                  0.04    0.00    5.03 v clkbuf_0_SCK/A (sky130_fd_sc_hd__clkbuf_16)
                  0.05    0.15    5.17 v clkbuf_0_SCK/X (sky130_fd_sc_hd__clkbuf_16)
     4    0.04                           clknet_0_SCK (net)
                  0.05    0.00    5.18 v clkbuf_2_3__f_SCK/A (sky130_fd_sc_hd__clkbuf_16)
                  0.03    0.14    5.31 v clkbuf_2_3__f_SCK/X (sky130_fd_sc_hd__clkbuf_16)
     6    0.02                           clknet_2_3__leaf_SCK (net)
                  0.03    0.00    5.31 v _437_/A (sky130_fd_sc_hd__buf_1)
                  0.06    0.10    5.42 v _437_/X (sky130_fd_sc_hd__buf_1)
     1    0.01                           _221_ (net)
                  0.06    0.00    5.42 v clkbuf_0__221_/A (sky130_fd_sc_hd__clkbuf_16)
                  0.03    0.14    5.56 v clkbuf_0__221_/X (sky130_fd_sc_hd__clkbuf_16)
     2    0.02                           clknet_0__221_ (net)
                  0.03    0.00    5.56 v clkbuf_1_0__f__221_/A (sky130_fd_sc_hd__clkbuf_16)
                  0.04    0.14    5.70 v clkbuf_1_0__f__221_/X (sky130_fd_sc_hd__clkbuf_16)
     4    0.02                           clknet_1_0__leaf__221_ (net)
                  0.04    0.00    5.70 v _449__6/A (sky130_fd_sc_hd__inv_2)
                  0.02    0.03    5.73 ^ _449__6/Y (sky130_fd_sc_hd__inv_2)
     1    0.00                           net44 (net)
                  0.02    0.00    5.73 ^ _494_/CLK (sky130_fd_sc_hd__dfrtp_1)
                         -0.25    5.48   clock uncertainty
                          0.00    5.48   clock reconvergence pessimism
                         -0.11    5.37   library setup time
                                  5.37   data required time
-----------------------------------------------------------------------------
                                  5.37   data required time
                                 -2.78   data arrival time
-----------------------------------------------------------------------------
                                  2.59   slack (MET)


Startpoint: idata[7] (input port clocked by SCK)
Endpoint: _498_ (rising edge-triggered flip-flop clocked by SCK')
Path Group: SCK
Path Type: max

Fanout     Cap    Slew   Delay    Time   Description
-----------------------------------------------------------------------------
                          0.00    0.00   clock SCK (rise edge)
                          0.00    0.00   clock network delay (propagated)
                          2.00    2.00 v input external delay
                  0.01    0.01    2.01 v idata[7] (in)
     1    0.00                           idata[7] (net)
                  0.01    0.00    2.01 v input10/A (sky130_fd_sc_hd__clkbuf_1)
                  0.06    0.11    2.11 v input10/X (sky130_fd_sc_hd__clkbuf_1)
     1    0.01                           net10 (net)
                  0.06    0.00    2.11 v _229_/A0 (sky130_fd_sc_hd__mux2_1)
                  0.05    0.29    2.40 v _229_/X (sky130_fd_sc_hd__mux2_1)
     1    0.00                           _106_ (net)
                  0.05    0.00    2.40 v _231_/A0 (sky130_fd_sc_hd__mux2_1)
                  0.05    0.29    2.69 v _231_/X (sky130_fd_sc_hd__mux2_1)
     1    0.00                           _108_ (net)
                  0.05    0.00    2.69 v _232_/A (sky130_fd_sc_hd__clkbuf_1)
                  0.02    0.09    2.78 v _232_/X (sky130_fd_sc_hd__clkbuf_1)
     1    0.00                           _099_ (net)
                  0.02    0.00    2.78 v _498_/D (sky130_fd_sc_hd__dfrtp_1)
                                  2.78   data arrival time

                          5.00    5.00   clock SCK' (rise edge)
                          0.00    5.00   clock source latency
                  0.04    0.03    5.03 v SCK (in)
     1    0.02                           SCK (net)
                  0.04    0.00    5.03 v clkbuf_0_SCK/A (sky130_fd_sc_hd__clkbuf_16)
                  0.05    0.15    5.17 v clkbuf_0_SCK/X (sky130_fd_sc_hd__clkbuf_16)
     4    0.04                           clknet_0_SCK (net)
                  0.05    0.00    5.18 v clkbuf_2_3__f_SCK/A (sky130_fd_sc_hd__clkbuf_16)
                  0.03    0.14    5.31 v clkbuf_2_3__f_SCK/X (sky130_fd_sc_hd__clkbuf_16)
     6    0.02                           clknet_2_3__leaf_SCK (net)
                  0.03    0.00    5.31 v _437_/A (sky130_fd_sc_hd__buf_1)
                  0.06    0.10    5.42 v _437_/X (sky130_fd_sc_hd__buf_1)
     1    0.01                           _221_ (net)
                  0.06    0.00    5.42 v clkbuf_0__221_/A (sky130_fd_sc_hd__clkbuf_16)
                  0.03    0.14    5.56 v clkbuf_0__221_/X (sky130_fd_sc_hd__clkbuf_16)
     2    0.02                           clknet_0__221_ (net)
                  0.03    0.00    5.56 v clkbuf_1_1__f__221_/A (sky130_fd_sc_hd__clkbuf_16)
                  0.04    0.14    5.70 v clkbuf_1_1__f__221_/X (sky130_fd_sc_hd__clkbuf_16)
     6    0.03                           clknet_1_1__leaf__221_ (net)
                  0.04    0.00    5.71 v _453__10/A (sky130_fd_sc_hd__inv_2)
                  0.02    0.03    5.74 ^ _453__10/Y (sky130_fd_sc_hd__inv_2)
     1    0.00                           net48 (net)
                  0.02    0.00    5.74 ^ _498_/CLK (sky130_fd_sc_hd__dfrtp_1)
                         -0.25    5.49   clock uncertainty
                          0.00    5.49   clock reconvergence pessimism
                         -0.11    5.38   library setup time
                                  5.38   data required time
-----------------------------------------------------------------------------
                                  5.38   data required time
                                 -2.78   data arrival time
-----------------------------------------------------------------------------
                                  2.60   slack (MET)


Startpoint: idata[6] (input port clocked by SCK)
Endpoint: _497_ (rising edge-triggered flip-flop clocked by SCK')
Path Group: SCK
Path Type: max

Fanout     Cap    Slew   Delay    Time   Description
-----------------------------------------------------------------------------
                          0.00    0.00   clock SCK (rise edge)
                          0.00    0.00   clock network delay (propagated)
                          2.00    2.00 v input external delay
                  0.01    0.00    2.00 v idata[6] (in)
     1    0.00                           idata[6] (net)
                  0.01    0.00    2.00 v input9/A (sky130_fd_sc_hd__clkbuf_1)
                  0.02    0.07    2.08 v input9/X (sky130_fd_sc_hd__clkbuf_1)
     1    0.00                           net9 (net)
                  0.02    0.00    2.08 v _234_/A0 (sky130_fd_sc_hd__mux2_1)
                  0.05    0.28    2.36 v _234_/X (sky130_fd_sc_hd__mux2_1)
     1    0.00                           _109_ (net)
                  0.05    0.00    2.36 v _235_/A0 (sky130_fd_sc_hd__mux2_1)
                  0.06    0.30    2.65 v _235_/X (sky130_fd_sc_hd__mux2_1)
     1    0.00                           _110_ (net)
                  0.06    0.00    2.65 v _236_/A (sky130_fd_sc_hd__clkbuf_1)
                  0.02    0.10    2.75 v _236_/X (sky130_fd_sc_hd__clkbuf_1)
     1    0.00                           _098_ (net)
                  0.02    0.00    2.75 v _497_/D (sky130_fd_sc_hd__dfrtp_1)
                                  2.75   data arrival time

                          5.00    5.00   clock SCK' (rise edge)
                          0.00    5.00   clock source latency
                  0.04    0.03    5.03 v SCK (in)
     1    0.02                           SCK (net)
                  0.04    0.00    5.03 v clkbuf_0_SCK/A (sky130_fd_sc_hd__clkbuf_16)
                  0.05    0.15    5.17 v clkbuf_0_SCK/X (sky130_fd_sc_hd__clkbuf_16)
     4    0.04                           clknet_0_SCK (net)
                  0.05    0.00    5.18 v clkbuf_2_3__f_SCK/A (sky130_fd_sc_hd__clkbuf_16)
                  0.03    0.14    5.31 v clkbuf_2_3__f_SCK/X (sky130_fd_sc_hd__clkbuf_16)
     6    0.02                           clknet_2_3__leaf_SCK (net)
                  0.03    0.00    5.31 v _437_/A (sky130_fd_sc_hd__buf_1)
                  0.06    0.10    5.42 v _437_/X (sky130_fd_sc_hd__buf_1)
     1    0.01                           _221_ (net)
                  0.06    0.00    5.42 v clkbuf_0__221_/A (sky130_fd_sc_hd__clkbuf_16)
                  0.03    0.14    5.56 v clkbuf_0__221_/X (sky130_fd_sc_hd__clkbuf_16)
     2    0.02                           clknet_0__221_ (net)
                  0.03    0.00    5.56 v clkbuf_1_1__f__221_/A (sky130_fd_sc_hd__clkbuf_16)
                  0.04    0.14    5.70 v clkbuf_1_1__f__221_/X (sky130_fd_sc_hd__clkbuf_16)
     6    0.03                           clknet_1_1__leaf__221_ (net)
                  0.04    0.00    5.71 v _452__9/A (sky130_fd_sc_hd__inv_2)
                  0.02    0.04    5.74 ^ _452__9/Y (sky130_fd_sc_hd__inv_2)
     1    0.00                           net47 (net)
                  0.02    0.00    5.74 ^ _497_/CLK (sky130_fd_sc_hd__dfrtp_1)
                         -0.25    5.49   clock uncertainty
                          0.00    5.49   clock reconvergence pessimism
                         -0.11    5.38   library setup time
                                  5.38   data required time
-----------------------------------------------------------------------------
                                  5.38   data required time
                                 -2.75   data arrival time
-----------------------------------------------------------------------------
                                  2.63   slack (MET)


Startpoint: idata[1] (input port clocked by SCK)
Endpoint: _492_ (rising edge-triggered flip-flop clocked by SCK')
Path Group: SCK
Path Type: max

Fanout     Cap    Slew   Delay    Time   Description
-----------------------------------------------------------------------------
                          0.00    0.00   clock SCK (rise edge)
                          0.00    0.00   clock network delay (propagated)
                          2.00    2.00 v input external delay
                  0.01    0.01    2.01 v idata[1] (in)
     1    0.00                           idata[1] (net)
                  0.01    0.00    2.01 v input4/A (sky130_fd_sc_hd__clkbuf_1)
                  0.02    0.07    2.08 v input4/X (sky130_fd_sc_hd__clkbuf_1)
     1    0.00                           net4 (net)
                  0.02    0.00    2.08 v _254_/A0 (sky130_fd_sc_hd__mux2_1)
                  0.05    0.27    2.35 v _254_/X (sky130_fd_sc_hd__mux2_1)
     1    0.00                           _119_ (net)
                  0.05    0.00    2.35 v _255_/A0 (sky130_fd_sc_hd__mux2_1)
                  0.05    0.29    2.64 v _255_/X (sky130_fd_sc_hd__mux2_1)
     1    0.00                           _120_ (net)
                  0.05    0.00    2.64 v _256_/A (sky130_fd_sc_hd__clkbuf_1)
                  0.02    0.09    2.74 v _256_/X (sky130_fd_sc_hd__clkbuf_1)
     1    0.00                           _093_ (net)
                  0.02    0.00    2.74 v _492_/D (sky130_fd_sc_hd__dfrtp_1)
                                  2.74   data arrival time

                          5.00    5.00   clock SCK' (rise edge)
                          0.00    5.00   clock source latency
                  0.04    0.03    5.03 v SCK (in)
     1    0.02                           SCK (net)
                  0.04    0.00    5.03 v clkbuf_0_SCK/A (sky130_fd_sc_hd__clkbuf_16)
                  0.05    0.15    5.17 v clkbuf_0_SCK/X (sky130_fd_sc_hd__clkbuf_16)
     4    0.04                           clknet_0_SCK (net)
                  0.05    0.00    5.18 v clkbuf_2_3__f_SCK/A (sky130_fd_sc_hd__clkbuf_16)
                  0.03    0.14    5.31 v clkbuf_2_3__f_SCK/X (sky130_fd_sc_hd__clkbuf_16)
     6    0.02                           clknet_2_3__leaf_SCK (net)
                  0.03    0.00    5.31 v _437_/A (sky130_fd_sc_hd__buf_1)
                  0.06    0.10    5.42 v _437_/X (sky130_fd_sc_hd__buf_1)
     1    0.01                           _221_ (net)
                  0.06    0.00    5.42 v clkbuf_0__221_/A (sky130_fd_sc_hd__clkbuf_16)
                  0.03    0.14    5.56 v clkbuf_0__221_/X (sky130_fd_sc_hd__clkbuf_16)
     2    0.02                           clknet_0__221_ (net)
                  0.03    0.00    5.56 v clkbuf_1_1__f__221_/A (sky130_fd_sc_hd__clkbuf_16)
                  0.04    0.14    5.70 v clkbuf_1_1__f__221_/X (sky130_fd_sc_hd__clkbuf_16)
     6    0.03                           clknet_1_1__leaf__221_ (net)
                  0.04    0.00    5.71 v _447__4/A (sky130_fd_sc_hd__inv_2)
                  0.02    0.03    5.74 ^ _447__4/Y (sky130_fd_sc_hd__inv_2)
     1    0.00                           net42 (net)
                  0.02    0.00    5.74 ^ _492_/CLK (sky130_fd_sc_hd__dfrtp_1)
                         -0.25    5.49   clock uncertainty
                          0.00    5.49   clock reconvergence pessimism
                         -0.11    5.38   library setup time
                                  5.38   data required time
-----------------------------------------------------------------------------
                                  5.38   data required time
                                 -2.74   data arrival time
-----------------------------------------------------------------------------
                                  2.64   slack (MET)


Startpoint: reset (input port clocked by SCK)
Endpoint: _483_ (recovery check against rising-edge clock SCK')
Path Group: asynchronous
Path Type: max

Fanout     Cap    Slew   Delay    Time   Description
-----------------------------------------------------------------------------
                          0.00    0.00   clock SCK (rise edge)
                          0.00    0.00   clock network delay (propagated)
                          2.00    2.00 v input external delay
                  0.01    0.00    2.00 v reset (in)
     1    0.00                           reset (net)
                  0.01    0.00    2.00 v input11/A (sky130_fd_sc_hd__clkbuf_1)
                  0.02    0.07    2.07 v input11/X (sky130_fd_sc_hd__clkbuf_1)
     1    0.00                           net11 (net)
                  0.02    0.00    2.07 v _222_/A (sky130_fd_sc_hd__buf_2)
                  0.09    0.18    2.25 v _222_/X (sky130_fd_sc_hd__buf_2)
     9    0.03                           _100_ (net)
                  0.09    0.00    2.25 v _223_/A (sky130_fd_sc_hd__clkbuf_4)
                  0.09    0.22    2.48 v _223_/X (sky130_fd_sc_hd__clkbuf_4)
    10    0.04                           _101_ (net)
                  0.09    0.00    2.48 v _271_/A (sky130_fd_sc_hd__nor2_1)
                  0.10    0.13    2.61 ^ _271_/Y (sky130_fd_sc_hd__nor2_1)
     1    0.00                           _035_ (net)
                  0.10    0.00    2.61 ^ _483_/SET_B (sky130_fd_sc_hd__dfstp_1)
                                  2.61   data arrival time

                          5.00    5.00   clock SCK' (rise edge)
                          0.00    5.00   clock source latency
                  0.04    0.03    5.03 v SCK (in)
     1    0.02                           SCK (net)
                  0.04    0.00    5.03 v clkbuf_0_SCK/A (sky130_fd_sc_hd__clkbuf_16)
                  0.05    0.15    5.17 v clkbuf_0_SCK/X (sky130_fd_sc_hd__clkbuf_16)
     4    0.04                           clknet_0_SCK (net)
                  0.05    0.00    5.18 v clkbuf_2_3__f_SCK/A (sky130_fd_sc_hd__clkbuf_16)
                  0.03    0.14    5.31 v clkbuf_2_3__f_SCK/X (sky130_fd_sc_hd__clkbuf_16)
     6    0.02                           clknet_2_3__leaf_SCK (net)
                  0.03    0.00    5.31 v _437_/A (sky130_fd_sc_hd__buf_1)
                  0.06    0.10    5.42 v _437_/X (sky130_fd_sc_hd__buf_1)
     1    0.01                           _221_ (net)
                  0.06    0.00    5.42 v clkbuf_0__221_/A (sky130_fd_sc_hd__clkbuf_16)
                  0.03    0.14    5.56 v clkbuf_0__221_/X (sky130_fd_sc_hd__clkbuf_16)
     2    0.02                           clknet_0__221_ (net)
                  0.03    0.00    5.56 v clkbuf_1_1__f__221_/A (sky130_fd_sc_hd__clkbuf_16)
                  0.04    0.14    5.70 v clkbuf_1_1__f__221_/X (sky130_fd_sc_hd__clkbuf_16)
     6    0.03                           clknet_1_1__leaf__221_ (net)
                  0.04    0.00    5.71 v _438__1/A (sky130_fd_sc_hd__inv_2)
                  0.02    0.04    5.74 ^ _438__1/Y (sky130_fd_sc_hd__inv_2)
     1    0.00                           net39 (net)
                  0.02    0.00    5.74 ^ _483_/CLK (sky130_fd_sc_hd__dfstp_1)
                         -0.25    5.49   clock uncertainty
                          0.00    5.49   clock reconvergence pessimism
                          0.13    5.62   library recovery time
                                  5.62   data required time
-----------------------------------------------------------------------------
                                  5.62   data required time
                                 -2.61   data arrival time
-----------------------------------------------------------------------------
                                  3.00   slack (MET)


Startpoint: reset (input port clocked by SCK)
Endpoint: _494_ (recovery check against rising-edge clock SCK')
Path Group: asynchronous
Path Type: max

Fanout     Cap    Slew   Delay    Time   Description
-----------------------------------------------------------------------------
                          0.00    0.00   clock SCK (rise edge)
                          0.00    0.00   clock network delay (propagated)
                          2.00    2.00 v input external delay
                  0.01    0.00    2.00 v reset (in)
     1    0.00                           reset (net)
                  0.01    0.00    2.00 v input11/A (sky130_fd_sc_hd__clkbuf_1)
                  0.02    0.07    2.07 v input11/X (sky130_fd_sc_hd__clkbuf_1)
     1    0.00                           net11 (net)
                  0.02    0.00    2.07 v _222_/A (sky130_fd_sc_hd__buf_2)
                  0.09    0.18    2.25 v _222_/X (sky130_fd_sc_hd__buf_2)
     9    0.03                           _100_ (net)
                  0.09    0.00    2.25 v _223_/A (sky130_fd_sc_hd__clkbuf_4)
                  0.09    0.22    2.48 v _223_/X (sky130_fd_sc_hd__clkbuf_4)
    10    0.04                           _101_ (net)
                  0.09    0.00    2.48 v _245_/A (sky130_fd_sc_hd__nor2_1)
                  0.12    0.15    2.63 ^ _245_/Y (sky130_fd_sc_hd__nor2_1)
     1    0.01                           _051_ (net)
                  0.12    0.00    2.63 ^ _494_/RESET_B (sky130_fd_sc_hd__dfrtp_1)
                                  2.63   data arrival time

                          5.00    5.00   clock SCK' (rise edge)
                          0.00    5.00   clock source latency
                  0.04    0.03    5.03 v SCK (in)
     1    0.02                           SCK (net)
                  0.04    0.00    5.03 v clkbuf_0_SCK/A (sky130_fd_sc_hd__clkbuf_16)
                  0.05    0.15    5.17 v clkbuf_0_SCK/X (sky130_fd_sc_hd__clkbuf_16)
     4    0.04                           clknet_0_SCK (net)
                  0.05    0.00    5.18 v clkbuf_2_3__f_SCK/A (sky130_fd_sc_hd__clkbuf_16)
                  0.03    0.14    5.31 v clkbuf_2_3__f_SCK/X (sky130_fd_sc_hd__clkbuf_16)
     6    0.02                           clknet_2_3__leaf_SCK (net)
                  0.03    0.00    5.31 v _437_/A (sky130_fd_sc_hd__buf_1)
                  0.06    0.10    5.42 v _437_/X (sky130_fd_sc_hd__buf_1)
     1    0.01                           _221_ (net)
                  0.06    0.00    5.42 v clkbuf_0__221_/A (sky130_fd_sc_hd__clkbuf_16)
                  0.03    0.14    5.56 v clkbuf_0__221_/X (sky130_fd_sc_hd__clkbuf_16)
     2    0.02                           clknet_0__221_ (net)
                  0.03    0.00    5.56 v clkbuf_1_0__f__221_/A (sky130_fd_sc_hd__clkbuf_16)
                  0.04    0.14    5.70 v clkbuf_1_0__f__221_/X (sky130_fd_sc_hd__clkbuf_16)
     4    0.02                           clknet_1_0__leaf__221_ (net)
                  0.04    0.00    5.70 v _449__6/A (sky130_fd_sc_hd__inv_2)
                  0.02    0.03    5.73 ^ _449__6/Y (sky130_fd_sc_hd__inv_2)
     1    0.00                           net44 (net)
                  0.02    0.00    5.73 ^ _494_/CLK (sky130_fd_sc_hd__dfrtp_1)
                         -0.25    5.48   clock uncertainty
                          0.00    5.48   clock reconvergence pessimism
                          0.20    5.68   library recovery time
                                  5.68   data required time
-----------------------------------------------------------------------------
                                  5.68   data required time
                                 -2.63   data arrival time
-----------------------------------------------------------------------------
                                  3.05   slack (MET)


Startpoint: reset (input port clocked by SCK)
Endpoint: _495_ (recovery check against rising-edge clock SCK')
Path Group: asynchronous
Path Type: max

Fanout     Cap    Slew   Delay    Time   Description
-----------------------------------------------------------------------------
                          0.00    0.00   clock SCK (rise edge)
                          0.00    0.00   clock network delay (propagated)
                          2.00    2.00 v input external delay
                  0.01    0.00    2.00 v reset (in)
     1    0.00                           reset (net)
                  0.01    0.00    2.00 v input11/A (sky130_fd_sc_hd__clkbuf_1)
                  0.02    0.07    2.07 v input11/X (sky130_fd_sc_hd__clkbuf_1)
     1    0.00                           net11 (net)
                  0.02    0.00    2.07 v _222_/A (sky130_fd_sc_hd__buf_2)
                  0.09    0.18    2.25 v _222_/X (sky130_fd_sc_hd__buf_2)
     9    0.03                           _100_ (net)
                  0.09    0.00    2.25 v _223_/A (sky130_fd_sc_hd__clkbuf_4)
                  0.09    0.22    2.48 v _223_/X (sky130_fd_sc_hd__clkbuf_4)
    10    0.04                           _101_ (net)
                  0.09    0.00    2.48 v _241_/A (sky130_fd_sc_hd__nor2_1)
                  0.11    0.14    2.62 ^ _241_/Y (sky130_fd_sc_hd__nor2_1)
     1    0.00                           _053_ (net)
                  0.11    0.00    2.62 ^ _495_/RESET_B (sky130_fd_sc_hd__dfrtp_1)
                                  2.62   data arrival time

                          5.00    5.00   clock SCK' (rise edge)
                          0.00    5.00   clock source latency
                  0.04    0.03    5.03 v SCK (in)
     1    0.02                           SCK (net)
                  0.04    0.00    5.03 v clkbuf_0_SCK/A (sky130_fd_sc_hd__clkbuf_16)
                  0.05    0.15    5.17 v clkbuf_0_SCK/X (sky130_fd_sc_hd__clkbuf_16)
     4    0.04                           clknet_0_SCK (net)
                  0.05    0.00    5.18 v clkbuf_2_3__f_SCK/A (sky130_fd_sc_hd__clkbuf_16)
                  0.03    0.14    5.31 v clkbuf_2_3__f_SCK/X (sky130_fd_sc_hd__clkbuf_16)
     6    0.02                           clknet_2_3__leaf_SCK (net)
                  0.03    0.00    5.31 v _437_/A (sky130_fd_sc_hd__buf_1)
                  0.06    0.10    5.42 v _437_/X (sky130_fd_sc_hd__buf_1)
     1    0.01                           _221_ (net)
                  0.06    0.00    5.42 v clkbuf_0__221_/A (sky130_fd_sc_hd__clkbuf_16)
                  0.03    0.14    5.56 v clkbuf_0__221_/X (sky130_fd_sc_hd__clkbuf_16)
     2    0.02                           clknet_0__221_ (net)
                  0.03    0.00    5.56 v clkbuf_1_0__f__221_/A (sky130_fd_sc_hd__clkbuf_16)
                  0.04    0.14    5.70 v clkbuf_1_0__f__221_/X (sky130_fd_sc_hd__clkbuf_16)
     4    0.02                           clknet_1_0__leaf__221_ (net)
                  0.04    0.00    5.70 v _450__7/A (sky130_fd_sc_hd__inv_2)
                  0.02    0.03    5.73 ^ _450__7/Y (sky130_fd_sc_hd__inv_2)
     1    0.00                           net45 (net)
                  0.02    0.00    5.73 ^ _495_/CLK (sky130_fd_sc_hd__dfrtp_1)
                         -0.25    5.48   clock uncertainty
                          0.00    5.48   clock reconvergence pessimism
                          0.21    5.69   library recovery time
                                  5.69   data required time
-----------------------------------------------------------------------------
                                  5.69   data required time
                                 -2.62   data arrival time
-----------------------------------------------------------------------------
                                  3.06   slack (MET)


Startpoint: reset (input port clocked by SCK)
Endpoint: _485_ (recovery check against rising-edge clock SCK')
Path Group: asynchronous
Path Type: max

Fanout     Cap    Slew   Delay    Time   Description
-----------------------------------------------------------------------------
                          0.00    0.00   clock SCK (rise edge)
                          0.00    0.00   clock network delay (propagated)
                          2.00    2.00 v input external delay
                  0.01    0.00    2.00 v reset (in)
     1    0.00                           reset (net)
                  0.01    0.00    2.00 v input11/A (sky130_fd_sc_hd__clkbuf_1)
                  0.02    0.07    2.07 v input11/X (sky130_fd_sc_hd__clkbuf_1)
     1    0.00                           net11 (net)
                  0.02    0.00    2.07 v _222_/A (sky130_fd_sc_hd__buf_2)
                  0.09    0.18    2.25 v _222_/X (sky130_fd_sc_hd__buf_2)
     9    0.03                           _100_ (net)
                  0.09    0.00    2.25 v _223_/A (sky130_fd_sc_hd__clkbuf_4)
                  0.09    0.22    2.48 v _223_/X (sky130_fd_sc_hd__clkbuf_4)
    10    0.04                           _101_ (net)
                  0.09    0.00    2.48 v _260_/A (sky130_fd_sc_hd__nor2_1)
                  0.10    0.14    2.62 ^ _260_/Y (sky130_fd_sc_hd__nor2_1)
     1    0.00                           _038_ (net)
                  0.10    0.00    2.62 ^ _485_/RESET_B (sky130_fd_sc_hd__dfrtp_1)
                                  2.62   data arrival time

                          5.00    5.00   clock SCK' (rise edge)
                          0.00    5.00   clock source latency
                  0.04    0.03    5.03 v SCK (in)
     1    0.02                           SCK (net)
                  0.04    0.00    5.03 v clkbuf_0_SCK/A (sky130_fd_sc_hd__clkbuf_16)
                  0.05    0.15    5.17 v clkbuf_0_SCK/X (sky130_fd_sc_hd__clkbuf_16)
     4    0.04                           clknet_0_SCK (net)
                  0.05    0.00    5.18 v clkbuf_2_3__f_SCK/A (sky130_fd_sc_hd__clkbuf_16)
                  0.03    0.14    5.31 v clkbuf_2_3__f_SCK/X (sky130_fd_sc_hd__clkbuf_16)
     6    0.02                           clknet_2_3__leaf_SCK (net)
                  0.03    0.00    5.31 v _437_/A (sky130_fd_sc_hd__buf_1)
                  0.06    0.10    5.42 v _437_/X (sky130_fd_sc_hd__buf_1)
     1    0.01                           _221_ (net)
                  0.06    0.00    5.42 v clkbuf_0__221_/A (sky130_fd_sc_hd__clkbuf_16)
                  0.03    0.14    5.56 v clkbuf_0__221_/X (sky130_fd_sc_hd__clkbuf_16)
     2    0.02                           clknet_0__221_ (net)
                  0.03    0.00    5.56 v clkbuf_1_0__f__221_/A (sky130_fd_sc_hd__clkbuf_16)
                  0.04    0.14    5.70 v clkbuf_1_0__f__221_/X (sky130_fd_sc_hd__clkbuf_16)
     4    0.02                           clknet_1_0__leaf__221_ (net)
                  0.04    0.00    5.70 v _440__2/A (sky130_fd_sc_hd__inv_2)
                  0.02    0.03    5.73 ^ _440__2/Y (sky130_fd_sc_hd__inv_2)
     1    0.00                           net40 (net)
                  0.02    0.00    5.73 ^ _485_/CLK (sky130_fd_sc_hd__dfrtp_1)
                         -0.25    5.48   clock uncertainty
                          0.00    5.48   clock reconvergence pessimism
                          0.21    5.69   library recovery time
                                  5.69   data required time
-----------------------------------------------------------------------------
                                  5.69   data required time
                                 -2.62   data arrival time
-----------------------------------------------------------------------------
                                  3.07   slack (MET)


Startpoint: reset (input port clocked by SCK)
Endpoint: _496_ (recovery check against rising-edge clock SCK')
Path Group: asynchronous
Path Type: max

Fanout     Cap    Slew   Delay    Time   Description
-----------------------------------------------------------------------------
                          0.00    0.00   clock SCK (rise edge)
                          0.00    0.00   clock network delay (propagated)
                          2.00    2.00 v input external delay
                  0.01    0.00    2.00 v reset (in)
     1    0.00                           reset (net)
                  0.01    0.00    2.00 v input11/A (sky130_fd_sc_hd__clkbuf_1)
                  0.02    0.07    2.07 v input11/X (sky130_fd_sc_hd__clkbuf_1)
     1    0.00                           net11 (net)
                  0.02    0.00    2.07 v _222_/A (sky130_fd_sc_hd__buf_2)
                  0.09    0.18    2.25 v _222_/X (sky130_fd_sc_hd__buf_2)
     9    0.03                           _100_ (net)
                  0.09    0.00    2.25 v _223_/A (sky130_fd_sc_hd__clkbuf_4)
                  0.09    0.22    2.48 v _223_/X (sky130_fd_sc_hd__clkbuf_4)
    10    0.04                           _101_ (net)
                  0.09    0.00    2.48 v _237_/A (sky130_fd_sc_hd__nor2_1)
                  0.10    0.14    2.62 ^ _237_/Y (sky130_fd_sc_hd__nor2_1)
     1    0.00                           _055_ (net)
                  0.10    0.00    2.62 ^ _496_/RESET_B (sky130_fd_sc_hd__dfrtp_1)
                                  2.62   data arrival time

                          5.00    5.00   clock SCK' (rise edge)
                          0.00    5.00   clock source latency
                  0.04    0.03    5.03 v SCK (in)
     1    0.02                           SCK (net)
                  0.04    0.00    5.03 v clkbuf_0_SCK/A (sky130_fd_sc_hd__clkbuf_16)
                  0.05    0.15    5.17 v clkbuf_0_SCK/X (sky130_fd_sc_hd__clkbuf_16)
     4    0.04                           clknet_0_SCK (net)
                  0.05    0.00    5.18 v clkbuf_2_3__f_SCK/A (sky130_fd_sc_hd__clkbuf_16)
                  0.03    0.14    5.31 v clkbuf_2_3__f_SCK/X (sky130_fd_sc_hd__clkbuf_16)
     6    0.02                           clknet_2_3__leaf_SCK (net)
                  0.03    0.00    5.31 v _437_/A (sky130_fd_sc_hd__buf_1)
                  0.06    0.10    5.42 v _437_/X (sky130_fd_sc_hd__buf_1)
     1    0.01                           _221_ (net)
                  0.06    0.00    5.42 v clkbuf_0__221_/A (sky130_fd_sc_hd__clkbuf_16)
                  0.03    0.14    5.56 v clkbuf_0__221_/X (sky130_fd_sc_hd__clkbuf_16)
     2    0.02                           clknet_0__221_ (net)
                  0.03    0.00    5.56 v clkbuf_1_0__f__221_/A (sky130_fd_sc_hd__clkbuf_16)
                  0.04    0.14    5.70 v clkbuf_1_0__f__221_/X (sky130_fd_sc_hd__clkbuf_16)
     4    0.02                           clknet_1_0__leaf__221_ (net)
                  0.04    0.00    5.70 v _451__8/A (sky130_fd_sc_hd__inv_2)
                  0.02    0.03    5.73 ^ _451__8/Y (sky130_fd_sc_hd__inv_2)
     1    0.00                           net46 (net)
                  0.02    0.00    5.73 ^ _496_/CLK (sky130_fd_sc_hd__dfrtp_1)
                         -0.25    5.48   clock uncertainty
                          0.00    5.48   clock reconvergence pessimism
                          0.21    5.69   library recovery time
                                  5.69   data required time
-----------------------------------------------------------------------------
                                  5.69   data required time
                                 -2.62   data arrival time
-----------------------------------------------------------------------------
                                  3.07   slack (MET)


Startpoint: reset (input port clocked by SCK)
Endpoint: _491_ (recovery check against rising-edge clock SCK')
Path Group: asynchronous
Path Type: max

Fanout     Cap    Slew   Delay    Time   Description
-----------------------------------------------------------------------------
                          0.00    0.00   clock SCK (rise edge)
                          0.00    0.00   clock network delay (propagated)
                          2.00    2.00 v input external delay
                  0.01    0.00    2.00 v reset (in)
     1    0.00                           reset (net)
                  0.01    0.00    2.00 v input11/A (sky130_fd_sc_hd__clkbuf_1)
                  0.02    0.07    2.07 v input11/X (sky130_fd_sc_hd__clkbuf_1)
     1    0.00                           net11 (net)
                  0.02    0.00    2.07 v _222_/A (sky130_fd_sc_hd__buf_2)
                  0.09    0.18    2.25 v _222_/X (sky130_fd_sc_hd__buf_2)
     9    0.03                           _100_ (net)
                  0.09    0.00    2.25 v _223_/A (sky130_fd_sc_hd__clkbuf_4)
                  0.09    0.22    2.48 v _223_/X (sky130_fd_sc_hd__clkbuf_4)
    10    0.04                           _101_ (net)
                  0.09    0.00    2.48 v _257_/A (sky130_fd_sc_hd__nor2_1)
                  0.10    0.14    2.62 ^ _257_/Y (sky130_fd_sc_hd__nor2_1)
     1    0.00                           _045_ (net)
                  0.10    0.00    2.62 ^ _491_/RESET_B (sky130_fd_sc_hd__dfrtp_1)
                                  2.62   data arrival time

                          5.00    5.00   clock SCK' (rise edge)
                          0.00    5.00   clock source latency
                  0.04    0.03    5.03 v SCK (in)
     1    0.02                           SCK (net)
                  0.04    0.00    5.03 v clkbuf_0_SCK/A (sky130_fd_sc_hd__clkbuf_16)
                  0.05    0.15    5.17 v clkbuf_0_SCK/X (sky130_fd_sc_hd__clkbuf_16)
     4    0.04                           clknet_0_SCK (net)
                  0.05    0.00    5.18 v clkbuf_2_3__f_SCK/A (sky130_fd_sc_hd__clkbuf_16)
                  0.03    0.14    5.31 v clkbuf_2_3__f_SCK/X (sky130_fd_sc_hd__clkbuf_16)
     6    0.02                           clknet_2_3__leaf_SCK (net)
                  0.03    0.00    5.31 v _437_/A (sky130_fd_sc_hd__buf_1)
                  0.06    0.10    5.42 v _437_/X (sky130_fd_sc_hd__buf_1)
     1    0.01                           _221_ (net)
                  0.06    0.00    5.42 v clkbuf_0__221_/A (sky130_fd_sc_hd__clkbuf_16)
                  0.03    0.14    5.56 v clkbuf_0__221_/X (sky130_fd_sc_hd__clkbuf_16)
     2    0.02                           clknet_0__221_ (net)
                  0.03    0.00    5.56 v clkbuf_1_1__f__221_/A (sky130_fd_sc_hd__clkbuf_16)
                  0.04    0.14    5.70 v clkbuf_1_1__f__221_/X (sky130_fd_sc_hd__clkbuf_16)
     6    0.03                           clknet_1_1__leaf__221_ (net)
                  0.04    0.00    5.71 v _446__3/A (sky130_fd_sc_hd__inv_2)
                  0.02    0.04    5.74 ^ _446__3/Y (sky130_fd_sc_hd__inv_2)
     1    0.00                           net41 (net)
                  0.02    0.00    5.74 ^ _491_/CLK (sky130_fd_sc_hd__dfrtp_1)
                         -0.25    5.49   clock uncertainty
                          0.00    5.49   clock reconvergence pessimism
                          0.21    5.70   library recovery time
                                  5.70   data required time
-----------------------------------------------------------------------------
                                  5.70   data required time
                                 -2.62   data arrival time
-----------------------------------------------------------------------------
                                  3.08   slack (MET)


Startpoint: reset (input port clocked by SCK)
Endpoint: _498_ (recovery check against rising-edge clock SCK')
Path Group: asynchronous
Path Type: max

Fanout     Cap    Slew   Delay    Time   Description
-----------------------------------------------------------------------------
                          0.00    0.00   clock SCK (rise edge)
                          0.00    0.00   clock network delay (propagated)
                          2.00    2.00 v input external delay
                  0.01    0.00    2.00 v reset (in)
     1    0.00                           reset (net)
                  0.01    0.00    2.00 v input11/A (sky130_fd_sc_hd__clkbuf_1)
                  0.02    0.07    2.07 v input11/X (sky130_fd_sc_hd__clkbuf_1)
     1    0.00                           net11 (net)
                  0.02    0.00    2.07 v _222_/A (sky130_fd_sc_hd__buf_2)
                  0.09    0.18    2.25 v _222_/X (sky130_fd_sc_hd__buf_2)
     9    0.03                           _100_ (net)
                  0.09    0.00    2.25 v _223_/A (sky130_fd_sc_hd__clkbuf_4)
                  0.09    0.22    2.48 v _223_/X (sky130_fd_sc_hd__clkbuf_4)
    10    0.04                           _101_ (net)
                  0.09    0.00    2.48 v _226_/A (sky130_fd_sc_hd__nor2_1)
                  0.10    0.13    2.62 ^ _226_/Y (sky130_fd_sc_hd__nor2_1)
     1    0.00                           _059_ (net)
                  0.10    0.00    2.62 ^ _498_/RESET_B (sky130_fd_sc_hd__dfrtp_1)
                                  2.62   data arrival time

                          5.00    5.00   clock SCK' (rise edge)
                          0.00    5.00   clock source latency
                  0.04    0.03    5.03 v SCK (in)
     1    0.02                           SCK (net)
                  0.04    0.00    5.03 v clkbuf_0_SCK/A (sky130_fd_sc_hd__clkbuf_16)
                  0.05    0.15    5.17 v clkbuf_0_SCK/X (sky130_fd_sc_hd__clkbuf_16)
     4    0.04                           clknet_0_SCK (net)
                  0.05    0.00    5.18 v clkbuf_2_3__f_SCK/A (sky130_fd_sc_hd__clkbuf_16)
                  0.03    0.14    5.31 v clkbuf_2_3__f_SCK/X (sky130_fd_sc_hd__clkbuf_16)
     6    0.02                           clknet_2_3__leaf_SCK (net)
                  0.03    0.00    5.31 v _437_/A (sky130_fd_sc_hd__buf_1)
                  0.06    0.10    5.42 v _437_/X (sky130_fd_sc_hd__buf_1)
     1    0.01                           _221_ (net)
                  0.06    0.00    5.42 v clkbuf_0__221_/A (sky130_fd_sc_hd__clkbuf_16)
                  0.03    0.14    5.56 v clkbuf_0__221_/X (sky130_fd_sc_hd__clkbuf_16)
     2    0.02                           clknet_0__221_ (net)
                  0.03    0.00    5.56 v clkbuf_1_1__f__221_/A (sky130_fd_sc_hd__clkbuf_16)
                  0.04    0.14    5.70 v clkbuf_1_1__f__221_/X (sky130_fd_sc_hd__clkbuf_16)
     6    0.03                           clknet_1_1__leaf__221_ (net)
                  0.04    0.00    5.71 v _453__10/A (sky130_fd_sc_hd__inv_2)
                  0.02    0.03    5.74 ^ _453__10/Y (sky130_fd_sc_hd__inv_2)
     1    0.00                           net48 (net)
                  0.02    0.00    5.74 ^ _498_/CLK (sky130_fd_sc_hd__dfrtp_1)
                         -0.25    5.49   clock uncertainty
                          0.00    5.49   clock reconvergence pessimism
                          0.21    5.70   library recovery time
                                  5.70   data required time
-----------------------------------------------------------------------------
                                  5.70   data required time
                                 -2.62   data arrival time
-----------------------------------------------------------------------------
                                  3.08   slack (MET)


Startpoint: reset (input port clocked by SCK)
Endpoint: _493_ (recovery check against rising-edge clock SCK')
Path Group: asynchronous
Path Type: max

Fanout     Cap    Slew   Delay    Time   Description
-----------------------------------------------------------------------------
                          0.00    0.00   clock SCK (rise edge)
                          0.00    0.00   clock network delay (propagated)
                          2.00    2.00 v input external delay
                  0.01    0.00    2.00 v reset (in)
     1    0.00                           reset (net)
                  0.01    0.00    2.00 v input11/A (sky130_fd_sc_hd__clkbuf_1)
                  0.02    0.07    2.07 v input11/X (sky130_fd_sc_hd__clkbuf_1)
     1    0.00                           net11 (net)
                  0.02    0.00    2.07 v _222_/A (sky130_fd_sc_hd__buf_2)
                  0.09    0.18    2.25 v _222_/X (sky130_fd_sc_hd__buf_2)
     9    0.03                           _100_ (net)
                  0.09    0.00    2.25 v _223_/A (sky130_fd_sc_hd__clkbuf_4)
                  0.09    0.22    2.48 v _223_/X (sky130_fd_sc_hd__clkbuf_4)
    10    0.04                           _101_ (net)
                  0.09    0.00    2.48 v _249_/A (sky130_fd_sc_hd__nor2_1)
                  0.10    0.13    2.62 ^ _249_/Y (sky130_fd_sc_hd__nor2_1)
     1    0.00                           _049_ (net)
                  0.10    0.00    2.62 ^ _493_/RESET_B (sky130_fd_sc_hd__dfrtp_1)
                                  2.62   data arrival time

                          5.00    5.00   clock SCK' (rise edge)
                          0.00    5.00   clock source latency
                  0.04    0.03    5.03 v SCK (in)
     1    0.02                           SCK (net)
                  0.04    0.00    5.03 v clkbuf_0_SCK/A (sky130_fd_sc_hd__clkbuf_16)
                  0.05    0.15    5.17 v clkbuf_0_SCK/X (sky130_fd_sc_hd__clkbuf_16)
     4    0.04                           clknet_0_SCK (net)
                  0.05    0.00    5.18 v clkbuf_2_3__f_SCK/A (sky130_fd_sc_hd__clkbuf_16)
                  0.03    0.14    5.31 v clkbuf_2_3__f_SCK/X (sky130_fd_sc_hd__clkbuf_16)
     6    0.02                           clknet_2_3__leaf_SCK (net)
                  0.03    0.00    5.31 v _437_/A (sky130_fd_sc_hd__buf_1)
                  0.06    0.10    5.42 v _437_/X (sky130_fd_sc_hd__buf_1)
     1    0.01                           _221_ (net)
                  0.06    0.00    5.42 v clkbuf_0__221_/A (sky130_fd_sc_hd__clkbuf_16)
                  0.03    0.14    5.56 v clkbuf_0__221_/X (sky130_fd_sc_hd__clkbuf_16)
     2    0.02                           clknet_0__221_ (net)
                  0.03    0.00    5.56 v clkbuf_1_1__f__221_/A (sky130_fd_sc_hd__clkbuf_16)
                  0.04    0.14    5.70 v clkbuf_1_1__f__221_/X (sky130_fd_sc_hd__clkbuf_16)
     6    0.03                           clknet_1_1__leaf__221_ (net)
                  0.04    0.00    5.71 v _448__5/A (sky130_fd_sc_hd__inv_2)
                  0.02    0.04    5.74 ^ _448__5/Y (sky130_fd_sc_hd__inv_2)
     1    0.00                           net43 (net)
                  0.02    0.00    5.74 ^ _493_/CLK (sky130_fd_sc_hd__dfrtp_1)
                         -0.25    5.49   clock uncertainty
                          0.00    5.49   clock reconvergence pessimism
                          0.21    5.70   library recovery time
                                  5.70   data required time
-----------------------------------------------------------------------------
                                  5.70   data required time
                                 -2.62   data arrival time
-----------------------------------------------------------------------------
                                  3.09   slack (MET)


Startpoint: idata[0] (input port clocked by SCK)
Endpoint: _491_ (rising edge-triggered flip-flop clocked by SCK')
Path Group: SCK
Path Type: max

Fanout     Cap    Slew   Delay    Time   Description
-----------------------------------------------------------------------------
                          0.00    0.00   clock SCK (rise edge)
                          0.00    0.00   clock network delay (propagated)
                          2.00    2.00 v input external delay
                  0.01    0.01    2.01 v idata[0] (in)
     1    0.00                           idata[0] (net)
                  0.01    0.00    2.01 v input3/A (sky130_fd_sc_hd__clkbuf_1)
                  0.04    0.09    2.09 v input3/X (sky130_fd_sc_hd__clkbuf_1)
     1    0.00                           net3 (net)
                  0.04    0.00    2.09 v _259_/B2 (sky130_fd_sc_hd__a22o_1)
                  0.04    0.20    2.29 v _259_/X (sky130_fd_sc_hd__a22o_1)
     1    0.00                           _092_ (net)
                  0.04    0.00    2.29 v _491_/D (sky130_fd_sc_hd__dfrtp_1)
                                  2.29   data arrival time

                          5.00    5.00   clock SCK' (rise edge)
                          0.00    5.00   clock source latency
                  0.04    0.03    5.03 v SCK (in)
     1    0.02                           SCK (net)
                  0.04    0.00    5.03 v clkbuf_0_SCK/A (sky130_fd_sc_hd__clkbuf_16)
                  0.05    0.15    5.17 v clkbuf_0_SCK/X (sky130_fd_sc_hd__clkbuf_16)
     4    0.04                           clknet_0_SCK (net)
                  0.05    0.00    5.18 v clkbuf_2_3__f_SCK/A (sky130_fd_sc_hd__clkbuf_16)
                  0.03    0.14    5.31 v clkbuf_2_3__f_SCK/X (sky130_fd_sc_hd__clkbuf_16)
     6    0.02                           clknet_2_3__leaf_SCK (net)
                  0.03    0.00    5.31 v _437_/A (sky130_fd_sc_hd__buf_1)
                  0.06    0.10    5.42 v _437_/X (sky130_fd_sc_hd__buf_1)
     1    0.01                           _221_ (net)
                  0.06    0.00    5.42 v clkbuf_0__221_/A (sky130_fd_sc_hd__clkbuf_16)
                  0.03    0.14    5.56 v clkbuf_0__221_/X (sky130_fd_sc_hd__clkbuf_16)
     2    0.02                           clknet_0__221_ (net)
                  0.03    0.00    5.56 v clkbuf_1_1__f__221_/A (sky130_fd_sc_hd__clkbuf_16)
                  0.04    0.14    5.70 v clkbuf_1_1__f__221_/X (sky130_fd_sc_hd__clkbuf_16)
     6    0.03                           clknet_1_1__leaf__221_ (net)
                  0.04    0.00    5.71 v _446__3/A (sky130_fd_sc_hd__inv_2)
                  0.02    0.04    5.74 ^ _446__3/Y (sky130_fd_sc_hd__inv_2)
     1    0.00                           net41 (net)
                  0.02    0.00    5.74 ^ _491_/CLK (sky130_fd_sc_hd__dfrtp_1)
                         -0.25    5.49   clock uncertainty
                          0.00    5.49   clock reconvergence pessimism
                         -0.12    5.37   library setup time
                                  5.37   data required time
-----------------------------------------------------------------------------
                                  5.37   data required time
                                 -2.29   data arrival time
-----------------------------------------------------------------------------
                                  3.09   slack (MET)


Startpoint: reset (input port clocked by SCK)
Endpoint: _497_ (recovery check against rising-edge clock SCK')
Path Group: asynchronous
Path Type: max

Fanout     Cap    Slew   Delay    Time   Description
-----------------------------------------------------------------------------
                          0.00    0.00   clock SCK (rise edge)
                          0.00    0.00   clock network delay (propagated)
                          2.00    2.00 v input external delay
                  0.01    0.00    2.00 v reset (in)
     1    0.00                           reset (net)
                  0.01    0.00    2.00 v input11/A (sky130_fd_sc_hd__clkbuf_1)
                  0.02    0.07    2.07 v input11/X (sky130_fd_sc_hd__clkbuf_1)
     1    0.00                           net11 (net)
                  0.02    0.00    2.07 v _222_/A (sky130_fd_sc_hd__buf_2)
                  0.09    0.18    2.25 v _222_/X (sky130_fd_sc_hd__buf_2)
     9    0.03                           _100_ (net)
                  0.09    0.00    2.25 v _223_/A (sky130_fd_sc_hd__clkbuf_4)
                  0.09    0.22    2.48 v _223_/X (sky130_fd_sc_hd__clkbuf_4)
    10    0.04                           _101_ (net)
                  0.09    0.00    2.48 v _233_/A (sky130_fd_sc_hd__nor2_1)
                  0.10    0.13    2.61 ^ _233_/Y (sky130_fd_sc_hd__nor2_1)
     1    0.00                           _057_ (net)
                  0.10    0.00    2.61 ^ _497_/RESET_B (sky130_fd_sc_hd__dfrtp_1)
                                  2.61   data arrival time

                          5.00    5.00   clock SCK' (rise edge)
                          0.00    5.00   clock source latency
                  0.04    0.03    5.03 v SCK (in)
     1    0.02                           SCK (net)
                  0.04    0.00    5.03 v clkbuf_0_SCK/A (sky130_fd_sc_hd__clkbuf_16)
                  0.05    0.15    5.17 v clkbuf_0_SCK/X (sky130_fd_sc_hd__clkbuf_16)
     4    0.04                           clknet_0_SCK (net)
                  0.05    0.00    5.18 v clkbuf_2_3__f_SCK/A (sky130_fd_sc_hd__clkbuf_16)
                  0.03    0.14    5.31 v clkbuf_2_3__f_SCK/X (sky130_fd_sc_hd__clkbuf_16)
     6    0.02                           clknet_2_3__leaf_SCK (net)
                  0.03    0.00    5.31 v _437_/A (sky130_fd_sc_hd__buf_1)
                  0.06    0.10    5.42 v _437_/X (sky130_fd_sc_hd__buf_1)
     1    0.01                           _221_ (net)
                  0.06    0.00    5.42 v clkbuf_0__221_/A (sky130_fd_sc_hd__clkbuf_16)
                  0.03    0.14    5.56 v clkbuf_0__221_/X (sky130_fd_sc_hd__clkbuf_16)
     2    0.02                           clknet_0__221_ (net)
                  0.03    0.00    5.56 v clkbuf_1_1__f__221_/A (sky130_fd_sc_hd__clkbuf_16)
                  0.04    0.14    5.70 v clkbuf_1_1__f__221_/X (sky130_fd_sc_hd__clkbuf_16)
     6    0.03                           clknet_1_1__leaf__221_ (net)
                  0.04    0.00    5.71 v _452__9/A (sky130_fd_sc_hd__inv_2)
                  0.02    0.04    5.74 ^ _452__9/Y (sky130_fd_sc_hd__inv_2)
     1    0.00                           net47 (net)
                  0.02    0.00    5.74 ^ _497_/CLK (sky130_fd_sc_hd__dfrtp_1)
                         -0.25    5.49   clock uncertainty
                          0.00    5.49   clock reconvergence pessimism
                          0.21    5.70   library recovery time
                                  5.70   data required time
-----------------------------------------------------------------------------
                                  5.70   data required time
                                 -2.61   data arrival time
-----------------------------------------------------------------------------
                                  3.09   slack (MET)


Startpoint: reset (input port clocked by SCK)
Endpoint: _492_ (recovery check against rising-edge clock SCK')
Path Group: asynchronous
Path Type: max

Fanout     Cap    Slew   Delay    Time   Description
-----------------------------------------------------------------------------
                          0.00    0.00   clock SCK (rise edge)
                          0.00    0.00   clock network delay (propagated)
                          2.00    2.00 v input external delay
                  0.01    0.00    2.00 v reset (in)
     1    0.00                           reset (net)
                  0.01    0.00    2.00 v input11/A (sky130_fd_sc_hd__clkbuf_1)
                  0.02    0.07    2.07 v input11/X (sky130_fd_sc_hd__clkbuf_1)
     1    0.00                           net11 (net)
                  0.02    0.00    2.07 v _222_/A (sky130_fd_sc_hd__buf_2)
                  0.09    0.18    2.25 v _222_/X (sky130_fd_sc_hd__buf_2)
     9    0.03                           _100_ (net)
                  0.09    0.00    2.25 v _223_/A (sky130_fd_sc_hd__clkbuf_4)
                  0.09    0.22    2.48 v _223_/X (sky130_fd_sc_hd__clkbuf_4)
    10    0.04                           _101_ (net)
                  0.09    0.00    2.48 v _253_/A (sky130_fd_sc_hd__nor2_1)
                  0.09    0.13    2.61 ^ _253_/Y (sky130_fd_sc_hd__nor2_1)
     1    0.00                           _047_ (net)
                  0.09    0.00    2.61 ^ _492_/RESET_B (sky130_fd_sc_hd__dfrtp_1)
                                  2.61   data arrival time

                          5.00    5.00   clock SCK' (rise edge)
                          0.00    5.00   clock source latency
                  0.04    0.03    5.03 v SCK (in)
     1    0.02                           SCK (net)
                  0.04    0.00    5.03 v clkbuf_0_SCK/A (sky130_fd_sc_hd__clkbuf_16)
                  0.05    0.15    5.17 v clkbuf_0_SCK/X (sky130_fd_sc_hd__clkbuf_16)
     4    0.04                           clknet_0_SCK (net)
                  0.05    0.00    5.18 v clkbuf_2_3__f_SCK/A (sky130_fd_sc_hd__clkbuf_16)
                  0.03    0.14    5.31 v clkbuf_2_3__f_SCK/X (sky130_fd_sc_hd__clkbuf_16)
     6    0.02                           clknet_2_3__leaf_SCK (net)
                  0.03    0.00    5.31 v _437_/A (sky130_fd_sc_hd__buf_1)
                  0.06    0.10    5.42 v _437_/X (sky130_fd_sc_hd__buf_1)
     1    0.01                           _221_ (net)
                  0.06    0.00    5.42 v clkbuf_0__221_/A (sky130_fd_sc_hd__clkbuf_16)
                  0.03    0.14    5.56 v clkbuf_0__221_/X (sky130_fd_sc_hd__clkbuf_16)
     2    0.02                           clknet_0__221_ (net)
                  0.03    0.00    5.56 v clkbuf_1_1__f__221_/A (sky130_fd_sc_hd__clkbuf_16)
                  0.04    0.14    5.70 v clkbuf_1_1__f__221_/X (sky130_fd_sc_hd__clkbuf_16)
     6    0.03                           clknet_1_1__leaf__221_ (net)
                  0.04    0.00    5.71 v _447__4/A (sky130_fd_sc_hd__inv_2)
                  0.02    0.03    5.74 ^ _447__4/Y (sky130_fd_sc_hd__inv_2)
     1    0.00                           net42 (net)
                  0.02    0.00    5.74 ^ _492_/CLK (sky130_fd_sc_hd__dfrtp_1)
                         -0.25    5.49   clock uncertainty
                          0.00    5.49   clock reconvergence pessimism
                          0.21    5.70   library recovery time
                                  5.70   data required time
-----------------------------------------------------------------------------
                                  5.70   data required time
                                 -2.61   data arrival time
-----------------------------------------------------------------------------
                                  3.09   slack (MET)


Startpoint: _468_ (rising edge-triggered flip-flop clocked by SCK)
Endpoint: _485_ (rising edge-triggered flip-flop clocked by SCK')
Path Group: SCK
Path Type: max

Fanout     Cap    Slew   Delay    Time   Description
-----------------------------------------------------------------------------
                          0.00    0.00   clock SCK (rise edge)
                          0.00    0.00   clock source latency
                  0.08    0.06    0.06 ^ SCK (in)
     1    0.02                           SCK (net)
                  0.08    0.00    0.06 ^ clkbuf_0_SCK/A (sky130_fd_sc_hd__clkbuf_16)
                  0.06    0.17    0.23 ^ clkbuf_0_SCK/X (sky130_fd_sc_hd__clkbuf_16)
     4    0.04                           clknet_0_SCK (net)
                  0.06    0.00    0.23 ^ clkbuf_2_1__f_SCK/A (sky130_fd_sc_hd__clkbuf_16)
                  0.06    0.16    0.39 ^ clkbuf_2_1__f_SCK/X (sky130_fd_sc_hd__clkbuf_16)
    12    0.04                           clknet_2_1__leaf_SCK (net)
                  0.06    0.00    0.39 ^ _468_/CLK (sky130_fd_sc_hd__dfrtp_4)
                  0.09    0.55    0.93 v _468_/Q (sky130_fd_sc_hd__dfrtp_4)
     9    0.03                           count[1] (net)
                  0.09    0.00    0.93 v _261_/B (sky130_fd_sc_hd__and3_1)
                  0.03    0.18    1.12 v _261_/X (sky130_fd_sc_hd__and3_1)
     1    0.00                           _122_ (net)
                  0.03    0.00    1.12 v _262_/A (sky130_fd_sc_hd__buf_2)
                  0.09    0.18    1.30 v _262_/X (sky130_fd_sc_hd__buf_2)
     8    0.03                           _123_ (net)
                  0.09    0.00    1.30 v _263_/C1 (sky130_fd_sc_hd__o211a_1)
                  0.04    0.13    1.43 v _263_/X (sky130_fd_sc_hd__o211a_1)
     1    0.00                           _091_ (net)
                  0.04    0.00    1.43 v _485_/D (sky130_fd_sc_hd__dfrtp_1)
                                  1.43   data arrival time

                          5.00    5.00   clock SCK' (rise edge)
                          0.00    5.00   clock source latency
                  0.04    0.03    5.03 v SCK (in)
     1    0.02                           SCK (net)
                  0.04    0.00    5.03 v clkbuf_0_SCK/A (sky130_fd_sc_hd__clkbuf_16)
                  0.05    0.15    5.17 v clkbuf_0_SCK/X (sky130_fd_sc_hd__clkbuf_16)
     4    0.04                           clknet_0_SCK (net)
                  0.05    0.00    5.18 v clkbuf_2_3__f_SCK/A (sky130_fd_sc_hd__clkbuf_16)
                  0.03    0.14    5.31 v clkbuf_2_3__f_SCK/X (sky130_fd_sc_hd__clkbuf_16)
     6    0.02                           clknet_2_3__leaf_SCK (net)
                  0.03    0.00    5.31 v _437_/A (sky130_fd_sc_hd__buf_1)
                  0.06    0.10    5.42 v _437_/X (sky130_fd_sc_hd__buf_1)
     1    0.01                           _221_ (net)
                  0.06    0.00    5.42 v clkbuf_0__221_/A (sky130_fd_sc_hd__clkbuf_16)
                  0.03    0.14    5.56 v clkbuf_0__221_/X (sky130_fd_sc_hd__clkbuf_16)
     2    0.02                           clknet_0__221_ (net)
                  0.03    0.00    5.56 v clkbuf_1_0__f__221_/A (sky130_fd_sc_hd__clkbuf_16)
                  0.04    0.14    5.70 v clkbuf_1_0__f__221_/X (sky130_fd_sc_hd__clkbuf_16)
     4    0.02                           clknet_1_0__leaf__221_ (net)
                  0.04    0.00    5.70 v _440__2/A (sky130_fd_sc_hd__inv_2)
                  0.02    0.03    5.73 ^ _440__2/Y (sky130_fd_sc_hd__inv_2)
     1    0.00                           net40 (net)
                  0.02    0.00    5.73 ^ _485_/CLK (sky130_fd_sc_hd__dfrtp_1)
                         -0.25    5.48   clock uncertainty
                          0.02    5.50   clock reconvergence pessimism
                         -0.12    5.38   library setup time
                                  5.38   data required time
-----------------------------------------------------------------------------
                                  5.38   data required time
                                 -1.43   data arrival time
-----------------------------------------------------------------------------
                                  3.95   slack (MET)


Startpoint: _488_ (rising edge-triggered flip-flop clocked by SCK)
Endpoint: _483_ (rising edge-triggered flip-flop clocked by SCK')
Path Group: SCK
Path Type: max

Fanout     Cap    Slew   Delay    Time   Description
-----------------------------------------------------------------------------
                          0.00    0.00   clock SCK (rise edge)
                          0.00    0.00   clock source latency
                  0.08    0.06    0.06 ^ SCK (in)
     1    0.02                           SCK (net)
                  0.08    0.00    0.06 ^ clkbuf_0_SCK/A (sky130_fd_sc_hd__clkbuf_16)
                  0.06    0.17    0.23 ^ clkbuf_0_SCK/X (sky130_fd_sc_hd__clkbuf_16)
     4    0.04                           clknet_0_SCK (net)
                  0.06    0.00    0.23 ^ clkbuf_2_2__f_SCK/A (sky130_fd_sc_hd__clkbuf_16)
                  0.05    0.15    0.38 ^ clkbuf_2_2__f_SCK/X (sky130_fd_sc_hd__clkbuf_16)
     9    0.03                           clknet_2_2__leaf_SCK (net)
                  0.05    0.00    0.38 ^ _488_/CLK (sky130_fd_sc_hd__dfrtp_4)
                  0.11    0.56    0.94 v _488_/Q (sky130_fd_sc_hd__dfrtp_4)
     8    0.04                           state[2] (net)
                  0.11    0.00    0.94 v _230_/B (sky130_fd_sc_hd__nand2_4)
                  0.16    0.18    1.13 ^ _230_/Y (sky130_fd_sc_hd__nand2_4)
    10    0.05                           _107_ (net)
                  0.16    0.00    1.13 ^ _385_/B1 (sky130_fd_sc_hd__o21a_1)
                  0.05    0.15    1.28 ^ _385_/X (sky130_fd_sc_hd__o21a_1)
     1    0.00                           _000_ (net)
                  0.05    0.00    1.28 ^ _483_/D (sky130_fd_sc_hd__dfstp_1)
                                  1.28   data arrival time

                          5.00    5.00   clock SCK' (rise edge)
                          0.00    5.00   clock source latency
                  0.04    0.03    5.03 v SCK (in)
     1    0.02                           SCK (net)
                  0.04    0.00    5.03 v clkbuf_0_SCK/A (sky130_fd_sc_hd__clkbuf_16)
                  0.05    0.15    5.17 v clkbuf_0_SCK/X (sky130_fd_sc_hd__clkbuf_16)
     4    0.04                           clknet_0_SCK (net)
                  0.05    0.00    5.18 v clkbuf_2_3__f_SCK/A (sky130_fd_sc_hd__clkbuf_16)
                  0.03    0.14    5.31 v clkbuf_2_3__f_SCK/X (sky130_fd_sc_hd__clkbuf_16)
     6    0.02                           clknet_2_3__leaf_SCK (net)
                  0.03    0.00    5.31 v _437_/A (sky130_fd_sc_hd__buf_1)
                  0.06    0.10    5.42 v _437_/X (sky130_fd_sc_hd__buf_1)
     1    0.01                           _221_ (net)
                  0.06    0.00    5.42 v clkbuf_0__221_/A (sky130_fd_sc_hd__clkbuf_16)
                  0.03    0.14    5.56 v clkbuf_0__221_/X (sky130_fd_sc_hd__clkbuf_16)
     2    0.02                           clknet_0__221_ (net)
                  0.03    0.00    5.56 v clkbuf_1_1__f__221_/A (sky130_fd_sc_hd__clkbuf_16)
                  0.04    0.14    5.70 v clkbuf_1_1__f__221_/X (sky130_fd_sc_hd__clkbuf_16)
     6    0.03                           clknet_1_1__leaf__221_ (net)
                  0.04    0.00    5.71 v _438__1/A (sky130_fd_sc_hd__inv_2)
                  0.02    0.04    5.74 ^ _438__1/Y (sky130_fd_sc_hd__inv_2)
     1    0.00                           net39 (net)
                  0.02    0.00    5.74 ^ _483_/CLK (sky130_fd_sc_hd__dfstp_1)
                         -0.25    5.49   clock uncertainty
                          0.02    5.51   clock reconvergence pessimism
                         -0.06    5.45   library setup time
                                  5.45   data required time
-----------------------------------------------------------------------------
                                  5.45   data required time
                                 -1.28   data arrival time
-----------------------------------------------------------------------------
                                  4.17   slack (MET)


Startpoint: SDI (input port clocked by SCK)
Endpoint: oaddr[0] (output port clocked by SCK)
Path Group: SCK
Path Type: max

Fanout     Cap    Slew   Delay    Time   Description
-----------------------------------------------------------------------------
                          0.00    0.00   clock SCK (rise edge)
                          0.00    0.00   clock network delay (propagated)
                          2.00    2.00 v input external delay
                  0.01    0.00    2.00 v SDI (in)
     1    0.00                           SDI (net)
                  0.01    0.00    2.00 v input2/A (sky130_fd_sc_hd__buf_2)
                  0.10    0.19    2.19 v input2/X (sky130_fd_sc_hd__buf_2)
     8    0.04                           net2 (net)
                  0.10    0.00    2.19 v _386_/A1 (sky130_fd_sc_hd__mux2_1)
                  0.05    0.32    2.51 v _386_/X (sky130_fd_sc_hd__mux2_1)
     1    0.00                           _208_ (net)
                  0.05    0.00    2.51 v _387_/A (sky130_fd_sc_hd__clkbuf_1)
                  0.03    0.10    2.60 v _387_/X (sky130_fd_sc_hd__clkbuf_1)
     1    0.00                           net13 (net)
                  0.03    0.00    2.60 v output13/A (sky130_fd_sc_hd__clkbuf_4)
                  0.08    0.18    2.79 v output13/X (sky130_fd_sc_hd__clkbuf_4)
     1    0.03                           oaddr[0] (net)
                  0.08    0.00    2.79 v oaddr[0] (out)
                                  2.79   data arrival time

                         10.00   10.00   clock SCK (rise edge)
                          0.00   10.00   clock network delay (propagated)
                         -0.25    9.75   clock uncertainty
                          0.00    9.75   clock reconvergence pessimism
                         -2.00    7.75   output external delay
                                  7.75   data required time
-----------------------------------------------------------------------------
                                  7.75   data required time
                                 -2.79   data arrival time
-----------------------------------------------------------------------------
                                  4.96   slack (MET)


Startpoint: SDI (input port clocked by SCK)
Endpoint: odata[0] (output port clocked by SCK)
Path Group: SCK
Path Type: max

Fanout     Cap    Slew   Delay    Time   Description
-----------------------------------------------------------------------------
                          0.00    0.00   clock SCK (rise edge)
                          0.00    0.00   clock network delay (propagated)
                          2.00    2.00 ^ input external delay
                  0.02    0.01    2.01 ^ SDI (in)
     1    0.00                           SDI (net)
                  0.02    0.00    2.01 ^ input2/A (sky130_fd_sc_hd__buf_2)
                  0.21    0.23    2.24 ^ input2/X (sky130_fd_sc_hd__buf_2)
     8    0.04                           net2 (net)
                  0.21    0.00    2.24 ^ _499_/A (sky130_fd_sc_hd__clkbuf_1)
                  0.04    0.12    2.36 ^ _499_/X (sky130_fd_sc_hd__clkbuf_1)
     1    0.00                           net21 (net)
                  0.04    0.00    2.36 ^ output21/A (sky130_fd_sc_hd__clkbuf_4)
                  0.11    0.19    2.55 ^ output21/X (sky130_fd_sc_hd__clkbuf_4)
     1    0.03                           odata[0] (net)
                  0.11    0.00    2.55 ^ odata[0] (out)
                                  2.55   data arrival time

                         10.00   10.00   clock SCK (rise edge)
                          0.00   10.00   clock network delay (propagated)
                         -0.25    9.75   clock uncertainty
                          0.00    9.75   clock reconvergence pessimism
                         -2.00    7.75   output external delay
                                  7.75   data required time
-----------------------------------------------------------------------------
                                  7.75   data required time
                                 -2.55   data arrival time
-----------------------------------------------------------------------------
                                  5.20   slack (MET)


Startpoint: _489_ (rising edge-triggered flip-flop clocked by SCK)
Endpoint: oaddr[2] (output port clocked by SCK)
Path Group: SCK
Path Type: max

Fanout     Cap    Slew   Delay    Time   Description
-----------------------------------------------------------------------------
                          0.00    0.00   clock SCK (rise edge)
                          0.00    0.00   clock source latency
                  0.08    0.06    0.06 ^ SCK (in)
     1    0.02                           SCK (net)
                  0.08    0.00    0.06 ^ clkbuf_0_SCK/A (sky130_fd_sc_hd__clkbuf_16)
                  0.06    0.17    0.23 ^ clkbuf_0_SCK/X (sky130_fd_sc_hd__clkbuf_16)
     4    0.04                           clknet_0_SCK (net)
                  0.06    0.00    0.23 ^ clkbuf_2_2__f_SCK/A (sky130_fd_sc_hd__clkbuf_16)
                  0.05    0.15    0.38 ^ clkbuf_2_2__f_SCK/X (sky130_fd_sc_hd__clkbuf_16)
     9    0.03                           clknet_2_2__leaf_SCK (net)
                  0.05    0.00    0.38 ^ _489_/CLK (sky130_fd_sc_hd__dfrtp_1)
                  0.15    0.42    0.80 ^ _489_/Q (sky130_fd_sc_hd__dfrtp_1)
     4    0.02                           state[3] (net)
                  0.15    0.00    0.80 ^ _310_/A (sky130_fd_sc_hd__clkbuf_4)
                  0.14    0.25    1.06 ^ _310_/X (sky130_fd_sc_hd__clkbuf_4)
    10    0.04                           _155_ (net)
                  0.14    0.00    1.06 ^ _332_/A (sky130_fd_sc_hd__clkbuf_4)
                  0.14    0.25    1.31 ^ _332_/X (sky130_fd_sc_hd__clkbuf_4)
    10    0.04                           _172_ (net)
                  0.14    0.00    1.31 ^ _389_/S (sky130_fd_sc_hd__mux2_1)
                  0.09    0.40    1.71 v _389_/X (sky130_fd_sc_hd__mux2_1)
     1    0.01                           _209_ (net)
                  0.09    0.00    1.71 v _390_/A (sky130_fd_sc_hd__buf_1)
                  0.06    0.14    1.86 v _390_/X (sky130_fd_sc_hd__buf_1)
     1    0.01                           net15 (net)
                  0.06    0.00    1.86 v output15/A (sky130_fd_sc_hd__clkbuf_4)
                  0.08    0.20    2.05 v output15/X (sky130_fd_sc_hd__clkbuf_4)
     1    0.03                           oaddr[2] (net)
                  0.08    0.00    2.05 v oaddr[2] (out)
                                  2.05   data arrival time

                         10.00   10.00   clock SCK (rise edge)
                          0.00   10.00   clock network delay (propagated)
                         -0.25    9.75   clock uncertainty
                          0.00    9.75   clock reconvergence pessimism
                         -2.00    7.75   output external delay
                                  7.75   data required time
-----------------------------------------------------------------------------
                                  7.75   data required time
                                 -2.05   data arrival time
-----------------------------------------------------------------------------
                                  5.70   slack (MET)


Startpoint: _489_ (rising edge-triggered flip-flop clocked by SCK)
Endpoint: oaddr[3] (output port clocked by SCK)
Path Group: SCK
Path Type: max

Fanout     Cap    Slew   Delay    Time   Description
-----------------------------------------------------------------------------
                          0.00    0.00   clock SCK (rise edge)
                          0.00    0.00   clock source latency
                  0.08    0.06    0.06 ^ SCK (in)
     1    0.02                           SCK (net)
                  0.08    0.00    0.06 ^ clkbuf_0_SCK/A (sky130_fd_sc_hd__clkbuf_16)
                  0.06    0.17    0.23 ^ clkbuf_0_SCK/X (sky130_fd_sc_hd__clkbuf_16)
     4    0.04                           clknet_0_SCK (net)
                  0.06    0.00    0.23 ^ clkbuf_2_2__f_SCK/A (sky130_fd_sc_hd__clkbuf_16)
                  0.05    0.15    0.38 ^ clkbuf_2_2__f_SCK/X (sky130_fd_sc_hd__clkbuf_16)
     9    0.03                           clknet_2_2__leaf_SCK (net)
                  0.05    0.00    0.38 ^ _489_/CLK (sky130_fd_sc_hd__dfrtp_1)
                  0.15    0.42    0.80 ^ _489_/Q (sky130_fd_sc_hd__dfrtp_1)
     4    0.02                           state[3] (net)
                  0.15    0.00    0.80 ^ _310_/A (sky130_fd_sc_hd__clkbuf_4)
                  0.14    0.25    1.06 ^ _310_/X (sky130_fd_sc_hd__clkbuf_4)
    10    0.04                           _155_ (net)
                  0.14    0.00    1.06 ^ _332_/A (sky130_fd_sc_hd__clkbuf_4)
                  0.14    0.25    1.31 ^ _332_/X (sky130_fd_sc_hd__clkbuf_4)
    10    0.04                           _172_ (net)
                  0.14    0.00    1.31 ^ _391_/S (sky130_fd_sc_hd__mux2_1)
                  0.10    0.41    1.72 v _391_/X (sky130_fd_sc_hd__mux2_1)
     1    0.01                           _210_ (net)
                  0.10    0.00    1.72 v _392_/A (sky130_fd_sc_hd__clkbuf_1)
                  0.02    0.11    1.83 v _392_/X (sky130_fd_sc_hd__clkbuf_1)
     1    0.00                           net16 (net)
                  0.02    0.00    1.83 v output16/A (sky130_fd_sc_hd__clkbuf_4)
                  0.08    0.18    2.01 v output16/X (sky130_fd_sc_hd__clkbuf_4)
     1    0.03                           oaddr[3] (net)
                  0.08    0.00    2.01 v oaddr[3] (out)
                                  2.01   data arrival time

                         10.00   10.00   clock SCK (rise edge)
                          0.00   10.00   clock network delay (propagated)
                         -0.25    9.75   clock uncertainty
                          0.00    9.75   clock reconvergence pessimism
                         -2.00    7.75   output external delay
                                  7.75   data required time
-----------------------------------------------------------------------------
                                  7.75   data required time
                                 -2.01   data arrival time
-----------------------------------------------------------------------------
                                  5.74   slack (MET)


Startpoint: _489_ (rising edge-triggered flip-flop clocked by SCK)
Endpoint: oaddr[5] (output port clocked by SCK)
Path Group: SCK
Path Type: max

Fanout     Cap    Slew   Delay    Time   Description
-----------------------------------------------------------------------------
                          0.00    0.00   clock SCK (rise edge)
                          0.00    0.00   clock source latency
                  0.08    0.06    0.06 ^ SCK (in)
     1    0.02                           SCK (net)
                  0.08    0.00    0.06 ^ clkbuf_0_SCK/A (sky130_fd_sc_hd__clkbuf_16)
                  0.06    0.17    0.23 ^ clkbuf_0_SCK/X (sky130_fd_sc_hd__clkbuf_16)
     4    0.04                           clknet_0_SCK (net)
                  0.06    0.00    0.23 ^ clkbuf_2_2__f_SCK/A (sky130_fd_sc_hd__clkbuf_16)
                  0.05    0.15    0.38 ^ clkbuf_2_2__f_SCK/X (sky130_fd_sc_hd__clkbuf_16)
     9    0.03                           clknet_2_2__leaf_SCK (net)
                  0.05    0.00    0.38 ^ _489_/CLK (sky130_fd_sc_hd__dfrtp_1)
                  0.15    0.42    0.80 ^ _489_/Q (sky130_fd_sc_hd__dfrtp_1)
     4    0.02                           state[3] (net)
                  0.15    0.00    0.80 ^ _310_/A (sky130_fd_sc_hd__clkbuf_4)
                  0.14    0.25    1.06 ^ _310_/X (sky130_fd_sc_hd__clkbuf_4)
    10    0.04                           _155_ (net)
                  0.14    0.00    1.06 ^ _332_/A (sky130_fd_sc_hd__clkbuf_4)
                  0.14    0.25    1.31 ^ _332_/X (sky130_fd_sc_hd__clkbuf_4)
    10    0.04                           _172_ (net)
                  0.14    0.00    1.31 ^ _395_/S (sky130_fd_sc_hd__mux2_1)
                  0.08    0.38    1.69 v _395_/X (sky130_fd_sc_hd__mux2_1)
     1    0.01                           _212_ (net)
                  0.08    0.00    1.70 v _396_/A (sky130_fd_sc_hd__clkbuf_1)
                  0.03    0.11    1.80 v _396_/X (sky130_fd_sc_hd__clkbuf_1)
     1    0.00                           net18 (net)
                  0.03    0.00    1.80 v output18/A (sky130_fd_sc_hd__clkbuf_4)
                  0.08    0.18    1.99 v output18/X (sky130_fd_sc_hd__clkbuf_4)
     1    0.04                           oaddr[5] (net)
                  0.08    0.00    1.99 v oaddr[5] (out)
                                  1.99   data arrival time

                         10.00   10.00   clock SCK (rise edge)
                          0.00   10.00   clock network delay (propagated)
                         -0.25    9.75   clock uncertainty
                          0.00    9.75   clock reconvergence pessimism
                         -2.00    7.75   output external delay
                                  7.75   data required time
-----------------------------------------------------------------------------
                                  7.75   data required time
                                 -1.99   data arrival time
-----------------------------------------------------------------------------
                                  5.76   slack (MET)


Startpoint: _489_ (rising edge-triggered flip-flop clocked by SCK)
Endpoint: oaddr[4] (output port clocked by SCK)
Path Group: SCK
Path Type: max

Fanout     Cap    Slew   Delay    Time   Description
-----------------------------------------------------------------------------
                          0.00    0.00   clock SCK (rise edge)
                          0.00    0.00   clock source latency
                  0.08    0.06    0.06 ^ SCK (in)
     1    0.02                           SCK (net)
                  0.08    0.00    0.06 ^ clkbuf_0_SCK/A (sky130_fd_sc_hd__clkbuf_16)
                  0.06    0.17    0.23 ^ clkbuf_0_SCK/X (sky130_fd_sc_hd__clkbuf_16)
     4    0.04                           clknet_0_SCK (net)
                  0.06    0.00    0.23 ^ clkbuf_2_2__f_SCK/A (sky130_fd_sc_hd__clkbuf_16)
                  0.05    0.15    0.38 ^ clkbuf_2_2__f_SCK/X (sky130_fd_sc_hd__clkbuf_16)
     9    0.03                           clknet_2_2__leaf_SCK (net)
                  0.05    0.00    0.38 ^ _489_/CLK (sky130_fd_sc_hd__dfrtp_1)
                  0.15    0.42    0.80 ^ _489_/Q (sky130_fd_sc_hd__dfrtp_1)
     4    0.02                           state[3] (net)
                  0.15    0.00    0.80 ^ _310_/A (sky130_fd_sc_hd__clkbuf_4)
                  0.14    0.25    1.06 ^ _310_/X (sky130_fd_sc_hd__clkbuf_4)
    10    0.04                           _155_ (net)
                  0.14    0.00    1.06 ^ _332_/A (sky130_fd_sc_hd__clkbuf_4)
                  0.14    0.25    1.31 ^ _332_/X (sky130_fd_sc_hd__clkbuf_4)
    10    0.04                           _172_ (net)
                  0.14    0.00    1.31 ^ _393_/S (sky130_fd_sc_hd__mux2_1)
                  0.08    0.39    1.70 v _393_/X (sky130_fd_sc_hd__mux2_1)
     1    0.01                           _211_ (net)
                  0.08    0.00    1.70 v _394_/A (sky130_fd_sc_hd__clkbuf_1)
                  0.02    0.10    1.80 v _394_/X (sky130_fd_sc_hd__clkbuf_1)
     1    0.00                           net17 (net)
                  0.02    0.00    1.81 v output17/A (sky130_fd_sc_hd__buf_2)
                  0.09    0.18    1.98 v output17/X (sky130_fd_sc_hd__buf_2)
     1    0.03                           oaddr[4] (net)
                  0.09    0.00    1.98 v oaddr[4] (out)
                                  1.98   data arrival time

                         10.00   10.00   clock SCK (rise edge)
                          0.00   10.00   clock network delay (propagated)
                         -0.25    9.75   clock uncertainty
                          0.00    9.75   clock reconvergence pessimism
                         -2.00    7.75   output external delay
                                  7.75   data required time
-----------------------------------------------------------------------------
                                  7.75   data required time
                                 -1.98   data arrival time
-----------------------------------------------------------------------------
                                  5.77   slack (MET)


Startpoint: _489_ (rising edge-triggered flip-flop clocked by SCK)
Endpoint: oaddr[6] (output port clocked by SCK)
Path Group: SCK
Path Type: max

Fanout     Cap    Slew   Delay    Time   Description
-----------------------------------------------------------------------------
                          0.00    0.00   clock SCK (rise edge)
                          0.00    0.00   clock source latency
                  0.08    0.06    0.06 ^ SCK (in)
     1    0.02                           SCK (net)
                  0.08    0.00    0.06 ^ clkbuf_0_SCK/A (sky130_fd_sc_hd__clkbuf_16)
                  0.06    0.17    0.23 ^ clkbuf_0_SCK/X (sky130_fd_sc_hd__clkbuf_16)
     4    0.04                           clknet_0_SCK (net)
                  0.06    0.00    0.23 ^ clkbuf_2_2__f_SCK/A (sky130_fd_sc_hd__clkbuf_16)
                  0.05    0.15    0.38 ^ clkbuf_2_2__f_SCK/X (sky130_fd_sc_hd__clkbuf_16)
     9    0.03                           clknet_2_2__leaf_SCK (net)
                  0.05    0.00    0.38 ^ _489_/CLK (sky130_fd_sc_hd__dfrtp_1)
                  0.15    0.42    0.80 ^ _489_/Q (sky130_fd_sc_hd__dfrtp_1)
     4    0.02                           state[3] (net)
                  0.15    0.00    0.80 ^ _310_/A (sky130_fd_sc_hd__clkbuf_4)
                  0.14    0.25    1.06 ^ _310_/X (sky130_fd_sc_hd__clkbuf_4)
    10    0.04                           _155_ (net)
                  0.14    0.00    1.06 ^ _332_/A (sky130_fd_sc_hd__clkbuf_4)
                  0.14    0.25    1.31 ^ _332_/X (sky130_fd_sc_hd__clkbuf_4)
    10    0.04                           _172_ (net)
                  0.14    0.00    1.31 ^ _334_/B (sky130_fd_sc_hd__nand2_1)
                  0.06    0.09    1.41 v _334_/Y (sky130_fd_sc_hd__nand2_1)
     2    0.01                           _174_ (net)
                  0.06    0.00    1.41 v _397_/B1_N (sky130_fd_sc_hd__a21bo_1)
                  0.06    0.21    1.61 ^ _397_/X (sky130_fd_sc_hd__a21bo_1)
     1    0.01                           net19 (net)
                  0.06    0.00    1.61 ^ output19/A (sky130_fd_sc_hd__clkbuf_4)
                  0.12    0.20    1.81 ^ output19/X (sky130_fd_sc_hd__clkbuf_4)
     1    0.04                           oaddr[6] (net)
                  0.12    0.00    1.82 ^ oaddr[6] (out)
                                  1.82   data arrival time

                         10.00   10.00   clock SCK (rise edge)
                          0.00   10.00   clock network delay (propagated)
                         -0.25    9.75   clock uncertainty
                          0.00    9.75   clock reconvergence pessimism
                         -2.00    7.75   output external delay
                                  7.75   data required time
-----------------------------------------------------------------------------
                                  7.75   data required time
                                 -1.82   data arrival time
-----------------------------------------------------------------------------
                                  5.93   slack (MET)


Startpoint: _489_ (rising edge-triggered flip-flop clocked by SCK)
Endpoint: oaddr[1] (output port clocked by SCK)
Path Group: SCK
Path Type: max

Fanout     Cap    Slew   Delay    Time   Description
-----------------------------------------------------------------------------
                          0.00    0.00   clock SCK (rise edge)
                          0.00    0.00   clock source latency
                  0.08    0.06    0.06 ^ SCK (in)
     1    0.02                           SCK (net)
                  0.08    0.00    0.06 ^ clkbuf_0_SCK/A (sky130_fd_sc_hd__clkbuf_16)
                  0.06    0.17    0.23 ^ clkbuf_0_SCK/X (sky130_fd_sc_hd__clkbuf_16)
     4    0.04                           clknet_0_SCK (net)
                  0.06    0.00    0.23 ^ clkbuf_2_2__f_SCK/A (sky130_fd_sc_hd__clkbuf_16)
                  0.05    0.15    0.38 ^ clkbuf_2_2__f_SCK/X (sky130_fd_sc_hd__clkbuf_16)
     9    0.03                           clknet_2_2__leaf_SCK (net)
                  0.05    0.00    0.38 ^ _489_/CLK (sky130_fd_sc_hd__dfrtp_1)
                  0.09    0.43    0.81 v _489_/Q (sky130_fd_sc_hd__dfrtp_1)
     4    0.01                           state[3] (net)
                  0.09    0.00    0.81 v _310_/A (sky130_fd_sc_hd__clkbuf_4)
                  0.09    0.22    1.04 v _310_/X (sky130_fd_sc_hd__clkbuf_4)
    10    0.04                           _155_ (net)
                  0.09    0.00    1.04 v _317_/A (sky130_fd_sc_hd__inv_2)
                  0.11    0.13    1.17 ^ _317_/Y (sky130_fd_sc_hd__inv_2)
     6    0.02                           _161_ (net)
                  0.11    0.00    1.17 ^ _358_/B (sky130_fd_sc_hd__nand2_1)
                  0.07    0.10    1.27 v _358_/Y (sky130_fd_sc_hd__nand2_1)
     2    0.01                           _193_ (net)
                  0.07    0.00    1.27 v _388_/B1 (sky130_fd_sc_hd__o21ai_1)
                  0.14    0.11    1.38 ^ _388_/Y (sky130_fd_sc_hd__o21ai_1)
     1    0.01                           net14 (net)
                  0.14    0.00    1.38 ^ output14/A (sky130_fd_sc_hd__clkbuf_4)
                  0.11    0.23    1.61 ^ output14/X (sky130_fd_sc_hd__clkbuf_4)
     1    0.03                           oaddr[1] (net)
                  0.11    0.00    1.61 ^ oaddr[1] (out)
                                  1.61   data arrival time

                         10.00   10.00   clock SCK (rise edge)
                          0.00   10.00   clock network delay (propagated)
                         -0.25    9.75   clock uncertainty
                          0.00    9.75   clock reconvergence pessimism
                         -2.00    7.75   output external delay
                                  7.75   data required time
-----------------------------------------------------------------------------
                                  7.75   data required time
                                 -1.61   data arrival time
-----------------------------------------------------------------------------
                                  6.14   slack (MET)


Startpoint: _489_ (rising edge-triggered flip-flop clocked by SCK)
Endpoint: oaddr[7] (output port clocked by SCK)
Path Group: SCK
Path Type: max

Fanout     Cap    Slew   Delay    Time   Description
-----------------------------------------------------------------------------
                          0.00    0.00   clock SCK (rise edge)
                          0.00    0.00   clock source latency
                  0.08    0.06    0.06 ^ SCK (in)
     1    0.02                           SCK (net)
                  0.08    0.00    0.06 ^ clkbuf_0_SCK/A (sky130_fd_sc_hd__clkbuf_16)
                  0.06    0.17    0.23 ^ clkbuf_0_SCK/X (sky130_fd_sc_hd__clkbuf_16)
     4    0.04                           clknet_0_SCK (net)
                  0.06    0.00    0.23 ^ clkbuf_2_2__f_SCK/A (sky130_fd_sc_hd__clkbuf_16)
                  0.05    0.15    0.38 ^ clkbuf_2_2__f_SCK/X (sky130_fd_sc_hd__clkbuf_16)
     9    0.03                           clknet_2_2__leaf_SCK (net)
                  0.05    0.00    0.38 ^ _489_/CLK (sky130_fd_sc_hd__dfrtp_1)
                  0.09    0.43    0.81 v _489_/Q (sky130_fd_sc_hd__dfrtp_1)
     4    0.01                           state[3] (net)
                  0.09    0.00    0.81 v _321_/A (sky130_fd_sc_hd__or2b_1)
                  0.05    0.26    1.07 v _321_/X (sky130_fd_sc_hd__or2b_1)
     2    0.00                           _163_ (net)
                  0.05    0.00    1.07 v _322_/B1_N (sky130_fd_sc_hd__a21bo_1)
                  0.04    0.18    1.25 ^ _322_/X (sky130_fd_sc_hd__a21bo_1)
     1    0.00                           _164_ (net)
                  0.04    0.00    1.25 ^ _323_/A (sky130_fd_sc_hd__clkbuf_1)
                  0.10    0.12    1.38 ^ _323_/X (sky130_fd_sc_hd__clkbuf_1)
     2    0.01                           net20 (net)
                  0.10    0.00    1.38 ^ output20/A (sky130_fd_sc_hd__clkbuf_4)
                  0.11    0.22    1.59 ^ output20/X (sky130_fd_sc_hd__clkbuf_4)
     1    0.03                           oaddr[7] (net)
                  0.11    0.00    1.60 ^ oaddr[7] (out)
                                  1.60   data arrival time

                         10.00   10.00   clock SCK (rise edge)
                          0.00   10.00   clock network delay (propagated)
                         -0.25    9.75   clock uncertainty
                          0.00    9.75   clock reconvergence pessimism
                         -2.00    7.75   output external delay
                                  7.75   data required time
-----------------------------------------------------------------------------
                                  7.75   data required time
                                 -1.60   data arrival time
-----------------------------------------------------------------------------
                                  6.15   slack (MET)


Startpoint: _482_ (rising edge-triggered flip-flop clocked by SCK)
Endpoint: pass_thru_mgmt_reset (output port clocked by SCK)
Path Group: SCK
Path Type: max

Fanout     Cap    Slew   Delay    Time   Description
-----------------------------------------------------------------------------
                          0.00    0.00   clock SCK (rise edge)
                          0.00    0.00   clock source latency
                  0.08    0.06    0.06 ^ SCK (in)
     1    0.02                           SCK (net)
                  0.08    0.00    0.06 ^ clkbuf_0_SCK/A (sky130_fd_sc_hd__clkbuf_16)
                  0.06    0.17    0.23 ^ clkbuf_0_SCK/X (sky130_fd_sc_hd__clkbuf_16)
     4    0.04                           clknet_0_SCK (net)
                  0.06    0.00    0.23 ^ clkbuf_2_1__f_SCK/A (sky130_fd_sc_hd__clkbuf_16)
                  0.06    0.16    0.39 ^ clkbuf_2_1__f_SCK/X (sky130_fd_sc_hd__clkbuf_16)
    12    0.04                           clknet_2_1__leaf_SCK (net)
                  0.06    0.00    0.39 ^ _482_/CLK (sky130_fd_sc_hd__dfrtp_4)
                  0.09    0.54    0.93 v _482_/Q (sky130_fd_sc_hd__dfrtp_4)
     6    0.03                           pre_pass_thru_mgmt (net)
                  0.09    0.00    0.93 v _398_/A (sky130_fd_sc_hd__or2_1)
                  0.08    0.29    1.22 v _398_/X (sky130_fd_sc_hd__or2_1)
     1    0.01                           _213_ (net)
                  0.08    0.00    1.22 v _399_/A (sky130_fd_sc_hd__clkbuf_1)
                  0.02    0.10    1.32 v _399_/X (sky130_fd_sc_hd__clkbuf_1)
     1    0.00                           net31 (net)
                  0.02    0.00    1.32 v output31/A (sky130_fd_sc_hd__buf_2)
                  0.09    0.18    1.50 v output31/X (sky130_fd_sc_hd__buf_2)
     1    0.03                           pass_thru_mgmt_reset (net)
                  0.09    0.00    1.50 v pass_thru_mgmt_reset (out)
                                  1.50   data arrival time

                         10.00   10.00   clock SCK (rise edge)
                          0.00   10.00   clock network delay (propagated)
                         -0.25    9.75   clock uncertainty
                          0.00    9.75   clock reconvergence pessimism
                         -2.00    7.75   output external delay
                                  7.75   data required time
-----------------------------------------------------------------------------
                                  7.75   data required time
                                 -1.50   data arrival time
-----------------------------------------------------------------------------
                                  6.25   slack (MET)


Startpoint: _484_ (rising edge-triggered flip-flop clocked by SCK)
Endpoint: pass_thru_user_reset (output port clocked by SCK)
Path Group: SCK
Path Type: max

Fanout     Cap    Slew   Delay    Time   Description
-----------------------------------------------------------------------------
                          0.00    0.00   clock SCK (rise edge)
                          0.00    0.00   clock source latency
                  0.08    0.06    0.06 ^ SCK (in)
     1    0.02                           SCK (net)
                  0.08    0.00    0.06 ^ clkbuf_0_SCK/A (sky130_fd_sc_hd__clkbuf_16)
                  0.06    0.17    0.23 ^ clkbuf_0_SCK/X (sky130_fd_sc_hd__clkbuf_16)
     4    0.04                           clknet_0_SCK (net)
                  0.06    0.00    0.23 ^ clkbuf_2_1__f_SCK/A (sky130_fd_sc_hd__clkbuf_16)
                  0.06    0.16    0.39 ^ clkbuf_2_1__f_SCK/X (sky130_fd_sc_hd__clkbuf_16)
    12    0.04                           clknet_2_1__leaf_SCK (net)
                  0.06    0.00    0.39 ^ _484_/CLK (sky130_fd_sc_hd__dfrtp_2)
                  0.07    0.46    0.84 v _484_/Q (sky130_fd_sc_hd__dfrtp_2)
     5    0.02                           pre_pass_thru_user (net)
                  0.07    0.00    0.84 v _400_/A (sky130_fd_sc_hd__or2_1)
                  0.05    0.24    1.09 v _400_/X (sky130_fd_sc_hd__or2_1)
     1    0.00                           _214_ (net)
                  0.05    0.00    1.09 v _401_/A (sky130_fd_sc_hd__clkbuf_1)
                  0.02    0.09    1.18 v _401_/X (sky130_fd_sc_hd__clkbuf_1)
     1    0.00                           net34 (net)
                  0.02    0.00    1.18 v output34/A (sky130_fd_sc_hd__clkbuf_4)
                  0.08    0.18    1.36 v output34/X (sky130_fd_sc_hd__clkbuf_4)
     1    0.03                           pass_thru_user_reset (net)
                  0.08    0.00    1.36 v pass_thru_user_reset (out)
                                  1.36   data arrival time

                         10.00   10.00   clock SCK (rise edge)
                          0.00   10.00   clock network delay (propagated)
                         -0.25    9.75   clock uncertainty
                          0.00    9.75   clock reconvergence pessimism
                         -2.00    7.75   output external delay
                                  7.75   data required time
-----------------------------------------------------------------------------
                                  7.75   data required time
                                 -1.36   data arrival time
-----------------------------------------------------------------------------
                                  6.39   slack (MET)


Startpoint: _477_ (rising edge-triggered flip-flop clocked by SCK)
Endpoint: odata[3] (output port clocked by SCK)
Path Group: SCK
Path Type: max

Fanout     Cap    Slew   Delay    Time   Description
-----------------------------------------------------------------------------
                          0.00    0.00   clock SCK (rise edge)
                          0.00    0.00   clock source latency
                  0.08    0.06    0.06 ^ SCK (in)
     1    0.02                           SCK (net)
                  0.08    0.00    0.06 ^ clkbuf_0_SCK/A (sky130_fd_sc_hd__clkbuf_16)
                  0.06    0.17    0.23 ^ clkbuf_0_SCK/X (sky130_fd_sc_hd__clkbuf_16)
     4    0.04                           clknet_0_SCK (net)
                  0.06    0.00    0.23 ^ clkbuf_2_1__f_SCK/A (sky130_fd_sc_hd__clkbuf_16)
                  0.06    0.16    0.39 ^ clkbuf_2_1__f_SCK/X (sky130_fd_sc_hd__clkbuf_16)
    12    0.04                           clknet_2_1__leaf_SCK (net)
                  0.06    0.00    0.39 ^ _477_/CLK (sky130_fd_sc_hd__dfrtp_1)
                  0.16    0.44    0.82 ^ _477_/Q (sky130_fd_sc_hd__dfrtp_1)
     3    0.02                           net24 (net)
                  0.16    0.00    0.82 ^ output24/A (sky130_fd_sc_hd__clkbuf_4)
                  0.11    0.24    1.06 ^ output24/X (sky130_fd_sc_hd__clkbuf_4)
     1    0.03                           odata[3] (net)
                  0.11    0.00    1.06 ^ odata[3] (out)
                                  1.06   data arrival time

                         10.00   10.00   clock SCK (rise edge)
                          0.00   10.00   clock network delay (propagated)
                         -0.25    9.75   clock uncertainty
                          0.00    9.75   clock reconvergence pessimism
                         -2.00    7.75   output external delay
                                  7.75   data required time
-----------------------------------------------------------------------------
                                  7.75   data required time
                                 -1.06   data arrival time
-----------------------------------------------------------------------------
                                  6.69   slack (MET)


Startpoint: _479_ (rising edge-triggered flip-flop clocked by SCK)
Endpoint: odata[5] (output port clocked by SCK)
Path Group: SCK
Path Type: max

Fanout     Cap    Slew   Delay    Time   Description
-----------------------------------------------------------------------------
                          0.00    0.00   clock SCK (rise edge)
                          0.00    0.00   clock source latency
                  0.08    0.06    0.06 ^ SCK (in)
     1    0.02                           SCK (net)
                  0.08    0.00    0.06 ^ clkbuf_0_SCK/A (sky130_fd_sc_hd__clkbuf_16)
                  0.06    0.17    0.23 ^ clkbuf_0_SCK/X (sky130_fd_sc_hd__clkbuf_16)
     4    0.04                           clknet_0_SCK (net)
                  0.06    0.00    0.23 ^ clkbuf_2_1__f_SCK/A (sky130_fd_sc_hd__clkbuf_16)
                  0.06    0.16    0.39 ^ clkbuf_2_1__f_SCK/X (sky130_fd_sc_hd__clkbuf_16)
    12    0.04                           clknet_2_1__leaf_SCK (net)
                  0.06    0.00    0.39 ^ _479_/CLK (sky130_fd_sc_hd__dfrtp_1)
                  0.14    0.42    0.81 ^ _479_/Q (sky130_fd_sc_hd__dfrtp_1)
     3    0.02                           net26 (net)
                  0.14    0.00    0.81 ^ output26/A (sky130_fd_sc_hd__clkbuf_4)
                  0.11    0.23    1.04 ^ output26/X (sky130_fd_sc_hd__clkbuf_4)
     1    0.03                           odata[5] (net)
                  0.11    0.00    1.04 ^ odata[5] (out)
                                  1.04   data arrival time

                         10.00   10.00   clock SCK (rise edge)
                          0.00   10.00   clock network delay (propagated)
                         -0.25    9.75   clock uncertainty
                          0.00    9.75   clock reconvergence pessimism
                         -2.00    7.75   output external delay
                                  7.75   data required time
-----------------------------------------------------------------------------
                                  7.75   data required time
                                 -1.04   data arrival time
-----------------------------------------------------------------------------
                                  6.71   slack (MET)


Startpoint: _456_ (rising edge-triggered flip-flop clocked by SCK)
Endpoint: pass_thru_mgmt_delay (output port clocked by SCK)
Path Group: SCK
Path Type: max

Fanout     Cap    Slew   Delay    Time   Description
-----------------------------------------------------------------------------
                          0.00    0.00   clock SCK (rise edge)
                          0.00    0.00   clock source latency
                  0.08    0.06    0.06 ^ SCK (in)
     1    0.02                           SCK (net)
                  0.08    0.00    0.06 ^ clkbuf_0_SCK/A (sky130_fd_sc_hd__clkbuf_16)
                  0.06    0.17    0.23 ^ clkbuf_0_SCK/X (sky130_fd_sc_hd__clkbuf_16)
     4    0.04                           clknet_0_SCK (net)
                  0.06    0.00    0.23 ^ clkbuf_2_3__f_SCK/A (sky130_fd_sc_hd__clkbuf_16)
                  0.04    0.14    0.37 ^ clkbuf_2_3__f_SCK/X (sky130_fd_sc_hd__clkbuf_16)
     6    0.02                           clknet_2_3__leaf_SCK (net)
                  0.04    0.00    0.37 ^ _456_/CLK (sky130_fd_sc_hd__dfrtp_1)
                  0.15    0.42    0.79 ^ _456_/Q (sky130_fd_sc_hd__dfrtp_1)
     3    0.02                           net30 (net)
                  0.15    0.00    0.79 ^ output30/A (sky130_fd_sc_hd__clkbuf_4)
                  0.11    0.23    1.02 ^ output30/X (sky130_fd_sc_hd__clkbuf_4)
     1    0.03                           pass_thru_mgmt_delay (net)
                  0.11    0.00    1.02 ^ pass_thru_mgmt_delay (out)
                                  1.02   data arrival time

                         10.00   10.00   clock SCK (rise edge)
                          0.00   10.00   clock network delay (propagated)
                         -0.25    9.75   clock uncertainty
                          0.00    9.75   clock reconvergence pessimism
                         -2.00    7.75   output external delay
                                  7.75   data required time
-----------------------------------------------------------------------------
                                  7.75   data required time
                                 -1.02   data arrival time
-----------------------------------------------------------------------------
                                  6.73   slack (MET)


Startpoint: _454_ (rising edge-triggered flip-flop clocked by SCK)
Endpoint: rdstb (output port clocked by SCK)
Path Group: SCK
Path Type: max

Fanout     Cap    Slew   Delay    Time   Description
-----------------------------------------------------------------------------
                          0.00    0.00   clock SCK (rise edge)
                          0.00    0.00   clock source latency
                  0.08    0.06    0.06 ^ SCK (in)
     1    0.02                           SCK (net)
                  0.08    0.00    0.06 ^ clkbuf_0_SCK/A (sky130_fd_sc_hd__clkbuf_16)
                  0.06    0.17    0.23 ^ clkbuf_0_SCK/X (sky130_fd_sc_hd__clkbuf_16)
     4    0.04                           clknet_0_SCK (net)
                  0.06    0.00    0.23 ^ clkbuf_2_3__f_SCK/A (sky130_fd_sc_hd__clkbuf_16)
                  0.04    0.14    0.37 ^ clkbuf_2_3__f_SCK/X (sky130_fd_sc_hd__clkbuf_16)
     6    0.02                           clknet_2_3__leaf_SCK (net)
                  0.04    0.00    0.37 ^ _454_/CLK (sky130_fd_sc_hd__dfrtp_1)
                  0.14    0.41    0.78 ^ _454_/Q (sky130_fd_sc_hd__dfrtp_1)
     3    0.01                           net35 (net)
                  0.14    0.00    0.78 ^ output35/A (sky130_fd_sc_hd__clkbuf_4)
                  0.11    0.23    1.01 ^ output35/X (sky130_fd_sc_hd__clkbuf_4)
     1    0.03                           rdstb (net)
                  0.11    0.00    1.01 ^ rdstb (out)
                                  1.01   data arrival time

                         10.00   10.00   clock SCK (rise edge)
                          0.00   10.00   clock network delay (propagated)
                         -0.25    9.75   clock uncertainty
                          0.00    9.75   clock reconvergence pessimism
                         -2.00    7.75   output external delay
                                  7.75   data required time
-----------------------------------------------------------------------------
                                  7.75   data required time
                                 -1.01   data arrival time
-----------------------------------------------------------------------------
                                  6.74   slack (MET)


Startpoint: _475_ (rising edge-triggered flip-flop clocked by SCK)
Endpoint: odata[1] (output port clocked by SCK)
Path Group: SCK
Path Type: max

Fanout     Cap    Slew   Delay    Time   Description
-----------------------------------------------------------------------------
                          0.00    0.00   clock SCK (rise edge)
                          0.00    0.00   clock source latency
                  0.08    0.06    0.06 ^ SCK (in)
     1    0.02                           SCK (net)
                  0.08    0.00    0.06 ^ clkbuf_0_SCK/A (sky130_fd_sc_hd__clkbuf_16)
                  0.06    0.17    0.23 ^ clkbuf_0_SCK/X (sky130_fd_sc_hd__clkbuf_16)
     4    0.04                           clknet_0_SCK (net)
                  0.06    0.00    0.23 ^ clkbuf_2_1__f_SCK/A (sky130_fd_sc_hd__clkbuf_16)
                  0.06    0.16    0.39 ^ clkbuf_2_1__f_SCK/X (sky130_fd_sc_hd__clkbuf_16)
    12    0.04                           clknet_2_1__leaf_SCK (net)
                  0.06    0.00    0.39 ^ _475_/CLK (sky130_fd_sc_hd__dfrtp_1)
                  0.07    0.41    0.80 v _475_/Q (sky130_fd_sc_hd__dfrtp_1)
     3    0.01                           net22 (net)
                  0.07    0.00    0.80 v output22/A (sky130_fd_sc_hd__clkbuf_4)
                  0.08    0.20    1.00 v output22/X (sky130_fd_sc_hd__clkbuf_4)
     1    0.03                           odata[1] (net)
                  0.08    0.00    1.00 v odata[1] (out)
                                  1.00   data arrival time

                         10.00   10.00   clock SCK (rise edge)
                          0.00   10.00   clock network delay (propagated)
                         -0.25    9.75   clock uncertainty
                          0.00    9.75   clock reconvergence pessimism
                         -2.00    7.75   output external delay
                                  7.75   data required time
-----------------------------------------------------------------------------
                                  7.75   data required time
                                 -1.00   data arrival time
-----------------------------------------------------------------------------
                                  6.75   slack (MET)


Startpoint: _476_ (rising edge-triggered flip-flop clocked by SCK)
Endpoint: odata[2] (output port clocked by SCK)
Path Group: SCK
Path Type: max

Fanout     Cap    Slew   Delay    Time   Description
-----------------------------------------------------------------------------
                          0.00    0.00   clock SCK (rise edge)
                          0.00    0.00   clock source latency
                  0.08    0.06    0.06 ^ SCK (in)
     1    0.02                           SCK (net)
                  0.08    0.00    0.06 ^ clkbuf_0_SCK/A (sky130_fd_sc_hd__clkbuf_16)
                  0.06    0.17    0.23 ^ clkbuf_0_SCK/X (sky130_fd_sc_hd__clkbuf_16)
     4    0.04                           clknet_0_SCK (net)
                  0.06    0.00    0.23 ^ clkbuf_2_1__f_SCK/A (sky130_fd_sc_hd__clkbuf_16)
                  0.06    0.16    0.39 ^ clkbuf_2_1__f_SCK/X (sky130_fd_sc_hd__clkbuf_16)
    12    0.04                           clknet_2_1__leaf_SCK (net)
                  0.06    0.00    0.39 ^ _476_/CLK (sky130_fd_sc_hd__dfrtp_1)
                  0.07    0.41    0.80 v _476_/Q (sky130_fd_sc_hd__dfrtp_1)
     3    0.01                           net23 (net)
                  0.07    0.00    0.80 v output23/A (sky130_fd_sc_hd__clkbuf_4)
                  0.08    0.20    1.00 v output23/X (sky130_fd_sc_hd__clkbuf_4)
     1    0.03                           odata[2] (net)
                  0.08    0.00    1.00 v odata[2] (out)
                                  1.00   data arrival time

                         10.00   10.00   clock SCK (rise edge)
                          0.00   10.00   clock network delay (propagated)
                         -0.25    9.75   clock uncertainty
                          0.00    9.75   clock reconvergence pessimism
                         -2.00    7.75   output external delay
                                  7.75   data required time
-----------------------------------------------------------------------------
                                  7.75   data required time
                                 -1.00   data arrival time
-----------------------------------------------------------------------------
                                  6.75   slack (MET)


Startpoint: _455_ (rising edge-triggered flip-flop clocked by SCK)
Endpoint: pass_thru_mgmt (output port clocked by SCK)
Path Group: SCK
Path Type: max

Fanout     Cap    Slew   Delay    Time   Description
-----------------------------------------------------------------------------
                          0.00    0.00   clock SCK (rise edge)
                          0.00    0.00   clock source latency
                  0.08    0.06    0.06 ^ SCK (in)
     1    0.02                           SCK (net)
                  0.08    0.00    0.06 ^ clkbuf_0_SCK/A (sky130_fd_sc_hd__clkbuf_16)
                  0.06    0.17    0.23 ^ clkbuf_0_SCK/X (sky130_fd_sc_hd__clkbuf_16)
     4    0.04                           clknet_0_SCK (net)
                  0.06    0.00    0.23 ^ clkbuf_2_3__f_SCK/A (sky130_fd_sc_hd__clkbuf_16)
                  0.04    0.14    0.37 ^ clkbuf_2_3__f_SCK/X (sky130_fd_sc_hd__clkbuf_16)
     6    0.02                           clknet_2_3__leaf_SCK (net)
                  0.04    0.00    0.37 ^ _455_/CLK (sky130_fd_sc_hd__dfrtp_1)
                  0.12    0.39    0.76 ^ _455_/Q (sky130_fd_sc_hd__dfrtp_1)
     2    0.01                           net29 (net)
                  0.12    0.00    0.76 ^ output29/A (sky130_fd_sc_hd__buf_2)
                  0.17    0.24    1.00 ^ output29/X (sky130_fd_sc_hd__buf_2)
     1    0.03                           pass_thru_mgmt (net)
                  0.17    0.00    1.00 ^ pass_thru_mgmt (out)
                                  1.00   data arrival time

                         10.00   10.00   clock SCK (rise edge)
                          0.00   10.00   clock network delay (propagated)
                         -0.25    9.75   clock uncertainty
                          0.00    9.75   clock reconvergence pessimism
                         -2.00    7.75   output external delay
                                  7.75   data required time
-----------------------------------------------------------------------------
                                  7.75   data required time
                                 -1.00   data arrival time
-----------------------------------------------------------------------------
                                  6.75   slack (MET)


Startpoint: _478_ (rising edge-triggered flip-flop clocked by SCK)
Endpoint: odata[4] (output port clocked by SCK)
Path Group: SCK
Path Type: max

Fanout     Cap    Slew   Delay    Time   Description
-----------------------------------------------------------------------------
                          0.00    0.00   clock SCK (rise edge)
                          0.00    0.00   clock source latency
                  0.08    0.06    0.06 ^ SCK (in)
     1    0.02                           SCK (net)
                  0.08    0.00    0.06 ^ clkbuf_0_SCK/A (sky130_fd_sc_hd__clkbuf_16)
                  0.06    0.17    0.23 ^ clkbuf_0_SCK/X (sky130_fd_sc_hd__clkbuf_16)
     4    0.04                           clknet_0_SCK (net)
                  0.06    0.00    0.23 ^ clkbuf_2_1__f_SCK/A (sky130_fd_sc_hd__clkbuf_16)
                  0.06    0.16    0.39 ^ clkbuf_2_1__f_SCK/X (sky130_fd_sc_hd__clkbuf_16)
    12    0.04                           clknet_2_1__leaf_SCK (net)
                  0.06    0.00    0.39 ^ _478_/CLK (sky130_fd_sc_hd__dfrtp_1)
                  0.06    0.41    0.80 v _478_/Q (sky130_fd_sc_hd__dfrtp_1)
     3    0.01                           net25 (net)
                  0.06    0.00    0.80 v output25/A (sky130_fd_sc_hd__buf_2)
                  0.09    0.20    0.99 v output25/X (sky130_fd_sc_hd__buf_2)
     1    0.03                           odata[4] (net)
                  0.09    0.00    0.99 v odata[4] (out)
                                  0.99   data arrival time

                         10.00   10.00   clock SCK (rise edge)
                          0.00   10.00   clock network delay (propagated)
                         -0.25    9.75   clock uncertainty
                          0.00    9.75   clock reconvergence pessimism
                         -2.00    7.75   output external delay
                                  7.75   data required time
-----------------------------------------------------------------------------
                                  7.75   data required time
                                 -0.99   data arrival time
-----------------------------------------------------------------------------
                                  6.76   slack (MET)


Startpoint: _458_ (rising edge-triggered flip-flop clocked by SCK)
Endpoint: pass_thru_user_delay (output port clocked by SCK)
Path Group: SCK
Path Type: max

Fanout     Cap    Slew   Delay    Time   Description
-----------------------------------------------------------------------------
                          0.00    0.00   clock SCK (rise edge)
                          0.00    0.00   clock source latency
                  0.08    0.06    0.06 ^ SCK (in)
     1    0.02                           SCK (net)
                  0.08    0.00    0.06 ^ clkbuf_0_SCK/A (sky130_fd_sc_hd__clkbuf_16)
                  0.06    0.17    0.23 ^ clkbuf_0_SCK/X (sky130_fd_sc_hd__clkbuf_16)
     4    0.04                           clknet_0_SCK (net)
                  0.06    0.00    0.23 ^ clkbuf_2_2__f_SCK/A (sky130_fd_sc_hd__clkbuf_16)
                  0.05    0.15    0.38 ^ clkbuf_2_2__f_SCK/X (sky130_fd_sc_hd__clkbuf_16)
     9    0.03                           clknet_2_2__leaf_SCK (net)
                  0.05    0.00    0.38 ^ _458_/CLK (sky130_fd_sc_hd__dfrtp_1)
                  0.06    0.40    0.78 v _458_/Q (sky130_fd_sc_hd__dfrtp_1)
     3    0.01                           net33 (net)
                  0.06    0.00    0.78 v output33/A (sky130_fd_sc_hd__clkbuf_4)
                  0.08    0.20    0.99 v output33/X (sky130_fd_sc_hd__clkbuf_4)
     1    0.03                           pass_thru_user_delay (net)
                  0.08    0.00    0.99 v pass_thru_user_delay (out)
                                  0.99   data arrival time

                         10.00   10.00   clock SCK (rise edge)
                          0.00   10.00   clock network delay (propagated)
                         -0.25    9.75   clock uncertainty
                          0.00    9.75   clock reconvergence pessimism
                         -2.00    7.75   output external delay
                                  7.75   data required time
-----------------------------------------------------------------------------
                                  7.75   data required time
                                 -0.99   data arrival time
-----------------------------------------------------------------------------
                                  6.76   slack (MET)


Startpoint: _480_ (rising edge-triggered flip-flop clocked by SCK)
Endpoint: odata[6] (output port clocked by SCK)
Path Group: SCK
Path Type: max

Fanout     Cap    Slew   Delay    Time   Description
-----------------------------------------------------------------------------
                          0.00    0.00   clock SCK (rise edge)
                          0.00    0.00   clock source latency
                  0.08    0.06    0.06 ^ SCK (in)
     1    0.02                           SCK (net)
                  0.08    0.00    0.06 ^ clkbuf_0_SCK/A (sky130_fd_sc_hd__clkbuf_16)
                  0.06    0.17    0.23 ^ clkbuf_0_SCK/X (sky130_fd_sc_hd__clkbuf_16)
     4    0.04                           clknet_0_SCK (net)
                  0.06    0.00    0.23 ^ clkbuf_2_0__f_SCK/A (sky130_fd_sc_hd__clkbuf_16)
                  0.05    0.15    0.38 ^ clkbuf_2_0__f_SCK/X (sky130_fd_sc_hd__clkbuf_16)
     9    0.03                           clknet_2_0__leaf_SCK (net)
                  0.05    0.00    0.38 ^ _480_/CLK (sky130_fd_sc_hd__dfrtp_1)
                  0.06    0.40    0.78 v _480_/Q (sky130_fd_sc_hd__dfrtp_1)
     3    0.01                           net27 (net)
                  0.06    0.00    0.78 v output27/A (sky130_fd_sc_hd__clkbuf_4)
                  0.08    0.20    0.98 v output27/X (sky130_fd_sc_hd__clkbuf_4)
     1    0.03                           odata[6] (net)
                  0.08    0.00    0.98 v odata[6] (out)
                                  0.98   data arrival time

                         10.00   10.00   clock SCK (rise edge)
                          0.00   10.00   clock network delay (propagated)
                         -0.25    9.75   clock uncertainty
                          0.00    9.75   clock reconvergence pessimism
                         -2.00    7.75   output external delay
                                  7.75   data required time
-----------------------------------------------------------------------------
                                  7.75   data required time
                                 -0.98   data arrival time
-----------------------------------------------------------------------------
                                  6.77   slack (MET)


Startpoint: _457_ (rising edge-triggered flip-flop clocked by SCK)
Endpoint: pass_thru_user (output port clocked by SCK)
Path Group: SCK
Path Type: max

Fanout     Cap    Slew   Delay    Time   Description
-----------------------------------------------------------------------------
                          0.00    0.00   clock SCK (rise edge)
                          0.00    0.00   clock source latency
                  0.08    0.06    0.06 ^ SCK (in)
     1    0.02                           SCK (net)
                  0.08    0.00    0.06 ^ clkbuf_0_SCK/A (sky130_fd_sc_hd__clkbuf_16)
                  0.06    0.17    0.23 ^ clkbuf_0_SCK/X (sky130_fd_sc_hd__clkbuf_16)
     4    0.04                           clknet_0_SCK (net)
                  0.06    0.00    0.23 ^ clkbuf_2_3__f_SCK/A (sky130_fd_sc_hd__clkbuf_16)
                  0.04    0.14    0.37 ^ clkbuf_2_3__f_SCK/X (sky130_fd_sc_hd__clkbuf_16)
     6    0.02                           clknet_2_3__leaf_SCK (net)
                  0.04    0.00    0.37 ^ _457_/CLK (sky130_fd_sc_hd__dfrtp_1)
                  0.07    0.40    0.77 v _457_/Q (sky130_fd_sc_hd__dfrtp_1)
     2    0.01                           net32 (net)
                  0.07    0.00    0.77 v output32/A (sky130_fd_sc_hd__clkbuf_4)
                  0.08    0.20    0.97 v output32/X (sky130_fd_sc_hd__clkbuf_4)
     1    0.04                           pass_thru_user (net)
                  0.08    0.00    0.97 v pass_thru_user (out)
                                  0.97   data arrival time

                         10.00   10.00   clock SCK (rise edge)
                          0.00   10.00   clock network delay (propagated)
                         -0.25    9.75   clock uncertainty
                          0.00    9.75   clock reconvergence pessimism
                         -2.00    7.75   output external delay
                                  7.75   data required time
-----------------------------------------------------------------------------
                                  7.75   data required time
                                 -0.97   data arrival time
-----------------------------------------------------------------------------
                                  6.78   slack (MET)


Startpoint: _481_ (rising edge-triggered flip-flop clocked by SCK)
Endpoint: odata[7] (output port clocked by SCK)
Path Group: SCK
Path Type: max

Fanout     Cap    Slew   Delay    Time   Description
-----------------------------------------------------------------------------
                          0.00    0.00   clock SCK (rise edge)
                          0.00    0.00   clock source latency
                  0.08    0.06    0.06 ^ SCK (in)
     1    0.02                           SCK (net)
                  0.08    0.00    0.06 ^ clkbuf_0_SCK/A (sky130_fd_sc_hd__clkbuf_16)
                  0.06    0.17    0.23 ^ clkbuf_0_SCK/X (sky130_fd_sc_hd__clkbuf_16)
     4    0.04                           clknet_0_SCK (net)
                  0.06    0.00    0.23 ^ clkbuf_2_0__f_SCK/A (sky130_fd_sc_hd__clkbuf_16)
                  0.05    0.15    0.38 ^ clkbuf_2_0__f_SCK/X (sky130_fd_sc_hd__clkbuf_16)
     9    0.03                           clknet_2_0__leaf_SCK (net)
                  0.05    0.00    0.38 ^ _481_/CLK (sky130_fd_sc_hd__dfrtp_1)
                  0.05    0.39    0.77 v _481_/Q (sky130_fd_sc_hd__dfrtp_1)
     2    0.01                           net28 (net)
                  0.05    0.00    0.77 v output28/A (sky130_fd_sc_hd__clkbuf_4)
                  0.08    0.20    0.97 v output28/X (sky130_fd_sc_hd__clkbuf_4)
     1    0.03                           odata[7] (net)
                  0.08    0.00    0.97 v odata[7] (out)
                                  0.97   data arrival time

                         10.00   10.00   clock SCK (rise edge)
                          0.00   10.00   clock network delay (propagated)
                         -0.25    9.75   clock uncertainty
                          0.00    9.75   clock reconvergence pessimism
                         -2.00    7.75   output external delay
                                  7.75   data required time
-----------------------------------------------------------------------------
                                  7.75   data required time
                                 -0.97   data arrival time
-----------------------------------------------------------------------------
                                  6.78   slack (MET)


Startpoint: SDI (input port clocked by SCK)
Endpoint: _459_ (rising edge-triggered flip-flop clocked by SCK)
Path Group: SCK
Path Type: max

Fanout     Cap    Slew   Delay    Time   Description
-----------------------------------------------------------------------------
                          0.00    0.00   clock SCK (rise edge)
                          0.00    0.00   clock network delay (propagated)
                          2.00    2.00 v input external delay
                  0.01    0.00    2.00 v SDI (in)
     1    0.00                           SDI (net)
                  0.01    0.00    2.00 v input2/A (sky130_fd_sc_hd__buf_2)
                  0.10    0.19    2.19 v input2/X (sky130_fd_sc_hd__buf_2)
     8    0.04                           net2 (net)
                  0.11    0.00    2.19 v _363_/A0 (sky130_fd_sc_hd__mux2_1)
                  0.05    0.30    2.50 v _363_/X (sky130_fd_sc_hd__mux2_1)
     1    0.00                           _197_ (net)
                  0.05    0.00    2.50 v _364_/A1 (sky130_fd_sc_hd__mux2_1)
                  0.05    0.30    2.79 v _364_/X (sky130_fd_sc_hd__mux2_1)
     1    0.00                           _198_ (net)
                  0.05    0.00    2.79 v _365_/A (sky130_fd_sc_hd__clkbuf_1)
                  0.02    0.09    2.88 v _365_/X (sky130_fd_sc_hd__clkbuf_1)
     1    0.00                           _066_ (net)
                  0.02    0.00    2.88 v _459_/D (sky130_fd_sc_hd__dfrtp_4)
                                  2.88   data arrival time

                         10.00   10.00   clock SCK (rise edge)
                          0.00   10.00   clock source latency
                  0.08    0.05   10.05 ^ SCK (in)
     1    0.02                           SCK (net)
                  0.08    0.00   10.05 ^ clkbuf_0_SCK/A (sky130_fd_sc_hd__clkbuf_16)
                  0.06    0.15   10.21 ^ clkbuf_0_SCK/X (sky130_fd_sc_hd__clkbuf_16)
     4    0.04                           clknet_0_SCK (net)
                  0.06    0.00   10.21 ^ clkbuf_2_2__f_SCK/A (sky130_fd_sc_hd__clkbuf_16)
                  0.05    0.14   10.34 ^ clkbuf_2_2__f_SCK/X (sky130_fd_sc_hd__clkbuf_16)
     9    0.03                           clknet_2_2__leaf_SCK (net)
                  0.05    0.00   10.34 ^ _459_/CLK (sky130_fd_sc_hd__dfrtp_4)
                         -0.25   10.09   clock uncertainty
                          0.00   10.09   clock reconvergence pessimism
                         -0.10    9.99   library setup time
                                  9.99   data required time
-----------------------------------------------------------------------------
                                  9.99   data required time
                                 -2.88   data arrival time
-----------------------------------------------------------------------------
                                  7.11   slack (MET)


Startpoint: SDI (input port clocked by SCK)
Endpoint: _475_ (rising edge-triggered flip-flop clocked by SCK)
Path Group: SCK
Path Type: max

Fanout     Cap    Slew   Delay    Time   Description
-----------------------------------------------------------------------------
                          0.00    0.00   clock SCK (rise edge)
                          0.00    0.00   clock network delay (propagated)
                          2.00    2.00 v input external delay
                  0.01    0.00    2.00 v SDI (in)
     1    0.00                           SDI (net)
                  0.01    0.00    2.00 v input2/A (sky130_fd_sc_hd__buf_2)
                  0.10    0.19    2.19 v input2/X (sky130_fd_sc_hd__buf_2)
     8    0.04                           net2 (net)
                  0.11    0.00    2.19 v _290_/A1 (sky130_fd_sc_hd__mux2_1)
                  0.05    0.32    2.51 v _290_/X (sky130_fd_sc_hd__mux2_1)
     1    0.00                           _141_ (net)
                  0.05    0.00    2.51 v _291_/A (sky130_fd_sc_hd__clkbuf_1)
                  0.02    0.09    2.61 v _291_/X (sky130_fd_sc_hd__clkbuf_1)
     1    0.00                           _082_ (net)
                  0.02    0.00    2.61 v _475_/D (sky130_fd_sc_hd__dfrtp_1)
                                  2.61   data arrival time

                         10.00   10.00   clock SCK (rise edge)
                          0.00   10.00   clock source latency
                  0.08    0.05   10.05 ^ SCK (in)
     1    0.02                           SCK (net)
                  0.08    0.00   10.05 ^ clkbuf_0_SCK/A (sky130_fd_sc_hd__clkbuf_16)
                  0.06    0.15   10.21 ^ clkbuf_0_SCK/X (sky130_fd_sc_hd__clkbuf_16)
     4    0.04                           clknet_0_SCK (net)
                  0.06    0.00   10.21 ^ clkbuf_2_1__f_SCK/A (sky130_fd_sc_hd__clkbuf_16)
                  0.06    0.14   10.35 ^ clkbuf_2_1__f_SCK/X (sky130_fd_sc_hd__clkbuf_16)
    12    0.04                           clknet_2_1__leaf_SCK (net)
                  0.06    0.00   10.35 ^ _475_/CLK (sky130_fd_sc_hd__dfrtp_1)
                         -0.25   10.10   clock uncertainty
                          0.00   10.10   clock reconvergence pessimism
                         -0.10   10.00   library setup time
                                 10.00   data required time
-----------------------------------------------------------------------------
                                 10.00   data required time
                                 -2.61   data arrival time
-----------------------------------------------------------------------------
                                  7.39   slack (MET)


Startpoint: SDI (input port clocked by SCK)
Endpoint: _471_ (rising edge-triggered flip-flop clocked by SCK)
Path Group: SCK
Path Type: max

Fanout     Cap    Slew   Delay    Time   Description
-----------------------------------------------------------------------------
                          0.00    0.00   clock SCK (rise edge)
                          0.00    0.00   clock network delay (propagated)
                          2.00    2.00 v input external delay
                  0.01    0.00    2.00 v SDI (in)
     1    0.00                           SDI (net)
                  0.01    0.00    2.00 v input2/A (sky130_fd_sc_hd__buf_2)
                  0.10    0.19    2.19 v input2/X (sky130_fd_sc_hd__buf_2)
     8    0.04                           net2 (net)
                  0.11    0.00    2.19 v _306_/A0 (sky130_fd_sc_hd__mux2_1)
                  0.05    0.31    2.50 v _306_/X (sky130_fd_sc_hd__mux2_1)
     1    0.00                           _153_ (net)
                  0.05    0.00    2.50 v _307_/A (sky130_fd_sc_hd__clkbuf_1)
                  0.03    0.09    2.60 v _307_/X (sky130_fd_sc_hd__clkbuf_1)
     1    0.00                           _078_ (net)
                  0.03    0.00    2.60 v _471_/D (sky130_fd_sc_hd__dfrtp_1)
                                  2.60   data arrival time

                         10.00   10.00   clock SCK (rise edge)
                          0.00   10.00   clock source latency
                  0.08    0.05   10.05 ^ SCK (in)
     1    0.02                           SCK (net)
                  0.08    0.00   10.05 ^ clkbuf_0_SCK/A (sky130_fd_sc_hd__clkbuf_16)
                  0.06    0.15   10.21 ^ clkbuf_0_SCK/X (sky130_fd_sc_hd__clkbuf_16)
     4    0.04                           clknet_0_SCK (net)
                  0.06    0.00   10.21 ^ clkbuf_2_1__f_SCK/A (sky130_fd_sc_hd__clkbuf_16)
                  0.06    0.14   10.35 ^ clkbuf_2_1__f_SCK/X (sky130_fd_sc_hd__clkbuf_16)
    12    0.04                           clknet_2_1__leaf_SCK (net)
                  0.06    0.00   10.35 ^ _471_/CLK (sky130_fd_sc_hd__dfrtp_1)
                         -0.25   10.10   clock uncertainty
                          0.00   10.10   clock reconvergence pessimism
                         -0.10   10.00   library setup time
                                 10.00   data required time
-----------------------------------------------------------------------------
                                 10.00   data required time
                                 -2.60   data arrival time
-----------------------------------------------------------------------------
                                  7.40   slack (MET)


Startpoint: SDI (input port clocked by SCK)
Endpoint: _472_ (rising edge-triggered flip-flop clocked by SCK)
Path Group: SCK
Path Type: max

Fanout     Cap    Slew   Delay    Time   Description
-----------------------------------------------------------------------------
                          0.00    0.00   clock SCK (rise edge)
                          0.00    0.00   clock network delay (propagated)
                          2.00    2.00 ^ input external delay
                  0.02    0.01    2.01 ^ SDI (in)
     1    0.00                           SDI (net)
                  0.02    0.00    2.01 ^ input2/A (sky130_fd_sc_hd__buf_2)
                  0.21    0.23    2.24 ^ input2/X (sky130_fd_sc_hd__buf_2)
     8    0.04                           net2 (net)
                  0.21    0.00    2.24 ^ _302_/A (sky130_fd_sc_hd__nand2_1)
                  0.11    0.15    2.39 v _302_/Y (sky130_fd_sc_hd__nand2_1)
     2    0.01                           _150_ (net)
                  0.11    0.00    2.39 v _304_/A1 (sky130_fd_sc_hd__o221ai_1)
                  0.16    0.21    2.60 ^ _304_/Y (sky130_fd_sc_hd__o221ai_1)
     1    0.00                           _079_ (net)
                  0.16    0.00    2.60 ^ _472_/D (sky130_fd_sc_hd__dfrtp_1)
                                  2.60   data arrival time

                         10.00   10.00   clock SCK (rise edge)
                          0.00   10.00   clock source latency
                  0.08    0.05   10.05 ^ SCK (in)
     1    0.02                           SCK (net)
                  0.08    0.00   10.05 ^ clkbuf_0_SCK/A (sky130_fd_sc_hd__clkbuf_16)
                  0.06    0.15   10.21 ^ clkbuf_0_SCK/X (sky130_fd_sc_hd__clkbuf_16)
     4    0.04                           clknet_0_SCK (net)
                  0.06    0.00   10.21 ^ clkbuf_2_0__f_SCK/A (sky130_fd_sc_hd__clkbuf_16)
                  0.05    0.13   10.34 ^ clkbuf_2_0__f_SCK/X (sky130_fd_sc_hd__clkbuf_16)
     9    0.03                           clknet_2_0__leaf_SCK (net)
                  0.05    0.00   10.34 ^ _472_/CLK (sky130_fd_sc_hd__dfrtp_1)
                         -0.25   10.09   clock uncertainty
                          0.00   10.09   clock reconvergence pessimism
                         -0.08   10.01   library setup time
                                 10.01   data required time
-----------------------------------------------------------------------------
                                 10.01   data required time
                                 -2.60   data arrival time
-----------------------------------------------------------------------------
                                  7.41   slack (MET)


Startpoint: SDI (input port clocked by SCK)
Endpoint: _470_ (rising edge-triggered flip-flop clocked by SCK)
Path Group: SCK
Path Type: max

Fanout     Cap    Slew   Delay    Time   Description
-----------------------------------------------------------------------------
                          0.00    0.00   clock SCK (rise edge)
                          0.00    0.00   clock network delay (propagated)
                          2.00    2.00 ^ input external delay
                  0.02    0.01    2.01 ^ SDI (in)
     1    0.00                           SDI (net)
                  0.02    0.00    2.01 ^ input2/A (sky130_fd_sc_hd__buf_2)
                  0.21    0.23    2.24 ^ input2/X (sky130_fd_sc_hd__buf_2)
     8    0.04                           net2 (net)
                  0.21    0.00    2.24 ^ _302_/A (sky130_fd_sc_hd__nand2_1)
                  0.11    0.15    2.39 v _302_/Y (sky130_fd_sc_hd__nand2_1)
     2    0.01                           _150_ (net)
                  0.11    0.00    2.39 v _309_/A2 (sky130_fd_sc_hd__o21ai_1)
                  0.10    0.14    2.53 ^ _309_/Y (sky130_fd_sc_hd__o21ai_1)
     1    0.00                           _077_ (net)
                  0.10    0.00    2.53 ^ _470_/D (sky130_fd_sc_hd__dfrtp_1)
                                  2.53   data arrival time

                         10.00   10.00   clock SCK (rise edge)
                          0.00   10.00   clock source latency
                  0.08    0.05   10.05 ^ SCK (in)
     1    0.02                           SCK (net)
                  0.08    0.00   10.05 ^ clkbuf_0_SCK/A (sky130_fd_sc_hd__clkbuf_16)
                  0.06    0.15   10.21 ^ clkbuf_0_SCK/X (sky130_fd_sc_hd__clkbuf_16)
     4    0.04                           clknet_0_SCK (net)
                  0.06    0.00   10.21 ^ clkbuf_2_1__f_SCK/A (sky130_fd_sc_hd__clkbuf_16)
                  0.06    0.14   10.35 ^ clkbuf_2_1__f_SCK/X (sky130_fd_sc_hd__clkbuf_16)
    12    0.04                           clknet_2_1__leaf_SCK (net)
                  0.06    0.00   10.35 ^ _470_/CLK (sky130_fd_sc_hd__dfrtp_1)
                         -0.25   10.10   clock uncertainty
                          0.00   10.10   clock reconvergence pessimism
                         -0.07   10.03   library setup time
                                 10.03   data required time
-----------------------------------------------------------------------------
                                 10.03   data required time
                                 -2.53   data arrival time
-----------------------------------------------------------------------------
                                  7.50   slack (MET)


Startpoint: SDI (input port clocked by SCK)
Endpoint: _484_ (rising edge-triggered flip-flop clocked by SCK)
Path Group: SCK
Path Type: max

Fanout     Cap    Slew   Delay    Time   Description
-----------------------------------------------------------------------------
                          0.00    0.00   clock SCK (rise edge)
                          0.00    0.00   clock network delay (propagated)
                          2.00    2.00 v input external delay
                  0.01    0.00    2.00 v SDI (in)
     1    0.00                           SDI (net)
                  0.01    0.00    2.00 v input2/A (sky130_fd_sc_hd__buf_2)
                  0.10    0.19    2.19 v input2/X (sky130_fd_sc_hd__buf_2)
     8    0.04                           net2 (net)
                  0.11    0.00    2.19 v _270_/A1 (sky130_fd_sc_hd__a32o_1)
                  0.04    0.25    2.44 v _270_/X (sky130_fd_sc_hd__a32o_1)
     1    0.00                           _090_ (net)
                  0.04    0.00    2.44 v _484_/D (sky130_fd_sc_hd__dfrtp_2)
                                  2.44   data arrival time

                         10.00   10.00   clock SCK (rise edge)
                          0.00   10.00   clock source latency
                  0.08    0.05   10.05 ^ SCK (in)
     1    0.02                           SCK (net)
                  0.08    0.00   10.05 ^ clkbuf_0_SCK/A (sky130_fd_sc_hd__clkbuf_16)
                  0.06    0.15   10.21 ^ clkbuf_0_SCK/X (sky130_fd_sc_hd__clkbuf_16)
     4    0.04                           clknet_0_SCK (net)
                  0.06    0.00   10.21 ^ clkbuf_2_1__f_SCK/A (sky130_fd_sc_hd__clkbuf_16)
                  0.06    0.14   10.35 ^ clkbuf_2_1__f_SCK/X (sky130_fd_sc_hd__clkbuf_16)
    12    0.04                           clknet_2_1__leaf_SCK (net)
                  0.06    0.00   10.35 ^ _484_/CLK (sky130_fd_sc_hd__dfrtp_2)
                         -0.25   10.10   clock uncertainty
                          0.00   10.10   clock reconvergence pessimism
                         -0.11    9.99   library setup time
                                  9.99   data required time
-----------------------------------------------------------------------------
                                  9.99   data required time
                                 -2.44   data arrival time
-----------------------------------------------------------------------------
                                  7.55   slack (MET)


Startpoint: SDI (input port clocked by SCK)
Endpoint: _482_ (rising edge-triggered flip-flop clocked by SCK)
Path Group: SCK
Path Type: max

Fanout     Cap    Slew   Delay    Time   Description
-----------------------------------------------------------------------------
                          0.00    0.00   clock SCK (rise edge)
                          0.00    0.00   clock network delay (propagated)
                          2.00    2.00 v input external delay
                  0.01    0.00    2.00 v SDI (in)
     1    0.00                           SDI (net)
                  0.01    0.00    2.00 v input2/A (sky130_fd_sc_hd__buf_2)
                  0.10    0.19    2.19 v input2/X (sky130_fd_sc_hd__buf_2)
     8    0.04                           net2 (net)
                  0.11    0.00    2.19 v _276_/A1 (sky130_fd_sc_hd__a41o_1)
                  0.04    0.20    2.40 v _276_/X (sky130_fd_sc_hd__a41o_1)
     1    0.00                           _089_ (net)
                  0.04    0.00    2.40 v _482_/D (sky130_fd_sc_hd__dfrtp_4)
                                  2.40   data arrival time

                         10.00   10.00   clock SCK (rise edge)
                          0.00   10.00   clock source latency
                  0.08    0.05   10.05 ^ SCK (in)
     1    0.02                           SCK (net)
                  0.08    0.00   10.05 ^ clkbuf_0_SCK/A (sky130_fd_sc_hd__clkbuf_16)
                  0.06    0.15   10.21 ^ clkbuf_0_SCK/X (sky130_fd_sc_hd__clkbuf_16)
     4    0.04                           clknet_0_SCK (net)
                  0.06    0.00   10.21 ^ clkbuf_2_1__f_SCK/A (sky130_fd_sc_hd__clkbuf_16)
                  0.06    0.14   10.35 ^ clkbuf_2_1__f_SCK/X (sky130_fd_sc_hd__clkbuf_16)
    12    0.04                           clknet_2_1__leaf_SCK (net)
                  0.06    0.00   10.35 ^ _482_/CLK (sky130_fd_sc_hd__dfrtp_4)
                         -0.25   10.10   clock uncertainty
                          0.00   10.10   clock reconvergence pessimism
                         -0.11    9.99   library setup time
                                  9.99   data required time
-----------------------------------------------------------------------------
                                  9.99   data required time
                                 -2.40   data arrival time
-----------------------------------------------------------------------------
                                  7.60   slack (MET)


Startpoint: reset (input port clocked by SCK)
Endpoint: _459_ (recovery check against rising-edge clock SCK)
Path Group: asynchronous
Path Type: max

Fanout     Cap    Slew   Delay    Time   Description
-----------------------------------------------------------------------------
                          0.00    0.00   clock SCK (rise edge)
                          0.00    0.00   clock network delay (propagated)
                          2.00    2.00 v input external delay
                  0.01    0.00    2.00 v reset (in)
     1    0.00                           reset (net)
                  0.01    0.00    2.00 v input11/A (sky130_fd_sc_hd__clkbuf_1)
                  0.02    0.07    2.07 v input11/X (sky130_fd_sc_hd__clkbuf_1)
     1    0.00                           net11 (net)
                  0.02    0.00    2.07 v _222_/A (sky130_fd_sc_hd__buf_2)
                  0.09    0.18    2.25 v _222_/X (sky130_fd_sc_hd__buf_2)
     9    0.03                           _100_ (net)
                  0.09    0.00    2.25 v _402_/A (sky130_fd_sc_hd__clkbuf_4)
                  0.10    0.23    2.48 v _402_/X (sky130_fd_sc_hd__clkbuf_4)
    10    0.04                           _215_ (net)
                  0.10    0.00    2.48 v _409_/A (sky130_fd_sc_hd__nor2_1)
                  0.11    0.15    2.63 ^ _409_/Y (sky130_fd_sc_hd__nor2_1)
     1    0.00                           _011_ (net)
                  0.11    0.00    2.63 ^ _459_/RESET_B (sky130_fd_sc_hd__dfrtp_4)
                                  2.63   data arrival time

                         10.00   10.00   clock SCK (rise edge)
                          0.00   10.00   clock source latency
                  0.08    0.05   10.05 ^ SCK (in)
     1    0.02                           SCK (net)
                  0.08    0.00   10.05 ^ clkbuf_0_SCK/A (sky130_fd_sc_hd__clkbuf_16)
                  0.06    0.15   10.21 ^ clkbuf_0_SCK/X (sky130_fd_sc_hd__clkbuf_16)
     4    0.04                           clknet_0_SCK (net)
                  0.06    0.00   10.21 ^ clkbuf_2_2__f_SCK/A (sky130_fd_sc_hd__clkbuf_16)
                  0.05    0.14   10.34 ^ clkbuf_2_2__f_SCK/X (sky130_fd_sc_hd__clkbuf_16)
     9    0.03                           clknet_2_2__leaf_SCK (net)
                  0.05    0.00   10.34 ^ _459_/CLK (sky130_fd_sc_hd__dfrtp_4)
                         -0.25   10.09   clock uncertainty
                          0.00   10.09   clock reconvergence pessimism
                          0.20   10.29   library recovery time
                                 10.29   data required time
-----------------------------------------------------------------------------
                                 10.29   data required time
                                 -2.63   data arrival time
-----------------------------------------------------------------------------
                                  7.66   slack (MET)


Startpoint: reset (input port clocked by SCK)
Endpoint: _457_ (recovery check against rising-edge clock SCK)
Path Group: asynchronous
Path Type: max

Fanout     Cap    Slew   Delay    Time   Description
-----------------------------------------------------------------------------
                          0.00    0.00   clock SCK (rise edge)
                          0.00    0.00   clock network delay (propagated)
                          2.00    2.00 v input external delay
                  0.01    0.00    2.00 v reset (in)
     1    0.00                           reset (net)
                  0.01    0.00    2.00 v input11/A (sky130_fd_sc_hd__clkbuf_1)
                  0.02    0.07    2.07 v input11/X (sky130_fd_sc_hd__clkbuf_1)
     1    0.00                           net11 (net)
                  0.02    0.00    2.07 v _222_/A (sky130_fd_sc_hd__buf_2)
                  0.09    0.18    2.25 v _222_/X (sky130_fd_sc_hd__buf_2)
     9    0.03                           _100_ (net)
                  0.09    0.00    2.25 v _402_/A (sky130_fd_sc_hd__clkbuf_4)
                  0.10    0.23    2.48 v _402_/X (sky130_fd_sc_hd__clkbuf_4)
    10    0.04                           _215_ (net)
                  0.10    0.00    2.48 v _407_/A (sky130_fd_sc_hd__nor2_1)
                  0.11    0.14    2.63 ^ _407_/Y (sky130_fd_sc_hd__nor2_1)
     1    0.00                           _009_ (net)
                  0.11    0.00    2.63 ^ _457_/RESET_B (sky130_fd_sc_hd__dfrtp_1)
                                  2.63   data arrival time

                         10.00   10.00   clock SCK (rise edge)
                          0.00   10.00   clock source latency
                  0.08    0.05   10.05 ^ SCK (in)
     1    0.02                           SCK (net)
                  0.08    0.00   10.05 ^ clkbuf_0_SCK/A (sky130_fd_sc_hd__clkbuf_16)
                  0.06    0.15   10.21 ^ clkbuf_0_SCK/X (sky130_fd_sc_hd__clkbuf_16)
     4    0.04                           clknet_0_SCK (net)
                  0.06    0.00   10.21 ^ clkbuf_2_3__f_SCK/A (sky130_fd_sc_hd__clkbuf_16)
                  0.04    0.13   10.33 ^ clkbuf_2_3__f_SCK/X (sky130_fd_sc_hd__clkbuf_16)
     6    0.02                           clknet_2_3__leaf_SCK (net)
                  0.04    0.00   10.33 ^ _457_/CLK (sky130_fd_sc_hd__dfrtp_1)
                         -0.25   10.08   clock uncertainty
                          0.00   10.08   clock reconvergence pessimism
                          0.21   10.30   library recovery time
                                 10.30   data required time
-----------------------------------------------------------------------------
                                 10.30   data required time
                                 -2.63   data arrival time
-----------------------------------------------------------------------------
                                  7.67   slack (MET)


Startpoint: reset (input port clocked by SCK)
Endpoint: _484_ (recovery check against rising-edge clock SCK)
Path Group: asynchronous
Path Type: max

Fanout     Cap    Slew   Delay    Time   Description
-----------------------------------------------------------------------------
                          0.00    0.00   clock SCK (rise edge)
                          0.00    0.00   clock network delay (propagated)
                          2.00    2.00 v input external delay
                  0.01    0.00    2.00 v reset (in)
     1    0.00                           reset (net)
                  0.01    0.00    2.00 v input11/A (sky130_fd_sc_hd__clkbuf_1)
                  0.02    0.07    2.07 v input11/X (sky130_fd_sc_hd__clkbuf_1)
     1    0.00                           net11 (net)
                  0.02    0.00    2.07 v _222_/A (sky130_fd_sc_hd__buf_2)
                  0.09    0.18    2.25 v _222_/X (sky130_fd_sc_hd__buf_2)
     9    0.03                           _100_ (net)
                  0.09    0.00    2.25 v _426_/A (sky130_fd_sc_hd__clkbuf_4)
                  0.10    0.23    2.48 v _426_/X (sky130_fd_sc_hd__clkbuf_4)
    10    0.04                           _219_ (net)
                  0.10    0.00    2.48 v _439_/A (sky130_fd_sc_hd__nor2_1)
                  0.12    0.15    2.63 ^ _439_/Y (sky130_fd_sc_hd__nor2_1)
     1    0.01                           _037_ (net)
                  0.12    0.00    2.63 ^ _484_/RESET_B (sky130_fd_sc_hd__dfrtp_2)
                                  2.63   data arrival time

                         10.00   10.00   clock SCK (rise edge)
                          0.00   10.00   clock source latency
                  0.08    0.05   10.05 ^ SCK (in)
     1    0.02                           SCK (net)
                  0.08    0.00   10.05 ^ clkbuf_0_SCK/A (sky130_fd_sc_hd__clkbuf_16)
                  0.06    0.15   10.21 ^ clkbuf_0_SCK/X (sky130_fd_sc_hd__clkbuf_16)
     4    0.04                           clknet_0_SCK (net)
                  0.06    0.00   10.21 ^ clkbuf_2_1__f_SCK/A (sky130_fd_sc_hd__clkbuf_16)
                  0.06    0.14   10.35 ^ clkbuf_2_1__f_SCK/X (sky130_fd_sc_hd__clkbuf_16)
    12    0.04                           clknet_2_1__leaf_SCK (net)
                  0.06    0.00   10.35 ^ _484_/CLK (sky130_fd_sc_hd__dfrtp_2)
                         -0.25   10.10   clock uncertainty
                          0.00   10.10   clock reconvergence pessimism
                          0.20   10.30   library recovery time
                                 10.30   data required time
-----------------------------------------------------------------------------
                                 10.30   data required time
                                 -2.63   data arrival time
-----------------------------------------------------------------------------
                                  7.67   slack (MET)


Startpoint: _488_ (rising edge-triggered flip-flop clocked by SCK)
Endpoint: _473_ (rising edge-triggered flip-flop clocked by SCK)
Path Group: SCK
Path Type: max

Fanout     Cap    Slew   Delay    Time   Description
-----------------------------------------------------------------------------
                          0.00    0.00   clock SCK (rise edge)
                          0.00    0.00   clock source latency
                  0.08    0.06    0.06 ^ SCK (in)
     1    0.02                           SCK (net)
                  0.08    0.00    0.06 ^ clkbuf_0_SCK/A (sky130_fd_sc_hd__clkbuf_16)
                  0.06    0.17    0.23 ^ clkbuf_0_SCK/X (sky130_fd_sc_hd__clkbuf_16)
     4    0.04                           clknet_0_SCK (net)
                  0.06    0.00    0.23 ^ clkbuf_2_2__f_SCK/A (sky130_fd_sc_hd__clkbuf_16)
                  0.05    0.15    0.38 ^ clkbuf_2_2__f_SCK/X (sky130_fd_sc_hd__clkbuf_16)
     9    0.03                           clknet_2_2__leaf_SCK (net)
                  0.05    0.00    0.38 ^ _488_/CLK (sky130_fd_sc_hd__dfrtp_4)
                  0.15    0.51    0.89 ^ _488_/Q (sky130_fd_sc_hd__dfrtp_4)
     8    0.04                           state[2] (net)
                  0.15    0.00    0.89 ^ _277_/C_N (sky130_fd_sc_hd__nor3b_2)
                  0.29    0.33    1.22 ^ _277_/Y (sky130_fd_sc_hd__nor3b_2)
     3    0.02                           _134_ (net)
                  0.29    0.00    1.22 ^ max_cap38/A (sky130_fd_sc_hd__buf_2)
                  0.15    0.27    1.49 ^ max_cap38/X (sky130_fd_sc_hd__buf_2)
     6    0.03                           net38 (net)
                  0.15    0.00    1.49 ^ _293_/B1 (sky130_fd_sc_hd__a32o_1)
                  0.18    0.25    1.74 ^ _293_/X (sky130_fd_sc_hd__a32o_1)
     5    0.02                           _143_ (net)
                  0.18    0.00    1.75 ^ _299_/C_N (sky130_fd_sc_hd__or3b_1)
                  0.10    0.44    2.18 v _299_/X (sky130_fd_sc_hd__or3b_1)
     2    0.01                           _148_ (net)
                  0.10    0.00    2.18 v _301_/A (sky130_fd_sc_hd__xnor2_1)
                  0.04    0.15    2.33 v _301_/Y (sky130_fd_sc_hd__xnor2_1)
     1    0.00                           _080_ (net)
                  0.04    0.00    2.33 v _473_/D (sky130_fd_sc_hd__dfrtp_2)
                                  2.33   data arrival time

                         10.00   10.00   clock SCK (rise edge)
                          0.00   10.00   clock source latency
                  0.08    0.05   10.05 ^ SCK (in)
     1    0.02                           SCK (net)
                  0.08    0.00   10.05 ^ clkbuf_0_SCK/A (sky130_fd_sc_hd__clkbuf_16)
                  0.06    0.15   10.21 ^ clkbuf_0_SCK/X (sky130_fd_sc_hd__clkbuf_16)
     4    0.04                           clknet_0_SCK (net)
                  0.06    0.00   10.21 ^ clkbuf_2_0__f_SCK/A (sky130_fd_sc_hd__clkbuf_16)
                  0.05    0.13   10.34 ^ clkbuf_2_0__f_SCK/X (sky130_fd_sc_hd__clkbuf_16)
     9    0.03                           clknet_2_0__leaf_SCK (net)
                  0.05    0.00   10.34 ^ _473_/CLK (sky130_fd_sc_hd__dfrtp_2)
                         -0.25   10.09   clock uncertainty
                          0.02   10.11   clock reconvergence pessimism
                         -0.11   10.00   library setup time
                                 10.00   data required time
-----------------------------------------------------------------------------
                                 10.00   data required time
                                 -2.33   data arrival time
-----------------------------------------------------------------------------
                                  7.67   slack (MET)


Startpoint: reset (input port clocked by SCK)
Endpoint: _455_ (recovery check against rising-edge clock SCK)
Path Group: asynchronous
Path Type: max

Fanout     Cap    Slew   Delay    Time   Description
-----------------------------------------------------------------------------
                          0.00    0.00   clock SCK (rise edge)
                          0.00    0.00   clock network delay (propagated)
                          2.00    2.00 v input external delay
                  0.01    0.00    2.00 v reset (in)
     1    0.00                           reset (net)
                  0.01    0.00    2.00 v input11/A (sky130_fd_sc_hd__clkbuf_1)
                  0.02    0.07    2.07 v input11/X (sky130_fd_sc_hd__clkbuf_1)
     1    0.00                           net11 (net)
                  0.02    0.00    2.07 v _222_/A (sky130_fd_sc_hd__buf_2)
                  0.09    0.18    2.25 v _222_/X (sky130_fd_sc_hd__buf_2)
     9    0.03                           _100_ (net)
                  0.09    0.00    2.25 v _402_/A (sky130_fd_sc_hd__clkbuf_4)
                  0.10    0.23    2.48 v _402_/X (sky130_fd_sc_hd__clkbuf_4)
    10    0.04                           _215_ (net)
                  0.10    0.00    2.48 v _405_/A (sky130_fd_sc_hd__nor2_1)
                  0.11    0.14    2.63 ^ _405_/Y (sky130_fd_sc_hd__nor2_1)
     1    0.00                           _007_ (net)
                  0.11    0.00    2.63 ^ _455_/RESET_B (sky130_fd_sc_hd__dfrtp_1)
                                  2.63   data arrival time

                         10.00   10.00   clock SCK (rise edge)
                          0.00   10.00   clock source latency
                  0.08    0.05   10.05 ^ SCK (in)
     1    0.02                           SCK (net)
                  0.08    0.00   10.05 ^ clkbuf_0_SCK/A (sky130_fd_sc_hd__clkbuf_16)
                  0.06    0.15   10.21 ^ clkbuf_0_SCK/X (sky130_fd_sc_hd__clkbuf_16)
     4    0.04                           clknet_0_SCK (net)
                  0.06    0.00   10.21 ^ clkbuf_2_3__f_SCK/A (sky130_fd_sc_hd__clkbuf_16)
                  0.04    0.13   10.33 ^ clkbuf_2_3__f_SCK/X (sky130_fd_sc_hd__clkbuf_16)
     6    0.02                           clknet_2_3__leaf_SCK (net)
                  0.04    0.00   10.33 ^ _455_/CLK (sky130_fd_sc_hd__dfrtp_1)
                         -0.25   10.08   clock uncertainty
                          0.00   10.08   clock reconvergence pessimism
                          0.21   10.30   library recovery time
                                 10.30   data required time
-----------------------------------------------------------------------------
                                 10.30   data required time
                                 -2.63   data arrival time
-----------------------------------------------------------------------------
                                  7.67   slack (MET)


Startpoint: reset (input port clocked by SCK)
Endpoint: _456_ (recovery check against rising-edge clock SCK)
Path Group: asynchronous
Path Type: max

Fanout     Cap    Slew   Delay    Time   Description
-----------------------------------------------------------------------------
                          0.00    0.00   clock SCK (rise edge)
                          0.00    0.00   clock network delay (propagated)
                          2.00    2.00 v input external delay
                  0.01    0.00    2.00 v reset (in)
     1    0.00                           reset (net)
                  0.01    0.00    2.00 v input11/A (sky130_fd_sc_hd__clkbuf_1)
                  0.02    0.07    2.07 v input11/X (sky130_fd_sc_hd__clkbuf_1)
     1    0.00                           net11 (net)
                  0.02    0.00    2.07 v _222_/A (sky130_fd_sc_hd__buf_2)
                  0.09    0.18    2.25 v _222_/X (sky130_fd_sc_hd__buf_2)
     9    0.03                           _100_ (net)
                  0.09    0.00    2.25 v _402_/A (sky130_fd_sc_hd__clkbuf_4)
                  0.10    0.23    2.48 v _402_/X (sky130_fd_sc_hd__clkbuf_4)
    10    0.04                           _215_ (net)
                  0.10    0.00    2.48 v _406_/A (sky130_fd_sc_hd__nor2_1)
                  0.11    0.14    2.63 ^ _406_/Y (sky130_fd_sc_hd__nor2_1)
     1    0.00                           _008_ (net)
                  0.11    0.00    2.63 ^ _456_/RESET_B (sky130_fd_sc_hd__dfrtp_1)
                                  2.63   data arrival time

                         10.00   10.00   clock SCK (rise edge)
                          0.00   10.00   clock source latency
                  0.08    0.05   10.05 ^ SCK (in)
     1    0.02                           SCK (net)
                  0.08    0.00   10.05 ^ clkbuf_0_SCK/A (sky130_fd_sc_hd__clkbuf_16)
                  0.06    0.15   10.21 ^ clkbuf_0_SCK/X (sky130_fd_sc_hd__clkbuf_16)
     4    0.04                           clknet_0_SCK (net)
                  0.06    0.00   10.21 ^ clkbuf_2_3__f_SCK/A (sky130_fd_sc_hd__clkbuf_16)
                  0.04    0.13   10.33 ^ clkbuf_2_3__f_SCK/X (sky130_fd_sc_hd__clkbuf_16)
     6    0.02                           clknet_2_3__leaf_SCK (net)
                  0.04    0.00   10.33 ^ _456_/CLK (sky130_fd_sc_hd__dfrtp_1)
                         -0.25   10.08   clock uncertainty
                          0.00   10.08   clock reconvergence pessimism
                          0.21   10.30   library recovery time
                                 10.30   data required time
-----------------------------------------------------------------------------
                                 10.30   data required time
                                 -2.63   data arrival time
-----------------------------------------------------------------------------
                                  7.67   slack (MET)


Startpoint: reset (input port clocked by SCK)
Endpoint: _463_ (recovery check against rising-edge clock SCK)
Path Group: asynchronous
Path Type: max

Fanout     Cap    Slew   Delay    Time   Description
-----------------------------------------------------------------------------
                          0.00    0.00   clock SCK (rise edge)
                          0.00    0.00   clock network delay (propagated)
                          2.00    2.00 v input external delay
                  0.01    0.00    2.00 v reset (in)
     1    0.00                           reset (net)
                  0.01    0.00    2.00 v input11/A (sky130_fd_sc_hd__clkbuf_1)
                  0.02    0.07    2.07 v input11/X (sky130_fd_sc_hd__clkbuf_1)
     1    0.00                           net11 (net)
                  0.02    0.00    2.07 v _222_/A (sky130_fd_sc_hd__buf_2)
                  0.09    0.18    2.25 v _222_/X (sky130_fd_sc_hd__buf_2)
     9    0.03                           _100_ (net)
                  0.09    0.00    2.25 v _402_/A (sky130_fd_sc_hd__clkbuf_4)
                  0.10    0.23    2.48 v _402_/X (sky130_fd_sc_hd__clkbuf_4)
    10    0.04                           _215_ (net)
                  0.10    0.00    2.48 v _413_/A (sky130_fd_sc_hd__nor2_1)
                  0.10    0.14    2.62 ^ _413_/Y (sky130_fd_sc_hd__nor2_1)
     1    0.00                           _015_ (net)
                  0.10    0.00    2.62 ^ _463_/RESET_B (sky130_fd_sc_hd__dfrtp_4)
                                  2.62   data arrival time

                         10.00   10.00   clock SCK (rise edge)
                          0.00   10.00   clock source latency
                  0.08    0.05   10.05 ^ SCK (in)
     1    0.02                           SCK (net)
                  0.08    0.00   10.05 ^ clkbuf_0_SCK/A (sky130_fd_sc_hd__clkbuf_16)
                  0.06    0.15   10.21 ^ clkbuf_0_SCK/X (sky130_fd_sc_hd__clkbuf_16)
     4    0.04                           clknet_0_SCK (net)
                  0.06    0.00   10.21 ^ clkbuf_2_2__f_SCK/A (sky130_fd_sc_hd__clkbuf_16)
                  0.05    0.14   10.34 ^ clkbuf_2_2__f_SCK/X (sky130_fd_sc_hd__clkbuf_16)
     9    0.03                           clknet_2_2__leaf_SCK (net)
                  0.05    0.00   10.34 ^ _463_/CLK (sky130_fd_sc_hd__dfrtp_4)
                         -0.25   10.09   clock uncertainty
                          0.00   10.09   clock reconvergence pessimism
                          0.20   10.29   library recovery time
                                 10.29   data required time
-----------------------------------------------------------------------------
                                 10.29   data required time
                                 -2.62   data arrival time
-----------------------------------------------------------------------------
                                  7.67   slack (MET)


Startpoint: reset (input port clocked by SCK)
Endpoint: _460_ (recovery check against rising-edge clock SCK)
Path Group: asynchronous
Path Type: max

Fanout     Cap    Slew   Delay    Time   Description
-----------------------------------------------------------------------------
                          0.00    0.00   clock SCK (rise edge)
                          0.00    0.00   clock network delay (propagated)
                          2.00    2.00 v input external delay
                  0.01    0.00    2.00 v reset (in)
     1    0.00                           reset (net)
                  0.01    0.00    2.00 v input11/A (sky130_fd_sc_hd__clkbuf_1)
                  0.02    0.07    2.07 v input11/X (sky130_fd_sc_hd__clkbuf_1)
     1    0.00                           net11 (net)
                  0.02    0.00    2.07 v _222_/A (sky130_fd_sc_hd__buf_2)
                  0.09    0.18    2.25 v _222_/X (sky130_fd_sc_hd__buf_2)
     9    0.03                           _100_ (net)
                  0.09    0.00    2.25 v _402_/A (sky130_fd_sc_hd__clkbuf_4)
                  0.10    0.23    2.48 v _402_/X (sky130_fd_sc_hd__clkbuf_4)
    10    0.04                           _215_ (net)
                  0.10    0.00    2.48 v _410_/A (sky130_fd_sc_hd__nor2_1)
                  0.10    0.14    2.62 ^ _410_/Y (sky130_fd_sc_hd__nor2_1)
     1    0.00                           _012_ (net)
                  0.10    0.00    2.62 ^ _460_/RESET_B (sky130_fd_sc_hd__dfrtp_4)
                                  2.62   data arrival time

                         10.00   10.00   clock SCK (rise edge)
                          0.00   10.00   clock source latency
                  0.08    0.05   10.05 ^ SCK (in)
     1    0.02                           SCK (net)
                  0.08    0.00   10.05 ^ clkbuf_0_SCK/A (sky130_fd_sc_hd__clkbuf_16)
                  0.06    0.15   10.21 ^ clkbuf_0_SCK/X (sky130_fd_sc_hd__clkbuf_16)
     4    0.04                           clknet_0_SCK (net)
                  0.06    0.00   10.21 ^ clkbuf_2_2__f_SCK/A (sky130_fd_sc_hd__clkbuf_16)
                  0.05    0.14   10.34 ^ clkbuf_2_2__f_SCK/X (sky130_fd_sc_hd__clkbuf_16)
     9    0.03                           clknet_2_2__leaf_SCK (net)
                  0.05    0.00   10.34 ^ _460_/CLK (sky130_fd_sc_hd__dfrtp_4)
                         -0.25   10.09   clock uncertainty
                          0.00   10.09   clock reconvergence pessimism
                          0.20   10.30   library recovery time
                                 10.30   data required time
-----------------------------------------------------------------------------
                                 10.30   data required time
                                 -2.62   data arrival time
-----------------------------------------------------------------------------
                                  7.68   slack (MET)


Startpoint: reset (input port clocked by SCK)
Endpoint: _461_ (recovery check against rising-edge clock SCK)
Path Group: asynchronous
Path Type: max

Fanout     Cap    Slew   Delay    Time   Description
-----------------------------------------------------------------------------
                          0.00    0.00   clock SCK (rise edge)
                          0.00    0.00   clock network delay (propagated)
                          2.00    2.00 v input external delay
                  0.01    0.00    2.00 v reset (in)
     1    0.00                           reset (net)
                  0.01    0.00    2.00 v input11/A (sky130_fd_sc_hd__clkbuf_1)
                  0.02    0.07    2.07 v input11/X (sky130_fd_sc_hd__clkbuf_1)
     1    0.00                           net11 (net)
                  0.02    0.00    2.07 v _222_/A (sky130_fd_sc_hd__buf_2)
                  0.09    0.18    2.25 v _222_/X (sky130_fd_sc_hd__buf_2)
     9    0.03                           _100_ (net)
                  0.09    0.00    2.25 v _402_/A (sky130_fd_sc_hd__clkbuf_4)
                  0.10    0.23    2.48 v _402_/X (sky130_fd_sc_hd__clkbuf_4)
    10    0.04                           _215_ (net)
                  0.10    0.00    2.48 v _411_/A (sky130_fd_sc_hd__nor2_1)
                  0.10    0.14    2.62 ^ _411_/Y (sky130_fd_sc_hd__nor2_1)
     1    0.00                           _013_ (net)
                  0.10    0.00    2.62 ^ _461_/RESET_B (sky130_fd_sc_hd__dfrtp_4)
                                  2.62   data arrival time

                         10.00   10.00   clock SCK (rise edge)
                          0.00   10.00   clock source latency
                  0.08    0.05   10.05 ^ SCK (in)
     1    0.02                           SCK (net)
                  0.08    0.00   10.05 ^ clkbuf_0_SCK/A (sky130_fd_sc_hd__clkbuf_16)
                  0.06    0.15   10.21 ^ clkbuf_0_SCK/X (sky130_fd_sc_hd__clkbuf_16)
     4    0.04                           clknet_0_SCK (net)
                  0.06    0.00   10.21 ^ clkbuf_2_2__f_SCK/A (sky130_fd_sc_hd__clkbuf_16)
                  0.05    0.14   10.34 ^ clkbuf_2_2__f_SCK/X (sky130_fd_sc_hd__clkbuf_16)
     9    0.03                           clknet_2_2__leaf_SCK (net)
                  0.05    0.00   10.34 ^ _461_/CLK (sky130_fd_sc_hd__dfrtp_4)
                         -0.25   10.09   clock uncertainty
                          0.00   10.09   clock reconvergence pessimism
                          0.20   10.30   library recovery time
                                 10.30   data required time
-----------------------------------------------------------------------------
                                 10.30   data required time
                                 -2.62   data arrival time
-----------------------------------------------------------------------------
                                  7.68   slack (MET)


Startpoint: reset (input port clocked by SCK)
Endpoint: _482_ (recovery check against rising-edge clock SCK)
Path Group: asynchronous
Path Type: max

Fanout     Cap    Slew   Delay    Time   Description
-----------------------------------------------------------------------------
                          0.00    0.00   clock SCK (rise edge)
                          0.00    0.00   clock network delay (propagated)
                          2.00    2.00 v input external delay
                  0.01    0.00    2.00 v reset (in)
     1    0.00                           reset (net)
                  0.01    0.00    2.00 v input11/A (sky130_fd_sc_hd__clkbuf_1)
                  0.02    0.07    2.07 v input11/X (sky130_fd_sc_hd__clkbuf_1)
     1    0.00                           net11 (net)
                  0.02    0.00    2.07 v _222_/A (sky130_fd_sc_hd__buf_2)
                  0.09    0.18    2.25 v _222_/X (sky130_fd_sc_hd__buf_2)
     9    0.03                           _100_ (net)
                  0.09    0.00    2.25 v _426_/A (sky130_fd_sc_hd__clkbuf_4)
                  0.10    0.23    2.48 v _426_/X (sky130_fd_sc_hd__clkbuf_4)
    10    0.04                           _219_ (net)
                  0.10    0.00    2.48 v _436_/A (sky130_fd_sc_hd__nor2_1)
                  0.10    0.14    2.62 ^ _436_/Y (sky130_fd_sc_hd__nor2_1)
     1    0.00                           _034_ (net)
                  0.10    0.00    2.62 ^ _482_/RESET_B (sky130_fd_sc_hd__dfrtp_4)
                                  2.62   data arrival time

                         10.00   10.00   clock SCK (rise edge)
                          0.00   10.00   clock source latency
                  0.08    0.05   10.05 ^ SCK (in)
     1    0.02                           SCK (net)
                  0.08    0.00   10.05 ^ clkbuf_0_SCK/A (sky130_fd_sc_hd__clkbuf_16)
                  0.06    0.15   10.21 ^ clkbuf_0_SCK/X (sky130_fd_sc_hd__clkbuf_16)
     4    0.04                           clknet_0_SCK (net)
                  0.06    0.00   10.21 ^ clkbuf_2_1__f_SCK/A (sky130_fd_sc_hd__clkbuf_16)
                  0.06    0.14   10.35 ^ clkbuf_2_1__f_SCK/X (sky130_fd_sc_hd__clkbuf_16)
    12    0.04                           clknet_2_1__leaf_SCK (net)
                  0.06    0.00   10.35 ^ _482_/CLK (sky130_fd_sc_hd__dfrtp_4)
                         -0.25   10.10   clock uncertainty
                          0.00   10.10   clock reconvergence pessimism
                          0.20   10.30   library recovery time
                                 10.30   data required time
-----------------------------------------------------------------------------
                                 10.30   data required time
                                 -2.62   data arrival time
-----------------------------------------------------------------------------
                                  7.68   slack (MET)


Startpoint: reset (input port clocked by SCK)
Endpoint: _454_ (recovery check against rising-edge clock SCK)
Path Group: asynchronous
Path Type: max

Fanout     Cap    Slew   Delay    Time   Description
-----------------------------------------------------------------------------
                          0.00    0.00   clock SCK (rise edge)
                          0.00    0.00   clock network delay (propagated)
                          2.00    2.00 v input external delay
                  0.01    0.00    2.00 v reset (in)
     1    0.00                           reset (net)
                  0.01    0.00    2.00 v input11/A (sky130_fd_sc_hd__clkbuf_1)
                  0.02    0.07    2.07 v input11/X (sky130_fd_sc_hd__clkbuf_1)
     1    0.00                           net11 (net)
                  0.02    0.00    2.07 v _222_/A (sky130_fd_sc_hd__buf_2)
                  0.09    0.18    2.25 v _222_/X (sky130_fd_sc_hd__buf_2)
     9    0.03                           _100_ (net)
                  0.09    0.00    2.25 v _402_/A (sky130_fd_sc_hd__clkbuf_4)
                  0.10    0.23    2.48 v _402_/X (sky130_fd_sc_hd__clkbuf_4)
    10    0.04                           _215_ (net)
                  0.10    0.00    2.48 v _404_/A (sky130_fd_sc_hd__nor2_1)
                  0.10    0.14    2.62 ^ _404_/Y (sky130_fd_sc_hd__nor2_1)
     1    0.00                           _006_ (net)
                  0.10    0.00    2.62 ^ _454_/RESET_B (sky130_fd_sc_hd__dfrtp_1)
                                  2.62   data arrival time

                         10.00   10.00   clock SCK (rise edge)
                          0.00   10.00   clock source latency
                  0.08    0.05   10.05 ^ SCK (in)
     1    0.02                           SCK (net)
                  0.08    0.00   10.05 ^ clkbuf_0_SCK/A (sky130_fd_sc_hd__clkbuf_16)
                  0.06    0.15   10.21 ^ clkbuf_0_SCK/X (sky130_fd_sc_hd__clkbuf_16)
     4    0.04                           clknet_0_SCK (net)
                  0.06    0.00   10.21 ^ clkbuf_2_3__f_SCK/A (sky130_fd_sc_hd__clkbuf_16)
                  0.04    0.13   10.33 ^ clkbuf_2_3__f_SCK/X (sky130_fd_sc_hd__clkbuf_16)
     6    0.02                           clknet_2_3__leaf_SCK (net)
                  0.04    0.00   10.33 ^ _454_/CLK (sky130_fd_sc_hd__dfrtp_1)
                         -0.25   10.08   clock uncertainty
                          0.00   10.08   clock reconvergence pessimism
                          0.22   10.30   library recovery time
                                 10.30   data required time
-----------------------------------------------------------------------------
                                 10.30   data required time
                                 -2.62   data arrival time
-----------------------------------------------------------------------------
                                  7.68   slack (MET)


Startpoint: reset (input port clocked by SCK)
Endpoint: _462_ (recovery check against rising-edge clock SCK)
Path Group: asynchronous
Path Type: max

Fanout     Cap    Slew   Delay    Time   Description
-----------------------------------------------------------------------------
                          0.00    0.00   clock SCK (rise edge)
                          0.00    0.00   clock network delay (propagated)
                          2.00    2.00 v input external delay
                  0.01    0.00    2.00 v reset (in)
     1    0.00                           reset (net)
                  0.01    0.00    2.00 v input11/A (sky130_fd_sc_hd__clkbuf_1)
                  0.02    0.07    2.07 v input11/X (sky130_fd_sc_hd__clkbuf_1)
     1    0.00                           net11 (net)
                  0.02    0.00    2.07 v _222_/A (sky130_fd_sc_hd__buf_2)
                  0.09    0.18    2.25 v _222_/X (sky130_fd_sc_hd__buf_2)
     9    0.03                           _100_ (net)
                  0.09    0.00    2.25 v _402_/A (sky130_fd_sc_hd__clkbuf_4)
                  0.10    0.23    2.48 v _402_/X (sky130_fd_sc_hd__clkbuf_4)
    10    0.04                           _215_ (net)
                  0.10    0.00    2.48 v _412_/A (sky130_fd_sc_hd__nor2_1)
                  0.10    0.14    2.62 ^ _412_/Y (sky130_fd_sc_hd__nor2_1)
     1    0.00                           _014_ (net)
                  0.10    0.00    2.62 ^ _462_/RESET_B (sky130_fd_sc_hd__dfrtp_2)
                                  2.62   data arrival time

                         10.00   10.00   clock SCK (rise edge)
                          0.00   10.00   clock source latency
                  0.08    0.05   10.05 ^ SCK (in)
     1    0.02                           SCK (net)
                  0.08    0.00   10.05 ^ clkbuf_0_SCK/A (sky130_fd_sc_hd__clkbuf_16)
                  0.06    0.15   10.21 ^ clkbuf_0_SCK/X (sky130_fd_sc_hd__clkbuf_16)
     4    0.04                           clknet_0_SCK (net)
                  0.06    0.00   10.21 ^ clkbuf_2_2__f_SCK/A (sky130_fd_sc_hd__clkbuf_16)
                  0.05    0.14   10.34 ^ clkbuf_2_2__f_SCK/X (sky130_fd_sc_hd__clkbuf_16)
     9    0.03                           clknet_2_2__leaf_SCK (net)
                  0.05    0.00   10.34 ^ _462_/CLK (sky130_fd_sc_hd__dfrtp_2)
                         -0.25   10.09   clock uncertainty
                          0.00   10.09   clock reconvergence pessimism
                          0.21   10.30   library recovery time
                                 10.30   data required time
-----------------------------------------------------------------------------
                                 10.30   data required time
                                 -2.62   data arrival time
-----------------------------------------------------------------------------
                                  7.68   slack (MET)


Startpoint: reset (input port clocked by SCK)
Endpoint: _481_ (recovery check against rising-edge clock SCK)
Path Group: asynchronous
Path Type: max

Fanout     Cap    Slew   Delay    Time   Description
-----------------------------------------------------------------------------
                          0.00    0.00   clock SCK (rise edge)
                          0.00    0.00   clock network delay (propagated)
                          2.00    2.00 v input external delay
                  0.01    0.00    2.00 v reset (in)
     1    0.00                           reset (net)
                  0.01    0.00    2.00 v input11/A (sky130_fd_sc_hd__clkbuf_1)
                  0.02    0.07    2.07 v input11/X (sky130_fd_sc_hd__clkbuf_1)
     1    0.00                           net11 (net)
                  0.02    0.00    2.07 v _222_/A (sky130_fd_sc_hd__buf_2)
                  0.09    0.18    2.25 v _222_/X (sky130_fd_sc_hd__buf_2)
     9    0.03                           _100_ (net)
                  0.09    0.00    2.25 v _426_/A (sky130_fd_sc_hd__clkbuf_4)
                  0.10    0.23    2.48 v _426_/X (sky130_fd_sc_hd__clkbuf_4)
    10    0.04                           _219_ (net)
                  0.10    0.00    2.48 v _435_/A (sky130_fd_sc_hd__nor2_1)
                  0.10    0.14    2.62 ^ _435_/Y (sky130_fd_sc_hd__nor2_1)
     1    0.00                           _033_ (net)
                  0.10    0.00    2.62 ^ _481_/RESET_B (sky130_fd_sc_hd__dfrtp_1)
                                  2.62   data arrival time

                         10.00   10.00   clock SCK (rise edge)
                          0.00   10.00   clock source latency
                  0.08    0.05   10.05 ^ SCK (in)
     1    0.02                           SCK (net)
                  0.08    0.00   10.05 ^ clkbuf_0_SCK/A (sky130_fd_sc_hd__clkbuf_16)
                  0.06    0.15   10.21 ^ clkbuf_0_SCK/X (sky130_fd_sc_hd__clkbuf_16)
     4    0.04                           clknet_0_SCK (net)
                  0.06    0.00   10.21 ^ clkbuf_2_0__f_SCK/A (sky130_fd_sc_hd__clkbuf_16)
                  0.05    0.13   10.34 ^ clkbuf_2_0__f_SCK/X (sky130_fd_sc_hd__clkbuf_16)
     9    0.03                           clknet_2_0__leaf_SCK (net)
                  0.05    0.00   10.34 ^ _481_/CLK (sky130_fd_sc_hd__dfrtp_1)
                         -0.25   10.09   clock uncertainty
                          0.00   10.09   clock reconvergence pessimism
                          0.22   10.31   library recovery time
                                 10.31   data required time
-----------------------------------------------------------------------------
                                 10.31   data required time
                                 -2.62   data arrival time
-----------------------------------------------------------------------------
                                  7.69   slack (MET)


Startpoint: reset (input port clocked by SCK)
Endpoint: _473_ (recovery check against rising-edge clock SCK)
Path Group: asynchronous
Path Type: max

Fanout     Cap    Slew   Delay    Time   Description
-----------------------------------------------------------------------------
                          0.00    0.00   clock SCK (rise edge)
                          0.00    0.00   clock network delay (propagated)
                          2.00    2.00 v input external delay
                  0.01    0.00    2.00 v reset (in)
     1    0.00                           reset (net)
                  0.01    0.00    2.00 v input11/A (sky130_fd_sc_hd__clkbuf_1)
                  0.02    0.07    2.07 v input11/X (sky130_fd_sc_hd__clkbuf_1)
     1    0.00                           net11 (net)
                  0.02    0.00    2.07 v _222_/A (sky130_fd_sc_hd__buf_2)
                  0.09    0.18    2.25 v _222_/X (sky130_fd_sc_hd__buf_2)
     9    0.03                           _100_ (net)
                  0.09    0.00    2.25 v _414_/A (sky130_fd_sc_hd__clkbuf_4)
                  0.09    0.22    2.48 v _414_/X (sky130_fd_sc_hd__clkbuf_4)
    10    0.04                           _217_ (net)
                  0.09    0.00    2.48 v _425_/A (sky130_fd_sc_hd__nor2_1)
                  0.10    0.13    2.61 ^ _425_/Y (sky130_fd_sc_hd__nor2_1)
     1    0.00                           _025_ (net)
                  0.10    0.00    2.61 ^ _473_/RESET_B (sky130_fd_sc_hd__dfrtp_2)
                                  2.61   data arrival time

                         10.00   10.00   clock SCK (rise edge)
                          0.00   10.00   clock source latency
                  0.08    0.05   10.05 ^ SCK (in)
     1    0.02                           SCK (net)
                  0.08    0.00   10.05 ^ clkbuf_0_SCK/A (sky130_fd_sc_hd__clkbuf_16)
                  0.06    0.15   10.21 ^ clkbuf_0_SCK/X (sky130_fd_sc_hd__clkbuf_16)
     4    0.04                           clknet_0_SCK (net)
                  0.06    0.00   10.21 ^ clkbuf_2_0__f_SCK/A (sky130_fd_sc_hd__clkbuf_16)
                  0.05    0.13   10.34 ^ clkbuf_2_0__f_SCK/X (sky130_fd_sc_hd__clkbuf_16)
     9    0.03                           clknet_2_0__leaf_SCK (net)
                  0.05    0.00   10.34 ^ _473_/CLK (sky130_fd_sc_hd__dfrtp_2)
                         -0.25   10.09   clock uncertainty
                          0.00   10.09   clock reconvergence pessimism
                          0.21   10.30   library recovery time
                                 10.30   data required time
-----------------------------------------------------------------------------
                                 10.30   data required time
                                 -2.61   data arrival time
-----------------------------------------------------------------------------
                                  7.69   slack (MET)


Startpoint: reset (input port clocked by SCK)
Endpoint: _468_ (recovery check against rising-edge clock SCK)
Path Group: asynchronous
Path Type: max

Fanout     Cap    Slew   Delay    Time   Description
-----------------------------------------------------------------------------
                          0.00    0.00   clock SCK (rise edge)
                          0.00    0.00   clock network delay (propagated)
                          2.00    2.00 v input external delay
                  0.01    0.00    2.00 v reset (in)
     1    0.00                           reset (net)
                  0.01    0.00    2.00 v input11/A (sky130_fd_sc_hd__clkbuf_1)
                  0.02    0.07    2.07 v input11/X (sky130_fd_sc_hd__clkbuf_1)
     1    0.00                           net11 (net)
                  0.02    0.00    2.07 v _222_/A (sky130_fd_sc_hd__buf_2)
                  0.09    0.18    2.25 v _222_/X (sky130_fd_sc_hd__buf_2)
     9    0.03                           _100_ (net)
                  0.09    0.00    2.25 v _414_/A (sky130_fd_sc_hd__clkbuf_4)
                  0.09    0.22    2.48 v _414_/X (sky130_fd_sc_hd__clkbuf_4)
    10    0.04                           _217_ (net)
                  0.09    0.00    2.48 v _420_/A (sky130_fd_sc_hd__nor2_1)
                  0.10    0.14    2.62 ^ _420_/Y (sky130_fd_sc_hd__nor2_1)
     1    0.00                           _020_ (net)
                  0.10    0.00    2.62 ^ _468_/RESET_B (sky130_fd_sc_hd__dfrtp_4)
                                  2.62   data arrival time

                         10.00   10.00   clock SCK (rise edge)
                          0.00   10.00   clock source latency
                  0.08    0.05   10.05 ^ SCK (in)
     1    0.02                           SCK (net)
                  0.08    0.00   10.05 ^ clkbuf_0_SCK/A (sky130_fd_sc_hd__clkbuf_16)
                  0.06    0.15   10.21 ^ clkbuf_0_SCK/X (sky130_fd_sc_hd__clkbuf_16)
     4    0.04                           clknet_0_SCK (net)
                  0.06    0.00   10.21 ^ clkbuf_2_1__f_SCK/A (sky130_fd_sc_hd__clkbuf_16)
                  0.06    0.14   10.35 ^ clkbuf_2_1__f_SCK/X (sky130_fd_sc_hd__clkbuf_16)
    12    0.04                           clknet_2_1__leaf_SCK (net)
                  0.06    0.00   10.35 ^ _468_/CLK (sky130_fd_sc_hd__dfrtp_4)
                         -0.25   10.10   clock uncertainty
                          0.00   10.10   clock reconvergence pessimism
                          0.20   10.30   library recovery time
                                 10.30   data required time
-----------------------------------------------------------------------------
                                 10.30   data required time
                                 -2.62   data arrival time
-----------------------------------------------------------------------------
                                  7.69   slack (MET)


Startpoint: reset (input port clocked by SCK)
Endpoint: _474_ (recovery check against rising-edge clock SCK)
Path Group: asynchronous
Path Type: max

Fanout     Cap    Slew   Delay    Time   Description
-----------------------------------------------------------------------------
                          0.00    0.00   clock SCK (rise edge)
                          0.00    0.00   clock network delay (propagated)
                          2.00    2.00 v input external delay
                  0.01    0.00    2.00 v reset (in)
     1    0.00                           reset (net)
                  0.01    0.00    2.00 v input11/A (sky130_fd_sc_hd__clkbuf_1)
                  0.02    0.07    2.07 v input11/X (sky130_fd_sc_hd__clkbuf_1)
     1    0.00                           net11 (net)
                  0.02    0.00    2.07 v _222_/A (sky130_fd_sc_hd__buf_2)
                  0.09    0.18    2.25 v _222_/X (sky130_fd_sc_hd__buf_2)
     9    0.03                           _100_ (net)
                  0.09    0.00    2.25 v _426_/A (sky130_fd_sc_hd__clkbuf_4)
                  0.10    0.23    2.48 v _426_/X (sky130_fd_sc_hd__clkbuf_4)
    10    0.04                           _219_ (net)
                  0.10    0.00    2.48 v _428_/A (sky130_fd_sc_hd__nor2_1)
                  0.10    0.14    2.62 ^ _428_/Y (sky130_fd_sc_hd__nor2_1)
     1    0.00                           _026_ (net)
                  0.10    0.00    2.62 ^ _474_/RESET_B (sky130_fd_sc_hd__dfrtp_1)
                                  2.62   data arrival time

                         10.00   10.00   clock SCK (rise edge)
                          0.00   10.00   clock source latency
                  0.08    0.05   10.05 ^ SCK (in)
     1    0.02                           SCK (net)
                  0.08    0.00   10.05 ^ clkbuf_0_SCK/A (sky130_fd_sc_hd__clkbuf_16)
                  0.06    0.15   10.21 ^ clkbuf_0_SCK/X (sky130_fd_sc_hd__clkbuf_16)
     4    0.04                           clknet_0_SCK (net)
                  0.06    0.00   10.21 ^ clkbuf_2_0__f_SCK/A (sky130_fd_sc_hd__clkbuf_16)
                  0.05    0.13   10.34 ^ clkbuf_2_0__f_SCK/X (sky130_fd_sc_hd__clkbuf_16)
     9    0.03                           clknet_2_0__leaf_SCK (net)
                  0.05    0.00   10.34 ^ _474_/CLK (sky130_fd_sc_hd__dfrtp_1)
                         -0.25   10.09   clock uncertainty
                          0.00   10.09   clock reconvergence pessimism
                          0.22   10.31   library recovery time
                                 10.31   data required time
-----------------------------------------------------------------------------
                                 10.31   data required time
                                 -2.62   data arrival time
-----------------------------------------------------------------------------
                                  7.69   slack (MET)


Startpoint: reset (input port clocked by SCK)
Endpoint: _464_ (recovery check against rising-edge clock SCK)
Path Group: asynchronous
Path Type: max

Fanout     Cap    Slew   Delay    Time   Description
-----------------------------------------------------------------------------
                          0.00    0.00   clock SCK (rise edge)
                          0.00    0.00   clock network delay (propagated)
                          2.00    2.00 v input external delay
                  0.01    0.00    2.00 v reset (in)
     1    0.00                           reset (net)
                  0.01    0.00    2.00 v input11/A (sky130_fd_sc_hd__clkbuf_1)
                  0.02    0.07    2.07 v input11/X (sky130_fd_sc_hd__clkbuf_1)
     1    0.00                           net11 (net)
                  0.02    0.00    2.07 v _222_/A (sky130_fd_sc_hd__buf_2)
                  0.09    0.18    2.25 v _222_/X (sky130_fd_sc_hd__buf_2)
     9    0.03                           _100_ (net)
                  0.09    0.00    2.25 v _414_/A (sky130_fd_sc_hd__clkbuf_4)
                  0.09    0.22    2.48 v _414_/X (sky130_fd_sc_hd__clkbuf_4)
    10    0.04                           _217_ (net)
                  0.09    0.00    2.48 v _416_/A (sky130_fd_sc_hd__nor2_1)
                  0.10    0.13    2.61 ^ _416_/Y (sky130_fd_sc_hd__nor2_1)
     1    0.00                           _016_ (net)
                  0.10    0.00    2.61 ^ _464_/RESET_B (sky130_fd_sc_hd__dfrtp_2)
                                  2.61   data arrival time

                         10.00   10.00   clock SCK (rise edge)
                          0.00   10.00   clock source latency
                  0.08    0.05   10.05 ^ SCK (in)
     1    0.02                           SCK (net)
                  0.08    0.00   10.05 ^ clkbuf_0_SCK/A (sky130_fd_sc_hd__clkbuf_16)
                  0.06    0.15   10.21 ^ clkbuf_0_SCK/X (sky130_fd_sc_hd__clkbuf_16)
     4    0.04                           clknet_0_SCK (net)
                  0.06    0.00   10.21 ^ clkbuf_2_0__f_SCK/A (sky130_fd_sc_hd__clkbuf_16)
                  0.05    0.13   10.34 ^ clkbuf_2_0__f_SCK/X (sky130_fd_sc_hd__clkbuf_16)
     9    0.03                           clknet_2_0__leaf_SCK (net)
                  0.05    0.00   10.34 ^ _464_/CLK (sky130_fd_sc_hd__dfrtp_2)
                         -0.25   10.09   clock uncertainty
                          0.00   10.09   clock reconvergence pessimism
                          0.21   10.30   library recovery time
                                 10.30   data required time
-----------------------------------------------------------------------------
                                 10.30   data required time
                                 -2.61   data arrival time
-----------------------------------------------------------------------------
                                  7.69   slack (MET)


Startpoint: reset (input port clocked by SCK)
Endpoint: _480_ (recovery check against rising-edge clock SCK)
Path Group: asynchronous
Path Type: max

Fanout     Cap    Slew   Delay    Time   Description
-----------------------------------------------------------------------------
                          0.00    0.00   clock SCK (rise edge)
                          0.00    0.00   clock network delay (propagated)
                          2.00    2.00 v input external delay
                  0.01    0.00    2.00 v reset (in)
     1    0.00                           reset (net)
                  0.01    0.00    2.00 v input11/A (sky130_fd_sc_hd__clkbuf_1)
                  0.02    0.07    2.07 v input11/X (sky130_fd_sc_hd__clkbuf_1)
     1    0.00                           net11 (net)
                  0.02    0.00    2.07 v _222_/A (sky130_fd_sc_hd__buf_2)
                  0.09    0.18    2.25 v _222_/X (sky130_fd_sc_hd__buf_2)
     9    0.03                           _100_ (net)
                  0.09    0.00    2.25 v _426_/A (sky130_fd_sc_hd__clkbuf_4)
                  0.10    0.23    2.48 v _426_/X (sky130_fd_sc_hd__clkbuf_4)
    10    0.04                           _219_ (net)
                  0.10    0.00    2.48 v _434_/A (sky130_fd_sc_hd__nor2_1)
                  0.10    0.14    2.62 ^ _434_/Y (sky130_fd_sc_hd__nor2_1)
     1    0.00                           _032_ (net)
                  0.10    0.00    2.62 ^ _480_/RESET_B (sky130_fd_sc_hd__dfrtp_1)
                                  2.62   data arrival time

                         10.00   10.00   clock SCK (rise edge)
                          0.00   10.00   clock source latency
                  0.08    0.05   10.05 ^ SCK (in)
     1    0.02                           SCK (net)
                  0.08    0.00   10.05 ^ clkbuf_0_SCK/A (sky130_fd_sc_hd__clkbuf_16)
                  0.06    0.15   10.21 ^ clkbuf_0_SCK/X (sky130_fd_sc_hd__clkbuf_16)
     4    0.04                           clknet_0_SCK (net)
                  0.06    0.00   10.21 ^ clkbuf_2_0__f_SCK/A (sky130_fd_sc_hd__clkbuf_16)
                  0.05    0.13   10.34 ^ clkbuf_2_0__f_SCK/X (sky130_fd_sc_hd__clkbuf_16)
     9    0.03                           clknet_2_0__leaf_SCK (net)
                  0.05    0.00   10.34 ^ _480_/CLK (sky130_fd_sc_hd__dfrtp_1)
                         -0.25   10.09   clock uncertainty
                          0.00   10.09   clock reconvergence pessimism
                          0.22   10.31   library recovery time
                                 10.31   data required time
-----------------------------------------------------------------------------
                                 10.31   data required time
                                 -2.62   data arrival time
-----------------------------------------------------------------------------
                                  7.69   slack (MET)


Startpoint: reset (input port clocked by SCK)
Endpoint: _458_ (recovery check against rising-edge clock SCK)
Path Group: asynchronous
Path Type: max

Fanout     Cap    Slew   Delay    Time   Description
-----------------------------------------------------------------------------
                          0.00    0.00   clock SCK (rise edge)
                          0.00    0.00   clock network delay (propagated)
                          2.00    2.00 v input external delay
                  0.01    0.00    2.00 v reset (in)
     1    0.00                           reset (net)
                  0.01    0.00    2.00 v input11/A (sky130_fd_sc_hd__clkbuf_1)
                  0.02    0.07    2.07 v input11/X (sky130_fd_sc_hd__clkbuf_1)
     1    0.00                           net11 (net)
                  0.02    0.00    2.07 v _222_/A (sky130_fd_sc_hd__buf_2)
                  0.09    0.18    2.25 v _222_/X (sky130_fd_sc_hd__buf_2)
     9    0.03                           _100_ (net)
                  0.09    0.00    2.25 v _402_/A (sky130_fd_sc_hd__clkbuf_4)
                  0.10    0.23    2.48 v _402_/X (sky130_fd_sc_hd__clkbuf_4)
    10    0.04                           _215_ (net)
                  0.10    0.00    2.48 v _408_/A (sky130_fd_sc_hd__nor2_1)
                  0.10    0.14    2.62 ^ _408_/Y (sky130_fd_sc_hd__nor2_1)
     1    0.00                           _010_ (net)
                  0.10    0.00    2.62 ^ _458_/RESET_B (sky130_fd_sc_hd__dfrtp_1)
                                  2.62   data arrival time

                         10.00   10.00   clock SCK (rise edge)
                          0.00   10.00   clock source latency
                  0.08    0.05   10.05 ^ SCK (in)
     1    0.02                           SCK (net)
                  0.08    0.00   10.05 ^ clkbuf_0_SCK/A (sky130_fd_sc_hd__clkbuf_16)
                  0.06    0.15   10.21 ^ clkbuf_0_SCK/X (sky130_fd_sc_hd__clkbuf_16)
     4    0.04                           clknet_0_SCK (net)
                  0.06    0.00   10.21 ^ clkbuf_2_2__f_SCK/A (sky130_fd_sc_hd__clkbuf_16)
                  0.05    0.14   10.34 ^ clkbuf_2_2__f_SCK/X (sky130_fd_sc_hd__clkbuf_16)
     9    0.03                           clknet_2_2__leaf_SCK (net)
                  0.05    0.00   10.34 ^ _458_/CLK (sky130_fd_sc_hd__dfrtp_1)
                         -0.25   10.09   clock uncertainty
                          0.00   10.09   clock reconvergence pessimism
                          0.22   10.31   library recovery time
                                 10.31   data required time
-----------------------------------------------------------------------------
                                 10.31   data required time
                                 -2.62   data arrival time
-----------------------------------------------------------------------------
                                  7.69   slack (MET)


Startpoint: CSB (input port clocked by SCK)
Endpoint: _475_ (recovery check against rising-edge clock SCK)
Path Group: asynchronous
Path Type: max

Fanout     Cap    Slew   Delay    Time   Description
-----------------------------------------------------------------------------
                          0.00    0.00   clock SCK (rise edge)
                          0.00    0.00   clock network delay (propagated)
                          2.00    2.00 v input external delay
                  0.01    0.00    2.00 v CSB (in)
     1    0.00                           CSB (net)
                  0.01    0.00    2.00 v input1/A (sky130_fd_sc_hd__clkbuf_1)
                  0.02    0.07    2.08 v input1/X (sky130_fd_sc_hd__clkbuf_1)
     1    0.00                           net1 (net)
                  0.02    0.00    2.08 v _224_/A (sky130_fd_sc_hd__buf_2)
                  0.09    0.18    2.26 v _224_/X (sky130_fd_sc_hd__buf_2)
     9    0.04                           _102_ (net)
                  0.09    0.00    2.26 v _427_/A (sky130_fd_sc_hd__clkbuf_4)
                  0.10    0.23    2.49 v _427_/X (sky130_fd_sc_hd__clkbuf_4)
    10    0.05                           _220_ (net)
                  0.10    0.00    2.50 v _429_/B (sky130_fd_sc_hd__nor2_1)
                  0.10    0.13    2.62 ^ _429_/Y (sky130_fd_sc_hd__nor2_1)
     1    0.00                           _027_ (net)
                  0.10    0.00    2.62 ^ _475_/RESET_B (sky130_fd_sc_hd__dfrtp_1)
                                  2.62   data arrival time

                         10.00   10.00   clock SCK (rise edge)
                          0.00   10.00   clock source latency
                  0.08    0.05   10.05 ^ SCK (in)
     1    0.02                           SCK (net)
                  0.08    0.00   10.05 ^ clkbuf_0_SCK/A (sky130_fd_sc_hd__clkbuf_16)
                  0.06    0.15   10.21 ^ clkbuf_0_SCK/X (sky130_fd_sc_hd__clkbuf_16)
     4    0.04                           clknet_0_SCK (net)
                  0.06    0.00   10.21 ^ clkbuf_2_1__f_SCK/A (sky130_fd_sc_hd__clkbuf_16)
                  0.06    0.14   10.35 ^ clkbuf_2_1__f_SCK/X (sky130_fd_sc_hd__clkbuf_16)
    12    0.04                           clknet_2_1__leaf_SCK (net)
                  0.06    0.00   10.35 ^ _475_/CLK (sky130_fd_sc_hd__dfrtp_1)
                         -0.25   10.10   clock uncertainty
                          0.00   10.10   clock reconvergence pessimism
                          0.22   10.32   library recovery time
                                 10.32   data required time
-----------------------------------------------------------------------------
                                 10.32   data required time
                                 -2.62   data arrival time
-----------------------------------------------------------------------------
                                  7.70   slack (MET)


Startpoint: reset (input port clocked by SCK)
Endpoint: _465_ (recovery check against rising-edge clock SCK)
Path Group: asynchronous
Path Type: max

Fanout     Cap    Slew   Delay    Time   Description
-----------------------------------------------------------------------------
                          0.00    0.00   clock SCK (rise edge)
                          0.00    0.00   clock network delay (propagated)
                          2.00    2.00 v input external delay
                  0.01    0.00    2.00 v reset (in)
     1    0.00                           reset (net)
                  0.01    0.00    2.00 v input11/A (sky130_fd_sc_hd__clkbuf_1)
                  0.02    0.07    2.07 v input11/X (sky130_fd_sc_hd__clkbuf_1)
     1    0.00                           net11 (net)
                  0.02    0.00    2.07 v _222_/A (sky130_fd_sc_hd__buf_2)
                  0.09    0.18    2.25 v _222_/X (sky130_fd_sc_hd__buf_2)
     9    0.03                           _100_ (net)
                  0.09    0.00    2.25 v _414_/A (sky130_fd_sc_hd__clkbuf_4)
                  0.09    0.22    2.48 v _414_/X (sky130_fd_sc_hd__clkbuf_4)
    10    0.04                           _217_ (net)
                  0.09    0.00    2.48 v _417_/A (sky130_fd_sc_hd__nor2_1)
                  0.10    0.14    2.61 ^ _417_/Y (sky130_fd_sc_hd__nor2_1)
     1    0.00                           _017_ (net)
                  0.10    0.00    2.61 ^ _465_/RESET_B (sky130_fd_sc_hd__dfrtp_1)
                                  2.61   data arrival time

                         10.00   10.00   clock SCK (rise edge)
                          0.00   10.00   clock source latency
                  0.08    0.05   10.05 ^ SCK (in)
     1    0.02                           SCK (net)
                  0.08    0.00   10.05 ^ clkbuf_0_SCK/A (sky130_fd_sc_hd__clkbuf_16)
                  0.06    0.15   10.21 ^ clkbuf_0_SCK/X (sky130_fd_sc_hd__clkbuf_16)
     4    0.04                           clknet_0_SCK (net)
                  0.06    0.00   10.21 ^ clkbuf_2_0__f_SCK/A (sky130_fd_sc_hd__clkbuf_16)
                  0.05    0.13   10.34 ^ clkbuf_2_0__f_SCK/X (sky130_fd_sc_hd__clkbuf_16)
     9    0.03                           clknet_2_0__leaf_SCK (net)
                  0.05    0.00   10.34 ^ _465_/CLK (sky130_fd_sc_hd__dfrtp_1)
                         -0.25   10.09   clock uncertainty
                          0.00   10.09   clock reconvergence pessimism
                          0.22   10.31   library recovery time
                                 10.31   data required time
-----------------------------------------------------------------------------
                                 10.31   data required time
                                 -2.61   data arrival time
-----------------------------------------------------------------------------
                                  7.70   slack (MET)


Startpoint: reset (input port clocked by SCK)
Endpoint: _469_ (recovery check against rising-edge clock SCK)
Path Group: asynchronous
Path Type: max

Fanout     Cap    Slew   Delay    Time   Description
-----------------------------------------------------------------------------
                          0.00    0.00   clock SCK (rise edge)
                          0.00    0.00   clock network delay (propagated)
                          2.00    2.00 v input external delay
                  0.01    0.00    2.00 v reset (in)
     1    0.00                           reset (net)
                  0.01    0.00    2.00 v input11/A (sky130_fd_sc_hd__clkbuf_1)
                  0.02    0.07    2.07 v input11/X (sky130_fd_sc_hd__clkbuf_1)
     1    0.00                           net11 (net)
                  0.02    0.00    2.07 v _222_/A (sky130_fd_sc_hd__buf_2)
                  0.09    0.18    2.25 v _222_/X (sky130_fd_sc_hd__buf_2)
     9    0.03                           _100_ (net)
                  0.09    0.00    2.25 v _414_/A (sky130_fd_sc_hd__clkbuf_4)
                  0.09    0.22    2.48 v _414_/X (sky130_fd_sc_hd__clkbuf_4)
    10    0.04                           _217_ (net)
                  0.09    0.00    2.48 v _421_/A (sky130_fd_sc_hd__nor2_1)
                  0.09    0.13    2.61 ^ _421_/Y (sky130_fd_sc_hd__nor2_1)
     1    0.00                           _021_ (net)
                  0.09    0.00    2.61 ^ _469_/RESET_B (sky130_fd_sc_hd__dfrtp_4)
                                  2.61   data arrival time

                         10.00   10.00   clock SCK (rise edge)
                          0.00   10.00   clock source latency
                  0.08    0.05   10.05 ^ SCK (in)
     1    0.02                           SCK (net)
                  0.08    0.00   10.05 ^ clkbuf_0_SCK/A (sky130_fd_sc_hd__clkbuf_16)
                  0.06    0.15   10.21 ^ clkbuf_0_SCK/X (sky130_fd_sc_hd__clkbuf_16)
     4    0.04                           clknet_0_SCK (net)
                  0.06    0.00   10.21 ^ clkbuf_2_1__f_SCK/A (sky130_fd_sc_hd__clkbuf_16)
                  0.06    0.14   10.35 ^ clkbuf_2_1__f_SCK/X (sky130_fd_sc_hd__clkbuf_16)
    12    0.04                           clknet_2_1__leaf_SCK (net)
                  0.06    0.00   10.35 ^ _469_/CLK (sky130_fd_sc_hd__dfrtp_4)
                         -0.25   10.10   clock uncertainty
                          0.00   10.10   clock reconvergence pessimism
                          0.21   10.31   library recovery time
                                 10.31   data required time
-----------------------------------------------------------------------------
                                 10.31   data required time
                                 -2.61   data arrival time
-----------------------------------------------------------------------------
                                  7.70   slack (MET)


Startpoint: CSB (input port clocked by SCK)
Endpoint: _477_ (recovery check against rising-edge clock SCK)
Path Group: asynchronous
Path Type: max

Fanout     Cap    Slew   Delay    Time   Description
-----------------------------------------------------------------------------
                          0.00    0.00   clock SCK (rise edge)
                          0.00    0.00   clock network delay (propagated)
                          2.00    2.00 v input external delay
                  0.01    0.00    2.00 v CSB (in)
     1    0.00                           CSB (net)
                  0.01    0.00    2.00 v input1/A (sky130_fd_sc_hd__clkbuf_1)
                  0.02    0.07    2.08 v input1/X (sky130_fd_sc_hd__clkbuf_1)
     1    0.00                           net1 (net)
                  0.02    0.00    2.08 v _224_/A (sky130_fd_sc_hd__buf_2)
                  0.09    0.18    2.26 v _224_/X (sky130_fd_sc_hd__buf_2)
     9    0.04                           _102_ (net)
                  0.09    0.00    2.26 v _427_/A (sky130_fd_sc_hd__clkbuf_4)
                  0.10    0.23    2.49 v _427_/X (sky130_fd_sc_hd__clkbuf_4)
    10    0.05                           _220_ (net)
                  0.10    0.00    2.50 v _431_/B (sky130_fd_sc_hd__nor2_1)
                  0.10    0.13    2.62 ^ _431_/Y (sky130_fd_sc_hd__nor2_1)
     1    0.00                           _029_ (net)
                  0.10    0.00    2.62 ^ _477_/RESET_B (sky130_fd_sc_hd__dfrtp_1)
                                  2.62   data arrival time

                         10.00   10.00   clock SCK (rise edge)
                          0.00   10.00   clock source latency
                  0.08    0.05   10.05 ^ SCK (in)
     1    0.02                           SCK (net)
                  0.08    0.00   10.05 ^ clkbuf_0_SCK/A (sky130_fd_sc_hd__clkbuf_16)
                  0.06    0.15   10.21 ^ clkbuf_0_SCK/X (sky130_fd_sc_hd__clkbuf_16)
     4    0.04                           clknet_0_SCK (net)
                  0.06    0.00   10.21 ^ clkbuf_2_1__f_SCK/A (sky130_fd_sc_hd__clkbuf_16)
                  0.06    0.14   10.35 ^ clkbuf_2_1__f_SCK/X (sky130_fd_sc_hd__clkbuf_16)
    12    0.04                           clknet_2_1__leaf_SCK (net)
                  0.06    0.00   10.35 ^ _477_/CLK (sky130_fd_sc_hd__dfrtp_1)
                         -0.25   10.10   clock uncertainty
                          0.00   10.10   clock reconvergence pessimism
                          0.22   10.32   library recovery time
                                 10.32   data required time
-----------------------------------------------------------------------------
                                 10.32   data required time
                                 -2.62   data arrival time
-----------------------------------------------------------------------------
                                  7.70   slack (MET)


Startpoint: CSB (input port clocked by SCK)
Endpoint: _478_ (recovery check against rising-edge clock SCK)
Path Group: asynchronous
Path Type: max

Fanout     Cap    Slew   Delay    Time   Description
-----------------------------------------------------------------------------
                          0.00    0.00   clock SCK (rise edge)
                          0.00    0.00   clock network delay (propagated)
                          2.00    2.00 v input external delay
                  0.01    0.00    2.00 v CSB (in)
     1    0.00                           CSB (net)
                  0.01    0.00    2.00 v input1/A (sky130_fd_sc_hd__clkbuf_1)
                  0.02    0.07    2.08 v input1/X (sky130_fd_sc_hd__clkbuf_1)
     1    0.00                           net1 (net)
                  0.02    0.00    2.08 v _224_/A (sky130_fd_sc_hd__buf_2)
                  0.09    0.18    2.26 v _224_/X (sky130_fd_sc_hd__buf_2)
     9    0.04                           _102_ (net)
                  0.09    0.00    2.26 v _427_/A (sky130_fd_sc_hd__clkbuf_4)
                  0.10    0.23    2.49 v _427_/X (sky130_fd_sc_hd__clkbuf_4)
    10    0.05                           _220_ (net)
                  0.10    0.00    2.50 v _432_/B (sky130_fd_sc_hd__nor2_1)
                  0.10    0.13    2.62 ^ _432_/Y (sky130_fd_sc_hd__nor2_1)
     1    0.00                           _030_ (net)
                  0.10    0.00    2.62 ^ _478_/RESET_B (sky130_fd_sc_hd__dfrtp_1)
                                  2.62   data arrival time

                         10.00   10.00   clock SCK (rise edge)
                          0.00   10.00   clock source latency
                  0.08    0.05   10.05 ^ SCK (in)
     1    0.02                           SCK (net)
                  0.08    0.00   10.05 ^ clkbuf_0_SCK/A (sky130_fd_sc_hd__clkbuf_16)
                  0.06    0.15   10.21 ^ clkbuf_0_SCK/X (sky130_fd_sc_hd__clkbuf_16)
     4    0.04                           clknet_0_SCK (net)
                  0.06    0.00   10.21 ^ clkbuf_2_1__f_SCK/A (sky130_fd_sc_hd__clkbuf_16)
                  0.06    0.14   10.35 ^ clkbuf_2_1__f_SCK/X (sky130_fd_sc_hd__clkbuf_16)
    12    0.04                           clknet_2_1__leaf_SCK (net)
                  0.06    0.00   10.35 ^ _478_/CLK (sky130_fd_sc_hd__dfrtp_1)
                         -0.25   10.10   clock uncertainty
                          0.00   10.10   clock reconvergence pessimism
                          0.22   10.32   library recovery time
                                 10.32   data required time
-----------------------------------------------------------------------------
                                 10.32   data required time
                                 -2.62   data arrival time
-----------------------------------------------------------------------------
                                  7.70   slack (MET)


Startpoint: reset (input port clocked by SCK)
Endpoint: _472_ (recovery check against rising-edge clock SCK)
Path Group: asynchronous
Path Type: max

Fanout     Cap    Slew   Delay    Time   Description
-----------------------------------------------------------------------------
                          0.00    0.00   clock SCK (rise edge)
                          0.00    0.00   clock network delay (propagated)
                          2.00    2.00 v input external delay
                  0.01    0.00    2.00 v reset (in)
     1    0.00                           reset (net)
                  0.01    0.00    2.00 v input11/A (sky130_fd_sc_hd__clkbuf_1)
                  0.02    0.07    2.07 v input11/X (sky130_fd_sc_hd__clkbuf_1)
     1    0.00                           net11 (net)
                  0.02    0.00    2.07 v _222_/A (sky130_fd_sc_hd__buf_2)
                  0.09    0.18    2.25 v _222_/X (sky130_fd_sc_hd__buf_2)
     9    0.03                           _100_ (net)
                  0.09    0.00    2.25 v _414_/A (sky130_fd_sc_hd__clkbuf_4)
                  0.09    0.22    2.48 v _414_/X (sky130_fd_sc_hd__clkbuf_4)
    10    0.04                           _217_ (net)
                  0.09    0.00    2.48 v _424_/A (sky130_fd_sc_hd__nor2_1)
                  0.10    0.13    2.61 ^ _424_/Y (sky130_fd_sc_hd__nor2_1)
     1    0.00                           _024_ (net)
                  0.10    0.00    2.61 ^ _472_/RESET_B (sky130_fd_sc_hd__dfrtp_1)
                                  2.61   data arrival time

                         10.00   10.00   clock SCK (rise edge)
                          0.00   10.00   clock source latency
                  0.08    0.05   10.05 ^ SCK (in)
     1    0.02                           SCK (net)
                  0.08    0.00   10.05 ^ clkbuf_0_SCK/A (sky130_fd_sc_hd__clkbuf_16)
                  0.06    0.15   10.21 ^ clkbuf_0_SCK/X (sky130_fd_sc_hd__clkbuf_16)
     4    0.04                           clknet_0_SCK (net)
                  0.06    0.00   10.21 ^ clkbuf_2_0__f_SCK/A (sky130_fd_sc_hd__clkbuf_16)
                  0.05    0.13   10.34 ^ clkbuf_2_0__f_SCK/X (sky130_fd_sc_hd__clkbuf_16)
     9    0.03                           clknet_2_0__leaf_SCK (net)
                  0.05    0.00   10.34 ^ _472_/CLK (sky130_fd_sc_hd__dfrtp_1)
                         -0.25   10.09   clock uncertainty
                          0.00   10.09   clock reconvergence pessimism
                          0.22   10.31   library recovery time
                                 10.31   data required time
-----------------------------------------------------------------------------
                                 10.31   data required time
                                 -2.61   data arrival time
-----------------------------------------------------------------------------
                                  7.70   slack (MET)


Startpoint: CSB (input port clocked by SCK)
Endpoint: _476_ (recovery check against rising-edge clock SCK)
Path Group: asynchronous
Path Type: max

Fanout     Cap    Slew   Delay    Time   Description
-----------------------------------------------------------------------------
                          0.00    0.00   clock SCK (rise edge)
                          0.00    0.00   clock network delay (propagated)
                          2.00    2.00 v input external delay
                  0.01    0.00    2.00 v CSB (in)
     1    0.00                           CSB (net)
                  0.01    0.00    2.00 v input1/A (sky130_fd_sc_hd__clkbuf_1)
                  0.02    0.07    2.08 v input1/X (sky130_fd_sc_hd__clkbuf_1)
     1    0.00                           net1 (net)
                  0.02    0.00    2.08 v _224_/A (sky130_fd_sc_hd__buf_2)
                  0.09    0.18    2.26 v _224_/X (sky130_fd_sc_hd__buf_2)
     9    0.04                           _102_ (net)
                  0.09    0.00    2.26 v _427_/A (sky130_fd_sc_hd__clkbuf_4)
                  0.10    0.23    2.49 v _427_/X (sky130_fd_sc_hd__clkbuf_4)
    10    0.05                           _220_ (net)
                  0.10    0.00    2.50 v _430_/B (sky130_fd_sc_hd__nor2_1)
                  0.10    0.12    2.62 ^ _430_/Y (sky130_fd_sc_hd__nor2_1)
     1    0.00                           _028_ (net)
                  0.10    0.00    2.62 ^ _476_/RESET_B (sky130_fd_sc_hd__dfrtp_1)
                                  2.62   data arrival time

                         10.00   10.00   clock SCK (rise edge)
                          0.00   10.00   clock source latency
                  0.08    0.05   10.05 ^ SCK (in)
     1    0.02                           SCK (net)
                  0.08    0.00   10.05 ^ clkbuf_0_SCK/A (sky130_fd_sc_hd__clkbuf_16)
                  0.06    0.15   10.21 ^ clkbuf_0_SCK/X (sky130_fd_sc_hd__clkbuf_16)
     4    0.04                           clknet_0_SCK (net)
                  0.06    0.00   10.21 ^ clkbuf_2_1__f_SCK/A (sky130_fd_sc_hd__clkbuf_16)
                  0.06    0.14   10.35 ^ clkbuf_2_1__f_SCK/X (sky130_fd_sc_hd__clkbuf_16)
    12    0.04                           clknet_2_1__leaf_SCK (net)
                  0.06    0.00   10.35 ^ _476_/CLK (sky130_fd_sc_hd__dfrtp_1)
                         -0.25   10.10   clock uncertainty
                          0.00   10.10   clock reconvergence pessimism
                          0.22   10.32   library recovery time
                                 10.32   data required time
-----------------------------------------------------------------------------
                                 10.32   data required time
                                 -2.62   data arrival time
-----------------------------------------------------------------------------
                                  7.70   slack (MET)


Startpoint: reset (input port clocked by SCK)
Endpoint: _466_ (recovery check against rising-edge clock SCK)
Path Group: asynchronous
Path Type: max

Fanout     Cap    Slew   Delay    Time   Description
-----------------------------------------------------------------------------
                          0.00    0.00   clock SCK (rise edge)
                          0.00    0.00   clock network delay (propagated)
                          2.00    2.00 v input external delay
                  0.01    0.00    2.00 v reset (in)
     1    0.00                           reset (net)
                  0.01    0.00    2.00 v input11/A (sky130_fd_sc_hd__clkbuf_1)
                  0.02    0.07    2.07 v input11/X (sky130_fd_sc_hd__clkbuf_1)
     1    0.00                           net11 (net)
                  0.02    0.00    2.07 v _222_/A (sky130_fd_sc_hd__buf_2)
                  0.09    0.18    2.25 v _222_/X (sky130_fd_sc_hd__buf_2)
     9    0.03                           _100_ (net)
                  0.09    0.00    2.25 v _414_/A (sky130_fd_sc_hd__clkbuf_4)
                  0.09    0.22    2.48 v _414_/X (sky130_fd_sc_hd__clkbuf_4)
    10    0.04                           _217_ (net)
                  0.09    0.00    2.48 v _418_/A (sky130_fd_sc_hd__nor2_1)
                  0.10    0.13    2.61 ^ _418_/Y (sky130_fd_sc_hd__nor2_1)
     1    0.00                           _018_ (net)
                  0.10    0.00    2.61 ^ _466_/RESET_B (sky130_fd_sc_hd__dfrtp_1)
                                  2.61   data arrival time

                         10.00   10.00   clock SCK (rise edge)
                          0.00   10.00   clock source latency
                  0.08    0.05   10.05 ^ SCK (in)
     1    0.02                           SCK (net)
                  0.08    0.00   10.05 ^ clkbuf_0_SCK/A (sky130_fd_sc_hd__clkbuf_16)
                  0.06    0.15   10.21 ^ clkbuf_0_SCK/X (sky130_fd_sc_hd__clkbuf_16)
     4    0.04                           clknet_0_SCK (net)
                  0.06    0.00   10.21 ^ clkbuf_2_0__f_SCK/A (sky130_fd_sc_hd__clkbuf_16)
                  0.05    0.13   10.34 ^ clkbuf_2_0__f_SCK/X (sky130_fd_sc_hd__clkbuf_16)
     9    0.03                           clknet_2_0__leaf_SCK (net)
                  0.05    0.00   10.34 ^ _466_/CLK (sky130_fd_sc_hd__dfrtp_1)
                         -0.25   10.09   clock uncertainty
                          0.00   10.09   clock reconvergence pessimism
                          0.22   10.31   library recovery time
                                 10.31   data required time
-----------------------------------------------------------------------------
                                 10.31   data required time
                                 -2.61   data arrival time
-----------------------------------------------------------------------------
                                  7.70   slack (MET)


Startpoint: CSB (input port clocked by SCK)
Endpoint: _479_ (recovery check against rising-edge clock SCK)
Path Group: asynchronous
Path Type: max

Fanout     Cap    Slew   Delay    Time   Description
-----------------------------------------------------------------------------
                          0.00    0.00   clock SCK (rise edge)
                          0.00    0.00   clock network delay (propagated)
                          2.00    2.00 v input external delay
                  0.01    0.00    2.00 v CSB (in)
     1    0.00                           CSB (net)
                  0.01    0.00    2.00 v input1/A (sky130_fd_sc_hd__clkbuf_1)
                  0.02    0.07    2.08 v input1/X (sky130_fd_sc_hd__clkbuf_1)
     1    0.00                           net1 (net)
                  0.02    0.00    2.08 v _224_/A (sky130_fd_sc_hd__buf_2)
                  0.09    0.18    2.26 v _224_/X (sky130_fd_sc_hd__buf_2)
     9    0.04                           _102_ (net)
                  0.09    0.00    2.26 v _427_/A (sky130_fd_sc_hd__clkbuf_4)
                  0.10    0.23    2.49 v _427_/X (sky130_fd_sc_hd__clkbuf_4)
    10    0.05                           _220_ (net)
                  0.10    0.00    2.50 v _433_/B (sky130_fd_sc_hd__nor2_1)
                  0.10    0.12    2.62 ^ _433_/Y (sky130_fd_sc_hd__nor2_1)
     1    0.00                           _031_ (net)
                  0.10    0.00    2.62 ^ _479_/RESET_B (sky130_fd_sc_hd__dfrtp_1)
                                  2.62   data arrival time

                         10.00   10.00   clock SCK (rise edge)
                          0.00   10.00   clock source latency
                  0.08    0.05   10.05 ^ SCK (in)
     1    0.02                           SCK (net)
                  0.08    0.00   10.05 ^ clkbuf_0_SCK/A (sky130_fd_sc_hd__clkbuf_16)
                  0.06    0.15   10.21 ^ clkbuf_0_SCK/X (sky130_fd_sc_hd__clkbuf_16)
     4    0.04                           clknet_0_SCK (net)
                  0.06    0.00   10.21 ^ clkbuf_2_1__f_SCK/A (sky130_fd_sc_hd__clkbuf_16)
                  0.06    0.14   10.35 ^ clkbuf_2_1__f_SCK/X (sky130_fd_sc_hd__clkbuf_16)
    12    0.04                           clknet_2_1__leaf_SCK (net)
                  0.06    0.00   10.35 ^ _479_/CLK (sky130_fd_sc_hd__dfrtp_1)
                         -0.25   10.10   clock uncertainty
                          0.00   10.10   clock reconvergence pessimism
                          0.22   10.32   library recovery time
                                 10.32   data required time
-----------------------------------------------------------------------------
                                 10.32   data required time
                                 -2.62   data arrival time
-----------------------------------------------------------------------------
                                  7.70   slack (MET)


Startpoint: reset (input port clocked by SCK)
Endpoint: _467_ (recovery check against rising-edge clock SCK)
Path Group: asynchronous
Path Type: max

Fanout     Cap    Slew   Delay    Time   Description
-----------------------------------------------------------------------------
                          0.00    0.00   clock SCK (rise edge)
                          0.00    0.00   clock network delay (propagated)
                          2.00    2.00 v input external delay
                  0.01    0.00    2.00 v reset (in)
     1    0.00                           reset (net)
                  0.01    0.00    2.00 v input11/A (sky130_fd_sc_hd__clkbuf_1)
                  0.02    0.07    2.07 v input11/X (sky130_fd_sc_hd__clkbuf_1)
     1    0.00                           net11 (net)
                  0.02    0.00    2.07 v _222_/A (sky130_fd_sc_hd__buf_2)
                  0.09    0.18    2.25 v _222_/X (sky130_fd_sc_hd__buf_2)
     9    0.03                           _100_ (net)
                  0.09    0.00    2.25 v _414_/A (sky130_fd_sc_hd__clkbuf_4)
                  0.09    0.22    2.48 v _414_/X (sky130_fd_sc_hd__clkbuf_4)
    10    0.04                           _217_ (net)
                  0.09    0.00    2.48 v _419_/A (sky130_fd_sc_hd__nor2_1)
                  0.10    0.14    2.61 ^ _419_/Y (sky130_fd_sc_hd__nor2_1)
     1    0.00                           _019_ (net)
                  0.10    0.00    2.61 ^ _467_/RESET_B (sky130_fd_sc_hd__dfrtp_1)
                                  2.61   data arrival time

                         10.00   10.00   clock SCK (rise edge)
                          0.00   10.00   clock source latency
                  0.08    0.05   10.05 ^ SCK (in)
     1    0.02                           SCK (net)
                  0.08    0.00   10.05 ^ clkbuf_0_SCK/A (sky130_fd_sc_hd__clkbuf_16)
                  0.06    0.15   10.21 ^ clkbuf_0_SCK/X (sky130_fd_sc_hd__clkbuf_16)
     4    0.04                           clknet_0_SCK (net)
                  0.06    0.00   10.21 ^ clkbuf_2_1__f_SCK/A (sky130_fd_sc_hd__clkbuf_16)
                  0.06    0.14   10.35 ^ clkbuf_2_1__f_SCK/X (sky130_fd_sc_hd__clkbuf_16)
    12    0.04                           clknet_2_1__leaf_SCK (net)
                  0.06    0.00   10.35 ^ _467_/CLK (sky130_fd_sc_hd__dfrtp_1)
                         -0.25   10.10   clock uncertainty
                          0.00   10.10   clock reconvergence pessimism
                          0.22   10.32   library recovery time
                                 10.32   data required time
-----------------------------------------------------------------------------
                                 10.32   data required time
                                 -2.61   data arrival time
-----------------------------------------------------------------------------
                                  7.71   slack (MET)


Startpoint: reset (input port clocked by SCK)
Endpoint: _470_ (recovery check against rising-edge clock SCK)
Path Group: asynchronous
Path Type: max

Fanout     Cap    Slew   Delay    Time   Description
-----------------------------------------------------------------------------
                          0.00    0.00   clock SCK (rise edge)
                          0.00    0.00   clock network delay (propagated)
                          2.00    2.00 v input external delay
                  0.01    0.00    2.00 v reset (in)
     1    0.00                           reset (net)
                  0.01    0.00    2.00 v input11/A (sky130_fd_sc_hd__clkbuf_1)
                  0.02    0.07    2.07 v input11/X (sky130_fd_sc_hd__clkbuf_1)
     1    0.00                           net11 (net)
                  0.02    0.00    2.07 v _222_/A (sky130_fd_sc_hd__buf_2)
                  0.09    0.18    2.25 v _222_/X (sky130_fd_sc_hd__buf_2)
     9    0.03                           _100_ (net)
                  0.09    0.00    2.25 v _414_/A (sky130_fd_sc_hd__clkbuf_4)
                  0.09    0.22    2.48 v _414_/X (sky130_fd_sc_hd__clkbuf_4)
    10    0.04                           _217_ (net)
                  0.09    0.00    2.48 v _422_/A (sky130_fd_sc_hd__nor2_1)
                  0.10    0.13    2.61 ^ _422_/Y (sky130_fd_sc_hd__nor2_1)
     1    0.00                           _022_ (net)
                  0.10    0.00    2.61 ^ _470_/RESET_B (sky130_fd_sc_hd__dfrtp_1)
                                  2.61   data arrival time

                         10.00   10.00   clock SCK (rise edge)
                          0.00   10.00   clock source latency
                  0.08    0.05   10.05 ^ SCK (in)
     1    0.02                           SCK (net)
                  0.08    0.00   10.05 ^ clkbuf_0_SCK/A (sky130_fd_sc_hd__clkbuf_16)
                  0.06    0.15   10.21 ^ clkbuf_0_SCK/X (sky130_fd_sc_hd__clkbuf_16)
     4    0.04                           clknet_0_SCK (net)
                  0.06    0.00   10.21 ^ clkbuf_2_1__f_SCK/A (sky130_fd_sc_hd__clkbuf_16)
                  0.06    0.14   10.35 ^ clkbuf_2_1__f_SCK/X (sky130_fd_sc_hd__clkbuf_16)
    12    0.04                           clknet_2_1__leaf_SCK (net)
                  0.06    0.00   10.35 ^ _470_/CLK (sky130_fd_sc_hd__dfrtp_1)
                         -0.25   10.10   clock uncertainty
                          0.00   10.10   clock reconvergence pessimism
                          0.22   10.32   library recovery time
                                 10.32   data required time
-----------------------------------------------------------------------------
                                 10.32   data required time
                                 -2.61   data arrival time
-----------------------------------------------------------------------------
                                  7.71   slack (MET)


Startpoint: reset (input port clocked by SCK)
Endpoint: _471_ (recovery check against rising-edge clock SCK)
Path Group: asynchronous
Path Type: max

Fanout     Cap    Slew   Delay    Time   Description
-----------------------------------------------------------------------------
                          0.00    0.00   clock SCK (rise edge)
                          0.00    0.00   clock network delay (propagated)
                          2.00    2.00 v input external delay
                  0.01    0.00    2.00 v reset (in)
     1    0.00                           reset (net)
                  0.01    0.00    2.00 v input11/A (sky130_fd_sc_hd__clkbuf_1)
                  0.02    0.07    2.07 v input11/X (sky130_fd_sc_hd__clkbuf_1)
     1    0.00                           net11 (net)
                  0.02    0.00    2.07 v _222_/A (sky130_fd_sc_hd__buf_2)
                  0.09    0.18    2.25 v _222_/X (sky130_fd_sc_hd__buf_2)
     9    0.03                           _100_ (net)
                  0.09    0.00    2.25 v _414_/A (sky130_fd_sc_hd__clkbuf_4)
                  0.09    0.22    2.48 v _414_/X (sky130_fd_sc_hd__clkbuf_4)
    10    0.04                           _217_ (net)
                  0.09    0.00    2.48 v _423_/A (sky130_fd_sc_hd__nor2_1)
                  0.10    0.13    2.61 ^ _423_/Y (sky130_fd_sc_hd__nor2_1)
     1    0.00                           _023_ (net)
                  0.10    0.00    2.61 ^ _471_/RESET_B (sky130_fd_sc_hd__dfrtp_1)
                                  2.61   data arrival time

                         10.00   10.00   clock SCK (rise edge)
                          0.00   10.00   clock source latency
                  0.08    0.05   10.05 ^ SCK (in)
     1    0.02                           SCK (net)
                  0.08    0.00   10.05 ^ clkbuf_0_SCK/A (sky130_fd_sc_hd__clkbuf_16)
                  0.06    0.15   10.21 ^ clkbuf_0_SCK/X (sky130_fd_sc_hd__clkbuf_16)
     4    0.04                           clknet_0_SCK (net)
                  0.06    0.00   10.21 ^ clkbuf_2_1__f_SCK/A (sky130_fd_sc_hd__clkbuf_16)
                  0.06    0.14   10.35 ^ clkbuf_2_1__f_SCK/X (sky130_fd_sc_hd__clkbuf_16)
    12    0.04                           clknet_2_1__leaf_SCK (net)
                  0.06    0.00   10.35 ^ _471_/CLK (sky130_fd_sc_hd__dfrtp_1)
                         -0.25   10.10   clock uncertainty
                          0.00   10.10   clock reconvergence pessimism
                          0.22   10.32   library recovery time
                                 10.32   data required time
-----------------------------------------------------------------------------
                                 10.32   data required time
                                 -2.61   data arrival time
-----------------------------------------------------------------------------
                                  7.71   slack (MET)


Startpoint: _459_ (rising edge-triggered flip-flop clocked by SCK)
Endpoint: _466_ (rising edge-triggered flip-flop clocked by SCK)
Path Group: SCK
Path Type: max

Fanout     Cap    Slew   Delay    Time   Description
-----------------------------------------------------------------------------
                          0.00    0.00   clock SCK (rise edge)
                          0.00    0.00   clock source latency
                  0.08    0.06    0.06 ^ SCK (in)
     1    0.02                           SCK (net)
                  0.08    0.00    0.06 ^ clkbuf_0_SCK/A (sky130_fd_sc_hd__clkbuf_16)
                  0.06    0.17    0.23 ^ clkbuf_0_SCK/X (sky130_fd_sc_hd__clkbuf_16)
     4    0.04                           clknet_0_SCK (net)
                  0.06    0.00    0.23 ^ clkbuf_2_2__f_SCK/A (sky130_fd_sc_hd__clkbuf_16)
                  0.05    0.15    0.38 ^ clkbuf_2_2__f_SCK/X (sky130_fd_sc_hd__clkbuf_16)
     9    0.03                           clknet_2_2__leaf_SCK (net)
                  0.05    0.00    0.38 ^ _459_/CLK (sky130_fd_sc_hd__dfrtp_4)
                  0.09    0.54    0.92 v _459_/Q (sky130_fd_sc_hd__dfrtp_4)
     8    0.03                           addr[0] (net)
                  0.09    0.00    0.92 v _324_/D (sky130_fd_sc_hd__and4_1)
                  0.04    0.22    1.14 v _324_/X (sky130_fd_sc_hd__and4_1)
     1    0.00                           _165_ (net)
                  0.04    0.00    1.14 v _325_/A (sky130_fd_sc_hd__clkbuf_2)
                  0.10    0.17    1.31 v _325_/X (sky130_fd_sc_hd__clkbuf_2)
     7    0.02                           _166_ (net)
                  0.10    0.00    1.31 v _326_/D (sky130_fd_sc_hd__and4_1)
                  0.06    0.26    1.57 v _326_/X (sky130_fd_sc_hd__and4_1)
     2    0.01                           _167_ (net)
                  0.06    0.00    1.57 v _327_/S (sky130_fd_sc_hd__mux2_1)
                  0.05    0.32    1.89 v _327_/X (sky130_fd_sc_hd__mux2_1)
     1    0.00                           _168_ (net)
                  0.05    0.00    1.89 v _330_/A1 (sky130_fd_sc_hd__mux2_1)
                  0.05    0.30    2.19 v _330_/X (sky130_fd_sc_hd__mux2_1)
     1    0.00                           _171_ (net)
                  0.05    0.00    2.19 v _331_/A (sky130_fd_sc_hd__clkbuf_1)
                  0.02    0.09    2.28 v _331_/X (sky130_fd_sc_hd__clkbuf_1)
     1    0.00                           _073_ (net)
                  0.02    0.00    2.28 v _466_/D (sky130_fd_sc_hd__dfrtp_1)
                                  2.28   data arrival time

                         10.00   10.00   clock SCK (rise edge)
                          0.00   10.00   clock source latency
                  0.08    0.05   10.05 ^ SCK (in)
     1    0.02                           SCK (net)
                  0.08    0.00   10.05 ^ clkbuf_0_SCK/A (sky130_fd_sc_hd__clkbuf_16)
                  0.06    0.15   10.21 ^ clkbuf_0_SCK/X (sky130_fd_sc_hd__clkbuf_16)
     4    0.04                           clknet_0_SCK (net)
                  0.06    0.00   10.21 ^ clkbuf_2_0__f_SCK/A (sky130_fd_sc_hd__clkbuf_16)
                  0.05    0.13   10.34 ^ clkbuf_2_0__f_SCK/X (sky130_fd_sc_hd__clkbuf_16)
     9    0.03                           clknet_2_0__leaf_SCK (net)
                  0.05    0.00   10.34 ^ _466_/CLK (sky130_fd_sc_hd__dfrtp_1)
                         -0.25   10.09   clock uncertainty
                          0.02   10.11   clock reconvergence pessimism
                         -0.10   10.01   library setup time
                                 10.01   data required time
-----------------------------------------------------------------------------
                                 10.01   data required time
                                 -2.28   data arrival time
-----------------------------------------------------------------------------
                                  7.73   slack (MET)


Startpoint: reset (input port clocked by SCK)
Endpoint: _486_ (recovery check against rising-edge clock SCK)
Path Group: asynchronous
Path Type: max

Fanout     Cap    Slew   Delay    Time   Description
-----------------------------------------------------------------------------
                          0.00    0.00   clock SCK (rise edge)
                          0.00    0.00   clock network delay (propagated)
                          2.00    2.00 v input external delay
                  0.01    0.00    2.00 v reset (in)
     1    0.00                           reset (net)
                  0.01    0.00    2.00 v input11/A (sky130_fd_sc_hd__clkbuf_1)
                  0.02    0.07    2.07 v input11/X (sky130_fd_sc_hd__clkbuf_1)
     1    0.00                           net11 (net)
                  0.02    0.00    2.07 v _222_/A (sky130_fd_sc_hd__buf_2)
                  0.09    0.18    2.25 v _222_/X (sky130_fd_sc_hd__buf_2)
     9    0.03                           _100_ (net)
                  0.09    0.00    2.25 v _441_/A (sky130_fd_sc_hd__nor2_1)
                  0.09    0.13    2.38 ^ _441_/Y (sky130_fd_sc_hd__nor2_1)
     1    0.00                           _040_ (net)
                  0.09    0.00    2.38 ^ _486_/SET_B (sky130_fd_sc_hd__dfstp_2)
                                  2.38   data arrival time

                         10.00   10.00   clock SCK (rise edge)
                          0.00   10.00   clock source latency
                  0.08    0.05   10.05 ^ SCK (in)
     1    0.02                           SCK (net)
                  0.08    0.00   10.05 ^ clkbuf_0_SCK/A (sky130_fd_sc_hd__clkbuf_16)
                  0.06    0.15   10.21 ^ clkbuf_0_SCK/X (sky130_fd_sc_hd__clkbuf_16)
     4    0.04                           clknet_0_SCK (net)
                  0.06    0.00   10.21 ^ clkbuf_2_0__f_SCK/A (sky130_fd_sc_hd__clkbuf_16)
                  0.05    0.13   10.34 ^ clkbuf_2_0__f_SCK/X (sky130_fd_sc_hd__clkbuf_16)
     9    0.03                           clknet_2_0__leaf_SCK (net)
                  0.05    0.00   10.34 ^ _486_/CLK (sky130_fd_sc_hd__dfstp_2)
                         -0.25   10.09   clock uncertainty
                          0.00   10.09   clock reconvergence pessimism
                          0.13   10.23   library recovery time
                                 10.23   data required time
-----------------------------------------------------------------------------
                                 10.23   data required time
                                 -2.38   data arrival time
-----------------------------------------------------------------------------
                                  7.84   slack (MET)


Startpoint: _488_ (rising edge-triggered flip-flop clocked by SCK)
Endpoint: _474_ (rising edge-triggered flip-flop clocked by SCK)
Path Group: SCK
Path Type: max

Fanout     Cap    Slew   Delay    Time   Description
-----------------------------------------------------------------------------
                          0.00    0.00   clock SCK (rise edge)
                          0.00    0.00   clock source latency
                  0.08    0.06    0.06 ^ SCK (in)
     1    0.02                           SCK (net)
                  0.08    0.00    0.06 ^ clkbuf_0_SCK/A (sky130_fd_sc_hd__clkbuf_16)
                  0.06    0.17    0.23 ^ clkbuf_0_SCK/X (sky130_fd_sc_hd__clkbuf_16)
     4    0.04                           clknet_0_SCK (net)
                  0.06    0.00    0.23 ^ clkbuf_2_2__f_SCK/A (sky130_fd_sc_hd__clkbuf_16)
                  0.05    0.15    0.38 ^ clkbuf_2_2__f_SCK/X (sky130_fd_sc_hd__clkbuf_16)
     9    0.03                           clknet_2_2__leaf_SCK (net)
                  0.05    0.00    0.38 ^ _488_/CLK (sky130_fd_sc_hd__dfrtp_4)
                  0.15    0.51    0.89 ^ _488_/Q (sky130_fd_sc_hd__dfrtp_4)
     8    0.04                           state[2] (net)
                  0.15    0.00    0.89 ^ _277_/C_N (sky130_fd_sc_hd__nor3b_2)
                  0.29    0.33    1.22 ^ _277_/Y (sky130_fd_sc_hd__nor3b_2)
     3    0.02                           _134_ (net)
                  0.29    0.00    1.22 ^ max_cap38/A (sky130_fd_sc_hd__buf_2)
                  0.15    0.27    1.49 ^ max_cap38/X (sky130_fd_sc_hd__buf_2)
     6    0.03                           net38 (net)
                  0.15    0.00    1.49 ^ _293_/B1 (sky130_fd_sc_hd__a32o_1)
                  0.18    0.25    1.74 ^ _293_/X (sky130_fd_sc_hd__a32o_1)
     5    0.02                           _143_ (net)
                  0.18    0.00    1.75 ^ _294_/B (sky130_fd_sc_hd__nand2_1)
                  0.06    0.10    1.84 v _294_/Y (sky130_fd_sc_hd__nand2_1)
     2    0.01                           _144_ (net)
                  0.06    0.00    1.84 v _298_/A2 (sky130_fd_sc_hd__o31a_1)
                  0.05    0.29    2.14 v _298_/X (sky130_fd_sc_hd__o31a_1)
     1    0.00                           _081_ (net)
                  0.05    0.00    2.14 v _474_/D (sky130_fd_sc_hd__dfrtp_1)
                                  2.14   data arrival time

                         10.00   10.00   clock SCK (rise edge)
                          0.00   10.00   clock source latency
                  0.08    0.05   10.05 ^ SCK (in)
     1    0.02                           SCK (net)
                  0.08    0.00   10.05 ^ clkbuf_0_SCK/A (sky130_fd_sc_hd__clkbuf_16)
                  0.06    0.15   10.21 ^ clkbuf_0_SCK/X (sky130_fd_sc_hd__clkbuf_16)
     4    0.04                           clknet_0_SCK (net)
                  0.06    0.00   10.21 ^ clkbuf_2_0__f_SCK/A (sky130_fd_sc_hd__clkbuf_16)
                  0.05    0.13   10.34 ^ clkbuf_2_0__f_SCK/X (sky130_fd_sc_hd__clkbuf_16)
     9    0.03                           clknet_2_0__leaf_SCK (net)
                  0.05    0.00   10.34 ^ _474_/CLK (sky130_fd_sc_hd__dfrtp_1)
                         -0.25   10.09   clock uncertainty
                          0.02   10.11   clock reconvergence pessimism
                         -0.12   10.00   library setup time
                                 10.00   data required time
-----------------------------------------------------------------------------
                                 10.00   data required time
                                 -2.14   data arrival time
-----------------------------------------------------------------------------
                                  7.86   slack (MET)


Startpoint: _459_ (rising edge-triggered flip-flop clocked by SCK)
Endpoint: _464_ (rising edge-triggered flip-flop clocked by SCK)
Path Group: SCK
Path Type: max

Fanout     Cap    Slew   Delay    Time   Description
-----------------------------------------------------------------------------
                          0.00    0.00   clock SCK (rise edge)
                          0.00    0.00   clock source latency
                  0.08    0.06    0.06 ^ SCK (in)
     1    0.02                           SCK (net)
                  0.08    0.00    0.06 ^ clkbuf_0_SCK/A (sky130_fd_sc_hd__clkbuf_16)
                  0.06    0.17    0.23 ^ clkbuf_0_SCK/X (sky130_fd_sc_hd__clkbuf_16)
     4    0.04                           clknet_0_SCK (net)
                  0.06    0.00    0.23 ^ clkbuf_2_2__f_SCK/A (sky130_fd_sc_hd__clkbuf_16)
                  0.05    0.15    0.38 ^ clkbuf_2_2__f_SCK/X (sky130_fd_sc_hd__clkbuf_16)
     9    0.03                           clknet_2_2__leaf_SCK (net)
                  0.05    0.00    0.38 ^ _459_/CLK (sky130_fd_sc_hd__dfrtp_4)
                  0.09    0.54    0.92 v _459_/Q (sky130_fd_sc_hd__dfrtp_4)
     8    0.03                           addr[0] (net)
                  0.09    0.00    0.92 v _324_/D (sky130_fd_sc_hd__and4_1)
                  0.04    0.22    1.14 v _324_/X (sky130_fd_sc_hd__and4_1)
     1    0.00                           _165_ (net)
                  0.04    0.00    1.14 v _325_/A (sky130_fd_sc_hd__clkbuf_2)
                  0.10    0.17    1.31 v _325_/X (sky130_fd_sc_hd__clkbuf_2)
     7    0.02                           _166_ (net)
                  0.10    0.00    1.31 v _338_/A2 (sky130_fd_sc_hd__a21oi_1)
                  0.09    0.15    1.46 ^ _338_/Y (sky130_fd_sc_hd__a21oi_1)
     1    0.00                           _177_ (net)
                  0.09    0.00    1.46 ^ _340_/A1_N (sky130_fd_sc_hd__a2bb2o_1)
                  0.05    0.29    1.75 v _340_/X (sky130_fd_sc_hd__a2bb2o_1)
     1    0.00                           _179_ (net)
                  0.05    0.00    1.75 v _341_/A1 (sky130_fd_sc_hd__mux2_1)
                  0.05    0.30    2.05 v _341_/X (sky130_fd_sc_hd__mux2_1)
     1    0.00                           _180_ (net)
                  0.05    0.00    2.05 v _342_/A (sky130_fd_sc_hd__clkbuf_1)
                  0.02    0.09    2.15 v _342_/X (sky130_fd_sc_hd__clkbuf_1)
     1    0.00                           _071_ (net)
                  0.02    0.00    2.15 v _464_/D (sky130_fd_sc_hd__dfrtp_2)
                                  2.15   data arrival time

                         10.00   10.00   clock SCK (rise edge)
                          0.00   10.00   clock source latency
                  0.08    0.05   10.05 ^ SCK (in)
     1    0.02                           SCK (net)
                  0.08    0.00   10.05 ^ clkbuf_0_SCK/A (sky130_fd_sc_hd__clkbuf_16)
                  0.06    0.15   10.21 ^ clkbuf_0_SCK/X (sky130_fd_sc_hd__clkbuf_16)
     4    0.04                           clknet_0_SCK (net)
                  0.06    0.00   10.21 ^ clkbuf_2_0__f_SCK/A (sky130_fd_sc_hd__clkbuf_16)
                  0.05    0.13   10.34 ^ clkbuf_2_0__f_SCK/X (sky130_fd_sc_hd__clkbuf_16)
     9    0.03                           clknet_2_0__leaf_SCK (net)
                  0.05    0.00   10.34 ^ _464_/CLK (sky130_fd_sc_hd__dfrtp_2)
                         -0.25   10.09   clock uncertainty
                          0.02   10.11   clock reconvergence pessimism
                         -0.10   10.01   library setup time
                                 10.01   data required time
-----------------------------------------------------------------------------
                                 10.01   data required time
                                 -2.15   data arrival time
-----------------------------------------------------------------------------
                                  7.86   slack (MET)


Startpoint: _468_ (rising edge-triggered flip-flop clocked by SCK)
Endpoint: _463_ (rising edge-triggered flip-flop clocked by SCK)
Path Group: SCK
Path Type: max

Fanout     Cap    Slew   Delay    Time   Description
-----------------------------------------------------------------------------
                          0.00    0.00   clock SCK (rise edge)
                          0.00    0.00   clock source latency
                  0.08    0.06    0.06 ^ SCK (in)
     1    0.02                           SCK (net)
                  0.08    0.00    0.06 ^ clkbuf_0_SCK/A (sky130_fd_sc_hd__clkbuf_16)
                  0.06    0.17    0.23 ^ clkbuf_0_SCK/X (sky130_fd_sc_hd__clkbuf_16)
     4    0.04                           clknet_0_SCK (net)
                  0.06    0.00    0.23 ^ clkbuf_2_1__f_SCK/A (sky130_fd_sc_hd__clkbuf_16)
                  0.06    0.16    0.39 ^ clkbuf_2_1__f_SCK/X (sky130_fd_sc_hd__clkbuf_16)
    12    0.04                           clknet_2_1__leaf_SCK (net)
                  0.06    0.00    0.39 ^ _468_/CLK (sky130_fd_sc_hd__dfrtp_4)
                  0.09    0.55    0.93 v _468_/Q (sky130_fd_sc_hd__dfrtp_4)
     9    0.03                           count[1] (net)
                  0.09    0.00    0.93 v _261_/B (sky130_fd_sc_hd__and3_1)
                  0.03    0.18    1.12 v _261_/X (sky130_fd_sc_hd__and3_1)
     1    0.00                           _122_ (net)
                  0.03    0.00    1.12 v _262_/A (sky130_fd_sc_hd__buf_2)
                  0.09    0.18    1.30 v _262_/X (sky130_fd_sc_hd__buf_2)
     8    0.03                           _123_ (net)
                  0.09    0.00    1.30 v _328_/C1 (sky130_fd_sc_hd__o311a_1)
                  0.06    0.14    1.44 v _328_/X (sky130_fd_sc_hd__o311a_1)
     1    0.00                           _169_ (net)
                  0.06    0.00    1.44 v _329_/A2 (sky130_fd_sc_hd__o21a_4)
                  0.08    0.26    1.70 v _329_/X (sky130_fd_sc_hd__o21a_4)
     8    0.04                           _170_ (net)
                  0.08    0.00    1.70 v _346_/S (sky130_fd_sc_hd__mux2_1)
                  0.06    0.34    2.04 v _346_/X (sky130_fd_sc_hd__mux2_1)
     1    0.00                           _184_ (net)
                  0.06    0.00    2.04 v _347_/A (sky130_fd_sc_hd__clkbuf_1)
                  0.03    0.10    2.13 v _347_/X (sky130_fd_sc_hd__clkbuf_1)
     1    0.00                           _070_ (net)
                  0.03    0.00    2.13 v _463_/D (sky130_fd_sc_hd__dfrtp_4)
                                  2.13   data arrival time

                         10.00   10.00   clock SCK (rise edge)
                          0.00   10.00   clock source latency
                  0.08    0.05   10.05 ^ SCK (in)
     1    0.02                           SCK (net)
                  0.08    0.00   10.05 ^ clkbuf_0_SCK/A (sky130_fd_sc_hd__clkbuf_16)
                  0.06    0.15   10.21 ^ clkbuf_0_SCK/X (sky130_fd_sc_hd__clkbuf_16)
     4    0.04                           clknet_0_SCK (net)
                  0.06    0.00   10.21 ^ clkbuf_2_2__f_SCK/A (sky130_fd_sc_hd__clkbuf_16)
                  0.05    0.14   10.34 ^ clkbuf_2_2__f_SCK/X (sky130_fd_sc_hd__clkbuf_16)
     9    0.03                           clknet_2_2__leaf_SCK (net)
                  0.05    0.00   10.34 ^ _463_/CLK (sky130_fd_sc_hd__dfrtp_4)
                         -0.25   10.09   clock uncertainty
                          0.02   10.11   clock reconvergence pessimism
                         -0.10   10.01   library setup time
                                 10.01   data required time
-----------------------------------------------------------------------------
                                 10.01   data required time
                                 -2.13   data arrival time
-----------------------------------------------------------------------------
                                  7.88   slack (MET)


Startpoint: _468_ (rising edge-triggered flip-flop clocked by SCK)
Endpoint: _462_ (rising edge-triggered flip-flop clocked by SCK)
Path Group: SCK
Path Type: max

Fanout     Cap    Slew   Delay    Time   Description
-----------------------------------------------------------------------------
                          0.00    0.00   clock SCK (rise edge)
                          0.00    0.00   clock source latency
                  0.08    0.06    0.06 ^ SCK (in)
     1    0.02                           SCK (net)
                  0.08    0.00    0.06 ^ clkbuf_0_SCK/A (sky130_fd_sc_hd__clkbuf_16)
                  0.06    0.17    0.23 ^ clkbuf_0_SCK/X (sky130_fd_sc_hd__clkbuf_16)
     4    0.04                           clknet_0_SCK (net)
                  0.06    0.00    0.23 ^ clkbuf_2_1__f_SCK/A (sky130_fd_sc_hd__clkbuf_16)
                  0.06    0.16    0.39 ^ clkbuf_2_1__f_SCK/X (sky130_fd_sc_hd__clkbuf_16)
    12    0.04                           clknet_2_1__leaf_SCK (net)
                  0.06    0.00    0.39 ^ _468_/CLK (sky130_fd_sc_hd__dfrtp_4)
                  0.09    0.55    0.93 v _468_/Q (sky130_fd_sc_hd__dfrtp_4)
     9    0.03                           count[1] (net)
                  0.09    0.00    0.93 v _261_/B (sky130_fd_sc_hd__and3_1)
                  0.03    0.18    1.12 v _261_/X (sky130_fd_sc_hd__and3_1)
     1    0.00                           _122_ (net)
                  0.03    0.00    1.12 v _262_/A (sky130_fd_sc_hd__buf_2)
                  0.09    0.18    1.30 v _262_/X (sky130_fd_sc_hd__buf_2)
     8    0.03                           _123_ (net)
                  0.09    0.00    1.30 v _328_/C1 (sky130_fd_sc_hd__o311a_1)
                  0.06    0.14    1.44 v _328_/X (sky130_fd_sc_hd__o311a_1)
     1    0.00                           _169_ (net)
                  0.06    0.00    1.44 v _329_/A2 (sky130_fd_sc_hd__o21a_4)
                  0.08    0.26    1.70 v _329_/X (sky130_fd_sc_hd__o21a_4)
     8    0.04                           _170_ (net)
                  0.08    0.00    1.70 v _351_/S (sky130_fd_sc_hd__mux2_1)
                  0.05    0.33    2.03 v _351_/X (sky130_fd_sc_hd__mux2_1)
     1    0.00                           _188_ (net)
                  0.05    0.00    2.03 v _352_/A (sky130_fd_sc_hd__clkbuf_1)
                  0.03    0.09    2.12 v _352_/X (sky130_fd_sc_hd__clkbuf_1)
     1    0.00                           _069_ (net)
                  0.03    0.00    2.12 v _462_/D (sky130_fd_sc_hd__dfrtp_2)
                                  2.12   data arrival time

                         10.00   10.00   clock SCK (rise edge)
                          0.00   10.00   clock source latency
                  0.08    0.05   10.05 ^ SCK (in)
     1    0.02                           SCK (net)
                  0.08    0.00   10.05 ^ clkbuf_0_SCK/A (sky130_fd_sc_hd__clkbuf_16)
                  0.06    0.15   10.21 ^ clkbuf_0_SCK/X (sky130_fd_sc_hd__clkbuf_16)
     4    0.04                           clknet_0_SCK (net)
                  0.06    0.00   10.21 ^ clkbuf_2_2__f_SCK/A (sky130_fd_sc_hd__clkbuf_16)
                  0.05    0.14   10.34 ^ clkbuf_2_2__f_SCK/X (sky130_fd_sc_hd__clkbuf_16)
     9    0.03                           clknet_2_2__leaf_SCK (net)
                  0.05    0.00   10.34 ^ _462_/CLK (sky130_fd_sc_hd__dfrtp_2)
                         -0.25   10.09   clock uncertainty
                          0.02   10.11   clock reconvergence pessimism
                         -0.10   10.01   library setup time
                                 10.01   data required time
-----------------------------------------------------------------------------
                                 10.01   data required time
                                 -2.12   data arrival time
-----------------------------------------------------------------------------
                                  7.89   slack (MET)


Startpoint: reset (input port clocked by SCK)
Endpoint: _490_ (recovery check against rising-edge clock SCK)
Path Group: asynchronous
Path Type: max

Fanout     Cap    Slew   Delay    Time   Description
-----------------------------------------------------------------------------
                          0.00    0.00   clock SCK (rise edge)
                          0.00    0.00   clock network delay (propagated)
                          2.00    2.00 v input external delay
                  0.01    0.00    2.00 v reset (in)
     1    0.00                           reset (net)
                  0.01    0.00    2.00 v input11/A (sky130_fd_sc_hd__clkbuf_1)
                  0.02    0.07    2.07 v input11/X (sky130_fd_sc_hd__clkbuf_1)
     1    0.00                           net11 (net)
                  0.02    0.00    2.07 v _222_/A (sky130_fd_sc_hd__buf_2)
                  0.09    0.18    2.25 v _222_/X (sky130_fd_sc_hd__buf_2)
     9    0.03                           _100_ (net)
                  0.09    0.00    2.25 v _445_/A (sky130_fd_sc_hd__nor2_1)
                  0.12    0.15    2.40 ^ _445_/Y (sky130_fd_sc_hd__nor2_1)
     1    0.01                           _044_ (net)
                  0.12    0.00    2.41 ^ _490_/RESET_B (sky130_fd_sc_hd__dfrtp_1)
                                  2.41   data arrival time

                         10.00   10.00   clock SCK (rise edge)
                          0.00   10.00   clock source latency
                  0.08    0.05   10.05 ^ SCK (in)
     1    0.02                           SCK (net)
                  0.08    0.00   10.05 ^ clkbuf_0_SCK/A (sky130_fd_sc_hd__clkbuf_16)
                  0.06    0.15   10.21 ^ clkbuf_0_SCK/X (sky130_fd_sc_hd__clkbuf_16)
     4    0.04                           clknet_0_SCK (net)
                  0.06    0.00   10.21 ^ clkbuf_2_3__f_SCK/A (sky130_fd_sc_hd__clkbuf_16)
                  0.04    0.13   10.33 ^ clkbuf_2_3__f_SCK/X (sky130_fd_sc_hd__clkbuf_16)
     6    0.02                           clknet_2_3__leaf_SCK (net)
                  0.04    0.00   10.33 ^ _490_/CLK (sky130_fd_sc_hd__dfrtp_1)
                         -0.25   10.08   clock uncertainty
                          0.00   10.08   clock reconvergence pessimism
                          0.21   10.29   library recovery time
                                 10.29   data required time
-----------------------------------------------------------------------------
                                 10.29   data required time
                                 -2.41   data arrival time
-----------------------------------------------------------------------------
                                  7.89   slack (MET)


Startpoint: _468_ (rising edge-triggered flip-flop clocked by SCK)
Endpoint: _460_ (rising edge-triggered flip-flop clocked by SCK)
Path Group: SCK
Path Type: max

Fanout     Cap    Slew   Delay    Time   Description
-----------------------------------------------------------------------------
                          0.00    0.00   clock SCK (rise edge)
                          0.00    0.00   clock source latency
                  0.08    0.06    0.06 ^ SCK (in)
     1    0.02                           SCK (net)
                  0.08    0.00    0.06 ^ clkbuf_0_SCK/A (sky130_fd_sc_hd__clkbuf_16)
                  0.06    0.17    0.23 ^ clkbuf_0_SCK/X (sky130_fd_sc_hd__clkbuf_16)
     4    0.04                           clknet_0_SCK (net)
                  0.06    0.00    0.23 ^ clkbuf_2_1__f_SCK/A (sky130_fd_sc_hd__clkbuf_16)
                  0.06    0.16    0.39 ^ clkbuf_2_1__f_SCK/X (sky130_fd_sc_hd__clkbuf_16)
    12    0.04                           clknet_2_1__leaf_SCK (net)
                  0.06    0.00    0.39 ^ _468_/CLK (sky130_fd_sc_hd__dfrtp_4)
                  0.09    0.55    0.93 v _468_/Q (sky130_fd_sc_hd__dfrtp_4)
     9    0.03                           count[1] (net)
                  0.09    0.00    0.93 v _261_/B (sky130_fd_sc_hd__and3_1)
                  0.03    0.18    1.12 v _261_/X (sky130_fd_sc_hd__and3_1)
     1    0.00                           _122_ (net)
                  0.03    0.00    1.12 v _262_/A (sky130_fd_sc_hd__buf_2)
                  0.09    0.18    1.30 v _262_/X (sky130_fd_sc_hd__buf_2)
     8    0.03                           _123_ (net)
                  0.09    0.00    1.30 v _328_/C1 (sky130_fd_sc_hd__o311a_1)
                  0.06    0.14    1.44 v _328_/X (sky130_fd_sc_hd__o311a_1)
     1    0.00                           _169_ (net)
                  0.06    0.00    1.44 v _329_/A2 (sky130_fd_sc_hd__o21a_4)
                  0.08    0.26    1.70 v _329_/X (sky130_fd_sc_hd__o21a_4)
     8    0.04                           _170_ (net)
                  0.08    0.00    1.70 v _360_/S (sky130_fd_sc_hd__mux2_1)
                  0.05    0.33    2.03 v _360_/X (sky130_fd_sc_hd__mux2_1)
     1    0.00                           _195_ (net)
                  0.05    0.00    2.03 v _361_/A (sky130_fd_sc_hd__clkbuf_1)
                  0.02    0.09    2.12 v _361_/X (sky130_fd_sc_hd__clkbuf_1)
     1    0.00                           _067_ (net)
                  0.02    0.00    2.12 v _460_/D (sky130_fd_sc_hd__dfrtp_4)
                                  2.12   data arrival time

                         10.00   10.00   clock SCK (rise edge)
                          0.00   10.00   clock source latency
                  0.08    0.05   10.05 ^ SCK (in)
     1    0.02                           SCK (net)
                  0.08    0.00   10.05 ^ clkbuf_0_SCK/A (sky130_fd_sc_hd__clkbuf_16)
                  0.06    0.15   10.21 ^ clkbuf_0_SCK/X (sky130_fd_sc_hd__clkbuf_16)
     4    0.04                           clknet_0_SCK (net)
                  0.06    0.00   10.21 ^ clkbuf_2_2__f_SCK/A (sky130_fd_sc_hd__clkbuf_16)
                  0.05    0.14   10.34 ^ clkbuf_2_2__f_SCK/X (sky130_fd_sc_hd__clkbuf_16)
     9    0.03                           clknet_2_2__leaf_SCK (net)
                  0.05    0.00   10.34 ^ _460_/CLK (sky130_fd_sc_hd__dfrtp_4)
                         -0.25   10.09   clock uncertainty
                          0.02   10.12   clock reconvergence pessimism
                         -0.10   10.01   library setup time
                                 10.01   data required time
-----------------------------------------------------------------------------
                                 10.01   data required time
                                 -2.12   data arrival time
-----------------------------------------------------------------------------
                                  7.89   slack (MET)


Startpoint: _468_ (rising edge-triggered flip-flop clocked by SCK)
Endpoint: _465_ (rising edge-triggered flip-flop clocked by SCK)
Path Group: SCK
Path Type: max

Fanout     Cap    Slew   Delay    Time   Description
-----------------------------------------------------------------------------
                          0.00    0.00   clock SCK (rise edge)
                          0.00    0.00   clock source latency
                  0.08    0.06    0.06 ^ SCK (in)
     1    0.02                           SCK (net)
                  0.08    0.00    0.06 ^ clkbuf_0_SCK/A (sky130_fd_sc_hd__clkbuf_16)
                  0.06    0.17    0.23 ^ clkbuf_0_SCK/X (sky130_fd_sc_hd__clkbuf_16)
     4    0.04                           clknet_0_SCK (net)
                  0.06    0.00    0.23 ^ clkbuf_2_1__f_SCK/A (sky130_fd_sc_hd__clkbuf_16)
                  0.06    0.16    0.39 ^ clkbuf_2_1__f_SCK/X (sky130_fd_sc_hd__clkbuf_16)
    12    0.04                           clknet_2_1__leaf_SCK (net)
                  0.06    0.00    0.39 ^ _468_/CLK (sky130_fd_sc_hd__dfrtp_4)
                  0.09    0.55    0.93 v _468_/Q (sky130_fd_sc_hd__dfrtp_4)
     9    0.03                           count[1] (net)
                  0.09    0.00    0.93 v _261_/B (sky130_fd_sc_hd__and3_1)
                  0.03    0.18    1.12 v _261_/X (sky130_fd_sc_hd__and3_1)
     1    0.00                           _122_ (net)
                  0.03    0.00    1.12 v _262_/A (sky130_fd_sc_hd__buf_2)
                  0.09    0.18    1.30 v _262_/X (sky130_fd_sc_hd__buf_2)
     8    0.03                           _123_ (net)
                  0.09    0.00    1.30 v _328_/C1 (sky130_fd_sc_hd__o311a_1)
                  0.06    0.14    1.44 v _328_/X (sky130_fd_sc_hd__o311a_1)
     1    0.00                           _169_ (net)
                  0.06    0.00    1.44 v _329_/A2 (sky130_fd_sc_hd__o21a_4)
                  0.08    0.26    1.70 v _329_/X (sky130_fd_sc_hd__o21a_4)
     8    0.04                           _170_ (net)
                  0.08    0.00    1.70 v _336_/S (sky130_fd_sc_hd__mux2_1)
                  0.05    0.33    2.03 v _336_/X (sky130_fd_sc_hd__mux2_1)
     1    0.00                           _176_ (net)
                  0.05    0.00    2.03 v _337_/A (sky130_fd_sc_hd__clkbuf_1)
                  0.02    0.09    2.12 v _337_/X (sky130_fd_sc_hd__clkbuf_1)
     1    0.00                           _072_ (net)
                  0.02    0.00    2.12 v _465_/D (sky130_fd_sc_hd__dfrtp_1)
                                  2.12   data arrival time

                         10.00   10.00   clock SCK (rise edge)
                          0.00   10.00   clock source latency
                  0.08    0.05   10.05 ^ SCK (in)
     1    0.02                           SCK (net)
                  0.08    0.00   10.05 ^ clkbuf_0_SCK/A (sky130_fd_sc_hd__clkbuf_16)
                  0.06    0.15   10.21 ^ clkbuf_0_SCK/X (sky130_fd_sc_hd__clkbuf_16)
     4    0.04                           clknet_0_SCK (net)
                  0.06    0.00   10.21 ^ clkbuf_2_0__f_SCK/A (sky130_fd_sc_hd__clkbuf_16)
                  0.05    0.13   10.34 ^ clkbuf_2_0__f_SCK/X (sky130_fd_sc_hd__clkbuf_16)
     9    0.03                           clknet_2_0__leaf_SCK (net)
                  0.05    0.00   10.34 ^ _465_/CLK (sky130_fd_sc_hd__dfrtp_1)
                         -0.25   10.09   clock uncertainty
                          0.02   10.11   clock reconvergence pessimism
                         -0.10   10.01   library setup time
                                 10.01   data required time
-----------------------------------------------------------------------------
                                 10.01   data required time
                                 -2.12   data arrival time
-----------------------------------------------------------------------------
                                  7.89   slack (MET)


Startpoint: _468_ (rising edge-triggered flip-flop clocked by SCK)
Endpoint: _461_ (rising edge-triggered flip-flop clocked by SCK)
Path Group: SCK
Path Type: max

Fanout     Cap    Slew   Delay    Time   Description
-----------------------------------------------------------------------------
                          0.00    0.00   clock SCK (rise edge)
                          0.00    0.00   clock source latency
                  0.08    0.06    0.06 ^ SCK (in)
     1    0.02                           SCK (net)
                  0.08    0.00    0.06 ^ clkbuf_0_SCK/A (sky130_fd_sc_hd__clkbuf_16)
                  0.06    0.17    0.23 ^ clkbuf_0_SCK/X (sky130_fd_sc_hd__clkbuf_16)
     4    0.04                           clknet_0_SCK (net)
                  0.06    0.00    0.23 ^ clkbuf_2_1__f_SCK/A (sky130_fd_sc_hd__clkbuf_16)
                  0.06    0.16    0.39 ^ clkbuf_2_1__f_SCK/X (sky130_fd_sc_hd__clkbuf_16)
    12    0.04                           clknet_2_1__leaf_SCK (net)
                  0.06    0.00    0.39 ^ _468_/CLK (sky130_fd_sc_hd__dfrtp_4)
                  0.09    0.55    0.93 v _468_/Q (sky130_fd_sc_hd__dfrtp_4)
     9    0.03                           count[1] (net)
                  0.09    0.00    0.93 v _261_/B (sky130_fd_sc_hd__and3_1)
                  0.03    0.18    1.12 v _261_/X (sky130_fd_sc_hd__and3_1)
     1    0.00                           _122_ (net)
                  0.03    0.00    1.12 v _262_/A (sky130_fd_sc_hd__buf_2)
                  0.09    0.18    1.30 v _262_/X (sky130_fd_sc_hd__buf_2)
     8    0.03                           _123_ (net)
                  0.09    0.00    1.30 v _328_/C1 (sky130_fd_sc_hd__o311a_1)
                  0.06    0.14    1.44 v _328_/X (sky130_fd_sc_hd__o311a_1)
     1    0.00                           _169_ (net)
                  0.06    0.00    1.44 v _329_/A2 (sky130_fd_sc_hd__o21a_4)
                  0.08    0.26    1.70 v _329_/X (sky130_fd_sc_hd__o21a_4)
     8    0.04                           _170_ (net)
                  0.08    0.00    1.70 v _356_/S (sky130_fd_sc_hd__mux2_1)
                  0.05    0.33    2.03 v _356_/X (sky130_fd_sc_hd__mux2_1)
     1    0.00                           _192_ (net)
                  0.05    0.00    2.03 v _357_/A (sky130_fd_sc_hd__clkbuf_1)
                  0.02    0.09    2.12 v _357_/X (sky130_fd_sc_hd__clkbuf_1)
     1    0.00                           _068_ (net)
                  0.02    0.00    2.12 v _461_/D (sky130_fd_sc_hd__dfrtp_4)
                                  2.12   data arrival time

                         10.00   10.00   clock SCK (rise edge)
                          0.00   10.00   clock source latency
                  0.08    0.05   10.05 ^ SCK (in)
     1    0.02                           SCK (net)
                  0.08    0.00   10.05 ^ clkbuf_0_SCK/A (sky130_fd_sc_hd__clkbuf_16)
                  0.06    0.15   10.21 ^ clkbuf_0_SCK/X (sky130_fd_sc_hd__clkbuf_16)
     4    0.04                           clknet_0_SCK (net)
                  0.06    0.00   10.21 ^ clkbuf_2_2__f_SCK/A (sky130_fd_sc_hd__clkbuf_16)
                  0.05    0.14   10.34 ^ clkbuf_2_2__f_SCK/X (sky130_fd_sc_hd__clkbuf_16)
     9    0.03                           clknet_2_2__leaf_SCK (net)
                  0.05    0.00   10.34 ^ _461_/CLK (sky130_fd_sc_hd__dfrtp_4)
                         -0.25   10.09   clock uncertainty
                          0.02   10.12   clock reconvergence pessimism
                         -0.10   10.01   library setup time
                                 10.01   data required time
-----------------------------------------------------------------------------
                                 10.01   data required time
                                 -2.12   data arrival time
-----------------------------------------------------------------------------
                                  7.89   slack (MET)


Startpoint: reset (input port clocked by SCK)
Endpoint: _488_ (recovery check against rising-edge clock SCK)
Path Group: asynchronous
Path Type: max

Fanout     Cap    Slew   Delay    Time   Description
-----------------------------------------------------------------------------
                          0.00    0.00   clock SCK (rise edge)
                          0.00    0.00   clock network delay (propagated)
                          2.00    2.00 v input external delay
                  0.01    0.00    2.00 v reset (in)
     1    0.00                           reset (net)
                  0.01    0.00    2.00 v input11/A (sky130_fd_sc_hd__clkbuf_1)
                  0.02    0.07    2.07 v input11/X (sky130_fd_sc_hd__clkbuf_1)
     1    0.00                           net11 (net)
                  0.02    0.00    2.07 v _222_/A (sky130_fd_sc_hd__buf_2)
                  0.09    0.18    2.25 v _222_/X (sky130_fd_sc_hd__buf_2)
     9    0.03                           _100_ (net)
                  0.09    0.00    2.25 v _443_/A (sky130_fd_sc_hd__nor2_1)
                  0.10    0.14    2.39 ^ _443_/Y (sky130_fd_sc_hd__nor2_1)
     1    0.00                           _042_ (net)
                  0.10    0.00    2.39 ^ _488_/RESET_B (sky130_fd_sc_hd__dfrtp_4)
                                  2.39   data arrival time

                         10.00   10.00   clock SCK (rise edge)
                          0.00   10.00   clock source latency
                  0.08    0.05   10.05 ^ SCK (in)
     1    0.02                           SCK (net)
                  0.08    0.00   10.05 ^ clkbuf_0_SCK/A (sky130_fd_sc_hd__clkbuf_16)
                  0.06    0.15   10.21 ^ clkbuf_0_SCK/X (sky130_fd_sc_hd__clkbuf_16)
     4    0.04                           clknet_0_SCK (net)
                  0.06    0.00   10.21 ^ clkbuf_2_2__f_SCK/A (sky130_fd_sc_hd__clkbuf_16)
                  0.05    0.14   10.34 ^ clkbuf_2_2__f_SCK/X (sky130_fd_sc_hd__clkbuf_16)
     9    0.03                           clknet_2_2__leaf_SCK (net)
                  0.05    0.00   10.34 ^ _488_/CLK (sky130_fd_sc_hd__dfrtp_4)
                         -0.25   10.09   clock uncertainty
                          0.00   10.09   clock reconvergence pessimism
                          0.20   10.30   library recovery time
                                 10.30   data required time
-----------------------------------------------------------------------------
                                 10.30   data required time
                                 -2.39   data arrival time
-----------------------------------------------------------------------------
                                  7.91   slack (MET)


Startpoint: reset (input port clocked by SCK)
Endpoint: _489_ (recovery check against rising-edge clock SCK)
Path Group: asynchronous
Path Type: max

Fanout     Cap    Slew   Delay    Time   Description
-----------------------------------------------------------------------------
                          0.00    0.00   clock SCK (rise edge)
                          0.00    0.00   clock network delay (propagated)
                          2.00    2.00 v input external delay
                  0.01    0.00    2.00 v reset (in)
     1    0.00                           reset (net)
                  0.01    0.00    2.00 v input11/A (sky130_fd_sc_hd__clkbuf_1)
                  0.02    0.07    2.07 v input11/X (sky130_fd_sc_hd__clkbuf_1)
     1    0.00                           net11 (net)
                  0.02    0.00    2.07 v _222_/A (sky130_fd_sc_hd__buf_2)
                  0.09    0.18    2.25 v _222_/X (sky130_fd_sc_hd__buf_2)
     9    0.03                           _100_ (net)
                  0.09    0.00    2.25 v _444_/A (sky130_fd_sc_hd__nor2_1)
                  0.10    0.14    2.39 ^ _444_/Y (sky130_fd_sc_hd__nor2_1)
     1    0.00                           _043_ (net)
                  0.10    0.00    2.39 ^ _489_/RESET_B (sky130_fd_sc_hd__dfrtp_1)
                                  2.39   data arrival time

                         10.00   10.00   clock SCK (rise edge)
                          0.00   10.00   clock source latency
                  0.08    0.05   10.05 ^ SCK (in)
     1    0.02                           SCK (net)
                  0.08    0.00   10.05 ^ clkbuf_0_SCK/A (sky130_fd_sc_hd__clkbuf_16)
                  0.06    0.15   10.21 ^ clkbuf_0_SCK/X (sky130_fd_sc_hd__clkbuf_16)
     4    0.04                           clknet_0_SCK (net)
                  0.06    0.00   10.21 ^ clkbuf_2_2__f_SCK/A (sky130_fd_sc_hd__clkbuf_16)
                  0.05    0.14   10.34 ^ clkbuf_2_2__f_SCK/X (sky130_fd_sc_hd__clkbuf_16)
     9    0.03                           clknet_2_2__leaf_SCK (net)
                  0.05    0.00   10.34 ^ _489_/CLK (sky130_fd_sc_hd__dfrtp_1)
                         -0.25   10.09   clock uncertainty
                          0.00   10.09   clock reconvergence pessimism
                          0.22   10.31   library recovery time
                                 10.31   data required time
-----------------------------------------------------------------------------
                                 10.31   data required time
                                 -2.39   data arrival time
-----------------------------------------------------------------------------
                                  7.92   slack (MET)


Startpoint: reset (input port clocked by SCK)
Endpoint: _487_ (recovery check against rising-edge clock SCK)
Path Group: asynchronous
Path Type: max

Fanout     Cap    Slew   Delay    Time   Description
-----------------------------------------------------------------------------
                          0.00    0.00   clock SCK (rise edge)
                          0.00    0.00   clock network delay (propagated)
                          2.00    2.00 v input external delay
                  0.01    0.00    2.00 v reset (in)
     1    0.00                           reset (net)
                  0.01    0.00    2.00 v input11/A (sky130_fd_sc_hd__clkbuf_1)
                  0.02    0.07    2.07 v input11/X (sky130_fd_sc_hd__clkbuf_1)
     1    0.00                           net11 (net)
                  0.02    0.00    2.07 v _222_/A (sky130_fd_sc_hd__buf_2)
                  0.09    0.18    2.25 v _222_/X (sky130_fd_sc_hd__buf_2)
     9    0.03                           _100_ (net)
                  0.09    0.00    2.25 v _442_/A (sky130_fd_sc_hd__nor2_1)
                  0.09    0.13    2.39 ^ _442_/Y (sky130_fd_sc_hd__nor2_1)
     1    0.00                           _041_ (net)
                  0.09    0.00    2.39 ^ _487_/RESET_B (sky130_fd_sc_hd__dfrtp_1)
                                  2.39   data arrival time

                         10.00   10.00   clock SCK (rise edge)
                          0.00   10.00   clock source latency
                  0.08    0.05   10.05 ^ SCK (in)
     1    0.02                           SCK (net)
                  0.08    0.00   10.05 ^ clkbuf_0_SCK/A (sky130_fd_sc_hd__clkbuf_16)
                  0.06    0.15   10.21 ^ clkbuf_0_SCK/X (sky130_fd_sc_hd__clkbuf_16)
     4    0.04                           clknet_0_SCK (net)
                  0.06    0.00   10.21 ^ clkbuf_2_2__f_SCK/A (sky130_fd_sc_hd__clkbuf_16)
                  0.05    0.14   10.34 ^ clkbuf_2_2__f_SCK/X (sky130_fd_sc_hd__clkbuf_16)
     9    0.03                           clknet_2_2__leaf_SCK (net)
                  0.05    0.00   10.34 ^ _487_/CLK (sky130_fd_sc_hd__dfrtp_1)
                         -0.25   10.09   clock uncertainty
                          0.00   10.09   clock reconvergence pessimism
                          0.22   10.31   library recovery time
                                 10.31   data required time
-----------------------------------------------------------------------------
                                 10.31   data required time
                                 -2.39   data arrival time
-----------------------------------------------------------------------------
                                  7.93   slack (MET)


Startpoint: _488_ (rising edge-triggered flip-flop clocked by SCK)
Endpoint: _479_ (rising edge-triggered flip-flop clocked by SCK)
Path Group: SCK
Path Type: max

Fanout     Cap    Slew   Delay    Time   Description
-----------------------------------------------------------------------------
                          0.00    0.00   clock SCK (rise edge)
                          0.00    0.00   clock source latency
                  0.08    0.06    0.06 ^ SCK (in)
     1    0.02                           SCK (net)
                  0.08    0.00    0.06 ^ clkbuf_0_SCK/A (sky130_fd_sc_hd__clkbuf_16)
                  0.06    0.17    0.23 ^ clkbuf_0_SCK/X (sky130_fd_sc_hd__clkbuf_16)
     4    0.04                           clknet_0_SCK (net)
                  0.06    0.00    0.23 ^ clkbuf_2_2__f_SCK/A (sky130_fd_sc_hd__clkbuf_16)
                  0.05    0.15    0.38 ^ clkbuf_2_2__f_SCK/X (sky130_fd_sc_hd__clkbuf_16)
     9    0.03                           clknet_2_2__leaf_SCK (net)
                  0.05    0.00    0.38 ^ _488_/CLK (sky130_fd_sc_hd__dfrtp_4)
                  0.15    0.51    0.89 ^ _488_/Q (sky130_fd_sc_hd__dfrtp_4)
     8    0.04                           state[2] (net)
                  0.15    0.00    0.89 ^ _277_/C_N (sky130_fd_sc_hd__nor3b_2)
                  0.29    0.33    1.22 ^ _277_/Y (sky130_fd_sc_hd__nor3b_2)
     3    0.02                           _134_ (net)
                  0.29    0.00    1.22 ^ max_cap38/A (sky130_fd_sc_hd__buf_2)
                  0.15    0.27    1.49 ^ max_cap38/X (sky130_fd_sc_hd__buf_2)
     6    0.03                           net38 (net)
                  0.15    0.00    1.50 ^ _282_/S (sky130_fd_sc_hd__mux2_1)
                  0.05    0.35    1.84 v _282_/X (sky130_fd_sc_hd__mux2_1)
     1    0.00                           _137_ (net)
                  0.05    0.00    1.84 v _283_/A (sky130_fd_sc_hd__clkbuf_1)
                  0.03    0.10    1.94 v _283_/X (sky130_fd_sc_hd__clkbuf_1)
     1    0.00                           _086_ (net)
                  0.03    0.00    1.94 v _479_/D (sky130_fd_sc_hd__dfrtp_1)
                                  1.94   data arrival time

                         10.00   10.00   clock SCK (rise edge)
                          0.00   10.00   clock source latency
                  0.08    0.05   10.05 ^ SCK (in)
     1    0.02                           SCK (net)
                  0.08    0.00   10.05 ^ clkbuf_0_SCK/A (sky130_fd_sc_hd__clkbuf_16)
                  0.06    0.15   10.21 ^ clkbuf_0_SCK/X (sky130_fd_sc_hd__clkbuf_16)
     4    0.04                           clknet_0_SCK (net)
                  0.06    0.00   10.21 ^ clkbuf_2_1__f_SCK/A (sky130_fd_sc_hd__clkbuf_16)
                  0.06    0.14   10.35 ^ clkbuf_2_1__f_SCK/X (sky130_fd_sc_hd__clkbuf_16)
    12    0.04                           clknet_2_1__leaf_SCK (net)
                  0.06    0.00   10.35 ^ _479_/CLK (sky130_fd_sc_hd__dfrtp_1)
                         -0.25   10.10   clock uncertainty
                          0.02   10.12   clock reconvergence pessimism
                         -0.10   10.02   library setup time
                                 10.02   data required time
-----------------------------------------------------------------------------
                                 10.02   data required time
                                 -1.94   data arrival time
-----------------------------------------------------------------------------
                                  8.08   slack (MET)


Startpoint: _489_ (rising edge-triggered flip-flop clocked by SCK)
Endpoint: _469_ (rising edge-triggered flip-flop clocked by SCK)
Path Group: SCK
Path Type: max

Fanout     Cap    Slew   Delay    Time   Description
-----------------------------------------------------------------------------
                          0.00    0.00   clock SCK (rise edge)
                          0.00    0.00   clock source latency
                  0.08    0.06    0.06 ^ SCK (in)
     1    0.02                           SCK (net)
                  0.08    0.00    0.06 ^ clkbuf_0_SCK/A (sky130_fd_sc_hd__clkbuf_16)
                  0.06    0.17    0.23 ^ clkbuf_0_SCK/X (sky130_fd_sc_hd__clkbuf_16)
     4    0.04                           clknet_0_SCK (net)
                  0.06    0.00    0.23 ^ clkbuf_2_2__f_SCK/A (sky130_fd_sc_hd__clkbuf_16)
                  0.05    0.15    0.38 ^ clkbuf_2_2__f_SCK/X (sky130_fd_sc_hd__clkbuf_16)
     9    0.03                           clknet_2_2__leaf_SCK (net)
                  0.05    0.00    0.38 ^ _489_/CLK (sky130_fd_sc_hd__dfrtp_1)
                  0.09    0.43    0.81 v _489_/Q (sky130_fd_sc_hd__dfrtp_1)
     4    0.01                           state[3] (net)
                  0.09    0.00    0.81 v _310_/A (sky130_fd_sc_hd__clkbuf_4)
                  0.09    0.22    1.04 v _310_/X (sky130_fd_sc_hd__clkbuf_4)
    10    0.04                           _155_ (net)
                  0.09    0.00    1.04 v _311_/C (sky130_fd_sc_hd__or3_2)
                  0.12    0.51    1.55 v _311_/X (sky130_fd_sc_hd__or3_2)
     3    0.02                           _156_ (net)
                  0.12    0.00    1.55 v _312_/A2 (sky130_fd_sc_hd__a21bo_1)
                  0.06    0.25    1.80 v _312_/X (sky130_fd_sc_hd__a21bo_1)
     2    0.01                           _157_ (net)
                  0.06    0.00    1.80 v _315_/A (sky130_fd_sc_hd__xnor2_1)
                  0.05    0.13    1.93 v _315_/Y (sky130_fd_sc_hd__xnor2_1)
     1    0.00                           _076_ (net)
                  0.05    0.00    1.93 v _469_/D (sky130_fd_sc_hd__dfrtp_4)
                                  1.93   data arrival time

                         10.00   10.00   clock SCK (rise edge)
                          0.00   10.00   clock source latency
                  0.08    0.05   10.05 ^ SCK (in)
     1    0.02                           SCK (net)
                  0.08    0.00   10.05 ^ clkbuf_0_SCK/A (sky130_fd_sc_hd__clkbuf_16)
                  0.06    0.15   10.21 ^ clkbuf_0_SCK/X (sky130_fd_sc_hd__clkbuf_16)
     4    0.04                           clknet_0_SCK (net)
                  0.06    0.00   10.21 ^ clkbuf_2_1__f_SCK/A (sky130_fd_sc_hd__clkbuf_16)
                  0.06    0.14   10.35 ^ clkbuf_2_1__f_SCK/X (sky130_fd_sc_hd__clkbuf_16)
    12    0.04                           clknet_2_1__leaf_SCK (net)
                  0.06    0.00   10.35 ^ _469_/CLK (sky130_fd_sc_hd__dfrtp_4)
                         -0.25   10.10   clock uncertainty
                          0.02   10.12   clock reconvergence pessimism
                         -0.11   10.01   library setup time
                                 10.01   data required time
-----------------------------------------------------------------------------
                                 10.01   data required time
                                 -1.93   data arrival time
-----------------------------------------------------------------------------
                                  8.08   slack (MET)


Startpoint: _488_ (rising edge-triggered flip-flop clocked by SCK)
Endpoint: _476_ (rising edge-triggered flip-flop clocked by SCK)
Path Group: SCK
Path Type: max

Fanout     Cap    Slew   Delay    Time   Description
-----------------------------------------------------------------------------
                          0.00    0.00   clock SCK (rise edge)
                          0.00    0.00   clock source latency
                  0.08    0.06    0.06 ^ SCK (in)
     1    0.02                           SCK (net)
                  0.08    0.00    0.06 ^ clkbuf_0_SCK/A (sky130_fd_sc_hd__clkbuf_16)
                  0.06    0.17    0.23 ^ clkbuf_0_SCK/X (sky130_fd_sc_hd__clkbuf_16)
     4    0.04                           clknet_0_SCK (net)
                  0.06    0.00    0.23 ^ clkbuf_2_2__f_SCK/A (sky130_fd_sc_hd__clkbuf_16)
                  0.05    0.15    0.38 ^ clkbuf_2_2__f_SCK/X (sky130_fd_sc_hd__clkbuf_16)
     9    0.03                           clknet_2_2__leaf_SCK (net)
                  0.05    0.00    0.38 ^ _488_/CLK (sky130_fd_sc_hd__dfrtp_4)
                  0.15    0.51    0.89 ^ _488_/Q (sky130_fd_sc_hd__dfrtp_4)
     8    0.04                           state[2] (net)
                  0.15    0.00    0.89 ^ _277_/C_N (sky130_fd_sc_hd__nor3b_2)
                  0.29    0.33    1.22 ^ _277_/Y (sky130_fd_sc_hd__nor3b_2)
     3    0.02                           _134_ (net)
                  0.29    0.00    1.22 ^ max_cap38/A (sky130_fd_sc_hd__buf_2)
                  0.15    0.27    1.49 ^ max_cap38/X (sky130_fd_sc_hd__buf_2)
     6    0.03                           net38 (net)
                  0.15    0.00    1.50 ^ _288_/S (sky130_fd_sc_hd__mux2_1)
                  0.06    0.35    1.85 v _288_/X (sky130_fd_sc_hd__mux2_1)
     1    0.00                           _140_ (net)
                  0.06    0.00    1.85 v _289_/A (sky130_fd_sc_hd__clkbuf_1)
                  0.02    0.09    1.94 v _289_/X (sky130_fd_sc_hd__clkbuf_1)
     1    0.00                           _083_ (net)
                  0.02    0.00    1.94 v _476_/D (sky130_fd_sc_hd__dfrtp_1)
                                  1.94   data arrival time

                         10.00   10.00   clock SCK (rise edge)
                          0.00   10.00   clock source latency
                  0.08    0.05   10.05 ^ SCK (in)
     1    0.02                           SCK (net)
                  0.08    0.00   10.05 ^ clkbuf_0_SCK/A (sky130_fd_sc_hd__clkbuf_16)
                  0.06    0.15   10.21 ^ clkbuf_0_SCK/X (sky130_fd_sc_hd__clkbuf_16)
     4    0.04                           clknet_0_SCK (net)
                  0.06    0.00   10.21 ^ clkbuf_2_1__f_SCK/A (sky130_fd_sc_hd__clkbuf_16)
                  0.06    0.14   10.35 ^ clkbuf_2_1__f_SCK/X (sky130_fd_sc_hd__clkbuf_16)
    12    0.04                           clknet_2_1__leaf_SCK (net)
                  0.06    0.00   10.35 ^ _476_/CLK (sky130_fd_sc_hd__dfrtp_1)
                         -0.25   10.10   clock uncertainty
                          0.02   10.12   clock reconvergence pessimism
                         -0.10   10.02   library setup time
                                 10.02   data required time
-----------------------------------------------------------------------------
                                 10.02   data required time
                                 -1.94   data arrival time
-----------------------------------------------------------------------------
                                  8.08   slack (MET)


Startpoint: _488_ (rising edge-triggered flip-flop clocked by SCK)
Endpoint: _477_ (rising edge-triggered flip-flop clocked by SCK)
Path Group: SCK
Path Type: max

Fanout     Cap    Slew   Delay    Time   Description
-----------------------------------------------------------------------------
                          0.00    0.00   clock SCK (rise edge)
                          0.00    0.00   clock source latency
                  0.08    0.06    0.06 ^ SCK (in)
     1    0.02                           SCK (net)
                  0.08    0.00    0.06 ^ clkbuf_0_SCK/A (sky130_fd_sc_hd__clkbuf_16)
                  0.06    0.17    0.23 ^ clkbuf_0_SCK/X (sky130_fd_sc_hd__clkbuf_16)
     4    0.04                           clknet_0_SCK (net)
                  0.06    0.00    0.23 ^ clkbuf_2_2__f_SCK/A (sky130_fd_sc_hd__clkbuf_16)
                  0.05    0.15    0.38 ^ clkbuf_2_2__f_SCK/X (sky130_fd_sc_hd__clkbuf_16)
     9    0.03                           clknet_2_2__leaf_SCK (net)
                  0.05    0.00    0.38 ^ _488_/CLK (sky130_fd_sc_hd__dfrtp_4)
                  0.15    0.51    0.89 ^ _488_/Q (sky130_fd_sc_hd__dfrtp_4)
     8    0.04                           state[2] (net)
                  0.15    0.00    0.89 ^ _277_/C_N (sky130_fd_sc_hd__nor3b_2)
                  0.29    0.33    1.22 ^ _277_/Y (sky130_fd_sc_hd__nor3b_2)
     3    0.02                           _134_ (net)
                  0.29    0.00    1.22 ^ max_cap38/A (sky130_fd_sc_hd__buf_2)
                  0.15    0.27    1.49 ^ max_cap38/X (sky130_fd_sc_hd__buf_2)
     6    0.03                           net38 (net)
                  0.15    0.00    1.50 ^ _286_/S (sky130_fd_sc_hd__mux2_1)
                  0.05    0.35    1.84 v _286_/X (sky130_fd_sc_hd__mux2_1)
     1    0.00                           _139_ (net)
                  0.05    0.00    1.84 v _287_/A (sky130_fd_sc_hd__clkbuf_1)
                  0.03    0.09    1.94 v _287_/X (sky130_fd_sc_hd__clkbuf_1)
     1    0.00                           _084_ (net)
                  0.03    0.00    1.94 v _477_/D (sky130_fd_sc_hd__dfrtp_1)
                                  1.94   data arrival time

                         10.00   10.00   clock SCK (rise edge)
                          0.00   10.00   clock source latency
                  0.08    0.05   10.05 ^ SCK (in)
     1    0.02                           SCK (net)
                  0.08    0.00   10.05 ^ clkbuf_0_SCK/A (sky130_fd_sc_hd__clkbuf_16)
                  0.06    0.15   10.21 ^ clkbuf_0_SCK/X (sky130_fd_sc_hd__clkbuf_16)
     4    0.04                           clknet_0_SCK (net)
                  0.06    0.00   10.21 ^ clkbuf_2_1__f_SCK/A (sky130_fd_sc_hd__clkbuf_16)
                  0.06    0.14   10.35 ^ clkbuf_2_1__f_SCK/X (sky130_fd_sc_hd__clkbuf_16)
    12    0.04                           clknet_2_1__leaf_SCK (net)
                  0.06    0.00   10.35 ^ _477_/CLK (sky130_fd_sc_hd__dfrtp_1)
                         -0.25   10.10   clock uncertainty
                          0.02   10.12   clock reconvergence pessimism
                         -0.10   10.02   library setup time
                                 10.02   data required time
-----------------------------------------------------------------------------
                                 10.02   data required time
                                 -1.94   data arrival time
-----------------------------------------------------------------------------
                                  8.08   slack (MET)


Startpoint: _488_ (rising edge-triggered flip-flop clocked by SCK)
Endpoint: _478_ (rising edge-triggered flip-flop clocked by SCK)
Path Group: SCK
Path Type: max

Fanout     Cap    Slew   Delay    Time   Description
-----------------------------------------------------------------------------
                          0.00    0.00   clock SCK (rise edge)
                          0.00    0.00   clock source latency
                  0.08    0.06    0.06 ^ SCK (in)
     1    0.02                           SCK (net)
                  0.08    0.00    0.06 ^ clkbuf_0_SCK/A (sky130_fd_sc_hd__clkbuf_16)
                  0.06    0.17    0.23 ^ clkbuf_0_SCK/X (sky130_fd_sc_hd__clkbuf_16)
     4    0.04                           clknet_0_SCK (net)
                  0.06    0.00    0.23 ^ clkbuf_2_2__f_SCK/A (sky130_fd_sc_hd__clkbuf_16)
                  0.05    0.15    0.38 ^ clkbuf_2_2__f_SCK/X (sky130_fd_sc_hd__clkbuf_16)
     9    0.03                           clknet_2_2__leaf_SCK (net)
                  0.05    0.00    0.38 ^ _488_/CLK (sky130_fd_sc_hd__dfrtp_4)
                  0.15    0.51    0.89 ^ _488_/Q (sky130_fd_sc_hd__dfrtp_4)
     8    0.04                           state[2] (net)
                  0.15    0.00    0.89 ^ _277_/C_N (sky130_fd_sc_hd__nor3b_2)
                  0.29    0.33    1.22 ^ _277_/Y (sky130_fd_sc_hd__nor3b_2)
     3    0.02                           _134_ (net)
                  0.29    0.00    1.22 ^ max_cap38/A (sky130_fd_sc_hd__buf_2)
                  0.15    0.27    1.49 ^ max_cap38/X (sky130_fd_sc_hd__buf_2)
     6    0.03                           net38 (net)
                  0.15    0.00    1.50 ^ _284_/S (sky130_fd_sc_hd__mux2_1)
                  0.05    0.35    1.84 v _284_/X (sky130_fd_sc_hd__mux2_1)
     1    0.00                           _138_ (net)
                  0.05    0.00    1.84 v _285_/A (sky130_fd_sc_hd__clkbuf_1)
                  0.03    0.10    1.94 v _285_/X (sky130_fd_sc_hd__clkbuf_1)
     1    0.00                           _085_ (net)
                  0.03    0.00    1.94 v _478_/D (sky130_fd_sc_hd__dfrtp_1)
                                  1.94   data arrival time

                         10.00   10.00   clock SCK (rise edge)
                          0.00   10.00   clock source latency
                  0.08    0.05   10.05 ^ SCK (in)
     1    0.02                           SCK (net)
                  0.08    0.00   10.05 ^ clkbuf_0_SCK/A (sky130_fd_sc_hd__clkbuf_16)
                  0.06    0.15   10.21 ^ clkbuf_0_SCK/X (sky130_fd_sc_hd__clkbuf_16)
     4    0.04                           clknet_0_SCK (net)
                  0.06    0.00   10.21 ^ clkbuf_2_1__f_SCK/A (sky130_fd_sc_hd__clkbuf_16)
                  0.06    0.14   10.35 ^ clkbuf_2_1__f_SCK/X (sky130_fd_sc_hd__clkbuf_16)
    12    0.04                           clknet_2_1__leaf_SCK (net)
                  0.06    0.00   10.35 ^ _478_/CLK (sky130_fd_sc_hd__dfrtp_1)
                         -0.25   10.10   clock uncertainty
                          0.02   10.12   clock reconvergence pessimism
                         -0.10   10.02   library setup time
                                 10.02   data required time
-----------------------------------------------------------------------------
                                 10.02   data required time
                                 -1.94   data arrival time
-----------------------------------------------------------------------------
                                  8.08   slack (MET)


Startpoint: _489_ (rising edge-triggered flip-flop clocked by SCK)
Endpoint: _454_ (rising edge-triggered flip-flop clocked by SCK)
Path Group: SCK
Path Type: max

Fanout     Cap    Slew   Delay    Time   Description
-----------------------------------------------------------------------------
                          0.00    0.00   clock SCK (rise edge)
                          0.00    0.00   clock source latency
                  0.08    0.06    0.06 ^ SCK (in)
     1    0.02                           SCK (net)
                  0.08    0.00    0.06 ^ clkbuf_0_SCK/A (sky130_fd_sc_hd__clkbuf_16)
                  0.06    0.17    0.23 ^ clkbuf_0_SCK/X (sky130_fd_sc_hd__clkbuf_16)
     4    0.04                           clknet_0_SCK (net)
                  0.06    0.00    0.23 ^ clkbuf_2_2__f_SCK/A (sky130_fd_sc_hd__clkbuf_16)
                  0.05    0.15    0.38 ^ clkbuf_2_2__f_SCK/X (sky130_fd_sc_hd__clkbuf_16)
     9    0.03                           clknet_2_2__leaf_SCK (net)
                  0.05    0.00    0.38 ^ _489_/CLK (sky130_fd_sc_hd__dfrtp_1)
                  0.09    0.43    0.81 v _489_/Q (sky130_fd_sc_hd__dfrtp_1)
     4    0.01                           state[3] (net)
                  0.09    0.00    0.81 v _310_/A (sky130_fd_sc_hd__clkbuf_4)
                  0.09    0.22    1.04 v _310_/X (sky130_fd_sc_hd__clkbuf_4)
    10    0.04                           _155_ (net)
                  0.09    0.00    1.04 v _311_/C (sky130_fd_sc_hd__or3_2)
                  0.12    0.51    1.55 v _311_/X (sky130_fd_sc_hd__or3_2)
     3    0.02                           _156_ (net)
                  0.12    0.00    1.55 v _374_/C1 (sky130_fd_sc_hd__o211a_1)
                  0.04    0.15    1.70 v _374_/X (sky130_fd_sc_hd__o211a_1)
     1    0.00                           _203_ (net)
                  0.04    0.00    1.70 v _375_/B1 (sky130_fd_sc_hd__a22o_1)
                  0.04    0.18    1.88 v _375_/X (sky130_fd_sc_hd__a22o_1)
     1    0.00                           _061_ (net)
                  0.04    0.00    1.88 v _454_/D (sky130_fd_sc_hd__dfrtp_1)
                                  1.88   data arrival time

                         10.00   10.00   clock SCK (rise edge)
                          0.00   10.00   clock source latency
                  0.08    0.05   10.05 ^ SCK (in)
     1    0.02                           SCK (net)
                  0.08    0.00   10.05 ^ clkbuf_0_SCK/A (sky130_fd_sc_hd__clkbuf_16)
                  0.06    0.15   10.21 ^ clkbuf_0_SCK/X (sky130_fd_sc_hd__clkbuf_16)
     4    0.04                           clknet_0_SCK (net)
                  0.06    0.00   10.21 ^ clkbuf_2_3__f_SCK/A (sky130_fd_sc_hd__clkbuf_16)
                  0.04    0.13   10.33 ^ clkbuf_2_3__f_SCK/X (sky130_fd_sc_hd__clkbuf_16)
     6    0.02                           clknet_2_3__leaf_SCK (net)
                  0.04    0.00   10.33 ^ _454_/CLK (sky130_fd_sc_hd__dfrtp_1)
                         -0.25   10.08   clock uncertainty
                          0.02   10.10   clock reconvergence pessimism
                         -0.11    9.99   library setup time
                                  9.99   data required time
-----------------------------------------------------------------------------
                                  9.99   data required time
                                 -1.88   data arrival time
-----------------------------------------------------------------------------
                                  8.11   slack (MET)


Startpoint: _468_ (rising edge-triggered flip-flop clocked by SCK)
Endpoint: _458_ (rising edge-triggered flip-flop clocked by SCK)
Path Group: SCK
Path Type: max

Fanout     Cap    Slew   Delay    Time   Description
-----------------------------------------------------------------------------
                          0.00    0.00   clock SCK (rise edge)
                          0.00    0.00   clock source latency
                  0.08    0.06    0.06 ^ SCK (in)
     1    0.02                           SCK (net)
                  0.08    0.00    0.06 ^ clkbuf_0_SCK/A (sky130_fd_sc_hd__clkbuf_16)
                  0.06    0.17    0.23 ^ clkbuf_0_SCK/X (sky130_fd_sc_hd__clkbuf_16)
     4    0.04                           clknet_0_SCK (net)
                  0.06    0.00    0.23 ^ clkbuf_2_1__f_SCK/A (sky130_fd_sc_hd__clkbuf_16)
                  0.06    0.16    0.39 ^ clkbuf_2_1__f_SCK/X (sky130_fd_sc_hd__clkbuf_16)
    12    0.04                           clknet_2_1__leaf_SCK (net)
                  0.06    0.00    0.39 ^ _468_/CLK (sky130_fd_sc_hd__dfrtp_4)
                  0.09    0.55    0.93 v _468_/Q (sky130_fd_sc_hd__dfrtp_4)
     9    0.03                           count[1] (net)
                  0.09    0.00    0.93 v _261_/B (sky130_fd_sc_hd__and3_1)
                  0.03    0.18    1.12 v _261_/X (sky130_fd_sc_hd__and3_1)
     1    0.00                           _122_ (net)
                  0.03    0.00    1.12 v _262_/A (sky130_fd_sc_hd__buf_2)
                  0.09    0.18    1.30 v _262_/X (sky130_fd_sc_hd__buf_2)
     8    0.03                           _123_ (net)
                  0.09    0.00    1.30 v _366_/B (sky130_fd_sc_hd__nand2_1)
                  0.11    0.14    1.44 ^ _366_/Y (sky130_fd_sc_hd__nand2_1)
     2    0.01                           _199_ (net)
                  0.11    0.00    1.44 ^ _367_/S (sky130_fd_sc_hd__mux2_1)
                  0.05    0.34    1.78 v _367_/X (sky130_fd_sc_hd__mux2_1)
     1    0.00                           _200_ (net)
                  0.05    0.00    1.78 v _368_/A (sky130_fd_sc_hd__clkbuf_1)
                  0.02    0.09    1.87 v _368_/X (sky130_fd_sc_hd__clkbuf_1)
     1    0.00                           _065_ (net)
                  0.02    0.00    1.87 v _458_/D (sky130_fd_sc_hd__dfrtp_1)
                                  1.87   data arrival time

                         10.00   10.00   clock SCK (rise edge)
                          0.00   10.00   clock source latency
                  0.08    0.05   10.05 ^ SCK (in)
     1    0.02                           SCK (net)
                  0.08    0.00   10.05 ^ clkbuf_0_SCK/A (sky130_fd_sc_hd__clkbuf_16)
                  0.06    0.15   10.21 ^ clkbuf_0_SCK/X (sky130_fd_sc_hd__clkbuf_16)
     4    0.04                           clknet_0_SCK (net)
                  0.06    0.00   10.21 ^ clkbuf_2_2__f_SCK/A (sky130_fd_sc_hd__clkbuf_16)
                  0.05    0.14   10.34 ^ clkbuf_2_2__f_SCK/X (sky130_fd_sc_hd__clkbuf_16)
     9    0.03                           clknet_2_2__leaf_SCK (net)
                  0.05    0.00   10.34 ^ _458_/CLK (sky130_fd_sc_hd__dfrtp_1)
                         -0.25   10.09   clock uncertainty
                          0.02   10.12   clock reconvergence pessimism
                         -0.10   10.01   library setup time
                                 10.01   data required time
-----------------------------------------------------------------------------
                                 10.01   data required time
                                 -1.87   data arrival time
-----------------------------------------------------------------------------
                                  8.14   slack (MET)


Startpoint: _489_ (rising edge-triggered flip-flop clocked by SCK)
Endpoint: _468_ (rising edge-triggered flip-flop clocked by SCK)
Path Group: SCK
Path Type: max

Fanout     Cap    Slew   Delay    Time   Description
-----------------------------------------------------------------------------
                          0.00    0.00   clock SCK (rise edge)
                          0.00    0.00   clock source latency
                  0.08    0.06    0.06 ^ SCK (in)
     1    0.02                           SCK (net)
                  0.08    0.00    0.06 ^ clkbuf_0_SCK/A (sky130_fd_sc_hd__clkbuf_16)
                  0.06    0.17    0.23 ^ clkbuf_0_SCK/X (sky130_fd_sc_hd__clkbuf_16)
     4    0.04                           clknet_0_SCK (net)
                  0.06    0.00    0.23 ^ clkbuf_2_2__f_SCK/A (sky130_fd_sc_hd__clkbuf_16)
                  0.05    0.15    0.38 ^ clkbuf_2_2__f_SCK/X (sky130_fd_sc_hd__clkbuf_16)
     9    0.03                           clknet_2_2__leaf_SCK (net)
                  0.05    0.00    0.38 ^ _489_/CLK (sky130_fd_sc_hd__dfrtp_1)
                  0.09    0.43    0.81 v _489_/Q (sky130_fd_sc_hd__dfrtp_1)
     4    0.01                           state[3] (net)
                  0.09    0.00    0.81 v _310_/A (sky130_fd_sc_hd__clkbuf_4)
                  0.09    0.22    1.04 v _310_/X (sky130_fd_sc_hd__clkbuf_4)
    10    0.04                           _155_ (net)
                  0.09    0.00    1.04 v _311_/C (sky130_fd_sc_hd__or3_2)
                  0.12    0.51    1.55 v _311_/X (sky130_fd_sc_hd__or3_2)
     3    0.02                           _156_ (net)
                  0.12    0.00    1.55 v _312_/A2 (sky130_fd_sc_hd__a21bo_1)
                  0.06    0.25    1.80 v _312_/X (sky130_fd_sc_hd__a21bo_1)
     2    0.01                           _157_ (net)
                  0.06    0.00    1.80 v _319_/B1 (sky130_fd_sc_hd__o21ai_1)
                  0.12    0.09    1.89 ^ _319_/Y (sky130_fd_sc_hd__o21ai_1)
     1    0.00                           _075_ (net)
                  0.12    0.00    1.89 ^ _468_/D (sky130_fd_sc_hd__dfrtp_4)
                                  1.89   data arrival time

                         10.00   10.00   clock SCK (rise edge)
                          0.00   10.00   clock source latency
                  0.08    0.05   10.05 ^ SCK (in)
     1    0.02                           SCK (net)
                  0.08    0.00   10.05 ^ clkbuf_0_SCK/A (sky130_fd_sc_hd__clkbuf_16)
                  0.06    0.15   10.21 ^ clkbuf_0_SCK/X (sky130_fd_sc_hd__clkbuf_16)
     4    0.04                           clknet_0_SCK (net)
                  0.06    0.00   10.21 ^ clkbuf_2_1__f_SCK/A (sky130_fd_sc_hd__clkbuf_16)
                  0.06    0.14   10.35 ^ clkbuf_2_1__f_SCK/X (sky130_fd_sc_hd__clkbuf_16)
    12    0.04                           clknet_2_1__leaf_SCK (net)
                  0.06    0.00   10.35 ^ _468_/CLK (sky130_fd_sc_hd__dfrtp_4)
                         -0.25   10.10   clock uncertainty
                          0.02   10.12   clock reconvergence pessimism
                         -0.08   10.04   library setup time
                                 10.04   data required time
-----------------------------------------------------------------------------
                                 10.04   data required time
                                 -1.89   data arrival time
-----------------------------------------------------------------------------
                                  8.15   slack (MET)


Startpoint: _467_ (rising edge-triggered flip-flop clocked by SCK)
Endpoint: _486_ (rising edge-triggered flip-flop clocked by SCK)
Path Group: SCK
Path Type: max

Fanout     Cap    Slew   Delay    Time   Description
-----------------------------------------------------------------------------
                          0.00    0.00   clock SCK (rise edge)
                          0.00    0.00   clock source latency
                  0.08    0.06    0.06 ^ SCK (in)
     1    0.02                           SCK (net)
                  0.08    0.00    0.06 ^ clkbuf_0_SCK/A (sky130_fd_sc_hd__clkbuf_16)
                  0.06    0.17    0.23 ^ clkbuf_0_SCK/X (sky130_fd_sc_hd__clkbuf_16)
     4    0.04                           clknet_0_SCK (net)
                  0.06    0.00    0.23 ^ clkbuf_2_1__f_SCK/A (sky130_fd_sc_hd__clkbuf_16)
                  0.06    0.16    0.39 ^ clkbuf_2_1__f_SCK/X (sky130_fd_sc_hd__clkbuf_16)
    12    0.04                           clknet_2_1__leaf_SCK (net)
                  0.06    0.00    0.39 ^ _467_/CLK (sky130_fd_sc_hd__dfrtp_1)
                  0.09    0.38    0.76 ^ _467_/Q (sky130_fd_sc_hd__dfrtp_1)
     3    0.01                           count[0] (net)
                  0.09    0.00    0.76 ^ _265_/A (sky130_fd_sc_hd__clkbuf_4)
                  0.13    0.22    0.98 ^ _265_/X (sky130_fd_sc_hd__clkbuf_4)
    10    0.04                           _125_ (net)
                  0.13    0.00    0.99 ^ _380_/C (sky130_fd_sc_hd__nand3_1)
                  0.07    0.10    1.09 v _380_/Y (sky130_fd_sc_hd__nand3_1)
     2    0.00                           _205_ (net)
                  0.07    0.00    1.09 v _381_/D (sky130_fd_sc_hd__or4_1)
                  0.12    0.47    1.56 v _381_/X (sky130_fd_sc_hd__or4_1)
     2    0.01                           _206_ (net)
                  0.12    0.00    1.56 v _383_/A2_N (sky130_fd_sc_hd__a2bb2o_1)
                  0.07    0.29    1.85 ^ _383_/X (sky130_fd_sc_hd__a2bb2o_1)
     1    0.01                           _001_ (net)
                  0.07    0.00    1.85 ^ _486_/D (sky130_fd_sc_hd__dfstp_2)
                                  1.85   data arrival time

                         10.00   10.00   clock SCK (rise edge)
                          0.00   10.00   clock source latency
                  0.08    0.05   10.05 ^ SCK (in)
     1    0.02                           SCK (net)
                  0.08    0.00   10.05 ^ clkbuf_0_SCK/A (sky130_fd_sc_hd__clkbuf_16)
                  0.06    0.15   10.21 ^ clkbuf_0_SCK/X (sky130_fd_sc_hd__clkbuf_16)
     4    0.04                           clknet_0_SCK (net)
                  0.06    0.00   10.21 ^ clkbuf_2_0__f_SCK/A (sky130_fd_sc_hd__clkbuf_16)
                  0.05    0.13   10.34 ^ clkbuf_2_0__f_SCK/X (sky130_fd_sc_hd__clkbuf_16)
     9    0.03                           clknet_2_0__leaf_SCK (net)
                  0.05    0.00   10.34 ^ _486_/CLK (sky130_fd_sc_hd__dfstp_2)
                         -0.25   10.09   clock uncertainty
                          0.02   10.11   clock reconvergence pessimism
                         -0.06   10.06   library setup time
                                 10.06   data required time
-----------------------------------------------------------------------------
                                 10.06   data required time
                                 -1.85   data arrival time
-----------------------------------------------------------------------------
                                  8.20   slack (MET)


Startpoint: _467_ (rising edge-triggered flip-flop clocked by SCK)
Endpoint: _488_ (rising edge-triggered flip-flop clocked by SCK)
Path Group: SCK
Path Type: max

Fanout     Cap    Slew   Delay    Time   Description
-----------------------------------------------------------------------------
                          0.00    0.00   clock SCK (rise edge)
                          0.00    0.00   clock source latency
                  0.08    0.06    0.06 ^ SCK (in)
     1    0.02                           SCK (net)
                  0.08    0.00    0.06 ^ clkbuf_0_SCK/A (sky130_fd_sc_hd__clkbuf_16)
                  0.06    0.17    0.23 ^ clkbuf_0_SCK/X (sky130_fd_sc_hd__clkbuf_16)
     4    0.04                           clknet_0_SCK (net)
                  0.06    0.00    0.23 ^ clkbuf_2_1__f_SCK/A (sky130_fd_sc_hd__clkbuf_16)
                  0.06    0.16    0.39 ^ clkbuf_2_1__f_SCK/X (sky130_fd_sc_hd__clkbuf_16)
    12    0.04                           clknet_2_1__leaf_SCK (net)
                  0.06    0.00    0.39 ^ _467_/CLK (sky130_fd_sc_hd__dfrtp_1)
                  0.09    0.38    0.76 ^ _467_/Q (sky130_fd_sc_hd__dfrtp_1)
     3    0.01                           count[0] (net)
                  0.09    0.00    0.76 ^ _265_/A (sky130_fd_sc_hd__clkbuf_4)
                  0.13    0.22    0.98 ^ _265_/X (sky130_fd_sc_hd__clkbuf_4)
    10    0.04                           _125_ (net)
                  0.13    0.00    0.99 ^ _380_/C (sky130_fd_sc_hd__nand3_1)
                  0.07    0.10    1.09 v _380_/Y (sky130_fd_sc_hd__nand3_1)
     2    0.00                           _205_ (net)
                  0.07    0.00    1.09 v _381_/D (sky130_fd_sc_hd__or4_1)
                  0.12    0.47    1.56 v _381_/X (sky130_fd_sc_hd__or4_1)
     2    0.01                           _206_ (net)
                  0.12    0.00    1.56 v _382_/B1 (sky130_fd_sc_hd__a22o_1)
                  0.04    0.21    1.77 v _382_/X (sky130_fd_sc_hd__a22o_1)
     1    0.00                           _003_ (net)
                  0.04    0.00    1.77 v _488_/D (sky130_fd_sc_hd__dfrtp_4)
                                  1.77   data arrival time

                         10.00   10.00   clock SCK (rise edge)
                          0.00   10.00   clock source latency
                  0.08    0.05   10.05 ^ SCK (in)
     1    0.02                           SCK (net)
                  0.08    0.00   10.05 ^ clkbuf_0_SCK/A (sky130_fd_sc_hd__clkbuf_16)
                  0.06    0.15   10.21 ^ clkbuf_0_SCK/X (sky130_fd_sc_hd__clkbuf_16)
     4    0.04                           clknet_0_SCK (net)
                  0.06    0.00   10.21 ^ clkbuf_2_2__f_SCK/A (sky130_fd_sc_hd__clkbuf_16)
                  0.05    0.14   10.34 ^ clkbuf_2_2__f_SCK/X (sky130_fd_sc_hd__clkbuf_16)
     9    0.03                           clknet_2_2__leaf_SCK (net)
                  0.05    0.00   10.34 ^ _488_/CLK (sky130_fd_sc_hd__dfrtp_4)
                         -0.25   10.09   clock uncertainty
                          0.02   10.11   clock reconvergence pessimism
                         -0.11   10.01   library setup time
                                 10.01   data required time
-----------------------------------------------------------------------------
                                 10.01   data required time
                                 -1.77   data arrival time
-----------------------------------------------------------------------------
                                  8.24   slack (MET)


Startpoint: _489_ (rising edge-triggered flip-flop clocked by SCK)
Endpoint: _467_ (rising edge-triggered flip-flop clocked by SCK)
Path Group: SCK
Path Type: max

Fanout     Cap    Slew   Delay    Time   Description
-----------------------------------------------------------------------------
                          0.00    0.00   clock SCK (rise edge)
                          0.00    0.00   clock source latency
                  0.08    0.06    0.06 ^ SCK (in)
     1    0.02                           SCK (net)
                  0.08    0.00    0.06 ^ clkbuf_0_SCK/A (sky130_fd_sc_hd__clkbuf_16)
                  0.06    0.17    0.23 ^ clkbuf_0_SCK/X (sky130_fd_sc_hd__clkbuf_16)
     4    0.04                           clknet_0_SCK (net)
                  0.06    0.00    0.23 ^ clkbuf_2_2__f_SCK/A (sky130_fd_sc_hd__clkbuf_16)
                  0.05    0.15    0.38 ^ clkbuf_2_2__f_SCK/X (sky130_fd_sc_hd__clkbuf_16)
     9    0.03                           clknet_2_2__leaf_SCK (net)
                  0.05    0.00    0.38 ^ _489_/CLK (sky130_fd_sc_hd__dfrtp_1)
                  0.09    0.43    0.81 v _489_/Q (sky130_fd_sc_hd__dfrtp_1)
     4    0.01                           state[3] (net)
                  0.09    0.00    0.81 v _310_/A (sky130_fd_sc_hd__clkbuf_4)
                  0.09    0.22    1.04 v _310_/X (sky130_fd_sc_hd__clkbuf_4)
    10    0.04                           _155_ (net)
                  0.09    0.00    1.04 v _311_/C (sky130_fd_sc_hd__or3_2)
                  0.12    0.51    1.55 v _311_/X (sky130_fd_sc_hd__or3_2)
     3    0.02                           _156_ (net)
                  0.12    0.00    1.55 v _320_/B (sky130_fd_sc_hd__xor2_1)
                  0.05    0.17    1.72 v _320_/X (sky130_fd_sc_hd__xor2_1)
     1    0.00                           _074_ (net)
                  0.05    0.00    1.72 v _467_/D (sky130_fd_sc_hd__dfrtp_1)
                                  1.72   data arrival time

                         10.00   10.00   clock SCK (rise edge)
                          0.00   10.00   clock source latency
                  0.08    0.05   10.05 ^ SCK (in)
     1    0.02                           SCK (net)
                  0.08    0.00   10.05 ^ clkbuf_0_SCK/A (sky130_fd_sc_hd__clkbuf_16)
                  0.06    0.15   10.21 ^ clkbuf_0_SCK/X (sky130_fd_sc_hd__clkbuf_16)
     4    0.04                           clknet_0_SCK (net)
                  0.06    0.00   10.21 ^ clkbuf_2_1__f_SCK/A (sky130_fd_sc_hd__clkbuf_16)
                  0.06    0.14   10.35 ^ clkbuf_2_1__f_SCK/X (sky130_fd_sc_hd__clkbuf_16)
    12    0.04                           clknet_2_1__leaf_SCK (net)
                  0.06    0.00   10.35 ^ _467_/CLK (sky130_fd_sc_hd__dfrtp_1)
                         -0.25   10.10   clock uncertainty
                          0.02   10.12   clock reconvergence pessimism
                         -0.11   10.01   library setup time
                                 10.01   data required time
-----------------------------------------------------------------------------
                                 10.01   data required time
                                 -1.72   data arrival time
-----------------------------------------------------------------------------
                                  8.29   slack (MET)


Startpoint: _469_ (rising edge-triggered flip-flop clocked by SCK)
Endpoint: _489_ (rising edge-triggered flip-flop clocked by SCK)
Path Group: SCK
Path Type: max

Fanout     Cap    Slew   Delay    Time   Description
-----------------------------------------------------------------------------
                          0.00    0.00   clock SCK (rise edge)
                          0.00    0.00   clock source latency
                  0.08    0.06    0.06 ^ SCK (in)
     1    0.02                           SCK (net)
                  0.08    0.00    0.06 ^ clkbuf_0_SCK/A (sky130_fd_sc_hd__clkbuf_16)
                  0.06    0.17    0.23 ^ clkbuf_0_SCK/X (sky130_fd_sc_hd__clkbuf_16)
     4    0.04                           clknet_0_SCK (net)
                  0.06    0.00    0.23 ^ clkbuf_2_1__f_SCK/A (sky130_fd_sc_hd__clkbuf_16)
                  0.06    0.16    0.39 ^ clkbuf_2_1__f_SCK/X (sky130_fd_sc_hd__clkbuf_16)
    12    0.04                           clknet_2_1__leaf_SCK (net)
                  0.06    0.00    0.39 ^ _469_/CLK (sky130_fd_sc_hd__dfrtp_4)
                  0.12    0.49    0.88 ^ _469_/Q (sky130_fd_sc_hd__dfrtp_4)
     9    0.03                           count[2] (net)
                  0.12    0.00    0.88 ^ _261_/A (sky130_fd_sc_hd__and3_1)
                  0.05    0.16    1.04 ^ _261_/X (sky130_fd_sc_hd__and3_1)
     1    0.00                           _122_ (net)
                  0.05    0.00    1.04 ^ _262_/A (sky130_fd_sc_hd__buf_2)
                  0.17    0.21    1.25 ^ _262_/X (sky130_fd_sc_hd__buf_2)
     8    0.03                           _123_ (net)
                  0.17    0.00    1.25 ^ _366_/B (sky130_fd_sc_hd__nand2_1)
                  0.09    0.13    1.38 v _366_/Y (sky130_fd_sc_hd__nand2_1)
     2    0.01                           _199_ (net)
                  0.09    0.00    1.38 v _378_/A3 (sky130_fd_sc_hd__o32a_1)
                  0.06    0.32    1.71 v _378_/X (sky130_fd_sc_hd__o32a_1)
     1    0.00                           _204_ (net)
                  0.06    0.00    1.71 v _379_/A (sky130_fd_sc_hd__inv_2)
                  0.03    0.05    1.75 ^ _379_/Y (sky130_fd_sc_hd__inv_2)
     1    0.00                           _004_ (net)
                  0.03    0.00    1.75 ^ _489_/D (sky130_fd_sc_hd__dfrtp_1)
                                  1.75   data arrival time

                         10.00   10.00   clock SCK (rise edge)
                          0.00   10.00   clock source latency
                  0.08    0.05   10.05 ^ SCK (in)
     1    0.02                           SCK (net)
                  0.08    0.00   10.05 ^ clkbuf_0_SCK/A (sky130_fd_sc_hd__clkbuf_16)
                  0.06    0.15   10.21 ^ clkbuf_0_SCK/X (sky130_fd_sc_hd__clkbuf_16)
     4    0.04                           clknet_0_SCK (net)
                  0.06    0.00   10.21 ^ clkbuf_2_2__f_SCK/A (sky130_fd_sc_hd__clkbuf_16)
                  0.05    0.14   10.34 ^ clkbuf_2_2__f_SCK/X (sky130_fd_sc_hd__clkbuf_16)
     9    0.03                           clknet_2_2__leaf_SCK (net)
                  0.05    0.00   10.34 ^ _489_/CLK (sky130_fd_sc_hd__dfrtp_1)
                         -0.25   10.09   clock uncertainty
                          0.02   10.11   clock reconvergence pessimism
                         -0.05   10.06   library setup time
                                 10.06   data required time
-----------------------------------------------------------------------------
                                 10.06   data required time
                                 -1.75   data arrival time
-----------------------------------------------------------------------------
                                  8.31   slack (MET)


Startpoint: _489_ (rising edge-triggered flip-flop clocked by SCK)
Endpoint: _457_ (rising edge-triggered flip-flop clocked by SCK)
Path Group: SCK
Path Type: max

Fanout     Cap    Slew   Delay    Time   Description
-----------------------------------------------------------------------------
                          0.00    0.00   clock SCK (rise edge)
                          0.00    0.00   clock source latency
                  0.08    0.06    0.06 ^ SCK (in)
     1    0.02                           SCK (net)
                  0.08    0.00    0.06 ^ clkbuf_0_SCK/A (sky130_fd_sc_hd__clkbuf_16)
                  0.06    0.17    0.23 ^ clkbuf_0_SCK/X (sky130_fd_sc_hd__clkbuf_16)
     4    0.04                           clknet_0_SCK (net)
                  0.06    0.00    0.23 ^ clkbuf_2_2__f_SCK/A (sky130_fd_sc_hd__clkbuf_16)
                  0.05    0.15    0.38 ^ clkbuf_2_2__f_SCK/X (sky130_fd_sc_hd__clkbuf_16)
     9    0.03                           clknet_2_2__leaf_SCK (net)
                  0.05    0.00    0.38 ^ _489_/CLK (sky130_fd_sc_hd__dfrtp_1)
                  0.15    0.42    0.80 ^ _489_/Q (sky130_fd_sc_hd__dfrtp_1)
     4    0.02                           state[3] (net)
                  0.15    0.00    0.80 ^ _310_/A (sky130_fd_sc_hd__clkbuf_4)
                  0.14    0.25    1.06 ^ _310_/X (sky130_fd_sc_hd__clkbuf_4)
    10    0.04                           _155_ (net)
                  0.14    0.00    1.06 ^ _317_/A (sky130_fd_sc_hd__inv_2)
                  0.07    0.09    1.15 v _317_/Y (sky130_fd_sc_hd__inv_2)
     6    0.02                           _161_ (net)
                  0.07    0.00    1.15 v _318_/C (sky130_fd_sc_hd__and3_2)
                  0.08    0.28    1.43 v _318_/X (sky130_fd_sc_hd__and3_2)
     4    0.02                           _162_ (net)
                  0.08    0.00    1.43 v _370_/A3 (sky130_fd_sc_hd__a31o_1)
                  0.04    0.23    1.67 v _370_/X (sky130_fd_sc_hd__a31o_1)
     1    0.00                           _064_ (net)
                  0.04    0.00    1.67 v _457_/D (sky130_fd_sc_hd__dfrtp_1)
                                  1.67   data arrival time

                         10.00   10.00   clock SCK (rise edge)
                          0.00   10.00   clock source latency
                  0.08    0.05   10.05 ^ SCK (in)
     1    0.02                           SCK (net)
                  0.08    0.00   10.05 ^ clkbuf_0_SCK/A (sky130_fd_sc_hd__clkbuf_16)
                  0.06    0.15   10.21 ^ clkbuf_0_SCK/X (sky130_fd_sc_hd__clkbuf_16)
     4    0.04                           clknet_0_SCK (net)
                  0.06    0.00   10.21 ^ clkbuf_2_3__f_SCK/A (sky130_fd_sc_hd__clkbuf_16)
                  0.04    0.13   10.33 ^ clkbuf_2_3__f_SCK/X (sky130_fd_sc_hd__clkbuf_16)
     6    0.02                           clknet_2_3__leaf_SCK (net)
                  0.04    0.00   10.33 ^ _457_/CLK (sky130_fd_sc_hd__dfrtp_1)
                         -0.25   10.08   clock uncertainty
                          0.02   10.10   clock reconvergence pessimism
                         -0.11    9.99   library setup time
                                  9.99   data required time
-----------------------------------------------------------------------------
                                  9.99   data required time
                                 -1.67   data arrival time
-----------------------------------------------------------------------------
                                  8.33   slack (MET)


Startpoint: _488_ (rising edge-triggered flip-flop clocked by SCK)
Endpoint: _481_ (rising edge-triggered flip-flop clocked by SCK)
Path Group: SCK
Path Type: max

Fanout     Cap    Slew   Delay    Time   Description
-----------------------------------------------------------------------------
                          0.00    0.00   clock SCK (rise edge)
                          0.00    0.00   clock source latency
                  0.08    0.06    0.06 ^ SCK (in)
     1    0.02                           SCK (net)
                  0.08    0.00    0.06 ^ clkbuf_0_SCK/A (sky130_fd_sc_hd__clkbuf_16)
                  0.06    0.17    0.23 ^ clkbuf_0_SCK/X (sky130_fd_sc_hd__clkbuf_16)
     4    0.04                           clknet_0_SCK (net)
                  0.06    0.00    0.23 ^ clkbuf_2_2__f_SCK/A (sky130_fd_sc_hd__clkbuf_16)
                  0.05    0.15    0.38 ^ clkbuf_2_2__f_SCK/X (sky130_fd_sc_hd__clkbuf_16)
     9    0.03                           clknet_2_2__leaf_SCK (net)
                  0.05    0.00    0.38 ^ _488_/CLK (sky130_fd_sc_hd__dfrtp_4)
                  0.15    0.51    0.89 ^ _488_/Q (sky130_fd_sc_hd__dfrtp_4)
     8    0.04                           state[2] (net)
                  0.15    0.00    0.89 ^ _277_/C_N (sky130_fd_sc_hd__nor3b_2)
                  0.29    0.33    1.22 ^ _277_/Y (sky130_fd_sc_hd__nor3b_2)
     3    0.02                           _134_ (net)
                  0.29    0.00    1.22 ^ _278_/S (sky130_fd_sc_hd__mux2_1)
                  0.05    0.37    1.59 v _278_/X (sky130_fd_sc_hd__mux2_1)
     1    0.00                           _135_ (net)
                  0.05    0.00    1.59 v _279_/A (sky130_fd_sc_hd__clkbuf_1)
                  0.02    0.09    1.68 v _279_/X (sky130_fd_sc_hd__clkbuf_1)
     1    0.00                           _088_ (net)
                  0.02    0.00    1.68 v _481_/D (sky130_fd_sc_hd__dfrtp_1)
                                  1.68   data arrival time

                         10.00   10.00   clock SCK (rise edge)
                          0.00   10.00   clock source latency
                  0.08    0.05   10.05 ^ SCK (in)
     1    0.02                           SCK (net)
                  0.08    0.00   10.05 ^ clkbuf_0_SCK/A (sky130_fd_sc_hd__clkbuf_16)
                  0.06    0.15   10.21 ^ clkbuf_0_SCK/X (sky130_fd_sc_hd__clkbuf_16)
     4    0.04                           clknet_0_SCK (net)
                  0.06    0.00   10.21 ^ clkbuf_2_0__f_SCK/A (sky130_fd_sc_hd__clkbuf_16)
                  0.05    0.13   10.34 ^ clkbuf_2_0__f_SCK/X (sky130_fd_sc_hd__clkbuf_16)
     9    0.03                           clknet_2_0__leaf_SCK (net)
                  0.05    0.00   10.34 ^ _481_/CLK (sky130_fd_sc_hd__dfrtp_1)
                         -0.25   10.09   clock uncertainty
                          0.02   10.11   clock reconvergence pessimism
                         -0.10   10.01   library setup time
                                 10.01   data required time
-----------------------------------------------------------------------------
                                 10.01   data required time
                                 -1.68   data arrival time
-----------------------------------------------------------------------------
                                  8.33   slack (MET)


Startpoint: _488_ (rising edge-triggered flip-flop clocked by SCK)
Endpoint: _480_ (rising edge-triggered flip-flop clocked by SCK)
Path Group: SCK
Path Type: max

Fanout     Cap    Slew   Delay    Time   Description
-----------------------------------------------------------------------------
                          0.00    0.00   clock SCK (rise edge)
                          0.00    0.00   clock source latency
                  0.08    0.06    0.06 ^ SCK (in)
     1    0.02                           SCK (net)
                  0.08    0.00    0.06 ^ clkbuf_0_SCK/A (sky130_fd_sc_hd__clkbuf_16)
                  0.06    0.17    0.23 ^ clkbuf_0_SCK/X (sky130_fd_sc_hd__clkbuf_16)
     4    0.04                           clknet_0_SCK (net)
                  0.06    0.00    0.23 ^ clkbuf_2_2__f_SCK/A (sky130_fd_sc_hd__clkbuf_16)
                  0.05    0.15    0.38 ^ clkbuf_2_2__f_SCK/X (sky130_fd_sc_hd__clkbuf_16)
     9    0.03                           clknet_2_2__leaf_SCK (net)
                  0.05    0.00    0.38 ^ _488_/CLK (sky130_fd_sc_hd__dfrtp_4)
                  0.15    0.51    0.89 ^ _488_/Q (sky130_fd_sc_hd__dfrtp_4)
     8    0.04                           state[2] (net)
                  0.15    0.00    0.89 ^ _277_/C_N (sky130_fd_sc_hd__nor3b_2)
                  0.29    0.33    1.22 ^ _277_/Y (sky130_fd_sc_hd__nor3b_2)
     3    0.02                           _134_ (net)
                  0.29    0.00    1.22 ^ _280_/S (sky130_fd_sc_hd__mux2_1)
                  0.05    0.37    1.59 v _280_/X (sky130_fd_sc_hd__mux2_1)
     1    0.00                           _136_ (net)
                  0.05    0.00    1.59 v _281_/A (sky130_fd_sc_hd__clkbuf_1)
                  0.02    0.09    1.68 v _281_/X (sky130_fd_sc_hd__clkbuf_1)
     1    0.00                           _087_ (net)
                  0.02    0.00    1.68 v _480_/D (sky130_fd_sc_hd__dfrtp_1)
                                  1.68   data arrival time

                         10.00   10.00   clock SCK (rise edge)
                          0.00   10.00   clock source latency
                  0.08    0.05   10.05 ^ SCK (in)
     1    0.02                           SCK (net)
                  0.08    0.00   10.05 ^ clkbuf_0_SCK/A (sky130_fd_sc_hd__clkbuf_16)
                  0.06    0.15   10.21 ^ clkbuf_0_SCK/X (sky130_fd_sc_hd__clkbuf_16)
     4    0.04                           clknet_0_SCK (net)
                  0.06    0.00   10.21 ^ clkbuf_2_0__f_SCK/A (sky130_fd_sc_hd__clkbuf_16)
                  0.05    0.13   10.34 ^ clkbuf_2_0__f_SCK/X (sky130_fd_sc_hd__clkbuf_16)
     9    0.03                           clknet_2_0__leaf_SCK (net)
                  0.05    0.00   10.34 ^ _480_/CLK (sky130_fd_sc_hd__dfrtp_1)
                         -0.25   10.09   clock uncertainty
                          0.02   10.11   clock reconvergence pessimism
                         -0.10   10.01   library setup time
                                 10.01   data required time
-----------------------------------------------------------------------------
                                 10.01   data required time
                                 -1.68   data arrival time
-----------------------------------------------------------------------------
                                  8.33   slack (MET)


Startpoint: _489_ (rising edge-triggered flip-flop clocked by SCK)
Endpoint: _455_ (rising edge-triggered flip-flop clocked by SCK)
Path Group: SCK
Path Type: max

Fanout     Cap    Slew   Delay    Time   Description
-----------------------------------------------------------------------------
                          0.00    0.00   clock SCK (rise edge)
                          0.00    0.00   clock source latency
                  0.08    0.06    0.06 ^ SCK (in)
     1    0.02                           SCK (net)
                  0.08    0.00    0.06 ^ clkbuf_0_SCK/A (sky130_fd_sc_hd__clkbuf_16)
                  0.06    0.17    0.23 ^ clkbuf_0_SCK/X (sky130_fd_sc_hd__clkbuf_16)
     4    0.04                           clknet_0_SCK (net)
                  0.06    0.00    0.23 ^ clkbuf_2_2__f_SCK/A (sky130_fd_sc_hd__clkbuf_16)
                  0.05    0.15    0.38 ^ clkbuf_2_2__f_SCK/X (sky130_fd_sc_hd__clkbuf_16)
     9    0.03                           clknet_2_2__leaf_SCK (net)
                  0.05    0.00    0.38 ^ _489_/CLK (sky130_fd_sc_hd__dfrtp_1)
                  0.15    0.42    0.80 ^ _489_/Q (sky130_fd_sc_hd__dfrtp_1)
     4    0.02                           state[3] (net)
                  0.15    0.00    0.80 ^ _310_/A (sky130_fd_sc_hd__clkbuf_4)
                  0.14    0.25    1.06 ^ _310_/X (sky130_fd_sc_hd__clkbuf_4)
    10    0.04                           _155_ (net)
                  0.14    0.00    1.06 ^ _317_/A (sky130_fd_sc_hd__inv_2)
                  0.07    0.09    1.15 v _317_/Y (sky130_fd_sc_hd__inv_2)
     6    0.02                           _161_ (net)
                  0.07    0.00    1.15 v _318_/C (sky130_fd_sc_hd__and3_2)
                  0.08    0.28    1.43 v _318_/X (sky130_fd_sc_hd__and3_2)
     4    0.02                           _162_ (net)
                  0.08    0.00    1.43 v _373_/A2 (sky130_fd_sc_hd__a21o_1)
                  0.03    0.19    1.63 v _373_/X (sky130_fd_sc_hd__a21o_1)
     1    0.00                           _062_ (net)
                  0.03    0.00    1.63 v _455_/D (sky130_fd_sc_hd__dfrtp_1)
                                  1.63   data arrival time

                         10.00   10.00   clock SCK (rise edge)
                          0.00   10.00   clock source latency
                  0.08    0.05   10.05 ^ SCK (in)
     1    0.02                           SCK (net)
                  0.08    0.00   10.05 ^ clkbuf_0_SCK/A (sky130_fd_sc_hd__clkbuf_16)
                  0.06    0.15   10.21 ^ clkbuf_0_SCK/X (sky130_fd_sc_hd__clkbuf_16)
     4    0.04                           clknet_0_SCK (net)
                  0.06    0.00   10.21 ^ clkbuf_2_3__f_SCK/A (sky130_fd_sc_hd__clkbuf_16)
                  0.04    0.13   10.33 ^ clkbuf_2_3__f_SCK/X (sky130_fd_sc_hd__clkbuf_16)
     6    0.02                           clknet_2_3__leaf_SCK (net)
                  0.04    0.00   10.33 ^ _455_/CLK (sky130_fd_sc_hd__dfrtp_1)
                         -0.25   10.08   clock uncertainty
                          0.02   10.10   clock reconvergence pessimism
                         -0.11    9.99   library setup time
                                  9.99   data required time
-----------------------------------------------------------------------------
                                  9.99   data required time
                                 -1.63   data arrival time
-----------------------------------------------------------------------------
                                  8.37   slack (MET)


Startpoint: _486_ (rising edge-triggered flip-flop clocked by SCK)
Endpoint: _456_ (rising edge-triggered flip-flop clocked by SCK)
Path Group: SCK
Path Type: max

Fanout     Cap    Slew   Delay    Time   Description
-----------------------------------------------------------------------------
                          0.00    0.00   clock SCK (rise edge)
                          0.00    0.00   clock source latency
                  0.08    0.06    0.06 ^ SCK (in)
     1    0.02                           SCK (net)
                  0.08    0.00    0.06 ^ clkbuf_0_SCK/A (sky130_fd_sc_hd__clkbuf_16)
                  0.06    0.17    0.23 ^ clkbuf_0_SCK/X (sky130_fd_sc_hd__clkbuf_16)
     4    0.04                           clknet_0_SCK (net)
                  0.06    0.00    0.23 ^ clkbuf_2_0__f_SCK/A (sky130_fd_sc_hd__clkbuf_16)
                  0.05    0.15    0.38 ^ clkbuf_2_0__f_SCK/X (sky130_fd_sc_hd__clkbuf_16)
     9    0.03                           clknet_2_0__leaf_SCK (net)
                  0.05    0.00    0.38 ^ _486_/CLK (sky130_fd_sc_hd__dfstp_2)
                  0.16    0.64    1.02 ^ _486_/Q (sky130_fd_sc_hd__dfstp_2)
     8    0.03                           state[0] (net)
                  0.16    0.00    1.02 ^ _268_/A (sky130_fd_sc_hd__inv_2)
                  0.07    0.10    1.12 v _268_/Y (sky130_fd_sc_hd__inv_2)
     7    0.02                           _128_ (net)
                  0.07    0.00    1.12 v _371_/A2 (sky130_fd_sc_hd__o31a_1)
                  0.05    0.29    1.41 v _371_/X (sky130_fd_sc_hd__o31a_1)
     1    0.00                           _202_ (net)
                  0.05    0.00    1.41 v _372_/B1 (sky130_fd_sc_hd__a31o_1)
                  0.04    0.19    1.60 v _372_/X (sky130_fd_sc_hd__a31o_1)
     1    0.00                           _063_ (net)
                  0.04    0.00    1.60 v _456_/D (sky130_fd_sc_hd__dfrtp_1)
                                  1.60   data arrival time

                         10.00   10.00   clock SCK (rise edge)
                          0.00   10.00   clock source latency
                  0.08    0.05   10.05 ^ SCK (in)
     1    0.02                           SCK (net)
                  0.08    0.00   10.05 ^ clkbuf_0_SCK/A (sky130_fd_sc_hd__clkbuf_16)
                  0.06    0.15   10.21 ^ clkbuf_0_SCK/X (sky130_fd_sc_hd__clkbuf_16)
     4    0.04                           clknet_0_SCK (net)
                  0.06    0.00   10.21 ^ clkbuf_2_3__f_SCK/A (sky130_fd_sc_hd__clkbuf_16)
                  0.04    0.13   10.33 ^ clkbuf_2_3__f_SCK/X (sky130_fd_sc_hd__clkbuf_16)
     6    0.02                           clknet_2_3__leaf_SCK (net)
                  0.04    0.00   10.33 ^ _456_/CLK (sky130_fd_sc_hd__dfrtp_1)
                         -0.25   10.08   clock uncertainty
                          0.02   10.10   clock reconvergence pessimism
                         -0.11    9.99   library setup time
                                  9.99   data required time
-----------------------------------------------------------------------------
                                  9.99   data required time
                                 -1.60   data arrival time
-----------------------------------------------------------------------------
                                  8.39   slack (MET)


Startpoint: _487_ (rising edge-triggered flip-flop clocked by SCK)
Endpoint: _487_ (rising edge-triggered flip-flop clocked by SCK)
Path Group: SCK
Path Type: max

Fanout     Cap    Slew   Delay    Time   Description
-----------------------------------------------------------------------------
                          0.00    0.00   clock SCK (rise edge)
                          0.00    0.00   clock source latency
                  0.08    0.06    0.06 ^ SCK (in)
     1    0.02                           SCK (net)
                  0.08    0.00    0.06 ^ clkbuf_0_SCK/A (sky130_fd_sc_hd__clkbuf_16)
                  0.06    0.17    0.23 ^ clkbuf_0_SCK/X (sky130_fd_sc_hd__clkbuf_16)
     4    0.04                           clknet_0_SCK (net)
                  0.06    0.00    0.23 ^ clkbuf_2_2__f_SCK/A (sky130_fd_sc_hd__clkbuf_16)
                  0.05    0.15    0.38 ^ clkbuf_2_2__f_SCK/X (sky130_fd_sc_hd__clkbuf_16)
     9    0.03                           clknet_2_2__leaf_SCK (net)
                  0.05    0.00    0.38 ^ _487_/CLK (sky130_fd_sc_hd__dfrtp_1)
                  0.07    0.41    0.79 v _487_/Q (sky130_fd_sc_hd__dfrtp_1)
     3    0.01                           state[1] (net)
                  0.07    0.00    0.79 v hold5/A (sky130_fd_sc_hd__dlygate4sd3_1)
                  0.06    0.59    1.38 v hold5/X (sky130_fd_sc_hd__dlygate4sd3_1)
     1    0.00                           net53 (net)
                  0.06    0.00    1.38 v _377_/B1 (sky130_fd_sc_hd__a41o_1)
                  0.04    0.21    1.59 v _377_/X (sky130_fd_sc_hd__a41o_1)
     1    0.00                           _002_ (net)
                  0.04    0.00    1.59 v _487_/D (sky130_fd_sc_hd__dfrtp_1)
                                  1.59   data arrival time

                         10.00   10.00   clock SCK (rise edge)
                          0.00   10.00   clock source latency
                  0.08    0.05   10.05 ^ SCK (in)
     1    0.02                           SCK (net)
                  0.08    0.00   10.05 ^ clkbuf_0_SCK/A (sky130_fd_sc_hd__clkbuf_16)
                  0.06    0.15   10.21 ^ clkbuf_0_SCK/X (sky130_fd_sc_hd__clkbuf_16)
     4    0.04                           clknet_0_SCK (net)
                  0.06    0.00   10.21 ^ clkbuf_2_2__f_SCK/A (sky130_fd_sc_hd__clkbuf_16)
                  0.05    0.14   10.34 ^ clkbuf_2_2__f_SCK/X (sky130_fd_sc_hd__clkbuf_16)
     9    0.03                           clknet_2_2__leaf_SCK (net)
                  0.05    0.00   10.34 ^ _487_/CLK (sky130_fd_sc_hd__dfrtp_1)
                         -0.25   10.09   clock uncertainty
                          0.04   10.13   clock reconvergence pessimism
                         -0.11   10.02   library setup time
                                 10.02   data required time
-----------------------------------------------------------------------------
                                 10.02   data required time
                                 -1.59   data arrival time
-----------------------------------------------------------------------------
                                  8.43   slack (MET)


Startpoint: _468_ (rising edge-triggered flip-flop clocked by SCK)
Endpoint: _490_ (rising edge-triggered flip-flop clocked by SCK)
Path Group: SCK
Path Type: max

Fanout     Cap    Slew   Delay    Time   Description
-----------------------------------------------------------------------------
                          0.00    0.00   clock SCK (rise edge)
                          0.00    0.00   clock source latency
                  0.08    0.06    0.06 ^ SCK (in)
     1    0.02                           SCK (net)
                  0.08    0.00    0.06 ^ clkbuf_0_SCK/A (sky130_fd_sc_hd__clkbuf_16)
                  0.06    0.17    0.23 ^ clkbuf_0_SCK/X (sky130_fd_sc_hd__clkbuf_16)
     4    0.04                           clknet_0_SCK (net)
                  0.06    0.00    0.23 ^ clkbuf_2_1__f_SCK/A (sky130_fd_sc_hd__clkbuf_16)
                  0.06    0.16    0.39 ^ clkbuf_2_1__f_SCK/X (sky130_fd_sc_hd__clkbuf_16)
    12    0.04                           clknet_2_1__leaf_SCK (net)
                  0.06    0.00    0.39 ^ _468_/CLK (sky130_fd_sc_hd__dfrtp_4)
                  0.09    0.55    0.93 v _468_/Q (sky130_fd_sc_hd__dfrtp_4)
     9    0.03                           count[1] (net)
                  0.09    0.00    0.93 v _261_/B (sky130_fd_sc_hd__and3_1)
                  0.03    0.18    1.12 v _261_/X (sky130_fd_sc_hd__and3_1)
     1    0.00                           _122_ (net)
                  0.03    0.00    1.12 v _262_/A (sky130_fd_sc_hd__buf_2)
                  0.09    0.18    1.30 v _262_/X (sky130_fd_sc_hd__buf_2)
     8    0.03                           _123_ (net)
                  0.09    0.00    1.30 v _376_/A3 (sky130_fd_sc_hd__a31o_1)
                  0.04    0.24    1.54 v _376_/X (sky130_fd_sc_hd__a31o_1)
     1    0.00                           _005_ (net)
                  0.04    0.00    1.54 v _490_/D (sky130_fd_sc_hd__dfrtp_1)
                                  1.54   data arrival time

                         10.00   10.00   clock SCK (rise edge)
                          0.00   10.00   clock source latency
                  0.08    0.05   10.05 ^ SCK (in)
     1    0.02                           SCK (net)
                  0.08    0.00   10.05 ^ clkbuf_0_SCK/A (sky130_fd_sc_hd__clkbuf_16)
                  0.06    0.15   10.21 ^ clkbuf_0_SCK/X (sky130_fd_sc_hd__clkbuf_16)
     4    0.04                           clknet_0_SCK (net)
                  0.06    0.00   10.21 ^ clkbuf_2_3__f_SCK/A (sky130_fd_sc_hd__clkbuf_16)
                  0.04    0.13   10.33 ^ clkbuf_2_3__f_SCK/X (sky130_fd_sc_hd__clkbuf_16)
     6    0.02                           clknet_2_3__leaf_SCK (net)
                  0.04    0.00   10.33 ^ _490_/CLK (sky130_fd_sc_hd__dfrtp_1)
                         -0.25   10.08   clock uncertainty
                          0.02   10.10   clock reconvergence pessimism
                         -0.11    9.99   library setup time
                                  9.99   data required time
-----------------------------------------------------------------------------
                                  9.99   data required time
                                 -1.54   data arrival time
-----------------------------------------------------------------------------
                                  8.46   slack (MET)



max_report_end
checks_report

===========================================================================
report_checks -unconstrained
===========================================================================
======================= Typical Corner ===================================

Startpoint: reset (input port clocked by SCK)
Endpoint: _483_ (recovery check against rising-edge clock SCK')
Path Group: asynchronous
Path Type: max

Fanout     Cap    Slew   Delay    Time   Description
-----------------------------------------------------------------------------
                          0.00    0.00   clock SCK (rise edge)
                          0.00    0.00   clock network delay (propagated)
                          2.00    2.00 v input external delay
                  0.01    0.00    2.00 v reset (in)
     1    0.00                           reset (net)
                  0.01    0.00    2.00 v input11/A (sky130_fd_sc_hd__clkbuf_1)
                  0.02    0.07    2.07 v input11/X (sky130_fd_sc_hd__clkbuf_1)
     1    0.00                           net11 (net)
                  0.02    0.00    2.07 v _222_/A (sky130_fd_sc_hd__buf_2)
                  0.09    0.18    2.25 v _222_/X (sky130_fd_sc_hd__buf_2)
     9    0.03                           _100_ (net)
                  0.09    0.00    2.25 v _223_/A (sky130_fd_sc_hd__clkbuf_4)
                  0.09    0.22    2.48 v _223_/X (sky130_fd_sc_hd__clkbuf_4)
    10    0.04                           _101_ (net)
                  0.09    0.00    2.48 v _271_/A (sky130_fd_sc_hd__nor2_1)
                  0.10    0.13    2.61 ^ _271_/Y (sky130_fd_sc_hd__nor2_1)
     1    0.00                           _035_ (net)
                  0.10    0.00    2.61 ^ _483_/SET_B (sky130_fd_sc_hd__dfstp_1)
                                  2.61   data arrival time

                          5.00    5.00   clock SCK' (rise edge)
                          0.00    5.00   clock source latency
                  0.04    0.03    5.03 v SCK (in)
     1    0.02                           SCK (net)
                  0.04    0.00    5.03 v clkbuf_0_SCK/A (sky130_fd_sc_hd__clkbuf_16)
                  0.05    0.15    5.17 v clkbuf_0_SCK/X (sky130_fd_sc_hd__clkbuf_16)
     4    0.04                           clknet_0_SCK (net)
                  0.05    0.00    5.18 v clkbuf_2_3__f_SCK/A (sky130_fd_sc_hd__clkbuf_16)
                  0.03    0.14    5.31 v clkbuf_2_3__f_SCK/X (sky130_fd_sc_hd__clkbuf_16)
     6    0.02                           clknet_2_3__leaf_SCK (net)
                  0.03    0.00    5.31 v _437_/A (sky130_fd_sc_hd__buf_1)
                  0.06    0.10    5.42 v _437_/X (sky130_fd_sc_hd__buf_1)
     1    0.01                           _221_ (net)
                  0.06    0.00    5.42 v clkbuf_0__221_/A (sky130_fd_sc_hd__clkbuf_16)
                  0.03    0.14    5.56 v clkbuf_0__221_/X (sky130_fd_sc_hd__clkbuf_16)
     2    0.02                           clknet_0__221_ (net)
                  0.03    0.00    5.56 v clkbuf_1_1__f__221_/A (sky130_fd_sc_hd__clkbuf_16)
                  0.04    0.14    5.70 v clkbuf_1_1__f__221_/X (sky130_fd_sc_hd__clkbuf_16)
     6    0.03                           clknet_1_1__leaf__221_ (net)
                  0.04    0.00    5.71 v _438__1/A (sky130_fd_sc_hd__inv_2)
                  0.02    0.04    5.74 ^ _438__1/Y (sky130_fd_sc_hd__inv_2)
     1    0.00                           net39 (net)
                  0.02    0.00    5.74 ^ _483_/CLK (sky130_fd_sc_hd__dfstp_1)
                         -0.25    5.49   clock uncertainty
                          0.00    5.49   clock reconvergence pessimism
                          0.13    5.62   library recovery time
                                  5.62   data required time
-----------------------------------------------------------------------------
                                  5.62   data required time
                                 -2.61   data arrival time
-----------------------------------------------------------------------------
                                  3.00   slack (MET)


Startpoint: _483_ (rising edge-triggered flip-flop clocked by SCK')
Endpoint: sdoenb (output port clocked by SCK)
Path Group: SCK
Path Type: max

Fanout     Cap    Slew   Delay    Time   Description
-----------------------------------------------------------------------------
                          5.00    5.00   clock SCK' (rise edge)
                          0.00    5.00   clock source latency
                  0.04    0.03    5.03 v SCK (in)
     1    0.02                           SCK (net)
                  0.04    0.00    5.03 v clkbuf_0_SCK/A (sky130_fd_sc_hd__clkbuf_16)
                  0.05    0.16    5.19 v clkbuf_0_SCK/X (sky130_fd_sc_hd__clkbuf_16)
     4    0.04                           clknet_0_SCK (net)
                  0.05    0.00    5.19 v clkbuf_2_3__f_SCK/A (sky130_fd_sc_hd__clkbuf_16)
                  0.03    0.15    5.35 v clkbuf_2_3__f_SCK/X (sky130_fd_sc_hd__clkbuf_16)
     6    0.02                           clknet_2_3__leaf_SCK (net)
                  0.03    0.00    5.35 v _437_/A (sky130_fd_sc_hd__buf_1)
                  0.06    0.11    5.46 v _437_/X (sky130_fd_sc_hd__buf_1)
     1    0.01                           _221_ (net)
                  0.06    0.00    5.46 v clkbuf_0__221_/A (sky130_fd_sc_hd__clkbuf_16)
                  0.03    0.16    5.62 v clkbuf_0__221_/X (sky130_fd_sc_hd__clkbuf_16)
     2    0.02                           clknet_0__221_ (net)
                  0.03    0.00    5.62 v clkbuf_1_1__f__221_/A (sky130_fd_sc_hd__clkbuf_16)
                  0.04    0.16    5.78 v clkbuf_1_1__f__221_/X (sky130_fd_sc_hd__clkbuf_16)
     6    0.03                           clknet_1_1__leaf__221_ (net)
                  0.04    0.00    5.78 v _438__1/A (sky130_fd_sc_hd__inv_2)
                  0.02    0.04    5.82 ^ _438__1/Y (sky130_fd_sc_hd__inv_2)
     1    0.00                           net39 (net)
                  0.02    0.00    5.82 ^ _483_/CLK (sky130_fd_sc_hd__dfstp_1)
                  0.12    0.57    6.39 ^ _483_/Q (sky130_fd_sc_hd__dfstp_1)
     1    0.01                           net36 (net)
                  0.12    0.00    6.39 ^ output36/A (sky130_fd_sc_hd__buf_6)
                  0.08    0.16    6.55 ^ output36/X (sky130_fd_sc_hd__buf_6)
     1    0.03                           sdoenb (net)
                  0.08    0.00    6.55 ^ sdoenb (out)
                                  6.55   data arrival time

                         10.00   10.00   clock SCK (rise edge)
                          0.00   10.00   clock network delay (propagated)
                         -0.25    9.75   clock uncertainty
                          0.00    9.75   clock reconvergence pessimism
                         -2.00    7.75   output external delay
                                  7.75   data required time
-----------------------------------------------------------------------------
                                  7.75   data required time
                                 -6.55   data arrival time
-----------------------------------------------------------------------------
                                  1.20   slack (MET)




===========================================================================
report_checks --slack_max -0.01
============================================================================
======================= Typical Corner ===================================

No paths found.


===========================================================================
 report_check_types -max_slew -max_cap -max_fanout -violators
============================================================================
======================= Typical Corner ===================================

max fanout

Pin                                   Limit Fanout  Slack
---------------------------------------------------------
clkbuf_2_1__f_SCK/X                      10     12     -2 (VIOLATED)



===========================================================================
report_parasitic_annotation -report_unannotated
============================================================================
Found 0 unannotated drivers.
Found 0 partially unannotated drivers.

===========================================================================
max slew violation count 0
max fanout violation count 1
max cap violation count 0
============================================================================

===========================================================================
check_setup -verbose -unconstrained_endpoints -multiple_clock -no_clock -no_input_delay -loops -generated_clocks
===========================================================================
checks_report_end
power_report

===========================================================================
 report_power
============================================================================
======================= Typical Corner ===================================

Group                  Internal  Switching    Leakage      Total
                          Power      Power      Power      Power (Watts)
----------------------------------------------------------------
Sequential             2.60e-04   9.83e-05   5.10e-10   3.58e-04  31.3%
Combinational          4.04e-04   3.81e-04   1.81e-09   7.85e-04  68.7%
Macro                  0.00e+00   0.00e+00   0.00e+00   0.00e+00   0.0%
Pad                    0.00e+00   0.00e+00   0.00e+00   0.00e+00   0.0%
----------------------------------------------------------------
Total                  6.64e-04   4.79e-04   2.32e-09   1.14e-03 100.0%
                          58.1%      41.9%       0.0%

power_report_end
skew_report

===========================================================================
report_clock_skew
============================================================================
Clock SCK
Latency      CRPR       Skew
_490_/CLK ^
   0.37
_483_/CLK ^
   0.74     -0.03      -0.41

skew_report_end
summary_report

===========================================================================
report_tns
============================================================================
tns 0.00

===========================================================================
report_wns
============================================================================
wns 0.00

===========================================================================
report_worst_slack -max (Setup)
============================================================================
worst slack 1.20

===========================================================================
report_worst_slack -min (Hold)
============================================================================
worst slack 0.25
summary_report_end
[WARNING] Did not save OpenROAD database!
Writing SDF to '/openlane/designs/housekeeping_spi/runs/manual_run/tmp/signoff/mca/process_corner_nom/housekeeping_spi.sdf'…
Writing timing model to '/openlane/designs/housekeeping_spi/runs/manual_run/tmp/signoff/mca/process_corner_nom/housekeeping_spi.lib'…
