
===========================================================================
report_checks -path_delay min (Hold)
============================================================================
======================= Typical Corner ===================================

Startpoint: _470_ (rising edge-triggered flip-flop clocked by SCK)
Endpoint: _470_ (rising edge-triggered flip-flop clocked by SCK)
Path Group: SCK
Path Type: min

Fanout     Cap    Slew   Delay    Time   Description
-----------------------------------------------------------------------------
                  0.15    0.00    0.00   clock SCK (rise edge)
                          0.00    0.00   clock network delay (ideal)
                  0.15    0.00    0.00 ^ _470_/CLK (sky130_fd_sc_hd__dfrtp_2)
                  0.06    0.37    0.37 ^ _470_/Q (sky130_fd_sc_hd__dfrtp_2)
     2    0.01                           writemode (net)
                  0.06    0.00    0.37 ^ _308_/B1 (sky130_fd_sc_hd__o21ai_2)
                  0.04    0.05    0.42 v _308_/Y (sky130_fd_sc_hd__o21ai_2)
     1    0.00                           _154_ (net)
                  0.04    0.00    0.42 v _309_/B1 (sky130_fd_sc_hd__o21ai_2)
                  0.03    0.04    0.46 ^ _309_/Y (sky130_fd_sc_hd__o21ai_2)
     1    0.00                           _077_ (net)
                  0.03    0.00    0.46 ^ _470_/D (sky130_fd_sc_hd__dfrtp_2)
                                  0.46   data arrival time

                  0.15    0.00    0.00   clock SCK (rise edge)
                          0.00    0.00   clock network delay (ideal)
                          0.25    0.25   clock uncertainty
                          0.00    0.25   clock reconvergence pessimism
                                  0.25 ^ _470_/CLK (sky130_fd_sc_hd__dfrtp_2)
                         -0.02    0.23   library hold time
                                  0.23   data required time
-----------------------------------------------------------------------------
                                  0.23   data required time
                                 -0.46   data arrival time
-----------------------------------------------------------------------------
                                  0.22   slack (MET)


Startpoint: _487_ (rising edge-triggered flip-flop clocked by SCK)
Endpoint: _487_ (rising edge-triggered flip-flop clocked by SCK)
Path Group: SCK
Path Type: min

Fanout     Cap    Slew   Delay    Time   Description
-----------------------------------------------------------------------------
                  0.15    0.00    0.00   clock SCK (rise edge)
                          0.00    0.00   clock network delay (ideal)
                  0.15    0.00    0.00 ^ _487_/CLK (sky130_fd_sc_hd__dfrtp_2)
                  0.07    0.38    0.38 ^ _487_/Q (sky130_fd_sc_hd__dfrtp_2)
     3    0.01                           state[1] (net)
                  0.07    0.00    0.38 ^ _377_/B1 (sky130_fd_sc_hd__a41o_2)
                  0.03    0.08    0.46 ^ _377_/X (sky130_fd_sc_hd__a41o_2)
     1    0.00                           _002_ (net)
                  0.03    0.00    0.46 ^ _487_/D (sky130_fd_sc_hd__dfrtp_2)
                                  0.46   data arrival time

                  0.15    0.00    0.00   clock SCK (rise edge)
                          0.00    0.00   clock network delay (ideal)
                          0.25    0.25   clock uncertainty
                          0.00    0.25   clock reconvergence pessimism
                                  0.25 ^ _487_/CLK (sky130_fd_sc_hd__dfrtp_2)
                         -0.02    0.23   library hold time
                                  0.23   data required time
-----------------------------------------------------------------------------
                                  0.23   data required time
                                 -0.46   data arrival time
-----------------------------------------------------------------------------
                                  0.23   slack (MET)


Startpoint: _491_ (rising edge-triggered flip-flop clocked by SCK')
Endpoint: _491_ (rising edge-triggered flip-flop clocked by SCK')
Path Group: SCK
Path Type: min

Fanout     Cap    Slew   Delay    Time   Description
-----------------------------------------------------------------------------
                  0.15    5.00    5.00   clock SCK' (rise edge)
                          0.00    5.00   clock network delay (ideal)
                  0.15    0.00    5.00 ^ _491_/CLK (sky130_fd_sc_hd__dfrtp_2)
                  0.05    0.36    5.36 ^ _491_/Q (sky130_fd_sc_hd__dfrtp_2)
     2    0.00                           ldata[0] (net)
                  0.05    0.00    5.36 ^ _259_/A1 (sky130_fd_sc_hd__a22o_2)
                  0.03    0.11    5.47 ^ _259_/X (sky130_fd_sc_hd__a22o_2)
     1    0.00                           _092_ (net)
                  0.03    0.00    5.47 ^ _491_/D (sky130_fd_sc_hd__dfrtp_2)
                                  5.47   data arrival time

                  0.15    5.00    5.00   clock SCK' (rise edge)
                          0.00    5.00   clock network delay (ideal)
                          0.25    5.25   clock uncertainty
                          0.00    5.25   clock reconvergence pessimism
                                  5.25 ^ _491_/CLK (sky130_fd_sc_hd__dfrtp_2)
                         -0.02    5.23   library hold time
                                  5.23   data required time
-----------------------------------------------------------------------------
                                  5.23   data required time
                                 -5.47   data arrival time
-----------------------------------------------------------------------------
                                  0.24   slack (MET)


Startpoint: _490_ (rising edge-triggered flip-flop clocked by SCK)
Endpoint: _490_ (rising edge-triggered flip-flop clocked by SCK)
Path Group: SCK
Path Type: min

Fanout     Cap    Slew   Delay    Time   Description
-----------------------------------------------------------------------------
                  0.15    0.00    0.00   clock SCK (rise edge)
                          0.00    0.00   clock network delay (ideal)
                  0.15    0.00    0.00 ^ _490_/CLK (sky130_fd_sc_hd__dfrtp_2)
                  0.09    0.40    0.40 ^ _490_/Q (sky130_fd_sc_hd__dfrtp_2)
     4    0.01                           state[4] (net)
                  0.09    0.00    0.40 ^ _376_/B1 (sky130_fd_sc_hd__a31o_2)
                  0.03    0.09    0.49 ^ _376_/X (sky130_fd_sc_hd__a31o_2)
     1    0.00                           _005_ (net)
                  0.03    0.00    0.49 ^ _490_/D (sky130_fd_sc_hd__dfrtp_2)
                                  0.49   data arrival time

                  0.15    0.00    0.00   clock SCK (rise edge)
                          0.00    0.00   clock network delay (ideal)
                          0.25    0.25   clock uncertainty
                          0.00    0.25   clock reconvergence pessimism
                                  0.25 ^ _490_/CLK (sky130_fd_sc_hd__dfrtp_2)
                         -0.02    0.23   library hold time
                                  0.23   data required time
-----------------------------------------------------------------------------
                                  0.23   data required time
                                 -0.49   data arrival time
-----------------------------------------------------------------------------
                                  0.26   slack (MET)


Startpoint: _484_ (rising edge-triggered flip-flop clocked by SCK)
Endpoint: _484_ (rising edge-triggered flip-flop clocked by SCK)
Path Group: SCK
Path Type: min

Fanout     Cap    Slew   Delay    Time   Description
-----------------------------------------------------------------------------
                  0.15    0.00    0.00   clock SCK (rise edge)
                          0.00    0.00   clock network delay (ideal)
                  0.15    0.00    0.00 ^ _484_/CLK (sky130_fd_sc_hd__dfrtp_2)
                  0.08    0.39    0.39 ^ _484_/Q (sky130_fd_sc_hd__dfrtp_2)
     5    0.01                           pre_pass_thru_user (net)
                  0.08    0.00    0.39 ^ _270_/B2 (sky130_fd_sc_hd__a32o_2)
                  0.04    0.11    0.50 ^ _270_/X (sky130_fd_sc_hd__a32o_2)
     1    0.00                           _090_ (net)
                  0.04    0.00    0.50 ^ _484_/D (sky130_fd_sc_hd__dfrtp_2)
                                  0.50   data arrival time

                  0.15    0.00    0.00   clock SCK (rise edge)
                          0.00    0.00   clock network delay (ideal)
                          0.25    0.25   clock uncertainty
                          0.00    0.25   clock reconvergence pessimism
                                  0.25 ^ _484_/CLK (sky130_fd_sc_hd__dfrtp_2)
                         -0.02    0.23   library hold time
                                  0.23   data required time
-----------------------------------------------------------------------------
                                  0.23   data required time
                                 -0.50   data arrival time
-----------------------------------------------------------------------------
                                  0.26   slack (MET)


Startpoint: _490_ (rising edge-triggered flip-flop clocked by SCK)
Endpoint: _455_ (rising edge-triggered flip-flop clocked by SCK)
Path Group: SCK
Path Type: min

Fanout     Cap    Slew   Delay    Time   Description
-----------------------------------------------------------------------------
                  0.15    0.00    0.00   clock SCK (rise edge)
                          0.00    0.00   clock network delay (ideal)
                  0.15    0.00    0.00 ^ _490_/CLK (sky130_fd_sc_hd__dfrtp_2)
                  0.09    0.40    0.40 ^ _490_/Q (sky130_fd_sc_hd__dfrtp_2)
     4    0.01                           state[4] (net)
                  0.09    0.00    0.40 ^ _373_/A1 (sky130_fd_sc_hd__a21o_2)
                  0.03    0.11    0.51 ^ _373_/X (sky130_fd_sc_hd__a21o_2)
     1    0.00                           _062_ (net)
                  0.03    0.00    0.51 ^ _455_/D (sky130_fd_sc_hd__dfrtp_2)
                                  0.51   data arrival time

                  0.15    0.00    0.00   clock SCK (rise edge)
                          0.00    0.00   clock network delay (ideal)
                          0.25    0.25   clock uncertainty
                          0.00    0.25   clock reconvergence pessimism
                                  0.25 ^ _455_/CLK (sky130_fd_sc_hd__dfrtp_2)
                         -0.02    0.23   library hold time
                                  0.23   data required time
-----------------------------------------------------------------------------
                                  0.23   data required time
                                 -0.51   data arrival time
-----------------------------------------------------------------------------
                                  0.27   slack (MET)


Startpoint: _487_ (rising edge-triggered flip-flop clocked by SCK)
Endpoint: _457_ (rising edge-triggered flip-flop clocked by SCK)
Path Group: SCK
Path Type: min

Fanout     Cap    Slew   Delay    Time   Description
-----------------------------------------------------------------------------
                  0.15    0.00    0.00   clock SCK (rise edge)
                          0.00    0.00   clock network delay (ideal)
                  0.15    0.00    0.00 ^ _487_/CLK (sky130_fd_sc_hd__dfrtp_2)
                  0.07    0.38    0.38 ^ _487_/Q (sky130_fd_sc_hd__dfrtp_2)
     3    0.01                           state[1] (net)
                  0.07    0.00    0.38 ^ _370_/A2 (sky130_fd_sc_hd__a31o_2)
                  0.03    0.13    0.51 ^ _370_/X (sky130_fd_sc_hd__a31o_2)
     1    0.00                           _064_ (net)
                  0.03    0.00    0.51 ^ _457_/D (sky130_fd_sc_hd__dfrtp_2)
                                  0.51   data arrival time

                  0.15    0.00    0.00   clock SCK (rise edge)
                          0.00    0.00   clock network delay (ideal)
                          0.25    0.25   clock uncertainty
                          0.00    0.25   clock reconvergence pessimism
                                  0.25 ^ _457_/CLK (sky130_fd_sc_hd__dfrtp_2)
                         -0.02    0.23   library hold time
                                  0.23   data required time
-----------------------------------------------------------------------------
                                  0.23   data required time
                                 -0.51   data arrival time
-----------------------------------------------------------------------------
                                  0.28   slack (MET)


Startpoint: _473_ (rising edge-triggered flip-flop clocked by SCK)
Endpoint: _474_ (rising edge-triggered flip-flop clocked by SCK)
Path Group: SCK
Path Type: min

Fanout     Cap    Slew   Delay    Time   Description
-----------------------------------------------------------------------------
                  0.15    0.00    0.00   clock SCK (rise edge)
                          0.00    0.00   clock network delay (ideal)
                  0.15    0.00    0.00 ^ _473_/CLK (sky130_fd_sc_hd__dfrtp_2)
                  0.08    0.39    0.39 ^ _473_/Q (sky130_fd_sc_hd__dfrtp_2)
     5    0.01                           fixed[1] (net)
                  0.08    0.00    0.39 ^ _298_/A1 (sky130_fd_sc_hd__o31a_2)
                  0.03    0.13    0.52 ^ _298_/X (sky130_fd_sc_hd__o31a_2)
     1    0.00                           _081_ (net)
                  0.03    0.00    0.52 ^ _474_/D (sky130_fd_sc_hd__dfrtp_2)
                                  0.52   data arrival time

                  0.15    0.00    0.00   clock SCK (rise edge)
                          0.00    0.00   clock network delay (ideal)
                          0.25    0.25   clock uncertainty
                          0.00    0.25   clock reconvergence pessimism
                                  0.25 ^ _474_/CLK (sky130_fd_sc_hd__dfrtp_2)
                         -0.02    0.23   library hold time
                                  0.23   data required time
-----------------------------------------------------------------------------
                                  0.23   data required time
                                 -0.52   data arrival time
-----------------------------------------------------------------------------
                                  0.28   slack (MET)


Startpoint: _482_ (rising edge-triggered flip-flop clocked by SCK)
Endpoint: _456_ (rising edge-triggered flip-flop clocked by SCK)
Path Group: SCK
Path Type: min

Fanout     Cap    Slew   Delay    Time   Description
-----------------------------------------------------------------------------
                  0.15    0.00    0.00   clock SCK (rise edge)
                          0.00    0.00   clock network delay (ideal)
                  0.15    0.00    0.00 ^ _482_/CLK (sky130_fd_sc_hd__dfrtp_2)
                  0.10    0.40    0.40 ^ _482_/Q (sky130_fd_sc_hd__dfrtp_2)
     6    0.02                           pre_pass_thru_mgmt (net)
                  0.10    0.00    0.40 ^ _372_/A1 (sky130_fd_sc_hd__a31o_2)
                  0.03    0.14    0.54 ^ _372_/X (sky130_fd_sc_hd__a31o_2)
     1    0.00                           _063_ (net)
                  0.03    0.00    0.54 ^ _456_/D (sky130_fd_sc_hd__dfrtp_2)
                                  0.54   data arrival time

                  0.15    0.00    0.00   clock SCK (rise edge)
                          0.00    0.00   clock network delay (ideal)
                          0.25    0.25   clock uncertainty
                          0.00    0.25   clock reconvergence pessimism
                                  0.25 ^ _456_/CLK (sky130_fd_sc_hd__dfrtp_2)
                         -0.02    0.23   library hold time
                                  0.23   data required time
-----------------------------------------------------------------------------
                                  0.23   data required time
                                 -0.54   data arrival time
-----------------------------------------------------------------------------
                                  0.31   slack (MET)


Startpoint: _466_ (rising edge-triggered flip-flop clocked by SCK)
Endpoint: _466_ (rising edge-triggered flip-flop clocked by SCK)
Path Group: SCK
Path Type: min

Fanout     Cap    Slew   Delay    Time   Description
-----------------------------------------------------------------------------
                  0.15    0.00    0.00   clock SCK (rise edge)
                          0.00    0.00   clock network delay (ideal)
                  0.15    0.00    0.00 ^ _466_/CLK (sky130_fd_sc_hd__dfrtp_2)
                  0.04    0.35    0.35 ^ _466_/Q (sky130_fd_sc_hd__dfrtp_2)
     2    0.00                           addr[7] (net)
                  0.04    0.00    0.35 ^ _330_/A0 (sky130_fd_sc_hd__mux2_2)
                  0.03    0.12    0.47 ^ _330_/X (sky130_fd_sc_hd__mux2_2)
     1    0.00                           _171_ (net)
                  0.03    0.00    0.47 ^ _331_/A (sky130_fd_sc_hd__buf_1)
                  0.04    0.07    0.54 ^ _331_/X (sky130_fd_sc_hd__buf_1)
     1    0.00                           _073_ (net)
                  0.04    0.00    0.54 ^ _466_/D (sky130_fd_sc_hd__dfrtp_2)
                                  0.54   data arrival time

                  0.15    0.00    0.00   clock SCK (rise edge)
                          0.00    0.00   clock network delay (ideal)
                          0.25    0.25   clock uncertainty
                          0.00    0.25   clock reconvergence pessimism
                                  0.25 ^ _466_/CLK (sky130_fd_sc_hd__dfrtp_2)
                         -0.02    0.23   library hold time
                                  0.23   data required time
-----------------------------------------------------------------------------
                                  0.23   data required time
                                 -0.54   data arrival time
-----------------------------------------------------------------------------
                                  0.31   slack (MET)


Startpoint: _484_ (rising edge-triggered flip-flop clocked by SCK)
Endpoint: _489_ (rising edge-triggered flip-flop clocked by SCK)
Path Group: SCK
Path Type: min

Fanout     Cap    Slew   Delay    Time   Description
-----------------------------------------------------------------------------
                  0.15    0.00    0.00   clock SCK (rise edge)
                          0.00    0.00   clock network delay (ideal)
                  0.15    0.00    0.00 ^ _484_/CLK (sky130_fd_sc_hd__dfrtp_2)
                  0.08    0.39    0.39 ^ _484_/Q (sky130_fd_sc_hd__dfrtp_2)
     5    0.01                           pre_pass_thru_user (net)
                  0.08    0.00    0.39 ^ _378_/A1 (sky130_fd_sc_hd__o32a_2)
                  0.04    0.15    0.53 ^ _378_/X (sky130_fd_sc_hd__o32a_2)
     1    0.00                           _204_ (net)
                  0.04    0.00    0.53 ^ _379_/A (sky130_fd_sc_hd__inv_2)
                  0.01    0.02    0.56 v _379_/Y (sky130_fd_sc_hd__inv_2)
     1    0.00                           _004_ (net)
                  0.01    0.00    0.56 v _489_/D (sky130_fd_sc_hd__dfrtp_2)
                                  0.56   data arrival time

                  0.15    0.00    0.00   clock SCK (rise edge)
                          0.00    0.00   clock network delay (ideal)
                          0.25    0.25   clock uncertainty
                          0.00    0.25   clock reconvergence pessimism
                                  0.25 ^ _489_/CLK (sky130_fd_sc_hd__dfrtp_2)
                         -0.01    0.24   library hold time
                                  0.24   data required time
-----------------------------------------------------------------------------
                                  0.24   data required time
                                 -0.56   data arrival time
-----------------------------------------------------------------------------
                                  0.31   slack (MET)


Startpoint: _492_ (rising edge-triggered flip-flop clocked by SCK')
Endpoint: _492_ (rising edge-triggered flip-flop clocked by SCK')
Path Group: SCK
Path Type: min

Fanout     Cap    Slew   Delay    Time   Description
-----------------------------------------------------------------------------
                  0.15    5.00    5.00   clock SCK' (rise edge)
                          0.00    5.00   clock network delay (ideal)
                  0.15    0.00    5.00 ^ _492_/CLK (sky130_fd_sc_hd__dfrtp_2)
                  0.04    0.35    5.35 ^ _492_/Q (sky130_fd_sc_hd__dfrtp_2)
     2    0.00                           ldata[1] (net)
                  0.04    0.00    5.35 ^ _255_/A1 (sky130_fd_sc_hd__mux2_2)
                  0.03    0.12    5.48 ^ _255_/X (sky130_fd_sc_hd__mux2_2)
     1    0.00                           _120_ (net)
                  0.03    0.00    5.48 ^ _256_/A (sky130_fd_sc_hd__buf_1)
                  0.04    0.07    5.54 ^ _256_/X (sky130_fd_sc_hd__buf_1)
     1    0.00                           _093_ (net)
                  0.04    0.00    5.54 ^ _492_/D (sky130_fd_sc_hd__dfrtp_2)
                                  5.54   data arrival time

                  0.15    5.00    5.00   clock SCK' (rise edge)
                          0.00    5.00   clock network delay (ideal)
                          0.25    5.25   clock uncertainty
                          0.00    5.25   clock reconvergence pessimism
                                  5.25 ^ _492_/CLK (sky130_fd_sc_hd__dfrtp_2)
                         -0.02    5.23   library hold time
                                  5.23   data required time
-----------------------------------------------------------------------------
                                  5.23   data required time
                                 -5.54   data arrival time
-----------------------------------------------------------------------------
                                  0.31   slack (MET)


Startpoint: _493_ (rising edge-triggered flip-flop clocked by SCK')
Endpoint: _493_ (rising edge-triggered flip-flop clocked by SCK')
Path Group: SCK
Path Type: min

Fanout     Cap    Slew   Delay    Time   Description
-----------------------------------------------------------------------------
                  0.15    5.00    5.00   clock SCK' (rise edge)
                          0.00    5.00   clock network delay (ideal)
                  0.15    0.00    5.00 ^ _493_/CLK (sky130_fd_sc_hd__dfrtp_2)
                  0.04    0.35    5.35 ^ _493_/Q (sky130_fd_sc_hd__dfrtp_2)
     2    0.00                           ldata[2] (net)
                  0.04    0.00    5.35 ^ _251_/A1 (sky130_fd_sc_hd__mux2_2)
                  0.03    0.12    5.48 ^ _251_/X (sky130_fd_sc_hd__mux2_2)
     1    0.00                           _118_ (net)
                  0.03    0.00    5.48 ^ _252_/A (sky130_fd_sc_hd__buf_1)
                  0.04    0.07    5.54 ^ _252_/X (sky130_fd_sc_hd__buf_1)
     1    0.00                           _094_ (net)
                  0.04    0.00    5.54 ^ _493_/D (sky130_fd_sc_hd__dfrtp_2)
                                  5.54   data arrival time

                  0.15    5.00    5.00   clock SCK' (rise edge)
                          0.00    5.00   clock network delay (ideal)
                          0.25    5.25   clock uncertainty
                          0.00    5.25   clock reconvergence pessimism
                                  5.25 ^ _493_/CLK (sky130_fd_sc_hd__dfrtp_2)
                         -0.02    5.23   library hold time
                                  5.23   data required time
-----------------------------------------------------------------------------
                                  5.23   data required time
                                 -5.54   data arrival time
-----------------------------------------------------------------------------
                                  0.31   slack (MET)


Startpoint: _494_ (rising edge-triggered flip-flop clocked by SCK')
Endpoint: _494_ (rising edge-triggered flip-flop clocked by SCK')
Path Group: SCK
Path Type: min

Fanout     Cap    Slew   Delay    Time   Description
-----------------------------------------------------------------------------
                  0.15    5.00    5.00   clock SCK' (rise edge)
                          0.00    5.00   clock network delay (ideal)
                  0.15    0.00    5.00 ^ _494_/CLK (sky130_fd_sc_hd__dfrtp_2)
                  0.04    0.35    5.35 ^ _494_/Q (sky130_fd_sc_hd__dfrtp_2)
     2    0.00                           ldata[3] (net)
                  0.04    0.00    5.35 ^ _247_/A1 (sky130_fd_sc_hd__mux2_2)
                  0.03    0.12    5.48 ^ _247_/X (sky130_fd_sc_hd__mux2_2)
     1    0.00                           _116_ (net)
                  0.03    0.00    5.48 ^ _248_/A (sky130_fd_sc_hd__buf_1)
                  0.04    0.07    5.54 ^ _248_/X (sky130_fd_sc_hd__buf_1)
     1    0.00                           _095_ (net)
                  0.04    0.00    5.54 ^ _494_/D (sky130_fd_sc_hd__dfrtp_2)
                                  5.54   data arrival time

                  0.15    5.00    5.00   clock SCK' (rise edge)
                          0.00    5.00   clock network delay (ideal)
                          0.25    5.25   clock uncertainty
                          0.00    5.25   clock reconvergence pessimism
                                  5.25 ^ _494_/CLK (sky130_fd_sc_hd__dfrtp_2)
                         -0.02    5.23   library hold time
                                  5.23   data required time
-----------------------------------------------------------------------------
                                  5.23   data required time
                                 -5.54   data arrival time
-----------------------------------------------------------------------------
                                  0.31   slack (MET)


Startpoint: _495_ (rising edge-triggered flip-flop clocked by SCK')
Endpoint: _495_ (rising edge-triggered flip-flop clocked by SCK')
Path Group: SCK
Path Type: min

Fanout     Cap    Slew   Delay    Time   Description
-----------------------------------------------------------------------------
                  0.15    5.00    5.00   clock SCK' (rise edge)
                          0.00    5.00   clock network delay (ideal)
                  0.15    0.00    5.00 ^ _495_/CLK (sky130_fd_sc_hd__dfrtp_2)
                  0.04    0.35    5.35 ^ _495_/Q (sky130_fd_sc_hd__dfrtp_2)
     2    0.00                           ldata[4] (net)
                  0.04    0.00    5.35 ^ _243_/A1 (sky130_fd_sc_hd__mux2_2)
                  0.03    0.12    5.48 ^ _243_/X (sky130_fd_sc_hd__mux2_2)
     1    0.00                           _114_ (net)
                  0.03    0.00    5.48 ^ _244_/A (sky130_fd_sc_hd__buf_1)
                  0.04    0.07    5.54 ^ _244_/X (sky130_fd_sc_hd__buf_1)
     1    0.00                           _096_ (net)
                  0.04    0.00    5.54 ^ _495_/D (sky130_fd_sc_hd__dfrtp_2)
                                  5.54   data arrival time

                  0.15    5.00    5.00   clock SCK' (rise edge)
                          0.00    5.00   clock network delay (ideal)
                          0.25    5.25   clock uncertainty
                          0.00    5.25   clock reconvergence pessimism
                                  5.25 ^ _495_/CLK (sky130_fd_sc_hd__dfrtp_2)
                         -0.02    5.23   library hold time
                                  5.23   data required time
-----------------------------------------------------------------------------
                                  5.23   data required time
                                 -5.54   data arrival time
-----------------------------------------------------------------------------
                                  0.31   slack (MET)


Startpoint: _496_ (rising edge-triggered flip-flop clocked by SCK')
Endpoint: _496_ (rising edge-triggered flip-flop clocked by SCK')
Path Group: SCK
Path Type: min

Fanout     Cap    Slew   Delay    Time   Description
-----------------------------------------------------------------------------
                  0.15    5.00    5.00   clock SCK' (rise edge)
                          0.00    5.00   clock network delay (ideal)
                  0.15    0.00    5.00 ^ _496_/CLK (sky130_fd_sc_hd__dfrtp_2)
                  0.04    0.35    5.35 ^ _496_/Q (sky130_fd_sc_hd__dfrtp_2)
     2    0.00                           ldata[5] (net)
                  0.04    0.00    5.35 ^ _239_/A1 (sky130_fd_sc_hd__mux2_2)
                  0.03    0.12    5.48 ^ _239_/X (sky130_fd_sc_hd__mux2_2)
     1    0.00                           _112_ (net)
                  0.03    0.00    5.48 ^ _240_/A (sky130_fd_sc_hd__buf_1)
                  0.04    0.07    5.54 ^ _240_/X (sky130_fd_sc_hd__buf_1)
     1    0.00                           _097_ (net)
                  0.04    0.00    5.54 ^ _496_/D (sky130_fd_sc_hd__dfrtp_2)
                                  5.54   data arrival time

                  0.15    5.00    5.00   clock SCK' (rise edge)
                          0.00    5.00   clock network delay (ideal)
                          0.25    5.25   clock uncertainty
                          0.00    5.25   clock reconvergence pessimism
                                  5.25 ^ _496_/CLK (sky130_fd_sc_hd__dfrtp_2)
                         -0.02    5.23   library hold time
                                  5.23   data required time
-----------------------------------------------------------------------------
                                  5.23   data required time
                                 -5.54   data arrival time
-----------------------------------------------------------------------------
                                  0.31   slack (MET)


Startpoint: _497_ (rising edge-triggered flip-flop clocked by SCK')
Endpoint: _497_ (rising edge-triggered flip-flop clocked by SCK')
Path Group: SCK
Path Type: min

Fanout     Cap    Slew   Delay    Time   Description
-----------------------------------------------------------------------------
                  0.15    5.00    5.00   clock SCK' (rise edge)
                          0.00    5.00   clock network delay (ideal)
                  0.15    0.00    5.00 ^ _497_/CLK (sky130_fd_sc_hd__dfrtp_2)
                  0.04    0.35    5.35 ^ _497_/Q (sky130_fd_sc_hd__dfrtp_2)
     2    0.00                           ldata[6] (net)
                  0.04    0.00    5.35 ^ _235_/A1 (sky130_fd_sc_hd__mux2_2)
                  0.03    0.12    5.48 ^ _235_/X (sky130_fd_sc_hd__mux2_2)
     1    0.00                           _110_ (net)
                  0.03    0.00    5.48 ^ _236_/A (sky130_fd_sc_hd__buf_1)
                  0.04    0.07    5.54 ^ _236_/X (sky130_fd_sc_hd__buf_1)
     1    0.00                           _098_ (net)
                  0.04    0.00    5.54 ^ _497_/D (sky130_fd_sc_hd__dfrtp_2)
                                  5.54   data arrival time

                  0.15    5.00    5.00   clock SCK' (rise edge)
                          0.00    5.00   clock network delay (ideal)
                          0.25    5.25   clock uncertainty
                          0.00    5.25   clock reconvergence pessimism
                                  5.25 ^ _497_/CLK (sky130_fd_sc_hd__dfrtp_2)
                         -0.02    5.23   library hold time
                                  5.23   data required time
-----------------------------------------------------------------------------
                                  5.23   data required time
                                 -5.54   data arrival time
-----------------------------------------------------------------------------
                                  0.31   slack (MET)


Startpoint: _473_ (rising edge-triggered flip-flop clocked by SCK)
Endpoint: _473_ (rising edge-triggered flip-flop clocked by SCK)
Path Group: SCK
Path Type: min

Fanout     Cap    Slew   Delay    Time   Description
-----------------------------------------------------------------------------
                  0.15    0.00    0.00   clock SCK (rise edge)
                          0.00    0.00   clock network delay (ideal)
                  0.15    0.00    0.00 ^ _473_/CLK (sky130_fd_sc_hd__dfrtp_2)
                  0.08    0.39    0.39 ^ _473_/Q (sky130_fd_sc_hd__dfrtp_2)
     5    0.01                           fixed[1] (net)
                  0.08    0.00    0.39 ^ _300_/B1 (sky130_fd_sc_hd__a31o_2)
                  0.06    0.12    0.51 ^ _300_/X (sky130_fd_sc_hd__a31o_2)
     1    0.01                           _149_ (net)
                  0.06    0.00    0.51 ^ _301_/B (sky130_fd_sc_hd__xnor2_2)
                  0.03    0.05    0.56 v _301_/Y (sky130_fd_sc_hd__xnor2_2)
     1    0.00                           _080_ (net)
                  0.03    0.00    0.56 v _473_/D (sky130_fd_sc_hd__dfrtp_2)
                                  0.56   data arrival time

                  0.15    0.00    0.00   clock SCK (rise edge)
                          0.00    0.00   clock network delay (ideal)
                          0.25    0.25   clock uncertainty
                          0.00    0.25   clock reconvergence pessimism
                                  0.25 ^ _473_/CLK (sky130_fd_sc_hd__dfrtp_2)
                         -0.01    0.24   library hold time
                                  0.24   data required time
-----------------------------------------------------------------------------
                                  0.24   data required time
                                 -0.56   data arrival time
-----------------------------------------------------------------------------
                                  0.32   slack (MET)


Startpoint: _488_ (rising edge-triggered flip-flop clocked by SCK)
Endpoint: _488_ (rising edge-triggered flip-flop clocked by SCK)
Path Group: SCK
Path Type: min

Fanout     Cap    Slew   Delay    Time   Description
-----------------------------------------------------------------------------
                  0.15    0.00    0.00   clock SCK (rise edge)
                          0.00    0.00   clock network delay (ideal)
                  0.15    0.00    0.00 ^ _488_/CLK (sky130_fd_sc_hd__dfrtp_2)
                  0.12    0.42    0.42 ^ _488_/Q (sky130_fd_sc_hd__dfrtp_2)
     8    0.02                           state[2] (net)
                  0.12    0.00    0.42 ^ _382_/B2 (sky130_fd_sc_hd__a22o_2)
                  0.03    0.13    0.55 ^ _382_/X (sky130_fd_sc_hd__a22o_2)
     1    0.00                           _003_ (net)
                  0.03    0.00    0.55 ^ _488_/D (sky130_fd_sc_hd__dfrtp_2)
                                  0.55   data arrival time

                  0.15    0.00    0.00   clock SCK (rise edge)
                          0.00    0.00   clock network delay (ideal)
                          0.25    0.25   clock uncertainty
                          0.00    0.25   clock reconvergence pessimism
                                  0.25 ^ _488_/CLK (sky130_fd_sc_hd__dfrtp_2)
                         -0.02    0.23   library hold time
                                  0.23   data required time
-----------------------------------------------------------------------------
                                  0.23   data required time
                                 -0.55   data arrival time
-----------------------------------------------------------------------------
                                  0.32   slack (MET)


Startpoint: _471_ (rising edge-triggered flip-flop clocked by SCK)
Endpoint: _471_ (rising edge-triggered flip-flop clocked by SCK)
Path Group: SCK
Path Type: min

Fanout     Cap    Slew   Delay    Time   Description
-----------------------------------------------------------------------------
                  0.15    0.00    0.00   clock SCK (rise edge)
                          0.00    0.00   clock network delay (ideal)
                  0.15    0.00    0.00 ^ _471_/CLK (sky130_fd_sc_hd__dfrtp_2)
                  0.07    0.38    0.38 ^ _471_/Q (sky130_fd_sc_hd__dfrtp_2)
     3    0.01                           readmode (net)
                  0.07    0.00    0.38 ^ _306_/A1 (sky130_fd_sc_hd__mux2_2)
                  0.03    0.13    0.51 ^ _306_/X (sky130_fd_sc_hd__mux2_2)
     1    0.00                           _153_ (net)
                  0.03    0.00    0.51 ^ _307_/A (sky130_fd_sc_hd__buf_1)
                  0.04    0.07    0.57 ^ _307_/X (sky130_fd_sc_hd__buf_1)
     1    0.00                           _078_ (net)
                  0.04    0.00    0.57 ^ _471_/D (sky130_fd_sc_hd__dfrtp_2)
                                  0.57   data arrival time

                  0.15    0.00    0.00   clock SCK (rise edge)
                          0.00    0.00   clock network delay (ideal)
                          0.25    0.25   clock uncertainty
                          0.00    0.25   clock reconvergence pessimism
                                  0.25 ^ _471_/CLK (sky130_fd_sc_hd__dfrtp_2)
                         -0.02    0.23   library hold time
                                  0.23   data required time
-----------------------------------------------------------------------------
                                  0.23   data required time
                                 -0.57   data arrival time
-----------------------------------------------------------------------------
                                  0.34   slack (MET)


Startpoint: _484_ (rising edge-triggered flip-flop clocked by SCK)
Endpoint: _458_ (rising edge-triggered flip-flop clocked by SCK)
Path Group: SCK
Path Type: min

Fanout     Cap    Slew   Delay    Time   Description
-----------------------------------------------------------------------------
                  0.15    0.00    0.00   clock SCK (rise edge)
                          0.00    0.00   clock network delay (ideal)
                  0.15    0.00    0.00 ^ _484_/CLK (sky130_fd_sc_hd__dfrtp_2)
                  0.08    0.39    0.39 ^ _484_/Q (sky130_fd_sc_hd__dfrtp_2)
     5    0.01                           pre_pass_thru_user (net)
                  0.08    0.00    0.39 ^ _367_/A0 (sky130_fd_sc_hd__mux2_2)
                  0.03    0.13    0.52 ^ _367_/X (sky130_fd_sc_hd__mux2_2)
     1    0.00                           _200_ (net)
                  0.03    0.00    0.52 ^ _368_/A (sky130_fd_sc_hd__buf_1)
                  0.04    0.07    0.58 ^ _368_/X (sky130_fd_sc_hd__buf_1)
     1    0.00                           _065_ (net)
                  0.04    0.00    0.58 ^ _458_/D (sky130_fd_sc_hd__dfrtp_2)
                                  0.58   data arrival time

                  0.15    0.00    0.00   clock SCK (rise edge)
                          0.00    0.00   clock network delay (ideal)
                          0.25    0.25   clock uncertainty
                          0.00    0.25   clock reconvergence pessimism
                                  0.25 ^ _458_/CLK (sky130_fd_sc_hd__dfrtp_2)
                         -0.02    0.23   library hold time
                                  0.23   data required time
-----------------------------------------------------------------------------
                                  0.23   data required time
                                 -0.58   data arrival time
-----------------------------------------------------------------------------
                                  0.35   slack (MET)


Startpoint: _462_ (rising edge-triggered flip-flop clocked by SCK)
Endpoint: _462_ (rising edge-triggered flip-flop clocked by SCK)
Path Group: SCK
Path Type: min

Fanout     Cap    Slew   Delay    Time   Description
-----------------------------------------------------------------------------
                  0.15    0.00    0.00   clock SCK (rise edge)
                          0.00    0.00   clock network delay (ideal)
                  0.15    0.00    0.00 ^ _462_/CLK (sky130_fd_sc_hd__dfrtp_2)
                  0.08    0.39    0.39 ^ _462_/Q (sky130_fd_sc_hd__dfrtp_2)
     6    0.01                           addr[3] (net)
                  0.08    0.00    0.39 ^ _351_/A0 (sky130_fd_sc_hd__mux2_2)
                  0.03    0.13    0.52 ^ _351_/X (sky130_fd_sc_hd__mux2_2)
     1    0.00                           _188_ (net)
                  0.03    0.00    0.52 ^ _352_/A (sky130_fd_sc_hd__buf_1)
                  0.04    0.07    0.59 ^ _352_/X (sky130_fd_sc_hd__buf_1)
     1    0.00                           _069_ (net)
                  0.04    0.00    0.59 ^ _462_/D (sky130_fd_sc_hd__dfrtp_2)
                                  0.59   data arrival time

                  0.15    0.00    0.00   clock SCK (rise edge)
                          0.00    0.00   clock network delay (ideal)
                          0.25    0.25   clock uncertainty
                          0.00    0.25   clock reconvergence pessimism
                                  0.25 ^ _462_/CLK (sky130_fd_sc_hd__dfrtp_2)
                         -0.02    0.23   library hold time
                                  0.23   data required time
-----------------------------------------------------------------------------
                                  0.23   data required time
                                 -0.59   data arrival time
-----------------------------------------------------------------------------
                                  0.36   slack (MET)


Startpoint: _486_ (rising edge-triggered flip-flop clocked by SCK)
Endpoint: _472_ (rising edge-triggered flip-flop clocked by SCK)
Path Group: SCK
Path Type: min

Fanout     Cap    Slew   Delay    Time   Description
-----------------------------------------------------------------------------
                  0.15    0.00    0.00   clock SCK (rise edge)
                          0.00    0.00   clock network delay (ideal)
                  0.15    0.00    0.00 ^ _486_/CLK (sky130_fd_sc_hd__dfstp_2)
                  0.07    0.41    0.41 v _486_/Q (sky130_fd_sc_hd__dfstp_2)
     8    0.02                           state[0] (net)
                  0.07    0.00    0.41 v _302_/B (sky130_fd_sc_hd__nand2_2)
                  0.06    0.09    0.50 ^ _302_/Y (sky130_fd_sc_hd__nand2_2)
     2    0.01                           _150_ (net)
                  0.06    0.00    0.50 ^ _304_/A1 (sky130_fd_sc_hd__o221ai_2)
                  0.05    0.09    0.59 v _304_/Y (sky130_fd_sc_hd__o221ai_2)
     1    0.00                           _079_ (net)
                  0.05    0.00    0.59 v _472_/D (sky130_fd_sc_hd__dfrtp_2)
                                  0.59   data arrival time

                  0.15    0.00    0.00   clock SCK (rise edge)
                          0.00    0.00   clock network delay (ideal)
                          0.25    0.25   clock uncertainty
                          0.00    0.25   clock reconvergence pessimism
                                  0.25 ^ _472_/CLK (sky130_fd_sc_hd__dfrtp_2)
                         -0.02    0.23   library hold time
                                  0.23   data required time
-----------------------------------------------------------------------------
                                  0.23   data required time
                                 -0.59   data arrival time
-----------------------------------------------------------------------------
                                  0.36   slack (MET)


Startpoint: _465_ (rising edge-triggered flip-flop clocked by SCK)
Endpoint: _465_ (rising edge-triggered flip-flop clocked by SCK)
Path Group: SCK
Path Type: min

Fanout     Cap    Slew   Delay    Time   Description
-----------------------------------------------------------------------------
                  0.15    0.00    0.00   clock SCK (rise edge)
                          0.00    0.00   clock network delay (ideal)
                  0.15    0.00    0.00 ^ _465_/CLK (sky130_fd_sc_hd__dfrtp_2)
                  0.08    0.39    0.39 ^ _465_/Q (sky130_fd_sc_hd__dfrtp_2)
     5    0.01                           addr[6] (net)
                  0.08    0.00    0.39 ^ _336_/A0 (sky130_fd_sc_hd__mux2_2)
                  0.03    0.14    0.53 ^ _336_/X (sky130_fd_sc_hd__mux2_2)
     1    0.00                           _176_ (net)
                  0.03    0.00    0.53 ^ _337_/A (sky130_fd_sc_hd__buf_1)
                  0.04    0.07    0.60 ^ _337_/X (sky130_fd_sc_hd__buf_1)
     1    0.00                           _072_ (net)
                  0.04    0.00    0.60 ^ _465_/D (sky130_fd_sc_hd__dfrtp_2)
                                  0.60   data arrival time

                  0.15    0.00    0.00   clock SCK (rise edge)
                          0.00    0.00   clock network delay (ideal)
                          0.25    0.25   clock uncertainty
                          0.00    0.25   clock reconvergence pessimism
                                  0.25 ^ _465_/CLK (sky130_fd_sc_hd__dfrtp_2)
                         -0.02    0.23   library hold time
                                  0.23   data required time
-----------------------------------------------------------------------------
                                  0.23   data required time
                                 -0.60   data arrival time
-----------------------------------------------------------------------------
                                  0.36   slack (MET)


Startpoint: _469_ (rising edge-triggered flip-flop clocked by SCK)
Endpoint: _482_ (rising edge-triggered flip-flop clocked by SCK)
Path Group: SCK
Path Type: min

Fanout     Cap    Slew   Delay    Time   Description
-----------------------------------------------------------------------------
                  0.15    0.00    0.00   clock SCK (rise edge)
                          0.00    0.00   clock network delay (ideal)
                  0.15    0.00    0.00 ^ _469_/CLK (sky130_fd_sc_hd__dfrtp_2)
                  0.13    0.43    0.43 ^ _469_/Q (sky130_fd_sc_hd__dfrtp_2)
     9    0.02                           count[2] (net)
                  0.13    0.00    0.43 ^ _276_/A2 (sky130_fd_sc_hd__a41o_2)
                  0.03    0.18    0.61 ^ _276_/X (sky130_fd_sc_hd__a41o_2)
     1    0.00                           _089_ (net)
                  0.03    0.00    0.61 ^ _482_/D (sky130_fd_sc_hd__dfrtp_2)
                                  0.61   data arrival time

                  0.15    0.00    0.00   clock SCK (rise edge)
                          0.00    0.00   clock network delay (ideal)
                          0.25    0.25   clock uncertainty
                          0.00    0.25   clock reconvergence pessimism
                                  0.25 ^ _482_/CLK (sky130_fd_sc_hd__dfrtp_2)
                         -0.02    0.23   library hold time
                                  0.23   data required time
-----------------------------------------------------------------------------
                                  0.23   data required time
                                 -0.61   data arrival time
-----------------------------------------------------------------------------
                                  0.38   slack (MET)


Startpoint: _461_ (rising edge-triggered flip-flop clocked by SCK)
Endpoint: _461_ (rising edge-triggered flip-flop clocked by SCK)
Path Group: SCK
Path Type: min

Fanout     Cap    Slew   Delay    Time   Description
-----------------------------------------------------------------------------
                  0.15    0.00    0.00   clock SCK (rise edge)
                          0.00    0.00   clock network delay (ideal)
                  0.15    0.00    0.00 ^ _461_/CLK (sky130_fd_sc_hd__dfrtp_2)
                  0.11    0.41    0.41 ^ _461_/Q (sky130_fd_sc_hd__dfrtp_2)
     8    0.02                           addr[2] (net)
                  0.11    0.00    0.41 ^ _356_/A0 (sky130_fd_sc_hd__mux2_2)
                  0.03    0.14    0.56 ^ _356_/X (sky130_fd_sc_hd__mux2_2)
     1    0.00                           _192_ (net)
                  0.03    0.00    0.56 ^ _357_/A (sky130_fd_sc_hd__buf_1)
                  0.04    0.07    0.62 ^ _357_/X (sky130_fd_sc_hd__buf_1)
     1    0.00                           _068_ (net)
                  0.04    0.00    0.62 ^ _461_/D (sky130_fd_sc_hd__dfrtp_2)
                                  0.62   data arrival time

                  0.15    0.00    0.00   clock SCK (rise edge)
                          0.00    0.00   clock network delay (ideal)
                          0.25    0.25   clock uncertainty
                          0.00    0.25   clock reconvergence pessimism
                                  0.25 ^ _461_/CLK (sky130_fd_sc_hd__dfrtp_2)
                         -0.02    0.23   library hold time
                                  0.23   data required time
-----------------------------------------------------------------------------
                                  0.23   data required time
                                 -0.62   data arrival time
-----------------------------------------------------------------------------
                                  0.39   slack (MET)


Startpoint: _488_ (rising edge-triggered flip-flop clocked by SCK)
Endpoint: _467_ (rising edge-triggered flip-flop clocked by SCK)
Path Group: SCK
Path Type: min

Fanout     Cap    Slew   Delay    Time   Description
-----------------------------------------------------------------------------
                  0.15    0.00    0.00   clock SCK (rise edge)
                          0.00    0.00   clock network delay (ideal)
                  0.15    0.00    0.00 ^ _488_/CLK (sky130_fd_sc_hd__dfrtp_2)
                  0.12    0.42    0.42 ^ _488_/Q (sky130_fd_sc_hd__dfrtp_2)
     8    0.02                           state[2] (net)
                  0.12    0.00    0.42 ^ _311_/B (sky130_fd_sc_hd__or3_2)
                  0.08    0.16    0.58 ^ _311_/X (sky130_fd_sc_hd__or3_2)
     3    0.01                           _156_ (net)
                  0.08    0.00    0.58 ^ _320_/B (sky130_fd_sc_hd__xor2_2)
                  0.03    0.05    0.63 v _320_/X (sky130_fd_sc_hd__xor2_2)
     1    0.00                           _074_ (net)
                  0.03    0.00    0.63 v _467_/D (sky130_fd_sc_hd__dfrtp_2)
                                  0.63   data arrival time

                  0.15    0.00    0.00   clock SCK (rise edge)
                          0.00    0.00   clock network delay (ideal)
                          0.25    0.25   clock uncertainty
                          0.00    0.25   clock reconvergence pessimism
                                  0.25 ^ _467_/CLK (sky130_fd_sc_hd__dfrtp_2)
                         -0.01    0.24   library hold time
                                  0.24   data required time
-----------------------------------------------------------------------------
                                  0.24   data required time
                                 -0.63   data arrival time
-----------------------------------------------------------------------------
                                  0.40   slack (MET)


Startpoint: _460_ (rising edge-triggered flip-flop clocked by SCK)
Endpoint: _460_ (rising edge-triggered flip-flop clocked by SCK)
Path Group: SCK
Path Type: min

Fanout     Cap    Slew   Delay    Time   Description
-----------------------------------------------------------------------------
                  0.15    0.00    0.00   clock SCK (rise edge)
                          0.00    0.00   clock network delay (ideal)
                  0.15    0.00    0.00 ^ _460_/CLK (sky130_fd_sc_hd__dfrtp_2)
                  0.12    0.42    0.42 ^ _460_/Q (sky130_fd_sc_hd__dfrtp_2)
     8    0.02                           addr[1] (net)
                  0.12    0.00    0.42 ^ _360_/A0 (sky130_fd_sc_hd__mux2_2)
                  0.03    0.15    0.57 ^ _360_/X (sky130_fd_sc_hd__mux2_2)
     1    0.00                           _195_ (net)
                  0.03    0.00    0.57 ^ _361_/A (sky130_fd_sc_hd__buf_1)
                  0.04    0.07    0.63 ^ _361_/X (sky130_fd_sc_hd__buf_1)
     1    0.00                           _067_ (net)
                  0.04    0.00    0.63 ^ _460_/D (sky130_fd_sc_hd__dfrtp_2)
                                  0.63   data arrival time

                  0.15    0.00    0.00   clock SCK (rise edge)
                          0.00    0.00   clock network delay (ideal)
                          0.25    0.25   clock uncertainty
                          0.00    0.25   clock reconvergence pessimism
                                  0.25 ^ _460_/CLK (sky130_fd_sc_hd__dfrtp_2)
                         -0.02    0.23   library hold time
                                  0.23   data required time
-----------------------------------------------------------------------------
                                  0.23   data required time
                                 -0.63   data arrival time
-----------------------------------------------------------------------------
                                  0.40   slack (MET)


Startpoint: _454_ (rising edge-triggered flip-flop clocked by SCK)
Endpoint: _454_ (rising edge-triggered flip-flop clocked by SCK)
Path Group: SCK
Path Type: min

Fanout     Cap    Slew   Delay    Time   Description
-----------------------------------------------------------------------------
                  0.15    0.00    0.00   clock SCK (rise edge)
                          0.00    0.00   clock network delay (ideal)
                  0.15    0.00    0.00 ^ _454_/CLK (sky130_fd_sc_hd__dfrtp_2)
                  0.19    0.48    0.48 ^ _454_/Q (sky130_fd_sc_hd__dfrtp_2)
     3    0.04                           rdstb (net)
                  0.19    0.00    0.48 ^ _375_/A1 (sky130_fd_sc_hd__a22o_2)
                  0.03    0.16    0.64 ^ _375_/X (sky130_fd_sc_hd__a22o_2)
     1    0.00                           _061_ (net)
                  0.03    0.00    0.64 ^ _454_/D (sky130_fd_sc_hd__dfrtp_2)
                                  0.64   data arrival time

                  0.15    0.00    0.00   clock SCK (rise edge)
                          0.00    0.00   clock network delay (ideal)
                          0.25    0.25   clock uncertainty
                          0.00    0.25   clock reconvergence pessimism
                                  0.25 ^ _454_/CLK (sky130_fd_sc_hd__dfrtp_2)
                         -0.02    0.23   library hold time
                                  0.23   data required time
-----------------------------------------------------------------------------
                                  0.23   data required time
                                 -0.64   data arrival time
-----------------------------------------------------------------------------
                                  0.40   slack (MET)


Startpoint: _464_ (rising edge-triggered flip-flop clocked by SCK)
Endpoint: _464_ (rising edge-triggered flip-flop clocked by SCK)
Path Group: SCK
Path Type: min

Fanout     Cap    Slew   Delay    Time   Description
-----------------------------------------------------------------------------
                  0.15    0.00    0.00   clock SCK (rise edge)
                          0.00    0.00   clock network delay (ideal)
                  0.15    0.00    0.00 ^ _464_/CLK (sky130_fd_sc_hd__dfrtp_2)
                  0.12    0.42    0.42 ^ _464_/Q (sky130_fd_sc_hd__dfrtp_2)
     7    0.02                           addr[5] (net)
                  0.12    0.00    0.42 ^ _341_/A0 (sky130_fd_sc_hd__mux2_2)
                  0.03    0.15    0.57 ^ _341_/X (sky130_fd_sc_hd__mux2_2)
     1    0.00                           _180_ (net)
                  0.03    0.00    0.57 ^ _342_/A (sky130_fd_sc_hd__buf_1)
                  0.04    0.07    0.64 ^ _342_/X (sky130_fd_sc_hd__buf_1)
     1    0.00                           _071_ (net)
                  0.04    0.00    0.64 ^ _464_/D (sky130_fd_sc_hd__dfrtp_2)
                                  0.64   data arrival time

                  0.15    0.00    0.00   clock SCK (rise edge)
                          0.00    0.00   clock network delay (ideal)
                          0.25    0.25   clock uncertainty
                          0.00    0.25   clock reconvergence pessimism
                                  0.25 ^ _464_/CLK (sky130_fd_sc_hd__dfrtp_2)
                         -0.02    0.23   library hold time
                                  0.23   data required time
-----------------------------------------------------------------------------
                                  0.23   data required time
                                 -0.64   data arrival time
-----------------------------------------------------------------------------
                                  0.40   slack (MET)


Startpoint: _485_ (rising edge-triggered flip-flop clocked by SCK')
Endpoint: _485_ (rising edge-triggered flip-flop clocked by SCK')
Path Group: SCK
Path Type: min

Fanout     Cap    Slew   Delay    Time   Description
-----------------------------------------------------------------------------
                  0.15    5.00    5.00   clock SCK' (rise edge)
                          0.00    5.00   clock network delay (ideal)
                  0.15    0.00    5.00 ^ _485_/CLK (sky130_fd_sc_hd__dfrtp_2)
                  0.18    0.47    5.47 ^ _485_/Q (sky130_fd_sc_hd__dfrtp_2)
     2    0.04                           wrstb (net)
                  0.18    0.00    5.47 ^ _263_/A1 (sky130_fd_sc_hd__o211a_2)
                  0.04    0.18    5.65 ^ _263_/X (sky130_fd_sc_hd__o211a_2)
     1    0.00                           _091_ (net)
                  0.04    0.00    5.65 ^ _485_/D (sky130_fd_sc_hd__dfrtp_2)
                                  5.65   data arrival time

                  0.15    5.00    5.00   clock SCK' (rise edge)
                          0.00    5.00   clock network delay (ideal)
                          0.25    5.25   clock uncertainty
                          0.00    5.25   clock reconvergence pessimism
                                  5.25 ^ _485_/CLK (sky130_fd_sc_hd__dfrtp_2)
                         -0.02    5.23   library hold time
                                  5.23   data required time
-----------------------------------------------------------------------------
                                  5.23   data required time
                                 -5.65   data arrival time
-----------------------------------------------------------------------------
                                  0.42   slack (MET)


Startpoint: _468_ (rising edge-triggered flip-flop clocked by SCK)
Endpoint: _486_ (rising edge-triggered flip-flop clocked by SCK)
Path Group: SCK
Path Type: min

Fanout     Cap    Slew   Delay    Time   Description
-----------------------------------------------------------------------------
                  0.15    0.00    0.00   clock SCK (rise edge)
                          0.00    0.00   clock network delay (ideal)
                  0.15    0.00    0.00 ^ _468_/CLK (sky130_fd_sc_hd__dfrtp_2)
                  0.08    0.45    0.45 v _468_/Q (sky130_fd_sc_hd__dfrtp_2)
     9    0.02                           count[1] (net)
                  0.08    0.00    0.45 v _380_/B (sky130_fd_sc_hd__nand3_2)
                  0.04    0.07    0.52 ^ _380_/Y (sky130_fd_sc_hd__nand3_2)
     2    0.00                           _205_ (net)
                  0.04    0.00    0.52 ^ _383_/B1 (sky130_fd_sc_hd__a2bb2o_2)
                  0.03    0.13    0.65 ^ _383_/X (sky130_fd_sc_hd__a2bb2o_2)
     1    0.00                           _001_ (net)
                  0.03    0.00    0.65 ^ _486_/D (sky130_fd_sc_hd__dfstp_2)
                                  0.65   data arrival time

                  0.15    0.00    0.00   clock SCK (rise edge)
                          0.00    0.00   clock network delay (ideal)
                          0.25    0.25   clock uncertainty
                          0.00    0.25   clock reconvergence pessimism
                                  0.25 ^ _486_/CLK (sky130_fd_sc_hd__dfstp_2)
                         -0.02    0.23   library hold time
                                  0.23   data required time
-----------------------------------------------------------------------------
                                  0.23   data required time
                                 -0.65   data arrival time
-----------------------------------------------------------------------------
                                  0.42   slack (MET)


Startpoint: _463_ (rising edge-triggered flip-flop clocked by SCK)
Endpoint: _463_ (rising edge-triggered flip-flop clocked by SCK)
Path Group: SCK
Path Type: min

Fanout     Cap    Slew   Delay    Time   Description
-----------------------------------------------------------------------------
                  0.15    0.00    0.00   clock SCK (rise edge)
                          0.00    0.00   clock network delay (ideal)
                  0.15    0.00    0.00 ^ _463_/CLK (sky130_fd_sc_hd__dfrtp_2)
                  0.14    0.44    0.44 ^ _463_/Q (sky130_fd_sc_hd__dfrtp_2)
    10    0.03                           addr[4] (net)
                  0.14    0.00    0.44 ^ _346_/A0 (sky130_fd_sc_hd__mux2_2)
                  0.03    0.15    0.59 ^ _346_/X (sky130_fd_sc_hd__mux2_2)
     1    0.00                           _184_ (net)
                  0.03    0.00    0.59 ^ _347_/A (sky130_fd_sc_hd__buf_1)
                  0.04    0.07    0.66 ^ _347_/X (sky130_fd_sc_hd__buf_1)
     1    0.00                           _070_ (net)
                  0.04    0.00    0.66 ^ _463_/D (sky130_fd_sc_hd__dfrtp_2)
                                  0.66   data arrival time

                  0.15    0.00    0.00   clock SCK (rise edge)
                          0.00    0.00   clock network delay (ideal)
                          0.25    0.25   clock uncertainty
                          0.00    0.25   clock reconvergence pessimism
                                  0.25 ^ _463_/CLK (sky130_fd_sc_hd__dfrtp_2)
                         -0.02    0.23   library hold time
                                  0.23   data required time
-----------------------------------------------------------------------------
                                  0.23   data required time
                                 -0.66   data arrival time
-----------------------------------------------------------------------------
                                  0.43   slack (MET)


Startpoint: _497_ (rising edge-triggered flip-flop clocked by SCK')
Endpoint: _498_ (rising edge-triggered flip-flop clocked by SCK')
Path Group: SCK
Path Type: min

Fanout     Cap    Slew   Delay    Time   Description
-----------------------------------------------------------------------------
                  0.15    5.00    5.00   clock SCK' (rise edge)
                          0.00    5.00   clock network delay (ideal)
                  0.15    0.00    5.00 ^ _497_/CLK (sky130_fd_sc_hd__dfrtp_2)
                  0.04    0.35    5.35 ^ _497_/Q (sky130_fd_sc_hd__dfrtp_2)
     2    0.00                           ldata[6] (net)
                  0.04    0.00    5.35 ^ _229_/A1 (sky130_fd_sc_hd__mux2_2)
                  0.03    0.12    5.47 ^ _229_/X (sky130_fd_sc_hd__mux2_2)
     1    0.00                           _106_ (net)
                  0.03    0.00    5.47 ^ _231_/A0 (sky130_fd_sc_hd__mux2_2)
                  0.03    0.12    5.59 ^ _231_/X (sky130_fd_sc_hd__mux2_2)
     1    0.00                           _108_ (net)
                  0.03    0.00    5.59 ^ _232_/A (sky130_fd_sc_hd__buf_1)
                  0.04    0.07    5.66 ^ _232_/X (sky130_fd_sc_hd__buf_1)
     1    0.00                           _099_ (net)
                  0.04    0.00    5.66 ^ _498_/D (sky130_fd_sc_hd__dfrtp_2)
                                  5.66   data arrival time

                  0.15    5.00    5.00   clock SCK' (rise edge)
                          0.00    5.00   clock network delay (ideal)
                          0.25    5.25   clock uncertainty
                          0.00    5.25   clock reconvergence pessimism
                                  5.25 ^ _498_/CLK (sky130_fd_sc_hd__dfrtp_2)
                         -0.02    5.23   library hold time
                                  5.23   data required time
-----------------------------------------------------------------------------
                                  5.23   data required time
                                 -5.66   data arrival time
-----------------------------------------------------------------------------
                                  0.43   slack (MET)


Startpoint: _468_ (rising edge-triggered flip-flop clocked by SCK)
Endpoint: _468_ (rising edge-triggered flip-flop clocked by SCK)
Path Group: SCK
Path Type: min

Fanout     Cap    Slew   Delay    Time   Description
-----------------------------------------------------------------------------
                  0.15    0.00    0.00   clock SCK (rise edge)
                          0.00    0.00   clock network delay (ideal)
                  0.15    0.00    0.00 ^ _468_/CLK (sky130_fd_sc_hd__dfrtp_2)
                  0.12    0.42    0.42 ^ _468_/Q (sky130_fd_sc_hd__dfrtp_2)
     9    0.02                           count[1] (net)
                  0.12    0.00    0.42 ^ _272_/A_N (sky130_fd_sc_hd__nand2b_2)
                  0.13    0.19    0.61 ^ _272_/Y (sky130_fd_sc_hd__nand2b_2)
     6    0.02                           _130_ (net)
                  0.13    0.00    0.61 ^ _319_/A1 (sky130_fd_sc_hd__o21ai_2)
                  0.02    0.07    0.67 v _319_/Y (sky130_fd_sc_hd__o21ai_2)
     1    0.00                           _075_ (net)
                  0.02    0.00    0.67 v _468_/D (sky130_fd_sc_hd__dfrtp_2)
                                  0.67   data arrival time

                  0.15    0.00    0.00   clock SCK (rise edge)
                          0.00    0.00   clock network delay (ideal)
                          0.25    0.25   clock uncertainty
                          0.00    0.25   clock reconvergence pessimism
                                  0.25 ^ _468_/CLK (sky130_fd_sc_hd__dfrtp_2)
                         -0.01    0.24   library hold time
                                  0.24   data required time
-----------------------------------------------------------------------------
                                  0.24   data required time
                                 -0.67   data arrival time
-----------------------------------------------------------------------------
                                  0.43   slack (MET)


Startpoint: _459_ (rising edge-triggered flip-flop clocked by SCK)
Endpoint: _459_ (rising edge-triggered flip-flop clocked by SCK)
Path Group: SCK
Path Type: min

Fanout     Cap    Slew   Delay    Time   Description
-----------------------------------------------------------------------------
                  0.15    0.00    0.00   clock SCK (rise edge)
                          0.00    0.00   clock network delay (ideal)
                  0.15    0.00    0.00 ^ _459_/CLK (sky130_fd_sc_hd__dfrtp_2)
                  0.15    0.45    0.45 ^ _459_/Q (sky130_fd_sc_hd__dfrtp_2)
     8    0.03                           addr[0] (net)
                  0.15    0.00    0.45 ^ _364_/A0 (sky130_fd_sc_hd__mux2_2)
                  0.03    0.16    0.60 ^ _364_/X (sky130_fd_sc_hd__mux2_2)
     1    0.00                           _198_ (net)
                  0.03    0.00    0.60 ^ _365_/A (sky130_fd_sc_hd__buf_1)
                  0.04    0.07    0.67 ^ _365_/X (sky130_fd_sc_hd__buf_1)
     1    0.00                           _066_ (net)
                  0.04    0.00    0.67 ^ _459_/D (sky130_fd_sc_hd__dfrtp_2)
                                  0.67   data arrival time

                  0.15    0.00    0.00   clock SCK (rise edge)
                          0.00    0.00   clock network delay (ideal)
                          0.25    0.25   clock uncertainty
                          0.00    0.25   clock reconvergence pessimism
                                  0.25 ^ _459_/CLK (sky130_fd_sc_hd__dfrtp_2)
                         -0.02    0.23   library hold time
                                  0.23   data required time
-----------------------------------------------------------------------------
                                  0.23   data required time
                                 -0.67   data arrival time
-----------------------------------------------------------------------------
                                  0.44   slack (MET)


Startpoint: _481_ (rising edge-triggered flip-flop clocked by SCK)
Endpoint: _481_ (rising edge-triggered flip-flop clocked by SCK)
Path Group: SCK
Path Type: min

Fanout     Cap    Slew   Delay    Time   Description
-----------------------------------------------------------------------------
                  0.15    0.00    0.00   clock SCK (rise edge)
                          0.00    0.00   clock network delay (ideal)
                  0.15    0.00    0.00 ^ _481_/CLK (sky130_fd_sc_hd__dfrtp_2)
                  0.18    0.47    0.47 ^ _481_/Q (sky130_fd_sc_hd__dfrtp_2)
     2    0.04                           odata[7] (net)
                  0.18    0.00    0.47 ^ _278_/A0 (sky130_fd_sc_hd__mux2_2)
                  0.03    0.16    0.63 ^ _278_/X (sky130_fd_sc_hd__mux2_2)
     1    0.00                           _135_ (net)
                  0.03    0.00    0.63 ^ _279_/A (sky130_fd_sc_hd__buf_1)
                  0.04    0.07    0.70 ^ _279_/X (sky130_fd_sc_hd__buf_1)
     1    0.00                           _088_ (net)
                  0.04    0.00    0.70 ^ _481_/D (sky130_fd_sc_hd__dfrtp_2)
                                  0.70   data arrival time

                  0.15    0.00    0.00   clock SCK (rise edge)
                          0.00    0.00   clock network delay (ideal)
                          0.25    0.25   clock uncertainty
                          0.00    0.25   clock reconvergence pessimism
                                  0.25 ^ _481_/CLK (sky130_fd_sc_hd__dfrtp_2)
                         -0.02    0.23   library hold time
                                  0.23   data required time
-----------------------------------------------------------------------------
                                  0.23   data required time
                                 -0.70   data arrival time
-----------------------------------------------------------------------------
                                  0.47   slack (MET)


Startpoint: _468_ (rising edge-triggered flip-flop clocked by SCK)
Endpoint: _469_ (rising edge-triggered flip-flop clocked by SCK)
Path Group: SCK
Path Type: min

Fanout     Cap    Slew   Delay    Time   Description
-----------------------------------------------------------------------------
                  0.15    0.00    0.00   clock SCK (rise edge)
                          0.00    0.00   clock network delay (ideal)
                  0.15    0.00    0.00 ^ _468_/CLK (sky130_fd_sc_hd__dfrtp_2)
                  0.12    0.42    0.42 ^ _468_/Q (sky130_fd_sc_hd__dfrtp_2)
     9    0.02                           count[1] (net)
                  0.12    0.00    0.42 ^ _313_/B (sky130_fd_sc_hd__or2_2)
                  0.02    0.11    0.53 ^ _313_/X (sky130_fd_sc_hd__or2_2)
     1    0.00                           _158_ (net)
                  0.02    0.00    0.53 ^ _314_/A (sky130_fd_sc_hd__and2_2)
                  0.06    0.13    0.66 ^ _314_/X (sky130_fd_sc_hd__and2_2)
     1    0.01                           _159_ (net)
                  0.06    0.00    0.66 ^ _315_/B (sky130_fd_sc_hd__xnor2_2)
                  0.03    0.05    0.71 v _315_/Y (sky130_fd_sc_hd__xnor2_2)
     1    0.00                           _076_ (net)
                  0.03    0.00    0.71 v _469_/D (sky130_fd_sc_hd__dfrtp_2)
                                  0.71   data arrival time

                  0.15    0.00    0.00   clock SCK (rise edge)
                          0.00    0.00   clock network delay (ideal)
                          0.25    0.25   clock uncertainty
                          0.00    0.25   clock reconvergence pessimism
                                  0.25 ^ _469_/CLK (sky130_fd_sc_hd__dfrtp_2)
                         -0.01    0.24   library hold time
                                  0.24   data required time
-----------------------------------------------------------------------------
                                  0.24   data required time
                                 -0.71   data arrival time
-----------------------------------------------------------------------------
                                  0.47   slack (MET)


Startpoint: _475_ (rising edge-triggered flip-flop clocked by SCK)
Endpoint: _475_ (rising edge-triggered flip-flop clocked by SCK)
Path Group: SCK
Path Type: min

Fanout     Cap    Slew   Delay    Time   Description
-----------------------------------------------------------------------------
                  0.15    0.00    0.00   clock SCK (rise edge)
                          0.00    0.00   clock network delay (ideal)
                  0.15    0.00    0.00 ^ _475_/CLK (sky130_fd_sc_hd__dfrtp_2)
                  0.19    0.47    0.47 ^ _475_/Q (sky130_fd_sc_hd__dfrtp_2)
     3    0.04                           odata[1] (net)
                  0.19    0.00    0.47 ^ _290_/A0 (sky130_fd_sc_hd__mux2_2)
                  0.03    0.17    0.64 ^ _290_/X (sky130_fd_sc_hd__mux2_2)
     1    0.00                           _141_ (net)
                  0.03    0.00    0.64 ^ _291_/A (sky130_fd_sc_hd__buf_1)
                  0.04    0.07    0.71 ^ _291_/X (sky130_fd_sc_hd__buf_1)
     1    0.00                           _082_ (net)
                  0.04    0.00    0.71 ^ _475_/D (sky130_fd_sc_hd__dfrtp_2)
                                  0.71   data arrival time

                  0.15    0.00    0.00   clock SCK (rise edge)
                          0.00    0.00   clock network delay (ideal)
                          0.25    0.25   clock uncertainty
                          0.00    0.25   clock reconvergence pessimism
                                  0.25 ^ _475_/CLK (sky130_fd_sc_hd__dfrtp_2)
                         -0.02    0.23   library hold time
                                  0.23   data required time
-----------------------------------------------------------------------------
                                  0.23   data required time
                                 -0.71   data arrival time
-----------------------------------------------------------------------------
                                  0.47   slack (MET)


Startpoint: _476_ (rising edge-triggered flip-flop clocked by SCK)
Endpoint: _476_ (rising edge-triggered flip-flop clocked by SCK)
Path Group: SCK
Path Type: min

Fanout     Cap    Slew   Delay    Time   Description
-----------------------------------------------------------------------------
                  0.15    0.00    0.00   clock SCK (rise edge)
                          0.00    0.00   clock network delay (ideal)
                  0.15    0.00    0.00 ^ _476_/CLK (sky130_fd_sc_hd__dfrtp_2)
                  0.19    0.47    0.47 ^ _476_/Q (sky130_fd_sc_hd__dfrtp_2)
     3    0.04                           odata[2] (net)
                  0.19    0.00    0.47 ^ _288_/A0 (sky130_fd_sc_hd__mux2_2)
                  0.03    0.17    0.64 ^ _288_/X (sky130_fd_sc_hd__mux2_2)
     1    0.00                           _140_ (net)
                  0.03    0.00    0.64 ^ _289_/A (sky130_fd_sc_hd__buf_1)
                  0.04    0.07    0.71 ^ _289_/X (sky130_fd_sc_hd__buf_1)
     1    0.00                           _083_ (net)
                  0.04    0.00    0.71 ^ _476_/D (sky130_fd_sc_hd__dfrtp_2)
                                  0.71   data arrival time

                  0.15    0.00    0.00   clock SCK (rise edge)
                          0.00    0.00   clock network delay (ideal)
                          0.25    0.25   clock uncertainty
                          0.00    0.25   clock reconvergence pessimism
                                  0.25 ^ _476_/CLK (sky130_fd_sc_hd__dfrtp_2)
                         -0.02    0.23   library hold time
                                  0.23   data required time
-----------------------------------------------------------------------------
                                  0.23   data required time
                                 -0.71   data arrival time
-----------------------------------------------------------------------------
                                  0.47   slack (MET)


Startpoint: _477_ (rising edge-triggered flip-flop clocked by SCK)
Endpoint: _477_ (rising edge-triggered flip-flop clocked by SCK)
Path Group: SCK
Path Type: min

Fanout     Cap    Slew   Delay    Time   Description
-----------------------------------------------------------------------------
                  0.15    0.00    0.00   clock SCK (rise edge)
                          0.00    0.00   clock network delay (ideal)
                  0.15    0.00    0.00 ^ _477_/CLK (sky130_fd_sc_hd__dfrtp_2)
                  0.19    0.47    0.47 ^ _477_/Q (sky130_fd_sc_hd__dfrtp_2)
     3    0.04                           odata[3] (net)
                  0.19    0.00    0.47 ^ _286_/A0 (sky130_fd_sc_hd__mux2_2)
                  0.03    0.17    0.64 ^ _286_/X (sky130_fd_sc_hd__mux2_2)
     1    0.00                           _139_ (net)
                  0.03    0.00    0.64 ^ _287_/A (sky130_fd_sc_hd__buf_1)
                  0.04    0.07    0.71 ^ _287_/X (sky130_fd_sc_hd__buf_1)
     1    0.00                           _084_ (net)
                  0.04    0.00    0.71 ^ _477_/D (sky130_fd_sc_hd__dfrtp_2)
                                  0.71   data arrival time

                  0.15    0.00    0.00   clock SCK (rise edge)
                          0.00    0.00   clock network delay (ideal)
                          0.25    0.25   clock uncertainty
                          0.00    0.25   clock reconvergence pessimism
                                  0.25 ^ _477_/CLK (sky130_fd_sc_hd__dfrtp_2)
                         -0.02    0.23   library hold time
                                  0.23   data required time
-----------------------------------------------------------------------------
                                  0.23   data required time
                                 -0.71   data arrival time
-----------------------------------------------------------------------------
                                  0.47   slack (MET)


Startpoint: _478_ (rising edge-triggered flip-flop clocked by SCK)
Endpoint: _478_ (rising edge-triggered flip-flop clocked by SCK)
Path Group: SCK
Path Type: min

Fanout     Cap    Slew   Delay    Time   Description
-----------------------------------------------------------------------------
                  0.15    0.00    0.00   clock SCK (rise edge)
                          0.00    0.00   clock network delay (ideal)
                  0.15    0.00    0.00 ^ _478_/CLK (sky130_fd_sc_hd__dfrtp_2)
                  0.19    0.47    0.47 ^ _478_/Q (sky130_fd_sc_hd__dfrtp_2)
     3    0.04                           odata[4] (net)
                  0.19    0.00    0.47 ^ _284_/A0 (sky130_fd_sc_hd__mux2_2)
                  0.03    0.17    0.64 ^ _284_/X (sky130_fd_sc_hd__mux2_2)
     1    0.00                           _138_ (net)
                  0.03    0.00    0.64 ^ _285_/A (sky130_fd_sc_hd__buf_1)
                  0.04    0.07    0.71 ^ _285_/X (sky130_fd_sc_hd__buf_1)
     1    0.00                           _085_ (net)
                  0.04    0.00    0.71 ^ _478_/D (sky130_fd_sc_hd__dfrtp_2)
                                  0.71   data arrival time

                  0.15    0.00    0.00   clock SCK (rise edge)
                          0.00    0.00   clock network delay (ideal)
                          0.25    0.25   clock uncertainty
                          0.00    0.25   clock reconvergence pessimism
                                  0.25 ^ _478_/CLK (sky130_fd_sc_hd__dfrtp_2)
                         -0.02    0.23   library hold time
                                  0.23   data required time
-----------------------------------------------------------------------------
                                  0.23   data required time
                                 -0.71   data arrival time
-----------------------------------------------------------------------------
                                  0.47   slack (MET)


Startpoint: _479_ (rising edge-triggered flip-flop clocked by SCK)
Endpoint: _479_ (rising edge-triggered flip-flop clocked by SCK)
Path Group: SCK
Path Type: min

Fanout     Cap    Slew   Delay    Time   Description
-----------------------------------------------------------------------------
                  0.15    0.00    0.00   clock SCK (rise edge)
                          0.00    0.00   clock network delay (ideal)
                  0.15    0.00    0.00 ^ _479_/CLK (sky130_fd_sc_hd__dfrtp_2)
                  0.19    0.47    0.47 ^ _479_/Q (sky130_fd_sc_hd__dfrtp_2)
     3    0.04                           odata[5] (net)
                  0.19    0.00    0.47 ^ _282_/A0 (sky130_fd_sc_hd__mux2_2)
                  0.03    0.17    0.64 ^ _282_/X (sky130_fd_sc_hd__mux2_2)
     1    0.00                           _137_ (net)
                  0.03    0.00    0.64 ^ _283_/A (sky130_fd_sc_hd__buf_1)
                  0.04    0.07    0.71 ^ _283_/X (sky130_fd_sc_hd__buf_1)
     1    0.00                           _086_ (net)
                  0.04    0.00    0.71 ^ _479_/D (sky130_fd_sc_hd__dfrtp_2)
                                  0.71   data arrival time

                  0.15    0.00    0.00   clock SCK (rise edge)
                          0.00    0.00   clock network delay (ideal)
                          0.25    0.25   clock uncertainty
                          0.00    0.25   clock reconvergence pessimism
                                  0.25 ^ _479_/CLK (sky130_fd_sc_hd__dfrtp_2)
                         -0.02    0.23   library hold time
                                  0.23   data required time
-----------------------------------------------------------------------------
                                  0.23   data required time
                                 -0.71   data arrival time
-----------------------------------------------------------------------------
                                  0.47   slack (MET)


Startpoint: _480_ (rising edge-triggered flip-flop clocked by SCK)
Endpoint: _480_ (rising edge-triggered flip-flop clocked by SCK)
Path Group: SCK
Path Type: min

Fanout     Cap    Slew   Delay    Time   Description
-----------------------------------------------------------------------------
                  0.15    0.00    0.00   clock SCK (rise edge)
                          0.00    0.00   clock network delay (ideal)
                  0.15    0.00    0.00 ^ _480_/CLK (sky130_fd_sc_hd__dfrtp_2)
                  0.19    0.47    0.47 ^ _480_/Q (sky130_fd_sc_hd__dfrtp_2)
     3    0.04                           odata[6] (net)
                  0.19    0.00    0.47 ^ _280_/A0 (sky130_fd_sc_hd__mux2_2)
                  0.03    0.17    0.64 ^ _280_/X (sky130_fd_sc_hd__mux2_2)
     1    0.00                           _136_ (net)
                  0.03    0.00    0.64 ^ _281_/A (sky130_fd_sc_hd__buf_1)
                  0.04    0.07    0.71 ^ _281_/X (sky130_fd_sc_hd__buf_1)
     1    0.00                           _087_ (net)
                  0.04    0.00    0.71 ^ _480_/D (sky130_fd_sc_hd__dfrtp_2)
                                  0.71   data arrival time

                  0.15    0.00    0.00   clock SCK (rise edge)
                          0.00    0.00   clock network delay (ideal)
                          0.25    0.25   clock uncertainty
                          0.00    0.25   clock reconvergence pessimism
                                  0.25 ^ _480_/CLK (sky130_fd_sc_hd__dfrtp_2)
                         -0.02    0.23   library hold time
                                  0.23   data required time
-----------------------------------------------------------------------------
                                  0.23   data required time
                                 -0.71   data arrival time
-----------------------------------------------------------------------------
                                  0.47   slack (MET)


Startpoint: CSB (input port clocked by SCK)
Endpoint: _487_ (removal check against rising-edge clock SCK)
Path Group: asynchronous
Path Type: min

Fanout     Cap    Slew   Delay    Time   Description
-----------------------------------------------------------------------------
                  0.15    0.00    0.00   clock SCK (rise edge)
                          0.00    0.00   clock network delay (ideal)
                          2.00    2.00 v input external delay
                  0.01    0.00    2.00 v CSB (in)
     1    0.00                           CSB (net)
                  0.01    0.00    2.00 v _224_/A (sky130_fd_sc_hd__buf_1)
                  0.17    0.17    2.18 v _224_/X (sky130_fd_sc_hd__buf_1)
     9    0.03                           _102_ (net)
                  0.17    0.00    2.18 v _442_/B (sky130_fd_sc_hd__nor2_2)
                  0.08    0.12    2.29 ^ _442_/Y (sky130_fd_sc_hd__nor2_2)
     1    0.00                           _041_ (net)
                  0.08    0.00    2.29 ^ _487_/RESET_B (sky130_fd_sc_hd__dfrtp_2)
                                  2.29   data arrival time

                  0.15    0.00    0.00   clock SCK (rise edge)
                          0.00    0.00   clock network delay (ideal)
                          0.25    0.25   clock uncertainty
                          0.00    0.25   clock reconvergence pessimism
                                  0.25 ^ _487_/CLK (sky130_fd_sc_hd__dfrtp_2)
                          0.36    0.61   library removal time
                                  0.61   data required time
-----------------------------------------------------------------------------
                                  0.61   data required time
                                 -2.29   data arrival time
-----------------------------------------------------------------------------
                                  1.68   slack (MET)


Startpoint: CSB (input port clocked by SCK)
Endpoint: _488_ (removal check against rising-edge clock SCK)
Path Group: asynchronous
Path Type: min

Fanout     Cap    Slew   Delay    Time   Description
-----------------------------------------------------------------------------
                  0.15    0.00    0.00   clock SCK (rise edge)
                          0.00    0.00   clock network delay (ideal)
                          2.00    2.00 v input external delay
                  0.01    0.00    2.00 v CSB (in)
     1    0.00                           CSB (net)
                  0.01    0.00    2.00 v _224_/A (sky130_fd_sc_hd__buf_1)
                  0.17    0.17    2.18 v _224_/X (sky130_fd_sc_hd__buf_1)
     9    0.03                           _102_ (net)
                  0.17    0.00    2.18 v _443_/B (sky130_fd_sc_hd__nor2_2)
                  0.08    0.12    2.29 ^ _443_/Y (sky130_fd_sc_hd__nor2_2)
     1    0.00                           _042_ (net)
                  0.08    0.00    2.29 ^ _488_/RESET_B (sky130_fd_sc_hd__dfrtp_2)
                                  2.29   data arrival time

                  0.15    0.00    0.00   clock SCK (rise edge)
                          0.00    0.00   clock network delay (ideal)
                          0.25    0.25   clock uncertainty
                          0.00    0.25   clock reconvergence pessimism
                                  0.25 ^ _488_/CLK (sky130_fd_sc_hd__dfrtp_2)
                          0.36    0.61   library removal time
                                  0.61   data required time
-----------------------------------------------------------------------------
                                  0.61   data required time
                                 -2.29   data arrival time
-----------------------------------------------------------------------------
                                  1.68   slack (MET)


Startpoint: CSB (input port clocked by SCK)
Endpoint: _489_ (removal check against rising-edge clock SCK)
Path Group: asynchronous
Path Type: min

Fanout     Cap    Slew   Delay    Time   Description
-----------------------------------------------------------------------------
                  0.15    0.00    0.00   clock SCK (rise edge)
                          0.00    0.00   clock network delay (ideal)
                          2.00    2.00 v input external delay
                  0.01    0.00    2.00 v CSB (in)
     1    0.00                           CSB (net)
                  0.01    0.00    2.00 v _224_/A (sky130_fd_sc_hd__buf_1)
                  0.17    0.17    2.18 v _224_/X (sky130_fd_sc_hd__buf_1)
     9    0.03                           _102_ (net)
                  0.17    0.00    2.18 v _444_/B (sky130_fd_sc_hd__nor2_2)
                  0.08    0.12    2.29 ^ _444_/Y (sky130_fd_sc_hd__nor2_2)
     1    0.00                           _043_ (net)
                  0.08    0.00    2.29 ^ _489_/RESET_B (sky130_fd_sc_hd__dfrtp_2)
                                  2.29   data arrival time

                  0.15    0.00    0.00   clock SCK (rise edge)
                          0.00    0.00   clock network delay (ideal)
                          0.25    0.25   clock uncertainty
                          0.00    0.25   clock reconvergence pessimism
                                  0.25 ^ _489_/CLK (sky130_fd_sc_hd__dfrtp_2)
                          0.36    0.61   library removal time
                                  0.61   data required time
-----------------------------------------------------------------------------
                                  0.61   data required time
                                 -2.29   data arrival time
-----------------------------------------------------------------------------
                                  1.68   slack (MET)


Startpoint: CSB (input port clocked by SCK)
Endpoint: _490_ (removal check against rising-edge clock SCK)
Path Group: asynchronous
Path Type: min

Fanout     Cap    Slew   Delay    Time   Description
-----------------------------------------------------------------------------
                  0.15    0.00    0.00   clock SCK (rise edge)
                          0.00    0.00   clock network delay (ideal)
                          2.00    2.00 v input external delay
                  0.01    0.00    2.00 v CSB (in)
     1    0.00                           CSB (net)
                  0.01    0.00    2.00 v _224_/A (sky130_fd_sc_hd__buf_1)
                  0.17    0.17    2.18 v _224_/X (sky130_fd_sc_hd__buf_1)
     9    0.03                           _102_ (net)
                  0.17    0.00    2.18 v _445_/B (sky130_fd_sc_hd__nor2_2)
                  0.08    0.12    2.29 ^ _445_/Y (sky130_fd_sc_hd__nor2_2)
     1    0.00                           _044_ (net)
                  0.08    0.00    2.29 ^ _490_/RESET_B (sky130_fd_sc_hd__dfrtp_2)
                                  2.29   data arrival time

                  0.15    0.00    0.00   clock SCK (rise edge)
                          0.00    0.00   clock network delay (ideal)
                          0.25    0.25   clock uncertainty
                          0.00    0.25   clock reconvergence pessimism
                                  0.25 ^ _490_/CLK (sky130_fd_sc_hd__dfrtp_2)
                          0.36    0.61   library removal time
                                  0.61   data required time
-----------------------------------------------------------------------------
                                  0.61   data required time
                                 -2.29   data arrival time
-----------------------------------------------------------------------------
                                  1.68   slack (MET)


Startpoint: CSB (input port clocked by SCK)
Endpoint: _486_ (removal check against rising-edge clock SCK)
Path Group: asynchronous
Path Type: min

Fanout     Cap    Slew   Delay    Time   Description
-----------------------------------------------------------------------------
                  0.15    0.00    0.00   clock SCK (rise edge)
                          0.00    0.00   clock network delay (ideal)
                          2.00    2.00 v input external delay
                  0.01    0.00    2.00 v CSB (in)
     1    0.00                           CSB (net)
                  0.01    0.00    2.00 v _224_/A (sky130_fd_sc_hd__buf_1)
                  0.17    0.17    2.18 v _224_/X (sky130_fd_sc_hd__buf_1)
     9    0.03                           _102_ (net)
                  0.17    0.00    2.18 v _441_/B (sky130_fd_sc_hd__nor2_2)
                  0.08    0.11    2.29 ^ _441_/Y (sky130_fd_sc_hd__nor2_2)
     1    0.00                           _040_ (net)
                  0.08    0.00    2.29 ^ _486_/SET_B (sky130_fd_sc_hd__dfstp_2)
                                  2.29   data arrival time

                  0.15    0.00    0.00   clock SCK (rise edge)
                          0.00    0.00   clock network delay (ideal)
                          0.25    0.25   clock uncertainty
                          0.00    0.25   clock reconvergence pessimism
                                  0.25 ^ _486_/CLK (sky130_fd_sc_hd__dfstp_2)
                          0.18    0.43   library removal time
                                  0.43   data required time
-----------------------------------------------------------------------------
                                  0.43   data required time
                                 -2.29   data arrival time
-----------------------------------------------------------------------------
                                  1.86   slack (MET)


Startpoint: CSB (input port clocked by SCK)
Endpoint: _454_ (removal check against rising-edge clock SCK)
Path Group: asynchronous
Path Type: min

Fanout     Cap    Slew   Delay    Time   Description
-----------------------------------------------------------------------------
                  0.15    0.00    0.00   clock SCK (rise edge)
                          0.00    0.00   clock network delay (ideal)
                          2.00    2.00 v input external delay
                  0.01    0.00    2.00 v CSB (in)
     1    0.00                           CSB (net)
                  0.01    0.00    2.00 v _224_/A (sky130_fd_sc_hd__buf_1)
                  0.17    0.17    2.18 v _224_/X (sky130_fd_sc_hd__buf_1)
     9    0.03                           _102_ (net)
                  0.17    0.00    2.18 v _403_/A (sky130_fd_sc_hd__buf_1)
                  0.24    0.29    2.46 v _403_/X (sky130_fd_sc_hd__buf_1)
    10    0.04                           _216_ (net)
                  0.24    0.00    2.46 v _404_/B (sky130_fd_sc_hd__nor2_2)
                  0.09    0.14    2.60 ^ _404_/Y (sky130_fd_sc_hd__nor2_2)
     1    0.00                           _006_ (net)
                  0.09    0.00    2.60 ^ _454_/RESET_B (sky130_fd_sc_hd__dfrtp_2)
                                  2.60   data arrival time

                  0.15    0.00    0.00   clock SCK (rise edge)
                          0.00    0.00   clock network delay (ideal)
                          0.25    0.25   clock uncertainty
                          0.00    0.25   clock reconvergence pessimism
                                  0.25 ^ _454_/CLK (sky130_fd_sc_hd__dfrtp_2)
                          0.36    0.61   library removal time
                                  0.61   data required time
-----------------------------------------------------------------------------
                                  0.61   data required time
                                 -2.60   data arrival time
-----------------------------------------------------------------------------
                                  1.99   slack (MET)


Startpoint: CSB (input port clocked by SCK)
Endpoint: _455_ (removal check against rising-edge clock SCK)
Path Group: asynchronous
Path Type: min

Fanout     Cap    Slew   Delay    Time   Description
-----------------------------------------------------------------------------
                  0.15    0.00    0.00   clock SCK (rise edge)
                          0.00    0.00   clock network delay (ideal)
                          2.00    2.00 v input external delay
                  0.01    0.00    2.00 v CSB (in)
     1    0.00                           CSB (net)
                  0.01    0.00    2.00 v _224_/A (sky130_fd_sc_hd__buf_1)
                  0.17    0.17    2.18 v _224_/X (sky130_fd_sc_hd__buf_1)
     9    0.03                           _102_ (net)
                  0.17    0.00    2.18 v _403_/A (sky130_fd_sc_hd__buf_1)
                  0.24    0.29    2.46 v _403_/X (sky130_fd_sc_hd__buf_1)
    10    0.04                           _216_ (net)
                  0.24    0.00    2.46 v _405_/B (sky130_fd_sc_hd__nor2_2)
                  0.09    0.14    2.60 ^ _405_/Y (sky130_fd_sc_hd__nor2_2)
     1    0.00                           _007_ (net)
                  0.09    0.00    2.60 ^ _455_/RESET_B (sky130_fd_sc_hd__dfrtp_2)
                                  2.60   data arrival time

                  0.15    0.00    0.00   clock SCK (rise edge)
                          0.00    0.00   clock network delay (ideal)
                          0.25    0.25   clock uncertainty
                          0.00    0.25   clock reconvergence pessimism
                                  0.25 ^ _455_/CLK (sky130_fd_sc_hd__dfrtp_2)
                          0.36    0.61   library removal time
                                  0.61   data required time
-----------------------------------------------------------------------------
                                  0.61   data required time
                                 -2.60   data arrival time
-----------------------------------------------------------------------------
                                  1.99   slack (MET)


Startpoint: CSB (input port clocked by SCK)
Endpoint: _456_ (removal check against rising-edge clock SCK)
Path Group: asynchronous
Path Type: min

Fanout     Cap    Slew   Delay    Time   Description
-----------------------------------------------------------------------------
                  0.15    0.00    0.00   clock SCK (rise edge)
                          0.00    0.00   clock network delay (ideal)
                          2.00    2.00 v input external delay
                  0.01    0.00    2.00 v CSB (in)
     1    0.00                           CSB (net)
                  0.01    0.00    2.00 v _224_/A (sky130_fd_sc_hd__buf_1)
                  0.17    0.17    2.18 v _224_/X (sky130_fd_sc_hd__buf_1)
     9    0.03                           _102_ (net)
                  0.17    0.00    2.18 v _403_/A (sky130_fd_sc_hd__buf_1)
                  0.24    0.29    2.46 v _403_/X (sky130_fd_sc_hd__buf_1)
    10    0.04                           _216_ (net)
                  0.24    0.00    2.46 v _406_/B (sky130_fd_sc_hd__nor2_2)
                  0.09    0.14    2.60 ^ _406_/Y (sky130_fd_sc_hd__nor2_2)
     1    0.00                           _008_ (net)
                  0.09    0.00    2.60 ^ _456_/RESET_B (sky130_fd_sc_hd__dfrtp_2)
                                  2.60   data arrival time

                  0.15    0.00    0.00   clock SCK (rise edge)
                          0.00    0.00   clock network delay (ideal)
                          0.25    0.25   clock uncertainty
                          0.00    0.25   clock reconvergence pessimism
                                  0.25 ^ _456_/CLK (sky130_fd_sc_hd__dfrtp_2)
                          0.36    0.61   library removal time
                                  0.61   data required time
-----------------------------------------------------------------------------
                                  0.61   data required time
                                 -2.60   data arrival time
-----------------------------------------------------------------------------
                                  1.99   slack (MET)


Startpoint: CSB (input port clocked by SCK)
Endpoint: _457_ (removal check against rising-edge clock SCK)
Path Group: asynchronous
Path Type: min

Fanout     Cap    Slew   Delay    Time   Description
-----------------------------------------------------------------------------
                  0.15    0.00    0.00   clock SCK (rise edge)
                          0.00    0.00   clock network delay (ideal)
                          2.00    2.00 v input external delay
                  0.01    0.00    2.00 v CSB (in)
     1    0.00                           CSB (net)
                  0.01    0.00    2.00 v _224_/A (sky130_fd_sc_hd__buf_1)
                  0.17    0.17    2.18 v _224_/X (sky130_fd_sc_hd__buf_1)
     9    0.03                           _102_ (net)
                  0.17    0.00    2.18 v _403_/A (sky130_fd_sc_hd__buf_1)
                  0.24    0.29    2.46 v _403_/X (sky130_fd_sc_hd__buf_1)
    10    0.04                           _216_ (net)
                  0.24    0.00    2.46 v _407_/B (sky130_fd_sc_hd__nor2_2)
                  0.09    0.14    2.60 ^ _407_/Y (sky130_fd_sc_hd__nor2_2)
     1    0.00                           _009_ (net)
                  0.09    0.00    2.60 ^ _457_/RESET_B (sky130_fd_sc_hd__dfrtp_2)
                                  2.60   data arrival time

                  0.15    0.00    0.00   clock SCK (rise edge)
                          0.00    0.00   clock network delay (ideal)
                          0.25    0.25   clock uncertainty
                          0.00    0.25   clock reconvergence pessimism
                                  0.25 ^ _457_/CLK (sky130_fd_sc_hd__dfrtp_2)
                          0.36    0.61   library removal time
                                  0.61   data required time
-----------------------------------------------------------------------------
                                  0.61   data required time
                                 -2.60   data arrival time
-----------------------------------------------------------------------------
                                  1.99   slack (MET)


Startpoint: CSB (input port clocked by SCK)
Endpoint: _458_ (removal check against rising-edge clock SCK)
Path Group: asynchronous
Path Type: min

Fanout     Cap    Slew   Delay    Time   Description
-----------------------------------------------------------------------------
                  0.15    0.00    0.00   clock SCK (rise edge)
                          0.00    0.00   clock network delay (ideal)
                          2.00    2.00 v input external delay
                  0.01    0.00    2.00 v CSB (in)
     1    0.00                           CSB (net)
                  0.01    0.00    2.00 v _224_/A (sky130_fd_sc_hd__buf_1)
                  0.17    0.17    2.18 v _224_/X (sky130_fd_sc_hd__buf_1)
     9    0.03                           _102_ (net)
                  0.17    0.00    2.18 v _403_/A (sky130_fd_sc_hd__buf_1)
                  0.24    0.29    2.46 v _403_/X (sky130_fd_sc_hd__buf_1)
    10    0.04                           _216_ (net)
                  0.24    0.00    2.46 v _408_/B (sky130_fd_sc_hd__nor2_2)
                  0.09    0.14    2.60 ^ _408_/Y (sky130_fd_sc_hd__nor2_2)
     1    0.00                           _010_ (net)
                  0.09    0.00    2.60 ^ _458_/RESET_B (sky130_fd_sc_hd__dfrtp_2)
                                  2.60   data arrival time

                  0.15    0.00    0.00   clock SCK (rise edge)
                          0.00    0.00   clock network delay (ideal)
                          0.25    0.25   clock uncertainty
                          0.00    0.25   clock reconvergence pessimism
                                  0.25 ^ _458_/CLK (sky130_fd_sc_hd__dfrtp_2)
                          0.36    0.61   library removal time
                                  0.61   data required time
-----------------------------------------------------------------------------
                                  0.61   data required time
                                 -2.60   data arrival time
-----------------------------------------------------------------------------
                                  1.99   slack (MET)


Startpoint: CSB (input port clocked by SCK)
Endpoint: _459_ (removal check against rising-edge clock SCK)
Path Group: asynchronous
Path Type: min

Fanout     Cap    Slew   Delay    Time   Description
-----------------------------------------------------------------------------
                  0.15    0.00    0.00   clock SCK (rise edge)
                          0.00    0.00   clock network delay (ideal)
                          2.00    2.00 v input external delay
                  0.01    0.00    2.00 v CSB (in)
     1    0.00                           CSB (net)
                  0.01    0.00    2.00 v _224_/A (sky130_fd_sc_hd__buf_1)
                  0.17    0.17    2.18 v _224_/X (sky130_fd_sc_hd__buf_1)
     9    0.03                           _102_ (net)
                  0.17    0.00    2.18 v _403_/A (sky130_fd_sc_hd__buf_1)
                  0.24    0.29    2.46 v _403_/X (sky130_fd_sc_hd__buf_1)
    10    0.04                           _216_ (net)
                  0.24    0.00    2.46 v _409_/B (sky130_fd_sc_hd__nor2_2)
                  0.09    0.14    2.60 ^ _409_/Y (sky130_fd_sc_hd__nor2_2)
     1    0.00                           _011_ (net)
                  0.09    0.00    2.60 ^ _459_/RESET_B (sky130_fd_sc_hd__dfrtp_2)
                                  2.60   data arrival time

                  0.15    0.00    0.00   clock SCK (rise edge)
                          0.00    0.00   clock network delay (ideal)
                          0.25    0.25   clock uncertainty
                          0.00    0.25   clock reconvergence pessimism
                                  0.25 ^ _459_/CLK (sky130_fd_sc_hd__dfrtp_2)
                          0.36    0.61   library removal time
                                  0.61   data required time
-----------------------------------------------------------------------------
                                  0.61   data required time
                                 -2.60   data arrival time
-----------------------------------------------------------------------------
                                  1.99   slack (MET)


Startpoint: CSB (input port clocked by SCK)
Endpoint: _460_ (removal check against rising-edge clock SCK)
Path Group: asynchronous
Path Type: min

Fanout     Cap    Slew   Delay    Time   Description
-----------------------------------------------------------------------------
                  0.15    0.00    0.00   clock SCK (rise edge)
                          0.00    0.00   clock network delay (ideal)
                          2.00    2.00 v input external delay
                  0.01    0.00    2.00 v CSB (in)
     1    0.00                           CSB (net)
                  0.01    0.00    2.00 v _224_/A (sky130_fd_sc_hd__buf_1)
                  0.17    0.17    2.18 v _224_/X (sky130_fd_sc_hd__buf_1)
     9    0.03                           _102_ (net)
                  0.17    0.00    2.18 v _403_/A (sky130_fd_sc_hd__buf_1)
                  0.24    0.29    2.46 v _403_/X (sky130_fd_sc_hd__buf_1)
    10    0.04                           _216_ (net)
                  0.24    0.00    2.46 v _410_/B (sky130_fd_sc_hd__nor2_2)
                  0.09    0.14    2.60 ^ _410_/Y (sky130_fd_sc_hd__nor2_2)
     1    0.00                           _012_ (net)
                  0.09    0.00    2.60 ^ _460_/RESET_B (sky130_fd_sc_hd__dfrtp_2)
                                  2.60   data arrival time

                  0.15    0.00    0.00   clock SCK (rise edge)
                          0.00    0.00   clock network delay (ideal)
                          0.25    0.25   clock uncertainty
                          0.00    0.25   clock reconvergence pessimism
                                  0.25 ^ _460_/CLK (sky130_fd_sc_hd__dfrtp_2)
                          0.36    0.61   library removal time
                                  0.61   data required time
-----------------------------------------------------------------------------
                                  0.61   data required time
                                 -2.60   data arrival time
-----------------------------------------------------------------------------
                                  1.99   slack (MET)


Startpoint: CSB (input port clocked by SCK)
Endpoint: _461_ (removal check against rising-edge clock SCK)
Path Group: asynchronous
Path Type: min

Fanout     Cap    Slew   Delay    Time   Description
-----------------------------------------------------------------------------
                  0.15    0.00    0.00   clock SCK (rise edge)
                          0.00    0.00   clock network delay (ideal)
                          2.00    2.00 v input external delay
                  0.01    0.00    2.00 v CSB (in)
     1    0.00                           CSB (net)
                  0.01    0.00    2.00 v _224_/A (sky130_fd_sc_hd__buf_1)
                  0.17    0.17    2.18 v _224_/X (sky130_fd_sc_hd__buf_1)
     9    0.03                           _102_ (net)
                  0.17    0.00    2.18 v _403_/A (sky130_fd_sc_hd__buf_1)
                  0.24    0.29    2.46 v _403_/X (sky130_fd_sc_hd__buf_1)
    10    0.04                           _216_ (net)
                  0.24    0.00    2.46 v _411_/B (sky130_fd_sc_hd__nor2_2)
                  0.09    0.14    2.60 ^ _411_/Y (sky130_fd_sc_hd__nor2_2)
     1    0.00                           _013_ (net)
                  0.09    0.00    2.60 ^ _461_/RESET_B (sky130_fd_sc_hd__dfrtp_2)
                                  2.60   data arrival time

                  0.15    0.00    0.00   clock SCK (rise edge)
                          0.00    0.00   clock network delay (ideal)
                          0.25    0.25   clock uncertainty
                          0.00    0.25   clock reconvergence pessimism
                                  0.25 ^ _461_/CLK (sky130_fd_sc_hd__dfrtp_2)
                          0.36    0.61   library removal time
                                  0.61   data required time
-----------------------------------------------------------------------------
                                  0.61   data required time
                                 -2.60   data arrival time
-----------------------------------------------------------------------------
                                  1.99   slack (MET)


Startpoint: CSB (input port clocked by SCK)
Endpoint: _462_ (removal check against rising-edge clock SCK)
Path Group: asynchronous
Path Type: min

Fanout     Cap    Slew   Delay    Time   Description
-----------------------------------------------------------------------------
                  0.15    0.00    0.00   clock SCK (rise edge)
                          0.00    0.00   clock network delay (ideal)
                          2.00    2.00 v input external delay
                  0.01    0.00    2.00 v CSB (in)
     1    0.00                           CSB (net)
                  0.01    0.00    2.00 v _224_/A (sky130_fd_sc_hd__buf_1)
                  0.17    0.17    2.18 v _224_/X (sky130_fd_sc_hd__buf_1)
     9    0.03                           _102_ (net)
                  0.17    0.00    2.18 v _403_/A (sky130_fd_sc_hd__buf_1)
                  0.24    0.29    2.46 v _403_/X (sky130_fd_sc_hd__buf_1)
    10    0.04                           _216_ (net)
                  0.24    0.00    2.46 v _412_/B (sky130_fd_sc_hd__nor2_2)
                  0.09    0.14    2.60 ^ _412_/Y (sky130_fd_sc_hd__nor2_2)
     1    0.00                           _014_ (net)
                  0.09    0.00    2.60 ^ _462_/RESET_B (sky130_fd_sc_hd__dfrtp_2)
                                  2.60   data arrival time

                  0.15    0.00    0.00   clock SCK (rise edge)
                          0.00    0.00   clock network delay (ideal)
                          0.25    0.25   clock uncertainty
                          0.00    0.25   clock reconvergence pessimism
                                  0.25 ^ _462_/CLK (sky130_fd_sc_hd__dfrtp_2)
                          0.36    0.61   library removal time
                                  0.61   data required time
-----------------------------------------------------------------------------
                                  0.61   data required time
                                 -2.60   data arrival time
-----------------------------------------------------------------------------
                                  1.99   slack (MET)


Startpoint: CSB (input port clocked by SCK)
Endpoint: _463_ (removal check against rising-edge clock SCK)
Path Group: asynchronous
Path Type: min

Fanout     Cap    Slew   Delay    Time   Description
-----------------------------------------------------------------------------
                  0.15    0.00    0.00   clock SCK (rise edge)
                          0.00    0.00   clock network delay (ideal)
                          2.00    2.00 v input external delay
                  0.01    0.00    2.00 v CSB (in)
     1    0.00                           CSB (net)
                  0.01    0.00    2.00 v _224_/A (sky130_fd_sc_hd__buf_1)
                  0.17    0.17    2.18 v _224_/X (sky130_fd_sc_hd__buf_1)
     9    0.03                           _102_ (net)
                  0.17    0.00    2.18 v _403_/A (sky130_fd_sc_hd__buf_1)
                  0.24    0.29    2.46 v _403_/X (sky130_fd_sc_hd__buf_1)
    10    0.04                           _216_ (net)
                  0.24    0.00    2.46 v _413_/B (sky130_fd_sc_hd__nor2_2)
                  0.09    0.14    2.60 ^ _413_/Y (sky130_fd_sc_hd__nor2_2)
     1    0.00                           _015_ (net)
                  0.09    0.00    2.60 ^ _463_/RESET_B (sky130_fd_sc_hd__dfrtp_2)
                                  2.60   data arrival time

                  0.15    0.00    0.00   clock SCK (rise edge)
                          0.00    0.00   clock network delay (ideal)
                          0.25    0.25   clock uncertainty
                          0.00    0.25   clock reconvergence pessimism
                                  0.25 ^ _463_/CLK (sky130_fd_sc_hd__dfrtp_2)
                          0.36    0.61   library removal time
                                  0.61   data required time
-----------------------------------------------------------------------------
                                  0.61   data required time
                                 -2.60   data arrival time
-----------------------------------------------------------------------------
                                  1.99   slack (MET)


Startpoint: CSB (input port clocked by SCK)
Endpoint: _464_ (removal check against rising-edge clock SCK)
Path Group: asynchronous
Path Type: min

Fanout     Cap    Slew   Delay    Time   Description
-----------------------------------------------------------------------------
                  0.15    0.00    0.00   clock SCK (rise edge)
                          0.00    0.00   clock network delay (ideal)
                          2.00    2.00 v input external delay
                  0.01    0.00    2.00 v CSB (in)
     1    0.00                           CSB (net)
                  0.01    0.00    2.00 v _224_/A (sky130_fd_sc_hd__buf_1)
                  0.17    0.17    2.18 v _224_/X (sky130_fd_sc_hd__buf_1)
     9    0.03                           _102_ (net)
                  0.17    0.00    2.18 v _415_/A (sky130_fd_sc_hd__buf_1)
                  0.24    0.29    2.46 v _415_/X (sky130_fd_sc_hd__buf_1)
    10    0.04                           _218_ (net)
                  0.24    0.00    2.46 v _416_/B (sky130_fd_sc_hd__nor2_2)
                  0.09    0.14    2.60 ^ _416_/Y (sky130_fd_sc_hd__nor2_2)
     1    0.00                           _016_ (net)
                  0.09    0.00    2.60 ^ _464_/RESET_B (sky130_fd_sc_hd__dfrtp_2)
                                  2.60   data arrival time

                  0.15    0.00    0.00   clock SCK (rise edge)
                          0.00    0.00   clock network delay (ideal)
                          0.25    0.25   clock uncertainty
                          0.00    0.25   clock reconvergence pessimism
                                  0.25 ^ _464_/CLK (sky130_fd_sc_hd__dfrtp_2)
                          0.36    0.61   library removal time
                                  0.61   data required time
-----------------------------------------------------------------------------
                                  0.61   data required time
                                 -2.60   data arrival time
-----------------------------------------------------------------------------
                                  1.99   slack (MET)


Startpoint: CSB (input port clocked by SCK)
Endpoint: _465_ (removal check against rising-edge clock SCK)
Path Group: asynchronous
Path Type: min

Fanout     Cap    Slew   Delay    Time   Description
-----------------------------------------------------------------------------
                  0.15    0.00    0.00   clock SCK (rise edge)
                          0.00    0.00   clock network delay (ideal)
                          2.00    2.00 v input external delay
                  0.01    0.00    2.00 v CSB (in)
     1    0.00                           CSB (net)
                  0.01    0.00    2.00 v _224_/A (sky130_fd_sc_hd__buf_1)
                  0.17    0.17    2.18 v _224_/X (sky130_fd_sc_hd__buf_1)
     9    0.03                           _102_ (net)
                  0.17    0.00    2.18 v _415_/A (sky130_fd_sc_hd__buf_1)
                  0.24    0.29    2.46 v _415_/X (sky130_fd_sc_hd__buf_1)
    10    0.04                           _218_ (net)
                  0.24    0.00    2.46 v _417_/B (sky130_fd_sc_hd__nor2_2)
                  0.09    0.14    2.60 ^ _417_/Y (sky130_fd_sc_hd__nor2_2)
     1    0.00                           _017_ (net)
                  0.09    0.00    2.60 ^ _465_/RESET_B (sky130_fd_sc_hd__dfrtp_2)
                                  2.60   data arrival time

                  0.15    0.00    0.00   clock SCK (rise edge)
                          0.00    0.00   clock network delay (ideal)
                          0.25    0.25   clock uncertainty
                          0.00    0.25   clock reconvergence pessimism
                                  0.25 ^ _465_/CLK (sky130_fd_sc_hd__dfrtp_2)
                          0.36    0.61   library removal time
                                  0.61   data required time
-----------------------------------------------------------------------------
                                  0.61   data required time
                                 -2.60   data arrival time
-----------------------------------------------------------------------------
                                  1.99   slack (MET)


Startpoint: CSB (input port clocked by SCK)
Endpoint: _466_ (removal check against rising-edge clock SCK)
Path Group: asynchronous
Path Type: min

Fanout     Cap    Slew   Delay    Time   Description
-----------------------------------------------------------------------------
                  0.15    0.00    0.00   clock SCK (rise edge)
                          0.00    0.00   clock network delay (ideal)
                          2.00    2.00 v input external delay
                  0.01    0.00    2.00 v CSB (in)
     1    0.00                           CSB (net)
                  0.01    0.00    2.00 v _224_/A (sky130_fd_sc_hd__buf_1)
                  0.17    0.17    2.18 v _224_/X (sky130_fd_sc_hd__buf_1)
     9    0.03                           _102_ (net)
                  0.17    0.00    2.18 v _415_/A (sky130_fd_sc_hd__buf_1)
                  0.24    0.29    2.46 v _415_/X (sky130_fd_sc_hd__buf_1)
    10    0.04                           _218_ (net)
                  0.24    0.00    2.46 v _418_/B (sky130_fd_sc_hd__nor2_2)
                  0.09    0.14    2.60 ^ _418_/Y (sky130_fd_sc_hd__nor2_2)
     1    0.00                           _018_ (net)
                  0.09    0.00    2.60 ^ _466_/RESET_B (sky130_fd_sc_hd__dfrtp_2)
                                  2.60   data arrival time

                  0.15    0.00    0.00   clock SCK (rise edge)
                          0.00    0.00   clock network delay (ideal)
                          0.25    0.25   clock uncertainty
                          0.00    0.25   clock reconvergence pessimism
                                  0.25 ^ _466_/CLK (sky130_fd_sc_hd__dfrtp_2)
                          0.36    0.61   library removal time
                                  0.61   data required time
-----------------------------------------------------------------------------
                                  0.61   data required time
                                 -2.60   data arrival time
-----------------------------------------------------------------------------
                                  1.99   slack (MET)


Startpoint: CSB (input port clocked by SCK)
Endpoint: _467_ (removal check against rising-edge clock SCK)
Path Group: asynchronous
Path Type: min

Fanout     Cap    Slew   Delay    Time   Description
-----------------------------------------------------------------------------
                  0.15    0.00    0.00   clock SCK (rise edge)
                          0.00    0.00   clock network delay (ideal)
                          2.00    2.00 v input external delay
                  0.01    0.00    2.00 v CSB (in)
     1    0.00                           CSB (net)
                  0.01    0.00    2.00 v _224_/A (sky130_fd_sc_hd__buf_1)
                  0.17    0.17    2.18 v _224_/X (sky130_fd_sc_hd__buf_1)
     9    0.03                           _102_ (net)
                  0.17    0.00    2.18 v _415_/A (sky130_fd_sc_hd__buf_1)
                  0.24    0.29    2.46 v _415_/X (sky130_fd_sc_hd__buf_1)
    10    0.04                           _218_ (net)
                  0.24    0.00    2.46 v _419_/B (sky130_fd_sc_hd__nor2_2)
                  0.09    0.14    2.60 ^ _419_/Y (sky130_fd_sc_hd__nor2_2)
     1    0.00                           _019_ (net)
                  0.09    0.00    2.60 ^ _467_/RESET_B (sky130_fd_sc_hd__dfrtp_2)
                                  2.60   data arrival time

                  0.15    0.00    0.00   clock SCK (rise edge)
                          0.00    0.00   clock network delay (ideal)
                          0.25    0.25   clock uncertainty
                          0.00    0.25   clock reconvergence pessimism
                                  0.25 ^ _467_/CLK (sky130_fd_sc_hd__dfrtp_2)
                          0.36    0.61   library removal time
                                  0.61   data required time
-----------------------------------------------------------------------------
                                  0.61   data required time
                                 -2.60   data arrival time
-----------------------------------------------------------------------------
                                  1.99   slack (MET)


Startpoint: CSB (input port clocked by SCK)
Endpoint: _468_ (removal check against rising-edge clock SCK)
Path Group: asynchronous
Path Type: min

Fanout     Cap    Slew   Delay    Time   Description
-----------------------------------------------------------------------------
                  0.15    0.00    0.00   clock SCK (rise edge)
                          0.00    0.00   clock network delay (ideal)
                          2.00    2.00 v input external delay
                  0.01    0.00    2.00 v CSB (in)
     1    0.00                           CSB (net)
                  0.01    0.00    2.00 v _224_/A (sky130_fd_sc_hd__buf_1)
                  0.17    0.17    2.18 v _224_/X (sky130_fd_sc_hd__buf_1)
     9    0.03                           _102_ (net)
                  0.17    0.00    2.18 v _415_/A (sky130_fd_sc_hd__buf_1)
                  0.24    0.29    2.46 v _415_/X (sky130_fd_sc_hd__buf_1)
    10    0.04                           _218_ (net)
                  0.24    0.00    2.46 v _420_/B (sky130_fd_sc_hd__nor2_2)
                  0.09    0.14    2.60 ^ _420_/Y (sky130_fd_sc_hd__nor2_2)
     1    0.00                           _020_ (net)
                  0.09    0.00    2.60 ^ _468_/RESET_B (sky130_fd_sc_hd__dfrtp_2)
                                  2.60   data arrival time

                  0.15    0.00    0.00   clock SCK (rise edge)
                          0.00    0.00   clock network delay (ideal)
                          0.25    0.25   clock uncertainty
                          0.00    0.25   clock reconvergence pessimism
                                  0.25 ^ _468_/CLK (sky130_fd_sc_hd__dfrtp_2)
                          0.36    0.61   library removal time
                                  0.61   data required time
-----------------------------------------------------------------------------
                                  0.61   data required time
                                 -2.60   data arrival time
-----------------------------------------------------------------------------
                                  1.99   slack (MET)


Startpoint: CSB (input port clocked by SCK)
Endpoint: _469_ (removal check against rising-edge clock SCK)
Path Group: asynchronous
Path Type: min

Fanout     Cap    Slew   Delay    Time   Description
-----------------------------------------------------------------------------
                  0.15    0.00    0.00   clock SCK (rise edge)
                          0.00    0.00   clock network delay (ideal)
                          2.00    2.00 v input external delay
                  0.01    0.00    2.00 v CSB (in)
     1    0.00                           CSB (net)
                  0.01    0.00    2.00 v _224_/A (sky130_fd_sc_hd__buf_1)
                  0.17    0.17    2.18 v _224_/X (sky130_fd_sc_hd__buf_1)
     9    0.03                           _102_ (net)
                  0.17    0.00    2.18 v _415_/A (sky130_fd_sc_hd__buf_1)
                  0.24    0.29    2.46 v _415_/X (sky130_fd_sc_hd__buf_1)
    10    0.04                           _218_ (net)
                  0.24    0.00    2.46 v _421_/B (sky130_fd_sc_hd__nor2_2)
                  0.09    0.14    2.60 ^ _421_/Y (sky130_fd_sc_hd__nor2_2)
     1    0.00                           _021_ (net)
                  0.09    0.00    2.60 ^ _469_/RESET_B (sky130_fd_sc_hd__dfrtp_2)
                                  2.60   data arrival time

                  0.15    0.00    0.00   clock SCK (rise edge)
                          0.00    0.00   clock network delay (ideal)
                          0.25    0.25   clock uncertainty
                          0.00    0.25   clock reconvergence pessimism
                                  0.25 ^ _469_/CLK (sky130_fd_sc_hd__dfrtp_2)
                          0.36    0.61   library removal time
                                  0.61   data required time
-----------------------------------------------------------------------------
                                  0.61   data required time
                                 -2.60   data arrival time
-----------------------------------------------------------------------------
                                  1.99   slack (MET)


Startpoint: CSB (input port clocked by SCK)
Endpoint: _470_ (removal check against rising-edge clock SCK)
Path Group: asynchronous
Path Type: min

Fanout     Cap    Slew   Delay    Time   Description
-----------------------------------------------------------------------------
                  0.15    0.00    0.00   clock SCK (rise edge)
                          0.00    0.00   clock network delay (ideal)
                          2.00    2.00 v input external delay
                  0.01    0.00    2.00 v CSB (in)
     1    0.00                           CSB (net)
                  0.01    0.00    2.00 v _224_/A (sky130_fd_sc_hd__buf_1)
                  0.17    0.17    2.18 v _224_/X (sky130_fd_sc_hd__buf_1)
     9    0.03                           _102_ (net)
                  0.17    0.00    2.18 v _415_/A (sky130_fd_sc_hd__buf_1)
                  0.24    0.29    2.46 v _415_/X (sky130_fd_sc_hd__buf_1)
    10    0.04                           _218_ (net)
                  0.24    0.00    2.46 v _422_/B (sky130_fd_sc_hd__nor2_2)
                  0.09    0.14    2.60 ^ _422_/Y (sky130_fd_sc_hd__nor2_2)
     1    0.00                           _022_ (net)
                  0.09    0.00    2.60 ^ _470_/RESET_B (sky130_fd_sc_hd__dfrtp_2)
                                  2.60   data arrival time

                  0.15    0.00    0.00   clock SCK (rise edge)
                          0.00    0.00   clock network delay (ideal)
                          0.25    0.25   clock uncertainty
                          0.00    0.25   clock reconvergence pessimism
                                  0.25 ^ _470_/CLK (sky130_fd_sc_hd__dfrtp_2)
                          0.36    0.61   library removal time
                                  0.61   data required time
-----------------------------------------------------------------------------
                                  0.61   data required time
                                 -2.60   data arrival time
-----------------------------------------------------------------------------
                                  1.99   slack (MET)


Startpoint: CSB (input port clocked by SCK)
Endpoint: _471_ (removal check against rising-edge clock SCK)
Path Group: asynchronous
Path Type: min

Fanout     Cap    Slew   Delay    Time   Description
-----------------------------------------------------------------------------
                  0.15    0.00    0.00   clock SCK (rise edge)
                          0.00    0.00   clock network delay (ideal)
                          2.00    2.00 v input external delay
                  0.01    0.00    2.00 v CSB (in)
     1    0.00                           CSB (net)
                  0.01    0.00    2.00 v _224_/A (sky130_fd_sc_hd__buf_1)
                  0.17    0.17    2.18 v _224_/X (sky130_fd_sc_hd__buf_1)
     9    0.03                           _102_ (net)
                  0.17    0.00    2.18 v _415_/A (sky130_fd_sc_hd__buf_1)
                  0.24    0.29    2.46 v _415_/X (sky130_fd_sc_hd__buf_1)
    10    0.04                           _218_ (net)
                  0.24    0.00    2.46 v _423_/B (sky130_fd_sc_hd__nor2_2)
                  0.09    0.14    2.60 ^ _423_/Y (sky130_fd_sc_hd__nor2_2)
     1    0.00                           _023_ (net)
                  0.09    0.00    2.60 ^ _471_/RESET_B (sky130_fd_sc_hd__dfrtp_2)
                                  2.60   data arrival time

                  0.15    0.00    0.00   clock SCK (rise edge)
                          0.00    0.00   clock network delay (ideal)
                          0.25    0.25   clock uncertainty
                          0.00    0.25   clock reconvergence pessimism
                                  0.25 ^ _471_/CLK (sky130_fd_sc_hd__dfrtp_2)
                          0.36    0.61   library removal time
                                  0.61   data required time
-----------------------------------------------------------------------------
                                  0.61   data required time
                                 -2.60   data arrival time
-----------------------------------------------------------------------------
                                  1.99   slack (MET)


Startpoint: CSB (input port clocked by SCK)
Endpoint: _472_ (removal check against rising-edge clock SCK)
Path Group: asynchronous
Path Type: min

Fanout     Cap    Slew   Delay    Time   Description
-----------------------------------------------------------------------------
                  0.15    0.00    0.00   clock SCK (rise edge)
                          0.00    0.00   clock network delay (ideal)
                          2.00    2.00 v input external delay
                  0.01    0.00    2.00 v CSB (in)
     1    0.00                           CSB (net)
                  0.01    0.00    2.00 v _224_/A (sky130_fd_sc_hd__buf_1)
                  0.17    0.17    2.18 v _224_/X (sky130_fd_sc_hd__buf_1)
     9    0.03                           _102_ (net)
                  0.17    0.00    2.18 v _415_/A (sky130_fd_sc_hd__buf_1)
                  0.24    0.29    2.46 v _415_/X (sky130_fd_sc_hd__buf_1)
    10    0.04                           _218_ (net)
                  0.24    0.00    2.46 v _424_/B (sky130_fd_sc_hd__nor2_2)
                  0.09    0.14    2.60 ^ _424_/Y (sky130_fd_sc_hd__nor2_2)
     1    0.00                           _024_ (net)
                  0.09    0.00    2.60 ^ _472_/RESET_B (sky130_fd_sc_hd__dfrtp_2)
                                  2.60   data arrival time

                  0.15    0.00    0.00   clock SCK (rise edge)
                          0.00    0.00   clock network delay (ideal)
                          0.25    0.25   clock uncertainty
                          0.00    0.25   clock reconvergence pessimism
                                  0.25 ^ _472_/CLK (sky130_fd_sc_hd__dfrtp_2)
                          0.36    0.61   library removal time
                                  0.61   data required time
-----------------------------------------------------------------------------
                                  0.61   data required time
                                 -2.60   data arrival time
-----------------------------------------------------------------------------
                                  1.99   slack (MET)


Startpoint: CSB (input port clocked by SCK)
Endpoint: _473_ (removal check against rising-edge clock SCK)
Path Group: asynchronous
Path Type: min

Fanout     Cap    Slew   Delay    Time   Description
-----------------------------------------------------------------------------
                  0.15    0.00    0.00   clock SCK (rise edge)
                          0.00    0.00   clock network delay (ideal)
                          2.00    2.00 v input external delay
                  0.01    0.00    2.00 v CSB (in)
     1    0.00                           CSB (net)
                  0.01    0.00    2.00 v _224_/A (sky130_fd_sc_hd__buf_1)
                  0.17    0.17    2.18 v _224_/X (sky130_fd_sc_hd__buf_1)
     9    0.03                           _102_ (net)
                  0.17    0.00    2.18 v _415_/A (sky130_fd_sc_hd__buf_1)
                  0.24    0.29    2.46 v _415_/X (sky130_fd_sc_hd__buf_1)
    10    0.04                           _218_ (net)
                  0.24    0.00    2.46 v _425_/B (sky130_fd_sc_hd__nor2_2)
                  0.09    0.14    2.60 ^ _425_/Y (sky130_fd_sc_hd__nor2_2)
     1    0.00                           _025_ (net)
                  0.09    0.00    2.60 ^ _473_/RESET_B (sky130_fd_sc_hd__dfrtp_2)
                                  2.60   data arrival time

                  0.15    0.00    0.00   clock SCK (rise edge)
                          0.00    0.00   clock network delay (ideal)
                          0.25    0.25   clock uncertainty
                          0.00    0.25   clock reconvergence pessimism
                                  0.25 ^ _473_/CLK (sky130_fd_sc_hd__dfrtp_2)
                          0.36    0.61   library removal time
                                  0.61   data required time
-----------------------------------------------------------------------------
                                  0.61   data required time
                                 -2.60   data arrival time
-----------------------------------------------------------------------------
                                  1.99   slack (MET)


Startpoint: CSB (input port clocked by SCK)
Endpoint: _474_ (removal check against rising-edge clock SCK)
Path Group: asynchronous
Path Type: min

Fanout     Cap    Slew   Delay    Time   Description
-----------------------------------------------------------------------------
                  0.15    0.00    0.00   clock SCK (rise edge)
                          0.00    0.00   clock network delay (ideal)
                          2.00    2.00 v input external delay
                  0.01    0.00    2.00 v CSB (in)
     1    0.00                           CSB (net)
                  0.01    0.00    2.00 v _224_/A (sky130_fd_sc_hd__buf_1)
                  0.17    0.17    2.18 v _224_/X (sky130_fd_sc_hd__buf_1)
     9    0.03                           _102_ (net)
                  0.17    0.00    2.18 v _427_/A (sky130_fd_sc_hd__buf_1)
                  0.24    0.29    2.46 v _427_/X (sky130_fd_sc_hd__buf_1)
    10    0.04                           _220_ (net)
                  0.24    0.00    2.46 v _428_/B (sky130_fd_sc_hd__nor2_2)
                  0.09    0.14    2.60 ^ _428_/Y (sky130_fd_sc_hd__nor2_2)
     1    0.00                           _026_ (net)
                  0.09    0.00    2.60 ^ _474_/RESET_B (sky130_fd_sc_hd__dfrtp_2)
                                  2.60   data arrival time

                  0.15    0.00    0.00   clock SCK (rise edge)
                          0.00    0.00   clock network delay (ideal)
                          0.25    0.25   clock uncertainty
                          0.00    0.25   clock reconvergence pessimism
                                  0.25 ^ _474_/CLK (sky130_fd_sc_hd__dfrtp_2)
                          0.36    0.61   library removal time
                                  0.61   data required time
-----------------------------------------------------------------------------
                                  0.61   data required time
                                 -2.60   data arrival time
-----------------------------------------------------------------------------
                                  1.99   slack (MET)


Startpoint: CSB (input port clocked by SCK)
Endpoint: _475_ (removal check against rising-edge clock SCK)
Path Group: asynchronous
Path Type: min

Fanout     Cap    Slew   Delay    Time   Description
-----------------------------------------------------------------------------
                  0.15    0.00    0.00   clock SCK (rise edge)
                          0.00    0.00   clock network delay (ideal)
                          2.00    2.00 v input external delay
                  0.01    0.00    2.00 v CSB (in)
     1    0.00                           CSB (net)
                  0.01    0.00    2.00 v _224_/A (sky130_fd_sc_hd__buf_1)
                  0.17    0.17    2.18 v _224_/X (sky130_fd_sc_hd__buf_1)
     9    0.03                           _102_ (net)
                  0.17    0.00    2.18 v _427_/A (sky130_fd_sc_hd__buf_1)
                  0.24    0.29    2.46 v _427_/X (sky130_fd_sc_hd__buf_1)
    10    0.04                           _220_ (net)
                  0.24    0.00    2.46 v _429_/B (sky130_fd_sc_hd__nor2_2)
                  0.09    0.14    2.60 ^ _429_/Y (sky130_fd_sc_hd__nor2_2)
     1    0.00                           _027_ (net)
                  0.09    0.00    2.60 ^ _475_/RESET_B (sky130_fd_sc_hd__dfrtp_2)
                                  2.60   data arrival time

                  0.15    0.00    0.00   clock SCK (rise edge)
                          0.00    0.00   clock network delay (ideal)
                          0.25    0.25   clock uncertainty
                          0.00    0.25   clock reconvergence pessimism
                                  0.25 ^ _475_/CLK (sky130_fd_sc_hd__dfrtp_2)
                          0.36    0.61   library removal time
                                  0.61   data required time
-----------------------------------------------------------------------------
                                  0.61   data required time
                                 -2.60   data arrival time
-----------------------------------------------------------------------------
                                  1.99   slack (MET)


Startpoint: CSB (input port clocked by SCK)
Endpoint: _476_ (removal check against rising-edge clock SCK)
Path Group: asynchronous
Path Type: min

Fanout     Cap    Slew   Delay    Time   Description
-----------------------------------------------------------------------------
                  0.15    0.00    0.00   clock SCK (rise edge)
                          0.00    0.00   clock network delay (ideal)
                          2.00    2.00 v input external delay
                  0.01    0.00    2.00 v CSB (in)
     1    0.00                           CSB (net)
                  0.01    0.00    2.00 v _224_/A (sky130_fd_sc_hd__buf_1)
                  0.17    0.17    2.18 v _224_/X (sky130_fd_sc_hd__buf_1)
     9    0.03                           _102_ (net)
                  0.17    0.00    2.18 v _427_/A (sky130_fd_sc_hd__buf_1)
                  0.24    0.29    2.46 v _427_/X (sky130_fd_sc_hd__buf_1)
    10    0.04                           _220_ (net)
                  0.24    0.00    2.46 v _430_/B (sky130_fd_sc_hd__nor2_2)
                  0.09    0.14    2.60 ^ _430_/Y (sky130_fd_sc_hd__nor2_2)
     1    0.00                           _028_ (net)
                  0.09    0.00    2.60 ^ _476_/RESET_B (sky130_fd_sc_hd__dfrtp_2)
                                  2.60   data arrival time

                  0.15    0.00    0.00   clock SCK (rise edge)
                          0.00    0.00   clock network delay (ideal)
                          0.25    0.25   clock uncertainty
                          0.00    0.25   clock reconvergence pessimism
                                  0.25 ^ _476_/CLK (sky130_fd_sc_hd__dfrtp_2)
                          0.36    0.61   library removal time
                                  0.61   data required time
-----------------------------------------------------------------------------
                                  0.61   data required time
                                 -2.60   data arrival time
-----------------------------------------------------------------------------
                                  1.99   slack (MET)


Startpoint: CSB (input port clocked by SCK)
Endpoint: _477_ (removal check against rising-edge clock SCK)
Path Group: asynchronous
Path Type: min

Fanout     Cap    Slew   Delay    Time   Description
-----------------------------------------------------------------------------
                  0.15    0.00    0.00   clock SCK (rise edge)
                          0.00    0.00   clock network delay (ideal)
                          2.00    2.00 v input external delay
                  0.01    0.00    2.00 v CSB (in)
     1    0.00                           CSB (net)
                  0.01    0.00    2.00 v _224_/A (sky130_fd_sc_hd__buf_1)
                  0.17    0.17    2.18 v _224_/X (sky130_fd_sc_hd__buf_1)
     9    0.03                           _102_ (net)
                  0.17    0.00    2.18 v _427_/A (sky130_fd_sc_hd__buf_1)
                  0.24    0.29    2.46 v _427_/X (sky130_fd_sc_hd__buf_1)
    10    0.04                           _220_ (net)
                  0.24    0.00    2.46 v _431_/B (sky130_fd_sc_hd__nor2_2)
                  0.09    0.14    2.60 ^ _431_/Y (sky130_fd_sc_hd__nor2_2)
     1    0.00                           _029_ (net)
                  0.09    0.00    2.60 ^ _477_/RESET_B (sky130_fd_sc_hd__dfrtp_2)
                                  2.60   data arrival time

                  0.15    0.00    0.00   clock SCK (rise edge)
                          0.00    0.00   clock network delay (ideal)
                          0.25    0.25   clock uncertainty
                          0.00    0.25   clock reconvergence pessimism
                                  0.25 ^ _477_/CLK (sky130_fd_sc_hd__dfrtp_2)
                          0.36    0.61   library removal time
                                  0.61   data required time
-----------------------------------------------------------------------------
                                  0.61   data required time
                                 -2.60   data arrival time
-----------------------------------------------------------------------------
                                  1.99   slack (MET)


Startpoint: CSB (input port clocked by SCK)
Endpoint: _478_ (removal check against rising-edge clock SCK)
Path Group: asynchronous
Path Type: min

Fanout     Cap    Slew   Delay    Time   Description
-----------------------------------------------------------------------------
                  0.15    0.00    0.00   clock SCK (rise edge)
                          0.00    0.00   clock network delay (ideal)
                          2.00    2.00 v input external delay
                  0.01    0.00    2.00 v CSB (in)
     1    0.00                           CSB (net)
                  0.01    0.00    2.00 v _224_/A (sky130_fd_sc_hd__buf_1)
                  0.17    0.17    2.18 v _224_/X (sky130_fd_sc_hd__buf_1)
     9    0.03                           _102_ (net)
                  0.17    0.00    2.18 v _427_/A (sky130_fd_sc_hd__buf_1)
                  0.24    0.29    2.46 v _427_/X (sky130_fd_sc_hd__buf_1)
    10    0.04                           _220_ (net)
                  0.24    0.00    2.46 v _432_/B (sky130_fd_sc_hd__nor2_2)
                  0.09    0.14    2.60 ^ _432_/Y (sky130_fd_sc_hd__nor2_2)
     1    0.00                           _030_ (net)
                  0.09    0.00    2.60 ^ _478_/RESET_B (sky130_fd_sc_hd__dfrtp_2)
                                  2.60   data arrival time

                  0.15    0.00    0.00   clock SCK (rise edge)
                          0.00    0.00   clock network delay (ideal)
                          0.25    0.25   clock uncertainty
                          0.00    0.25   clock reconvergence pessimism
                                  0.25 ^ _478_/CLK (sky130_fd_sc_hd__dfrtp_2)
                          0.36    0.61   library removal time
                                  0.61   data required time
-----------------------------------------------------------------------------
                                  0.61   data required time
                                 -2.60   data arrival time
-----------------------------------------------------------------------------
                                  1.99   slack (MET)


Startpoint: CSB (input port clocked by SCK)
Endpoint: _479_ (removal check against rising-edge clock SCK)
Path Group: asynchronous
Path Type: min

Fanout     Cap    Slew   Delay    Time   Description
-----------------------------------------------------------------------------
                  0.15    0.00    0.00   clock SCK (rise edge)
                          0.00    0.00   clock network delay (ideal)
                          2.00    2.00 v input external delay
                  0.01    0.00    2.00 v CSB (in)
     1    0.00                           CSB (net)
                  0.01    0.00    2.00 v _224_/A (sky130_fd_sc_hd__buf_1)
                  0.17    0.17    2.18 v _224_/X (sky130_fd_sc_hd__buf_1)
     9    0.03                           _102_ (net)
                  0.17    0.00    2.18 v _427_/A (sky130_fd_sc_hd__buf_1)
                  0.24    0.29    2.46 v _427_/X (sky130_fd_sc_hd__buf_1)
    10    0.04                           _220_ (net)
                  0.24    0.00    2.46 v _433_/B (sky130_fd_sc_hd__nor2_2)
                  0.09    0.14    2.60 ^ _433_/Y (sky130_fd_sc_hd__nor2_2)
     1    0.00                           _031_ (net)
                  0.09    0.00    2.60 ^ _479_/RESET_B (sky130_fd_sc_hd__dfrtp_2)
                                  2.60   data arrival time

                  0.15    0.00    0.00   clock SCK (rise edge)
                          0.00    0.00   clock network delay (ideal)
                          0.25    0.25   clock uncertainty
                          0.00    0.25   clock reconvergence pessimism
                                  0.25 ^ _479_/CLK (sky130_fd_sc_hd__dfrtp_2)
                          0.36    0.61   library removal time
                                  0.61   data required time
-----------------------------------------------------------------------------
                                  0.61   data required time
                                 -2.60   data arrival time
-----------------------------------------------------------------------------
                                  1.99   slack (MET)


Startpoint: CSB (input port clocked by SCK)
Endpoint: _480_ (removal check against rising-edge clock SCK)
Path Group: asynchronous
Path Type: min

Fanout     Cap    Slew   Delay    Time   Description
-----------------------------------------------------------------------------
                  0.15    0.00    0.00   clock SCK (rise edge)
                          0.00    0.00   clock network delay (ideal)
                          2.00    2.00 v input external delay
                  0.01    0.00    2.00 v CSB (in)
     1    0.00                           CSB (net)
                  0.01    0.00    2.00 v _224_/A (sky130_fd_sc_hd__buf_1)
                  0.17    0.17    2.18 v _224_/X (sky130_fd_sc_hd__buf_1)
     9    0.03                           _102_ (net)
                  0.17    0.00    2.18 v _427_/A (sky130_fd_sc_hd__buf_1)
                  0.24    0.29    2.46 v _427_/X (sky130_fd_sc_hd__buf_1)
    10    0.04                           _220_ (net)
                  0.24    0.00    2.46 v _434_/B (sky130_fd_sc_hd__nor2_2)
                  0.09    0.14    2.60 ^ _434_/Y (sky130_fd_sc_hd__nor2_2)
     1    0.00                           _032_ (net)
                  0.09    0.00    2.60 ^ _480_/RESET_B (sky130_fd_sc_hd__dfrtp_2)
                                  2.60   data arrival time

                  0.15    0.00    0.00   clock SCK (rise edge)
                          0.00    0.00   clock network delay (ideal)
                          0.25    0.25   clock uncertainty
                          0.00    0.25   clock reconvergence pessimism
                                  0.25 ^ _480_/CLK (sky130_fd_sc_hd__dfrtp_2)
                          0.36    0.61   library removal time
                                  0.61   data required time
-----------------------------------------------------------------------------
                                  0.61   data required time
                                 -2.60   data arrival time
-----------------------------------------------------------------------------
                                  1.99   slack (MET)


Startpoint: CSB (input port clocked by SCK)
Endpoint: _481_ (removal check against rising-edge clock SCK)
Path Group: asynchronous
Path Type: min

Fanout     Cap    Slew   Delay    Time   Description
-----------------------------------------------------------------------------
                  0.15    0.00    0.00   clock SCK (rise edge)
                          0.00    0.00   clock network delay (ideal)
                          2.00    2.00 v input external delay
                  0.01    0.00    2.00 v CSB (in)
     1    0.00                           CSB (net)
                  0.01    0.00    2.00 v _224_/A (sky130_fd_sc_hd__buf_1)
                  0.17    0.17    2.18 v _224_/X (sky130_fd_sc_hd__buf_1)
     9    0.03                           _102_ (net)
                  0.17    0.00    2.18 v _427_/A (sky130_fd_sc_hd__buf_1)
                  0.24    0.29    2.46 v _427_/X (sky130_fd_sc_hd__buf_1)
    10    0.04                           _220_ (net)
                  0.24    0.00    2.46 v _435_/B (sky130_fd_sc_hd__nor2_2)
                  0.09    0.14    2.60 ^ _435_/Y (sky130_fd_sc_hd__nor2_2)
     1    0.00                           _033_ (net)
                  0.09    0.00    2.60 ^ _481_/RESET_B (sky130_fd_sc_hd__dfrtp_2)
                                  2.60   data arrival time

                  0.15    0.00    0.00   clock SCK (rise edge)
                          0.00    0.00   clock network delay (ideal)
                          0.25    0.25   clock uncertainty
                          0.00    0.25   clock reconvergence pessimism
                                  0.25 ^ _481_/CLK (sky130_fd_sc_hd__dfrtp_2)
                          0.36    0.61   library removal time
                                  0.61   data required time
-----------------------------------------------------------------------------
                                  0.61   data required time
                                 -2.60   data arrival time
-----------------------------------------------------------------------------
                                  1.99   slack (MET)


Startpoint: CSB (input port clocked by SCK)
Endpoint: _482_ (removal check against rising-edge clock SCK)
Path Group: asynchronous
Path Type: min

Fanout     Cap    Slew   Delay    Time   Description
-----------------------------------------------------------------------------
                  0.15    0.00    0.00   clock SCK (rise edge)
                          0.00    0.00   clock network delay (ideal)
                          2.00    2.00 v input external delay
                  0.01    0.00    2.00 v CSB (in)
     1    0.00                           CSB (net)
                  0.01    0.00    2.00 v _224_/A (sky130_fd_sc_hd__buf_1)
                  0.17    0.17    2.18 v _224_/X (sky130_fd_sc_hd__buf_1)
     9    0.03                           _102_ (net)
                  0.17    0.00    2.18 v _427_/A (sky130_fd_sc_hd__buf_1)
                  0.24    0.29    2.46 v _427_/X (sky130_fd_sc_hd__buf_1)
    10    0.04                           _220_ (net)
                  0.24    0.00    2.46 v _436_/B (sky130_fd_sc_hd__nor2_2)
                  0.09    0.14    2.60 ^ _436_/Y (sky130_fd_sc_hd__nor2_2)
     1    0.00                           _034_ (net)
                  0.09    0.00    2.60 ^ _482_/RESET_B (sky130_fd_sc_hd__dfrtp_2)
                                  2.60   data arrival time

                  0.15    0.00    0.00   clock SCK (rise edge)
                          0.00    0.00   clock network delay (ideal)
                          0.25    0.25   clock uncertainty
                          0.00    0.25   clock reconvergence pessimism
                                  0.25 ^ _482_/CLK (sky130_fd_sc_hd__dfrtp_2)
                          0.36    0.61   library removal time
                                  0.61   data required time
-----------------------------------------------------------------------------
                                  0.61   data required time
                                 -2.60   data arrival time
-----------------------------------------------------------------------------
                                  1.99   slack (MET)


Startpoint: CSB (input port clocked by SCK)
Endpoint: _484_ (removal check against rising-edge clock SCK)
Path Group: asynchronous
Path Type: min

Fanout     Cap    Slew   Delay    Time   Description
-----------------------------------------------------------------------------
                  0.15    0.00    0.00   clock SCK (rise edge)
                          0.00    0.00   clock network delay (ideal)
                          2.00    2.00 v input external delay
                  0.01    0.00    2.00 v CSB (in)
     1    0.00                           CSB (net)
                  0.01    0.00    2.00 v _224_/A (sky130_fd_sc_hd__buf_1)
                  0.17    0.17    2.18 v _224_/X (sky130_fd_sc_hd__buf_1)
     9    0.03                           _102_ (net)
                  0.17    0.00    2.18 v _427_/A (sky130_fd_sc_hd__buf_1)
                  0.24    0.29    2.46 v _427_/X (sky130_fd_sc_hd__buf_1)
    10    0.04                           _220_ (net)
                  0.24    0.00    2.46 v _439_/B (sky130_fd_sc_hd__nor2_2)
                  0.09    0.14    2.60 ^ _439_/Y (sky130_fd_sc_hd__nor2_2)
     1    0.00                           _037_ (net)
                  0.09    0.00    2.60 ^ _484_/RESET_B (sky130_fd_sc_hd__dfrtp_2)
                                  2.60   data arrival time

                  0.15    0.00    0.00   clock SCK (rise edge)
                          0.00    0.00   clock network delay (ideal)
                          0.25    0.25   clock uncertainty
                          0.00    0.25   clock reconvergence pessimism
                                  0.25 ^ _484_/CLK (sky130_fd_sc_hd__dfrtp_2)
                          0.36    0.61   library removal time
                                  0.61   data required time
-----------------------------------------------------------------------------
                                  0.61   data required time
                                 -2.60   data arrival time
-----------------------------------------------------------------------------
                                  1.99   slack (MET)


Startpoint: _481_ (rising edge-triggered flip-flop clocked by SCK)
Endpoint: odata[7] (output port clocked by SCK)
Path Group: SCK
Path Type: min

Fanout     Cap    Slew   Delay    Time   Description
-----------------------------------------------------------------------------
                  0.15    0.00    0.00   clock SCK (rise edge)
                          0.00    0.00   clock network delay (ideal)
                  0.15    0.00    0.00 ^ _481_/CLK (sky130_fd_sc_hd__dfrtp_2)
                  0.18    0.47    0.47 ^ _481_/Q (sky130_fd_sc_hd__dfrtp_2)
     2    0.04                           odata[7] (net)
                  0.18    0.00    0.47 ^ odata[7] (out)
                                  0.47   data arrival time

                  0.15    0.00    0.00   clock SCK (rise edge)
                          0.00    0.00   clock network delay (ideal)
                          0.25    0.25   clock uncertainty
                          0.00    0.25   clock reconvergence pessimism
                         -2.00   -1.75   output external delay
                                 -1.75   data required time
-----------------------------------------------------------------------------
                                 -1.75   data required time
                                 -0.47   data arrival time
-----------------------------------------------------------------------------
                                  2.22   slack (MET)


Startpoint: _457_ (rising edge-triggered flip-flop clocked by SCK)
Endpoint: pass_thru_user (output port clocked by SCK)
Path Group: SCK
Path Type: min

Fanout     Cap    Slew   Delay    Time   Description
-----------------------------------------------------------------------------
                  0.15    0.00    0.00   clock SCK (rise edge)
                          0.00    0.00   clock network delay (ideal)
                  0.15    0.00    0.00 ^ _457_/CLK (sky130_fd_sc_hd__dfrtp_2)
                  0.18    0.47    0.47 ^ _457_/Q (sky130_fd_sc_hd__dfrtp_2)
     2    0.04                           pass_thru_user (net)
                  0.18    0.00    0.47 ^ pass_thru_user (out)
                                  0.47   data arrival time

                  0.15    0.00    0.00   clock SCK (rise edge)
                          0.00    0.00   clock network delay (ideal)
                          0.25    0.25   clock uncertainty
                          0.00    0.25   clock reconvergence pessimism
                         -2.00   -1.75   output external delay
                                 -1.75   data required time
-----------------------------------------------------------------------------
                                 -1.75   data required time
                                 -0.47   data arrival time
-----------------------------------------------------------------------------
                                  2.22   slack (MET)


Startpoint: _455_ (rising edge-triggered flip-flop clocked by SCK)
Endpoint: pass_thru_mgmt (output port clocked by SCK)
Path Group: SCK
Path Type: min

Fanout     Cap    Slew   Delay    Time   Description
-----------------------------------------------------------------------------
                  0.15    0.00    0.00   clock SCK (rise edge)
                          0.00    0.00   clock network delay (ideal)
                  0.15    0.00    0.00 ^ _455_/CLK (sky130_fd_sc_hd__dfrtp_2)
                  0.18    0.47    0.47 ^ _455_/Q (sky130_fd_sc_hd__dfrtp_2)
     2    0.04                           pass_thru_mgmt (net)
                  0.18    0.00    0.47 ^ pass_thru_mgmt (out)
                                  0.47   data arrival time

                  0.15    0.00    0.00   clock SCK (rise edge)
                          0.00    0.00   clock network delay (ideal)
                          0.25    0.25   clock uncertainty
                          0.00    0.25   clock reconvergence pessimism
                         -2.00   -1.75   output external delay
                                 -1.75   data required time
-----------------------------------------------------------------------------
                                 -1.75   data required time
                                 -0.47   data arrival time
-----------------------------------------------------------------------------
                                  2.22   slack (MET)


Startpoint: _458_ (rising edge-triggered flip-flop clocked by SCK)
Endpoint: pass_thru_user_delay (output port clocked by SCK)
Path Group: SCK
Path Type: min

Fanout     Cap    Slew   Delay    Time   Description
-----------------------------------------------------------------------------
                  0.15    0.00    0.00   clock SCK (rise edge)
                          0.00    0.00   clock network delay (ideal)
                  0.15    0.00    0.00 ^ _458_/CLK (sky130_fd_sc_hd__dfrtp_2)
                  0.19    0.47    0.47 ^ _458_/Q (sky130_fd_sc_hd__dfrtp_2)
     3    0.04                           pass_thru_user_delay (net)
                  0.19    0.00    0.47 ^ pass_thru_user_delay (out)
                                  0.47   data arrival time

                  0.15    0.00    0.00   clock SCK (rise edge)
                          0.00    0.00   clock network delay (ideal)
                          0.25    0.25   clock uncertainty
                          0.00    0.25   clock reconvergence pessimism
                         -2.00   -1.75   output external delay
                                 -1.75   data required time
-----------------------------------------------------------------------------
                                 -1.75   data required time
                                 -0.47   data arrival time
-----------------------------------------------------------------------------
                                  2.22   slack (MET)


Startpoint: _475_ (rising edge-triggered flip-flop clocked by SCK)
Endpoint: odata[1] (output port clocked by SCK)
Path Group: SCK
Path Type: min

Fanout     Cap    Slew   Delay    Time   Description
-----------------------------------------------------------------------------
                  0.15    0.00    0.00   clock SCK (rise edge)
                          0.00    0.00   clock network delay (ideal)
                  0.15    0.00    0.00 ^ _475_/CLK (sky130_fd_sc_hd__dfrtp_2)
                  0.19    0.47    0.47 ^ _475_/Q (sky130_fd_sc_hd__dfrtp_2)
     3    0.04                           odata[1] (net)
                  0.19    0.00    0.47 ^ odata[1] (out)
                                  0.47   data arrival time

                  0.15    0.00    0.00   clock SCK (rise edge)
                          0.00    0.00   clock network delay (ideal)
                          0.25    0.25   clock uncertainty
                          0.00    0.25   clock reconvergence pessimism
                         -2.00   -1.75   output external delay
                                 -1.75   data required time
-----------------------------------------------------------------------------
                                 -1.75   data required time
                                 -0.47   data arrival time
-----------------------------------------------------------------------------
                                  2.22   slack (MET)


Startpoint: _476_ (rising edge-triggered flip-flop clocked by SCK)
Endpoint: odata[2] (output port clocked by SCK)
Path Group: SCK
Path Type: min

Fanout     Cap    Slew   Delay    Time   Description
-----------------------------------------------------------------------------
                  0.15    0.00    0.00   clock SCK (rise edge)
                          0.00    0.00   clock network delay (ideal)
                  0.15    0.00    0.00 ^ _476_/CLK (sky130_fd_sc_hd__dfrtp_2)
                  0.19    0.47    0.47 ^ _476_/Q (sky130_fd_sc_hd__dfrtp_2)
     3    0.04                           odata[2] (net)
                  0.19    0.00    0.47 ^ odata[2] (out)
                                  0.47   data arrival time

                  0.15    0.00    0.00   clock SCK (rise edge)
                          0.00    0.00   clock network delay (ideal)
                          0.25    0.25   clock uncertainty
                          0.00    0.25   clock reconvergence pessimism
                         -2.00   -1.75   output external delay
                                 -1.75   data required time
-----------------------------------------------------------------------------
                                 -1.75   data required time
                                 -0.47   data arrival time
-----------------------------------------------------------------------------
                                  2.22   slack (MET)


Startpoint: _477_ (rising edge-triggered flip-flop clocked by SCK)
Endpoint: odata[3] (output port clocked by SCK)
Path Group: SCK
Path Type: min

Fanout     Cap    Slew   Delay    Time   Description
-----------------------------------------------------------------------------
                  0.15    0.00    0.00   clock SCK (rise edge)
                          0.00    0.00   clock network delay (ideal)
                  0.15    0.00    0.00 ^ _477_/CLK (sky130_fd_sc_hd__dfrtp_2)
                  0.19    0.47    0.47 ^ _477_/Q (sky130_fd_sc_hd__dfrtp_2)
     3    0.04                           odata[3] (net)
                  0.19    0.00    0.47 ^ odata[3] (out)
                                  0.47   data arrival time

                  0.15    0.00    0.00   clock SCK (rise edge)
                          0.00    0.00   clock network delay (ideal)
                          0.25    0.25   clock uncertainty
                          0.00    0.25   clock reconvergence pessimism
                         -2.00   -1.75   output external delay
                                 -1.75   data required time
-----------------------------------------------------------------------------
                                 -1.75   data required time
                                 -0.47   data arrival time
-----------------------------------------------------------------------------
                                  2.22   slack (MET)


Startpoint: _478_ (rising edge-triggered flip-flop clocked by SCK)
Endpoint: odata[4] (output port clocked by SCK)
Path Group: SCK
Path Type: min

Fanout     Cap    Slew   Delay    Time   Description
-----------------------------------------------------------------------------
                  0.15    0.00    0.00   clock SCK (rise edge)
                          0.00    0.00   clock network delay (ideal)
                  0.15    0.00    0.00 ^ _478_/CLK (sky130_fd_sc_hd__dfrtp_2)
                  0.19    0.47    0.47 ^ _478_/Q (sky130_fd_sc_hd__dfrtp_2)
     3    0.04                           odata[4] (net)
                  0.19    0.00    0.47 ^ odata[4] (out)
                                  0.47   data arrival time

                  0.15    0.00    0.00   clock SCK (rise edge)
                          0.00    0.00   clock network delay (ideal)
                          0.25    0.25   clock uncertainty
                          0.00    0.25   clock reconvergence pessimism
                         -2.00   -1.75   output external delay
                                 -1.75   data required time
-----------------------------------------------------------------------------
                                 -1.75   data required time
                                 -0.47   data arrival time
-----------------------------------------------------------------------------
                                  2.22   slack (MET)


Startpoint: _479_ (rising edge-triggered flip-flop clocked by SCK)
Endpoint: odata[5] (output port clocked by SCK)
Path Group: SCK
Path Type: min

Fanout     Cap    Slew   Delay    Time   Description
-----------------------------------------------------------------------------
                  0.15    0.00    0.00   clock SCK (rise edge)
                          0.00    0.00   clock network delay (ideal)
                  0.15    0.00    0.00 ^ _479_/CLK (sky130_fd_sc_hd__dfrtp_2)
                  0.19    0.47    0.47 ^ _479_/Q (sky130_fd_sc_hd__dfrtp_2)
     3    0.04                           odata[5] (net)
                  0.19    0.00    0.47 ^ odata[5] (out)
                                  0.47   data arrival time

                  0.15    0.00    0.00   clock SCK (rise edge)
                          0.00    0.00   clock network delay (ideal)
                          0.25    0.25   clock uncertainty
                          0.00    0.25   clock reconvergence pessimism
                         -2.00   -1.75   output external delay
                                 -1.75   data required time
-----------------------------------------------------------------------------
                                 -1.75   data required time
                                 -0.47   data arrival time
-----------------------------------------------------------------------------
                                  2.22   slack (MET)


Startpoint: _480_ (rising edge-triggered flip-flop clocked by SCK)
Endpoint: odata[6] (output port clocked by SCK)
Path Group: SCK
Path Type: min

Fanout     Cap    Slew   Delay    Time   Description
-----------------------------------------------------------------------------
                  0.15    0.00    0.00   clock SCK (rise edge)
                          0.00    0.00   clock network delay (ideal)
                  0.15    0.00    0.00 ^ _480_/CLK (sky130_fd_sc_hd__dfrtp_2)
                  0.19    0.47    0.47 ^ _480_/Q (sky130_fd_sc_hd__dfrtp_2)
     3    0.04                           odata[6] (net)
                  0.19    0.00    0.47 ^ odata[6] (out)
                                  0.47   data arrival time

                  0.15    0.00    0.00   clock SCK (rise edge)
                          0.00    0.00   clock network delay (ideal)
                          0.25    0.25   clock uncertainty
                          0.00    0.25   clock reconvergence pessimism
                         -2.00   -1.75   output external delay
                                 -1.75   data required time
-----------------------------------------------------------------------------
                                 -1.75   data required time
                                 -0.47   data arrival time
-----------------------------------------------------------------------------
                                  2.22   slack (MET)


Startpoint: _456_ (rising edge-triggered flip-flop clocked by SCK)
Endpoint: pass_thru_mgmt_delay (output port clocked by SCK)
Path Group: SCK
Path Type: min

Fanout     Cap    Slew   Delay    Time   Description
-----------------------------------------------------------------------------
                  0.15    0.00    0.00   clock SCK (rise edge)
                          0.00    0.00   clock network delay (ideal)
                  0.15    0.00    0.00 ^ _456_/CLK (sky130_fd_sc_hd__dfrtp_2)
                  0.19    0.47    0.47 ^ _456_/Q (sky130_fd_sc_hd__dfrtp_2)
     3    0.04                           pass_thru_mgmt_delay (net)
                  0.19    0.00    0.47 ^ pass_thru_mgmt_delay (out)
                                  0.47   data arrival time

                  0.15    0.00    0.00   clock SCK (rise edge)
                          0.00    0.00   clock network delay (ideal)
                          0.25    0.25   clock uncertainty
                          0.00    0.25   clock reconvergence pessimism
                         -2.00   -1.75   output external delay
                                 -1.75   data required time
-----------------------------------------------------------------------------
                                 -1.75   data required time
                                 -0.47   data arrival time
-----------------------------------------------------------------------------
                                  2.22   slack (MET)


Startpoint: _454_ (rising edge-triggered flip-flop clocked by SCK)
Endpoint: rdstb (output port clocked by SCK)
Path Group: SCK
Path Type: min

Fanout     Cap    Slew   Delay    Time   Description
-----------------------------------------------------------------------------
                  0.15    0.00    0.00   clock SCK (rise edge)
                          0.00    0.00   clock network delay (ideal)
                  0.15    0.00    0.00 ^ _454_/CLK (sky130_fd_sc_hd__dfrtp_2)
                  0.19    0.48    0.48 ^ _454_/Q (sky130_fd_sc_hd__dfrtp_2)
     3    0.04                           rdstb (net)
                  0.19    0.00    0.48 ^ rdstb (out)
                                  0.48   data arrival time

                  0.15    0.00    0.00   clock SCK (rise edge)
                          0.00    0.00   clock network delay (ideal)
                          0.25    0.25   clock uncertainty
                          0.00    0.25   clock reconvergence pessimism
                         -2.00   -1.75   output external delay
                                 -1.75   data required time
-----------------------------------------------------------------------------
                                 -1.75   data required time
                                 -0.48   data arrival time
-----------------------------------------------------------------------------
                                  2.23   slack (MET)


Startpoint: _465_ (rising edge-triggered flip-flop clocked by SCK)
Endpoint: oaddr[6] (output port clocked by SCK)
Path Group: SCK
Path Type: min

Fanout     Cap    Slew   Delay    Time   Description
-----------------------------------------------------------------------------
                  0.15    0.00    0.00   clock SCK (rise edge)
                          0.00    0.00   clock network delay (ideal)
                  0.15    0.00    0.00 ^ _465_/CLK (sky130_fd_sc_hd__dfrtp_2)
                  0.08    0.39    0.39 ^ _465_/Q (sky130_fd_sc_hd__dfrtp_2)
     5    0.01                           addr[6] (net)
                  0.08    0.00    0.39 ^ _397_/A1 (sky130_fd_sc_hd__a21bo_2)
                  0.18    0.23    0.62 ^ _397_/X (sky130_fd_sc_hd__a21bo_2)
     1    0.03                           oaddr[6] (net)
                  0.18    0.00    0.62 ^ oaddr[6] (out)
                                  0.62   data arrival time

                  0.15    0.00    0.00   clock SCK (rise edge)
                          0.00    0.00   clock network delay (ideal)
                          0.25    0.25   clock uncertainty
                          0.00    0.25   clock reconvergence pessimism
                         -2.00   -1.75   output external delay
                                 -1.75   data required time
-----------------------------------------------------------------------------
                                 -1.75   data required time
                                 -0.62   data arrival time
-----------------------------------------------------------------------------
                                  2.37   slack (MET)


Startpoint: _459_ (rising edge-triggered flip-flop clocked by SCK)
Endpoint: oaddr[1] (output port clocked by SCK)
Path Group: SCK
Path Type: min

Fanout     Cap    Slew   Delay    Time   Description
-----------------------------------------------------------------------------
                  0.15    0.00    0.00   clock SCK (rise edge)
                          0.00    0.00   clock network delay (ideal)
                  0.15    0.00    0.00 ^ _459_/CLK (sky130_fd_sc_hd__dfrtp_2)
                  0.10    0.46    0.46 v _459_/Q (sky130_fd_sc_hd__dfrtp_2)
     8    0.03                           addr[0] (net)
                  0.10    0.00    0.46 v _362_/A (sky130_fd_sc_hd__inv_2)
                  0.05    0.07    0.53 ^ _362_/Y (sky130_fd_sc_hd__inv_2)
     2    0.01                           _196_ (net)
                  0.05    0.00    0.53 ^ _388_/A1 (sky130_fd_sc_hd__o21ai_2)
                  0.14    0.13    0.66 v _388_/Y (sky130_fd_sc_hd__o21ai_2)
     1    0.03                           oaddr[1] (net)
                  0.14    0.00    0.66 v oaddr[1] (out)
                                  0.66   data arrival time

                  0.15    0.00    0.00   clock SCK (rise edge)
                          0.00    0.00   clock network delay (ideal)
                          0.25    0.25   clock uncertainty
                          0.00    0.25   clock reconvergence pessimism
                         -2.00   -1.75   output external delay
                                 -1.75   data required time
-----------------------------------------------------------------------------
                                 -1.75   data required time
                                 -0.66   data arrival time
-----------------------------------------------------------------------------
                                  2.41   slack (MET)


Startpoint: _484_ (rising edge-triggered flip-flop clocked by SCK)
Endpoint: pass_thru_user_reset (output port clocked by SCK)
Path Group: SCK
Path Type: min

Fanout     Cap    Slew   Delay    Time   Description
-----------------------------------------------------------------------------
                  0.15    0.00    0.00   clock SCK (rise edge)
                          0.00    0.00   clock network delay (ideal)
                  0.15    0.00    0.00 ^ _484_/CLK (sky130_fd_sc_hd__dfrtp_2)
                  0.08    0.39    0.39 ^ _484_/Q (sky130_fd_sc_hd__dfrtp_2)
     5    0.01                           pre_pass_thru_user (net)
                  0.08    0.00    0.39 ^ _400_/A (sky130_fd_sc_hd__or2_2)
                  0.03    0.10    0.48 ^ _400_/X (sky130_fd_sc_hd__or2_2)
     1    0.00                           _214_ (net)
                  0.03    0.00    0.48 ^ _401_/A (sky130_fd_sc_hd__buf_1)
                  0.40    0.30    0.78 ^ _401_/X (sky130_fd_sc_hd__buf_1)
     1    0.03                           pass_thru_user_reset (net)
                  0.40    0.00    0.78 ^ pass_thru_user_reset (out)
                                  0.78   data arrival time

                  0.15    0.00    0.00   clock SCK (rise edge)
                          0.00    0.00   clock network delay (ideal)
                          0.25    0.25   clock uncertainty
                          0.00    0.25   clock reconvergence pessimism
                         -2.00   -1.75   output external delay
                                 -1.75   data required time
-----------------------------------------------------------------------------
                                 -1.75   data required time
                                 -0.78   data arrival time
-----------------------------------------------------------------------------
                                  2.53   slack (MET)


Startpoint: _482_ (rising edge-triggered flip-flop clocked by SCK)
Endpoint: pass_thru_mgmt_reset (output port clocked by SCK)
Path Group: SCK
Path Type: min

Fanout     Cap    Slew   Delay    Time   Description
-----------------------------------------------------------------------------
                  0.15    0.00    0.00   clock SCK (rise edge)
                          0.00    0.00   clock network delay (ideal)
                  0.15    0.00    0.00 ^ _482_/CLK (sky130_fd_sc_hd__dfrtp_2)
                  0.10    0.40    0.40 ^ _482_/Q (sky130_fd_sc_hd__dfrtp_2)
     6    0.02                           pre_pass_thru_mgmt (net)
                  0.10    0.00    0.40 ^ _398_/A (sky130_fd_sc_hd__or2_2)
                  0.03    0.11    0.51 ^ _398_/X (sky130_fd_sc_hd__or2_2)
     1    0.00                           _213_ (net)
                  0.03    0.00    0.51 ^ _399_/A (sky130_fd_sc_hd__buf_1)
                  0.40    0.30    0.81 ^ _399_/X (sky130_fd_sc_hd__buf_1)
     1    0.03                           pass_thru_mgmt_reset (net)
                  0.40    0.00    0.81 ^ pass_thru_mgmt_reset (out)
                                  0.81   data arrival time

                  0.15    0.00    0.00   clock SCK (rise edge)
                          0.00    0.00   clock network delay (ideal)
                          0.25    0.25   clock uncertainty
                          0.00    0.25   clock reconvergence pessimism
                         -2.00   -1.75   output external delay
                                 -1.75   data required time
-----------------------------------------------------------------------------
                                 -1.75   data required time
                                 -0.81   data arrival time
-----------------------------------------------------------------------------
                                  2.56   slack (MET)


Startpoint: _489_ (rising edge-triggered flip-flop clocked by SCK)
Endpoint: oaddr[7] (output port clocked by SCK)
Path Group: SCK
Path Type: min

Fanout     Cap    Slew   Delay    Time   Description
-----------------------------------------------------------------------------
                  0.15    0.00    0.00   clock SCK (rise edge)
                          0.00    0.00   clock network delay (ideal)
                  0.15    0.00    0.00 ^ _489_/CLK (sky130_fd_sc_hd__dfrtp_2)
                  0.08    0.39    0.39 ^ _489_/Q (sky130_fd_sc_hd__dfrtp_2)
     4    0.01                           state[3] (net)
                  0.08    0.00    0.39 ^ _322_/A2 (sky130_fd_sc_hd__a21bo_2)
                  0.03    0.12    0.50 ^ _322_/X (sky130_fd_sc_hd__a21bo_2)
     1    0.00                           _164_ (net)
                  0.03    0.00    0.50 ^ _323_/A (sky130_fd_sc_hd__buf_1)
                  0.42    0.32    0.82 ^ _323_/X (sky130_fd_sc_hd__buf_1)
     2    0.04                           oaddr[7] (net)
                  0.42    0.00    0.82 ^ oaddr[7] (out)
                                  0.82   data arrival time

                  0.15    0.00    0.00   clock SCK (rise edge)
                          0.00    0.00   clock network delay (ideal)
                          0.25    0.25   clock uncertainty
                          0.00    0.25   clock reconvergence pessimism
                         -2.00   -1.75   output external delay
                                 -1.75   data required time
-----------------------------------------------------------------------------
                                 -1.75   data required time
                                 -0.82   data arrival time
-----------------------------------------------------------------------------
                                  2.57   slack (MET)


Startpoint: _462_ (rising edge-triggered flip-flop clocked by SCK)
Endpoint: oaddr[3] (output port clocked by SCK)
Path Group: SCK
Path Type: min

Fanout     Cap    Slew   Delay    Time   Description
-----------------------------------------------------------------------------
                  0.15    0.00    0.00   clock SCK (rise edge)
                          0.00    0.00   clock network delay (ideal)
                  0.15    0.00    0.00 ^ _462_/CLK (sky130_fd_sc_hd__dfrtp_2)
                  0.08    0.39    0.39 ^ _462_/Q (sky130_fd_sc_hd__dfrtp_2)
     6    0.01                           addr[3] (net)
                  0.08    0.00    0.39 ^ _391_/A0 (sky130_fd_sc_hd__mux2_2)
                  0.03    0.13    0.52 ^ _391_/X (sky130_fd_sc_hd__mux2_2)
     1    0.00                           _210_ (net)
                  0.03    0.00    0.52 ^ _392_/A (sky130_fd_sc_hd__buf_1)
                  0.40    0.30    0.83 ^ _392_/X (sky130_fd_sc_hd__buf_1)
     1    0.03                           oaddr[3] (net)
                  0.40    0.00    0.83 ^ oaddr[3] (out)
                                  0.83   data arrival time

                  0.15    0.00    0.00   clock SCK (rise edge)
                          0.00    0.00   clock network delay (ideal)
                          0.25    0.25   clock uncertainty
                          0.00    0.25   clock reconvergence pessimism
                         -2.00   -1.75   output external delay
                                 -1.75   data required time
-----------------------------------------------------------------------------
                                 -1.75   data required time
                                 -0.83   data arrival time
-----------------------------------------------------------------------------
                                  2.58   slack (MET)


Startpoint: _462_ (rising edge-triggered flip-flop clocked by SCK)
Endpoint: oaddr[4] (output port clocked by SCK)
Path Group: SCK
Path Type: min

Fanout     Cap    Slew   Delay    Time   Description
-----------------------------------------------------------------------------
                  0.15    0.00    0.00   clock SCK (rise edge)
                          0.00    0.00   clock network delay (ideal)
                  0.15    0.00    0.00 ^ _462_/CLK (sky130_fd_sc_hd__dfrtp_2)
                  0.08    0.39    0.39 ^ _462_/Q (sky130_fd_sc_hd__dfrtp_2)
     6    0.01                           addr[3] (net)
                  0.08    0.00    0.39 ^ _393_/A1 (sky130_fd_sc_hd__mux2_2)
                  0.03    0.13    0.52 ^ _393_/X (sky130_fd_sc_hd__mux2_2)
     1    0.00                           _211_ (net)
                  0.03    0.00    0.52 ^ _394_/A (sky130_fd_sc_hd__buf_1)
                  0.40    0.30    0.83 ^ _394_/X (sky130_fd_sc_hd__buf_1)
     1    0.03                           oaddr[4] (net)
                  0.40    0.00    0.83 ^ oaddr[4] (out)
                                  0.83   data arrival time

                  0.15    0.00    0.00   clock SCK (rise edge)
                          0.00    0.00   clock network delay (ideal)
                          0.25    0.25   clock uncertainty
                          0.00    0.25   clock reconvergence pessimism
                         -2.00   -1.75   output external delay
                                 -1.75   data required time
-----------------------------------------------------------------------------
                                 -1.75   data required time
                                 -0.83   data arrival time
-----------------------------------------------------------------------------
                                  2.58   slack (MET)


Startpoint: _461_ (rising edge-triggered flip-flop clocked by SCK)
Endpoint: oaddr[2] (output port clocked by SCK)
Path Group: SCK
Path Type: min

Fanout     Cap    Slew   Delay    Time   Description
-----------------------------------------------------------------------------
                  0.15    0.00    0.00   clock SCK (rise edge)
                          0.00    0.00   clock network delay (ideal)
                  0.15    0.00    0.00 ^ _461_/CLK (sky130_fd_sc_hd__dfrtp_2)
                  0.11    0.41    0.41 ^ _461_/Q (sky130_fd_sc_hd__dfrtp_2)
     8    0.02                           addr[2] (net)
                  0.11    0.00    0.41 ^ _389_/A0 (sky130_fd_sc_hd__mux2_2)
                  0.03    0.14    0.56 ^ _389_/X (sky130_fd_sc_hd__mux2_2)
     1    0.00                           _209_ (net)
                  0.03    0.00    0.56 ^ _390_/A (sky130_fd_sc_hd__buf_1)
                  0.40    0.30    0.86 ^ _390_/X (sky130_fd_sc_hd__buf_1)
     1    0.03                           oaddr[2] (net)
                  0.40    0.00    0.86 ^ oaddr[2] (out)
                                  0.86   data arrival time

                  0.15    0.00    0.00   clock SCK (rise edge)
                          0.00    0.00   clock network delay (ideal)
                          0.25    0.25   clock uncertainty
                          0.00    0.25   clock reconvergence pessimism
                         -2.00   -1.75   output external delay
                                 -1.75   data required time
-----------------------------------------------------------------------------
                                 -1.75   data required time
                                 -0.86   data arrival time
-----------------------------------------------------------------------------
                                  2.61   slack (MET)


Startpoint: _464_ (rising edge-triggered flip-flop clocked by SCK)
Endpoint: oaddr[5] (output port clocked by SCK)
Path Group: SCK
Path Type: min

Fanout     Cap    Slew   Delay    Time   Description
-----------------------------------------------------------------------------
                  0.15    0.00    0.00   clock SCK (rise edge)
                          0.00    0.00   clock network delay (ideal)
                  0.15    0.00    0.00 ^ _464_/CLK (sky130_fd_sc_hd__dfrtp_2)
                  0.12    0.42    0.42 ^ _464_/Q (sky130_fd_sc_hd__dfrtp_2)
     7    0.02                           addr[5] (net)
                  0.12    0.00    0.42 ^ _395_/A0 (sky130_fd_sc_hd__mux2_2)
                  0.03    0.15    0.57 ^ _395_/X (sky130_fd_sc_hd__mux2_2)
     1    0.00                           _212_ (net)
                  0.03    0.00    0.57 ^ _396_/A (sky130_fd_sc_hd__buf_1)
                  0.40    0.30    0.87 ^ _396_/X (sky130_fd_sc_hd__buf_1)
     1    0.03                           oaddr[5] (net)
                  0.40    0.00    0.87 ^ oaddr[5] (out)
                                  0.87   data arrival time

                  0.15    0.00    0.00   clock SCK (rise edge)
                          0.00    0.00   clock network delay (ideal)
                          0.25    0.25   clock uncertainty
                          0.00    0.25   clock reconvergence pessimism
                         -2.00   -1.75   output external delay
                                 -1.75   data required time
-----------------------------------------------------------------------------
                                 -1.75   data required time
                                 -0.87   data arrival time
-----------------------------------------------------------------------------
                                  2.62   slack (MET)


Startpoint: _459_ (rising edge-triggered flip-flop clocked by SCK)
Endpoint: oaddr[0] (output port clocked by SCK)
Path Group: SCK
Path Type: min

Fanout     Cap    Slew   Delay    Time   Description
-----------------------------------------------------------------------------
                  0.15    0.00    0.00   clock SCK (rise edge)
                          0.00    0.00   clock network delay (ideal)
                  0.15    0.00    0.00 ^ _459_/CLK (sky130_fd_sc_hd__dfrtp_2)
                  0.15    0.45    0.45 ^ _459_/Q (sky130_fd_sc_hd__dfrtp_2)
     8    0.03                           addr[0] (net)
                  0.15    0.00    0.45 ^ _386_/A0 (sky130_fd_sc_hd__mux2_2)
                  0.03    0.16    0.60 ^ _386_/X (sky130_fd_sc_hd__mux2_2)
     1    0.00                           _208_ (net)
                  0.03    0.00    0.60 ^ _387_/A (sky130_fd_sc_hd__buf_1)
                  0.40    0.30    0.91 ^ _387_/X (sky130_fd_sc_hd__buf_1)
     1    0.03                           oaddr[0] (net)
                  0.40    0.00    0.91 ^ oaddr[0] (out)
                                  0.91   data arrival time

                  0.15    0.00    0.00   clock SCK (rise edge)
                          0.00    0.00   clock network delay (ideal)
                          0.25    0.25   clock uncertainty
                          0.00    0.25   clock reconvergence pessimism
                         -2.00   -1.75   output external delay
                                 -1.75   data required time
-----------------------------------------------------------------------------
                                 -1.75   data required time
                                 -0.91   data arrival time
-----------------------------------------------------------------------------
                                  2.66   slack (MET)


Startpoint: SDI (input port clocked by SCK)
Endpoint: odata[0] (output port clocked by SCK)
Path Group: SCK
Path Type: min

Fanout     Cap    Slew   Delay    Time   Description
-----------------------------------------------------------------------------
                  0.15    0.00    0.00   clock SCK (rise edge)
                          0.00    0.00   clock network delay (ideal)
                          2.00    2.00 v input external delay
                  0.04    0.03    2.03 v SDI (in)
     8    0.02                           SDI (net)
                  0.04    0.00    2.03 v _499_/A (sky130_fd_sc_hd__buf_2)
                  0.09    0.17    2.19 v _499_/X (sky130_fd_sc_hd__buf_2)
     1    0.03                           odata[0] (net)
                  0.09    0.00    2.19 v odata[0] (out)
                                  2.19   data arrival time

                  0.15    0.00    0.00   clock SCK (rise edge)
                          0.00    0.00   clock network delay (ideal)
                          0.25    0.25   clock uncertainty
                          0.00    0.25   clock reconvergence pessimism
                         -2.00   -1.75   output external delay
                                 -1.75   data required time
-----------------------------------------------------------------------------
                                 -1.75   data required time
                                 -2.19   data arrival time
-----------------------------------------------------------------------------
                                  3.94   slack (MET)


Startpoint: _487_ (rising edge-triggered flip-flop clocked by SCK)
Endpoint: _483_ (rising edge-triggered flip-flop clocked by SCK')
Path Group: SCK
Path Type: min

Fanout     Cap    Slew   Delay    Time   Description
-----------------------------------------------------------------------------
                  0.15   10.00   10.00   clock SCK (rise edge)
                          0.00   10.00   clock network delay (ideal)
                  0.15    0.00   10.00 ^ _487_/CLK (sky130_fd_sc_hd__dfrtp_2)
                  0.07    0.38   10.38 ^ _487_/Q (sky130_fd_sc_hd__dfrtp_2)
     3    0.01                           state[1] (net)
                  0.07    0.00   10.38 ^ _384_/B (sky130_fd_sc_hd__nor2_2)
                  0.02    0.03   10.41 v _384_/Y (sky130_fd_sc_hd__nor2_2)
     1    0.00                           _207_ (net)
                  0.02    0.00   10.41 v _385_/A2 (sky130_fd_sc_hd__o21a_2)
                  0.02    0.17   10.58 v _385_/X (sky130_fd_sc_hd__o21a_2)
     1    0.00                           _000_ (net)
                  0.02    0.00   10.58 v _483_/D (sky130_fd_sc_hd__dfstp_2)
                                 10.58   data arrival time

                  0.15    5.00    5.00   clock SCK' (rise edge)
                          0.00    5.00   clock network delay (ideal)
                          0.25    5.25   clock uncertainty
                          0.00    5.25   clock reconvergence pessimism
                                  5.25 ^ _483_/CLK (sky130_fd_sc_hd__dfstp_2)
                          0.02    5.27   library hold time
                                  5.27   data required time
-----------------------------------------------------------------------------
                                  5.27   data required time
                                -10.58   data arrival time
-----------------------------------------------------------------------------
                                  5.30   slack (MET)


Startpoint: CSB (input port clocked by SCK)
Endpoint: _485_ (removal check against rising-edge clock SCK')
Path Group: asynchronous
Path Type: min

Fanout     Cap    Slew   Delay    Time   Description
-----------------------------------------------------------------------------
                  0.15   10.00   10.00   clock SCK (rise edge)
                          0.00   10.00   clock network delay (ideal)
                          2.00   12.00 v input external delay
                  0.01    0.00   12.00 v CSB (in)
     1    0.00                           CSB (net)
                  0.01    0.00   12.00 v _224_/A (sky130_fd_sc_hd__buf_1)
                  0.17    0.17   12.18 v _224_/X (sky130_fd_sc_hd__buf_1)
     9    0.03                           _102_ (net)
                  0.17    0.00   12.18 v _225_/A (sky130_fd_sc_hd__buf_1)
                  0.24    0.29   12.46 v _225_/X (sky130_fd_sc_hd__buf_1)
    10    0.04                           _103_ (net)
                  0.24    0.00   12.46 v _260_/B (sky130_fd_sc_hd__nor2_2)
                  0.09    0.14   12.60 ^ _260_/Y (sky130_fd_sc_hd__nor2_2)
     1    0.00                           _038_ (net)
                  0.09    0.00   12.60 ^ _485_/RESET_B (sky130_fd_sc_hd__dfrtp_2)
                                 12.60   data arrival time

                  0.15    5.00    5.00   clock SCK' (rise edge)
                          0.00    5.00   clock network delay (ideal)
                          0.25    5.25   clock uncertainty
                          0.00    5.25   clock reconvergence pessimism
                                  5.25 ^ _485_/CLK (sky130_fd_sc_hd__dfrtp_2)
                          0.36    5.61   library removal time
                                  5.61   data required time
-----------------------------------------------------------------------------
                                  5.61   data required time
                                -12.60   data arrival time
-----------------------------------------------------------------------------
                                  6.99   slack (MET)


Startpoint: CSB (input port clocked by SCK)
Endpoint: _491_ (removal check against rising-edge clock SCK')
Path Group: asynchronous
Path Type: min

Fanout     Cap    Slew   Delay    Time   Description
-----------------------------------------------------------------------------
                  0.15   10.00   10.00   clock SCK (rise edge)
                          0.00   10.00   clock network delay (ideal)
                          2.00   12.00 v input external delay
                  0.01    0.00   12.00 v CSB (in)
     1    0.00                           CSB (net)
                  0.01    0.00   12.00 v _224_/A (sky130_fd_sc_hd__buf_1)
                  0.17    0.17   12.18 v _224_/X (sky130_fd_sc_hd__buf_1)
     9    0.03                           _102_ (net)
                  0.17    0.00   12.18 v _225_/A (sky130_fd_sc_hd__buf_1)
                  0.24    0.29   12.46 v _225_/X (sky130_fd_sc_hd__buf_1)
    10    0.04                           _103_ (net)
                  0.24    0.00   12.46 v _257_/B (sky130_fd_sc_hd__nor2_2)
                  0.09    0.14   12.60 ^ _257_/Y (sky130_fd_sc_hd__nor2_2)
     1    0.00                           _045_ (net)
                  0.09    0.00   12.60 ^ _491_/RESET_B (sky130_fd_sc_hd__dfrtp_2)
                                 12.60   data arrival time

                  0.15    5.00    5.00   clock SCK' (rise edge)
                          0.00    5.00   clock network delay (ideal)
                          0.25    5.25   clock uncertainty
                          0.00    5.25   clock reconvergence pessimism
                                  5.25 ^ _491_/CLK (sky130_fd_sc_hd__dfrtp_2)
                          0.36    5.61   library removal time
                                  5.61   data required time
-----------------------------------------------------------------------------
                                  5.61   data required time
                                -12.60   data arrival time
-----------------------------------------------------------------------------
                                  6.99   slack (MET)


Startpoint: CSB (input port clocked by SCK)
Endpoint: _492_ (removal check against rising-edge clock SCK')
Path Group: asynchronous
Path Type: min

Fanout     Cap    Slew   Delay    Time   Description
-----------------------------------------------------------------------------
                  0.15   10.00   10.00   clock SCK (rise edge)
                          0.00   10.00   clock network delay (ideal)
                          2.00   12.00 v input external delay
                  0.01    0.00   12.00 v CSB (in)
     1    0.00                           CSB (net)
                  0.01    0.00   12.00 v _224_/A (sky130_fd_sc_hd__buf_1)
                  0.17    0.17   12.18 v _224_/X (sky130_fd_sc_hd__buf_1)
     9    0.03                           _102_ (net)
                  0.17    0.00   12.18 v _225_/A (sky130_fd_sc_hd__buf_1)
                  0.24    0.29   12.46 v _225_/X (sky130_fd_sc_hd__buf_1)
    10    0.04                           _103_ (net)
                  0.24    0.00   12.46 v _253_/B (sky130_fd_sc_hd__nor2_2)
                  0.09    0.14   12.60 ^ _253_/Y (sky130_fd_sc_hd__nor2_2)
     1    0.00                           _047_ (net)
                  0.09    0.00   12.60 ^ _492_/RESET_B (sky130_fd_sc_hd__dfrtp_2)
                                 12.60   data arrival time

                  0.15    5.00    5.00   clock SCK' (rise edge)
                          0.00    5.00   clock network delay (ideal)
                          0.25    5.25   clock uncertainty
                          0.00    5.25   clock reconvergence pessimism
                                  5.25 ^ _492_/CLK (sky130_fd_sc_hd__dfrtp_2)
                          0.36    5.61   library removal time
                                  5.61   data required time
-----------------------------------------------------------------------------
                                  5.61   data required time
                                -12.60   data arrival time
-----------------------------------------------------------------------------
                                  6.99   slack (MET)


Startpoint: CSB (input port clocked by SCK)
Endpoint: _493_ (removal check against rising-edge clock SCK')
Path Group: asynchronous
Path Type: min

Fanout     Cap    Slew   Delay    Time   Description
-----------------------------------------------------------------------------
                  0.15   10.00   10.00   clock SCK (rise edge)
                          0.00   10.00   clock network delay (ideal)
                          2.00   12.00 v input external delay
                  0.01    0.00   12.00 v CSB (in)
     1    0.00                           CSB (net)
                  0.01    0.00   12.00 v _224_/A (sky130_fd_sc_hd__buf_1)
                  0.17    0.17   12.18 v _224_/X (sky130_fd_sc_hd__buf_1)
     9    0.03                           _102_ (net)
                  0.17    0.00   12.18 v _225_/A (sky130_fd_sc_hd__buf_1)
                  0.24    0.29   12.46 v _225_/X (sky130_fd_sc_hd__buf_1)
    10    0.04                           _103_ (net)
                  0.24    0.00   12.46 v _249_/B (sky130_fd_sc_hd__nor2_2)
                  0.09    0.14   12.60 ^ _249_/Y (sky130_fd_sc_hd__nor2_2)
     1    0.00                           _049_ (net)
                  0.09    0.00   12.60 ^ _493_/RESET_B (sky130_fd_sc_hd__dfrtp_2)
                                 12.60   data arrival time

                  0.15    5.00    5.00   clock SCK' (rise edge)
                          0.00    5.00   clock network delay (ideal)
                          0.25    5.25   clock uncertainty
                          0.00    5.25   clock reconvergence pessimism
                                  5.25 ^ _493_/CLK (sky130_fd_sc_hd__dfrtp_2)
                          0.36    5.61   library removal time
                                  5.61   data required time
-----------------------------------------------------------------------------
                                  5.61   data required time
                                -12.60   data arrival time
-----------------------------------------------------------------------------
                                  6.99   slack (MET)


Startpoint: CSB (input port clocked by SCK)
Endpoint: _494_ (removal check against rising-edge clock SCK')
Path Group: asynchronous
Path Type: min

Fanout     Cap    Slew   Delay    Time   Description
-----------------------------------------------------------------------------
                  0.15   10.00   10.00   clock SCK (rise edge)
                          0.00   10.00   clock network delay (ideal)
                          2.00   12.00 v input external delay
                  0.01    0.00   12.00 v CSB (in)
     1    0.00                           CSB (net)
                  0.01    0.00   12.00 v _224_/A (sky130_fd_sc_hd__buf_1)
                  0.17    0.17   12.18 v _224_/X (sky130_fd_sc_hd__buf_1)
     9    0.03                           _102_ (net)
                  0.17    0.00   12.18 v _225_/A (sky130_fd_sc_hd__buf_1)
                  0.24    0.29   12.46 v _225_/X (sky130_fd_sc_hd__buf_1)
    10    0.04                           _103_ (net)
                  0.24    0.00   12.46 v _245_/B (sky130_fd_sc_hd__nor2_2)
                  0.09    0.14   12.60 ^ _245_/Y (sky130_fd_sc_hd__nor2_2)
     1    0.00                           _051_ (net)
                  0.09    0.00   12.60 ^ _494_/RESET_B (sky130_fd_sc_hd__dfrtp_2)
                                 12.60   data arrival time

                  0.15    5.00    5.00   clock SCK' (rise edge)
                          0.00    5.00   clock network delay (ideal)
                          0.25    5.25   clock uncertainty
                          0.00    5.25   clock reconvergence pessimism
                                  5.25 ^ _494_/CLK (sky130_fd_sc_hd__dfrtp_2)
                          0.36    5.61   library removal time
                                  5.61   data required time
-----------------------------------------------------------------------------
                                  5.61   data required time
                                -12.60   data arrival time
-----------------------------------------------------------------------------
                                  6.99   slack (MET)


Startpoint: CSB (input port clocked by SCK)
Endpoint: _495_ (removal check against rising-edge clock SCK')
Path Group: asynchronous
Path Type: min

Fanout     Cap    Slew   Delay    Time   Description
-----------------------------------------------------------------------------
                  0.15   10.00   10.00   clock SCK (rise edge)
                          0.00   10.00   clock network delay (ideal)
                          2.00   12.00 v input external delay
                  0.01    0.00   12.00 v CSB (in)
     1    0.00                           CSB (net)
                  0.01    0.00   12.00 v _224_/A (sky130_fd_sc_hd__buf_1)
                  0.17    0.17   12.18 v _224_/X (sky130_fd_sc_hd__buf_1)
     9    0.03                           _102_ (net)
                  0.17    0.00   12.18 v _225_/A (sky130_fd_sc_hd__buf_1)
                  0.24    0.29   12.46 v _225_/X (sky130_fd_sc_hd__buf_1)
    10    0.04                           _103_ (net)
                  0.24    0.00   12.46 v _241_/B (sky130_fd_sc_hd__nor2_2)
                  0.09    0.14   12.60 ^ _241_/Y (sky130_fd_sc_hd__nor2_2)
     1    0.00                           _053_ (net)
                  0.09    0.00   12.60 ^ _495_/RESET_B (sky130_fd_sc_hd__dfrtp_2)
                                 12.60   data arrival time

                  0.15    5.00    5.00   clock SCK' (rise edge)
                          0.00    5.00   clock network delay (ideal)
                          0.25    5.25   clock uncertainty
                          0.00    5.25   clock reconvergence pessimism
                                  5.25 ^ _495_/CLK (sky130_fd_sc_hd__dfrtp_2)
                          0.36    5.61   library removal time
                                  5.61   data required time
-----------------------------------------------------------------------------
                                  5.61   data required time
                                -12.60   data arrival time
-----------------------------------------------------------------------------
                                  6.99   slack (MET)


Startpoint: CSB (input port clocked by SCK)
Endpoint: _496_ (removal check against rising-edge clock SCK')
Path Group: asynchronous
Path Type: min

Fanout     Cap    Slew   Delay    Time   Description
-----------------------------------------------------------------------------
                  0.15   10.00   10.00   clock SCK (rise edge)
                          0.00   10.00   clock network delay (ideal)
                          2.00   12.00 v input external delay
                  0.01    0.00   12.00 v CSB (in)
     1    0.00                           CSB (net)
                  0.01    0.00   12.00 v _224_/A (sky130_fd_sc_hd__buf_1)
                  0.17    0.17   12.18 v _224_/X (sky130_fd_sc_hd__buf_1)
     9    0.03                           _102_ (net)
                  0.17    0.00   12.18 v _225_/A (sky130_fd_sc_hd__buf_1)
                  0.24    0.29   12.46 v _225_/X (sky130_fd_sc_hd__buf_1)
    10    0.04                           _103_ (net)
                  0.24    0.00   12.46 v _237_/B (sky130_fd_sc_hd__nor2_2)
                  0.09    0.14   12.60 ^ _237_/Y (sky130_fd_sc_hd__nor2_2)
     1    0.00                           _055_ (net)
                  0.09    0.00   12.60 ^ _496_/RESET_B (sky130_fd_sc_hd__dfrtp_2)
                                 12.60   data arrival time

                  0.15    5.00    5.00   clock SCK' (rise edge)
                          0.00    5.00   clock network delay (ideal)
                          0.25    5.25   clock uncertainty
                          0.00    5.25   clock reconvergence pessimism
                                  5.25 ^ _496_/CLK (sky130_fd_sc_hd__dfrtp_2)
                          0.36    5.61   library removal time
                                  5.61   data required time
-----------------------------------------------------------------------------
                                  5.61   data required time
                                -12.60   data arrival time
-----------------------------------------------------------------------------
                                  6.99   slack (MET)


Startpoint: CSB (input port clocked by SCK)
Endpoint: _497_ (removal check against rising-edge clock SCK')
Path Group: asynchronous
Path Type: min

Fanout     Cap    Slew   Delay    Time   Description
-----------------------------------------------------------------------------
                  0.15   10.00   10.00   clock SCK (rise edge)
                          0.00   10.00   clock network delay (ideal)
                          2.00   12.00 v input external delay
                  0.01    0.00   12.00 v CSB (in)
     1    0.00                           CSB (net)
                  0.01    0.00   12.00 v _224_/A (sky130_fd_sc_hd__buf_1)
                  0.17    0.17   12.18 v _224_/X (sky130_fd_sc_hd__buf_1)
     9    0.03                           _102_ (net)
                  0.17    0.00   12.18 v _225_/A (sky130_fd_sc_hd__buf_1)
                  0.24    0.29   12.46 v _225_/X (sky130_fd_sc_hd__buf_1)
    10    0.04                           _103_ (net)
                  0.24    0.00   12.46 v _233_/B (sky130_fd_sc_hd__nor2_2)
                  0.09    0.14   12.60 ^ _233_/Y (sky130_fd_sc_hd__nor2_2)
     1    0.00                           _057_ (net)
                  0.09    0.00   12.60 ^ _497_/RESET_B (sky130_fd_sc_hd__dfrtp_2)
                                 12.60   data arrival time

                  0.15    5.00    5.00   clock SCK' (rise edge)
                          0.00    5.00   clock network delay (ideal)
                          0.25    5.25   clock uncertainty
                          0.00    5.25   clock reconvergence pessimism
                                  5.25 ^ _497_/CLK (sky130_fd_sc_hd__dfrtp_2)
                          0.36    5.61   library removal time
                                  5.61   data required time
-----------------------------------------------------------------------------
                                  5.61   data required time
                                -12.60   data arrival time
-----------------------------------------------------------------------------
                                  6.99   slack (MET)


Startpoint: CSB (input port clocked by SCK)
Endpoint: _498_ (removal check against rising-edge clock SCK')
Path Group: asynchronous
Path Type: min

Fanout     Cap    Slew   Delay    Time   Description
-----------------------------------------------------------------------------
                  0.15   10.00   10.00   clock SCK (rise edge)
                          0.00   10.00   clock network delay (ideal)
                          2.00   12.00 v input external delay
                  0.01    0.00   12.00 v CSB (in)
     1    0.00                           CSB (net)
                  0.01    0.00   12.00 v _224_/A (sky130_fd_sc_hd__buf_1)
                  0.17    0.17   12.18 v _224_/X (sky130_fd_sc_hd__buf_1)
     9    0.03                           _102_ (net)
                  0.17    0.00   12.18 v _225_/A (sky130_fd_sc_hd__buf_1)
                  0.24    0.29   12.46 v _225_/X (sky130_fd_sc_hd__buf_1)
    10    0.04                           _103_ (net)
                  0.24    0.00   12.46 v _226_/B (sky130_fd_sc_hd__nor2_2)
                  0.09    0.14   12.60 ^ _226_/Y (sky130_fd_sc_hd__nor2_2)
     1    0.00                           _059_ (net)
                  0.09    0.00   12.60 ^ _498_/RESET_B (sky130_fd_sc_hd__dfrtp_2)
                                 12.60   data arrival time

                  0.15    5.00    5.00   clock SCK' (rise edge)
                          0.00    5.00   clock network delay (ideal)
                          0.25    5.25   clock uncertainty
                          0.00    5.25   clock reconvergence pessimism
                                  5.25 ^ _498_/CLK (sky130_fd_sc_hd__dfrtp_2)
                          0.36    5.61   library removal time
                                  5.61   data required time
-----------------------------------------------------------------------------
                                  5.61   data required time
                                -12.60   data arrival time
-----------------------------------------------------------------------------
                                  6.99   slack (MET)


Startpoint: CSB (input port clocked by SCK)
Endpoint: _483_ (removal check against rising-edge clock SCK')
Path Group: asynchronous
Path Type: min

Fanout     Cap    Slew   Delay    Time   Description
-----------------------------------------------------------------------------
                  0.15   10.00   10.00   clock SCK (rise edge)
                          0.00   10.00   clock network delay (ideal)
                          2.00   12.00 v input external delay
                  0.01    0.00   12.00 v CSB (in)
     1    0.00                           CSB (net)
                  0.01    0.00   12.00 v _224_/A (sky130_fd_sc_hd__buf_1)
                  0.17    0.17   12.18 v _224_/X (sky130_fd_sc_hd__buf_1)
     9    0.03                           _102_ (net)
                  0.17    0.00   12.18 v _225_/A (sky130_fd_sc_hd__buf_1)
                  0.24    0.29   12.46 v _225_/X (sky130_fd_sc_hd__buf_1)
    10    0.04                           _103_ (net)
                  0.24    0.00   12.46 v _271_/B (sky130_fd_sc_hd__nor2_2)
                  0.08    0.14   12.60 ^ _271_/Y (sky130_fd_sc_hd__nor2_2)
     1    0.00                           _035_ (net)
                  0.08    0.00   12.60 ^ _483_/SET_B (sky130_fd_sc_hd__dfstp_2)
                                 12.60   data arrival time

                  0.15    5.00    5.00   clock SCK' (rise edge)
                          0.00    5.00   clock network delay (ideal)
                          0.25    5.25   clock uncertainty
                          0.00    5.25   clock reconvergence pessimism
                                  5.25 ^ _483_/CLK (sky130_fd_sc_hd__dfstp_2)
                          0.18    5.43   library removal time
                                  5.43   data required time
-----------------------------------------------------------------------------
                                  5.43   data required time
                                -12.60   data arrival time
-----------------------------------------------------------------------------
                                  7.17   slack (MET)


Startpoint: _483_ (rising edge-triggered flip-flop clocked by SCK')
Endpoint: sdoenb (output port clocked by SCK)
Path Group: SCK
Path Type: min

Fanout     Cap    Slew   Delay    Time   Description
-----------------------------------------------------------------------------
                  0.15    5.00    5.00   clock SCK' (rise edge)
                          0.00    5.00   clock network delay (ideal)
                  0.15    0.00    5.00 ^ _483_/CLK (sky130_fd_sc_hd__dfstp_2)
                  0.08    0.43    5.43 v _483_/Q (sky130_fd_sc_hd__dfstp_2)
     1    0.03                           sdoenb (net)
                  0.08    0.00    5.43 v sdoenb (out)
                                  5.43   data arrival time

                  0.15    0.00    0.00   clock SCK (rise edge)
                          0.00    0.00   clock network delay (ideal)
                          0.25    0.25   clock uncertainty
                          0.00    0.25   clock reconvergence pessimism
                         -2.00   -1.75   output external delay
                                 -1.75   data required time
-----------------------------------------------------------------------------
                                 -1.75   data required time
                                 -5.43   data arrival time
-----------------------------------------------------------------------------
                                  7.18   slack (MET)


Startpoint: _498_ (rising edge-triggered flip-flop clocked by SCK')
Endpoint: SDO (output port clocked by SCK)
Path Group: SCK
Path Type: min

Fanout     Cap    Slew   Delay    Time   Description
-----------------------------------------------------------------------------
                  0.15    5.00    5.00   clock SCK' (rise edge)
                          0.00    5.00   clock network delay (ideal)
                  0.15    0.00    5.00 ^ _498_/CLK (sky130_fd_sc_hd__dfrtp_2)
                  0.18    0.47    5.47 ^ _498_/Q (sky130_fd_sc_hd__dfrtp_2)
     2    0.04                           SDO (net)
                  0.18    0.00    5.47 ^ SDO (out)
                                  5.47   data arrival time

                  0.15    0.00    0.00   clock SCK (rise edge)
                          0.00    0.00   clock network delay (ideal)
                          0.25    0.25   clock uncertainty
                          0.00    0.25   clock reconvergence pessimism
                         -2.00   -1.75   output external delay
                                 -1.75   data required time
-----------------------------------------------------------------------------
                                 -1.75   data required time
                                 -5.47   data arrival time
-----------------------------------------------------------------------------
                                  7.22   slack (MET)


Startpoint: _485_ (rising edge-triggered flip-flop clocked by SCK')
Endpoint: wrstb (output port clocked by SCK)
Path Group: SCK
Path Type: min

Fanout     Cap    Slew   Delay    Time   Description
-----------------------------------------------------------------------------
                  0.15    5.00    5.00   clock SCK' (rise edge)
                          0.00    5.00   clock network delay (ideal)
                  0.15    0.00    5.00 ^ _485_/CLK (sky130_fd_sc_hd__dfrtp_2)
                  0.18    0.47    5.47 ^ _485_/Q (sky130_fd_sc_hd__dfrtp_2)
     2    0.04                           wrstb (net)
                  0.18    0.00    5.47 ^ wrstb (out)
                                  5.47   data arrival time

                  0.15    0.00    0.00   clock SCK (rise edge)
                          0.00    0.00   clock network delay (ideal)
                          0.25    0.25   clock uncertainty
                          0.00    0.25   clock reconvergence pessimism
                         -2.00   -1.75   output external delay
                                 -1.75   data required time
-----------------------------------------------------------------------------
                                 -1.75   data required time
                                 -5.47   data arrival time
-----------------------------------------------------------------------------
                                  7.22   slack (MET)



