
===========================================================================
report_checks -path_delay min (Hold)
============================================================================
======================= Typical Corner ===================================

Startpoint: _455_ (rising edge-triggered flip-flop clocked by SCK)
Endpoint: _455_ (rising edge-triggered flip-flop clocked by SCK)
Path Group: SCK
Path Type: min

Fanout     Cap    Slew   Delay    Time   Description
-----------------------------------------------------------------------------
                          0.00    0.00   clock SCK (rise edge)
                          0.00    0.00   clock source latency
                  0.07    0.04    0.04 ^ SCK (in)
     1    0.01                           SCK (net)
                  0.07    0.00    0.04 ^ clkbuf_0_SCK/A (sky130_fd_sc_hd__clkbuf_16)
                  0.06    0.14    0.18 ^ clkbuf_0_SCK/X (sky130_fd_sc_hd__clkbuf_16)
     4    0.04                           clknet_0_SCK (net)
                  0.06    0.00    0.18 ^ clkbuf_2_3__f_SCK/A (sky130_fd_sc_hd__clkbuf_16)
                  0.04    0.12    0.31 ^ clkbuf_2_3__f_SCK/X (sky130_fd_sc_hd__clkbuf_16)
     6    0.02                           clknet_2_3__leaf_SCK (net)
                  0.04    0.00    0.31 ^ _455_/CLK (sky130_fd_sc_hd__dfrtp_1)
                  0.09    0.34    0.64 ^ _455_/Q (sky130_fd_sc_hd__dfrtp_1)
     2    0.01                           net29 (net)
                  0.09    0.00    0.64 ^ _373_/B1 (sky130_fd_sc_hd__a21o_1)
                  0.03    0.08    0.73 ^ _373_/X (sky130_fd_sc_hd__a21o_1)
     1    0.00                           _062_ (net)
                  0.03    0.00    0.73 ^ _455_/D (sky130_fd_sc_hd__dfrtp_1)
                                  0.73   data arrival time

                          0.00    0.00   clock SCK (rise edge)
                          0.00    0.00   clock source latency
                  0.07    0.05    0.05 ^ SCK (in)
     1    0.01                           SCK (net)
                  0.07    0.00    0.05 ^ clkbuf_0_SCK/A (sky130_fd_sc_hd__clkbuf_16)
                  0.06    0.16    0.20 ^ clkbuf_0_SCK/X (sky130_fd_sc_hd__clkbuf_16)
     4    0.04                           clknet_0_SCK (net)
                  0.06    0.00    0.20 ^ clkbuf_2_3__f_SCK/A (sky130_fd_sc_hd__clkbuf_16)
                  0.04    0.14    0.34 ^ clkbuf_2_3__f_SCK/X (sky130_fd_sc_hd__clkbuf_16)
     6    0.02                           clknet_2_3__leaf_SCK (net)
                  0.04    0.00    0.34 ^ _455_/CLK (sky130_fd_sc_hd__dfrtp_1)
                          0.25    0.59   clock uncertainty
                         -0.03    0.56   clock reconvergence pessimism
                         -0.03    0.52   library hold time
                                  0.52   data required time
-----------------------------------------------------------------------------
                                  0.52   data required time
                                 -0.73   data arrival time
-----------------------------------------------------------------------------
                                  0.20   slack (MET)


Startpoint: _457_ (rising edge-triggered flip-flop clocked by SCK)
Endpoint: _457_ (rising edge-triggered flip-flop clocked by SCK)
Path Group: SCK
Path Type: min

Fanout     Cap    Slew   Delay    Time   Description
-----------------------------------------------------------------------------
                          0.00    0.00   clock SCK (rise edge)
                          0.00    0.00   clock source latency
                  0.07    0.04    0.04 ^ SCK (in)
     1    0.01                           SCK (net)
                  0.07    0.00    0.04 ^ clkbuf_0_SCK/A (sky130_fd_sc_hd__clkbuf_16)
                  0.06    0.14    0.18 ^ clkbuf_0_SCK/X (sky130_fd_sc_hd__clkbuf_16)
     4    0.04                           clknet_0_SCK (net)
                  0.06    0.00    0.18 ^ clkbuf_2_3__f_SCK/A (sky130_fd_sc_hd__clkbuf_16)
                  0.04    0.12    0.31 ^ clkbuf_2_3__f_SCK/X (sky130_fd_sc_hd__clkbuf_16)
     6    0.02                           clknet_2_3__leaf_SCK (net)
                  0.04    0.00    0.31 ^ _457_/CLK (sky130_fd_sc_hd__dfrtp_1)
                  0.08    0.33    0.64 ^ _457_/Q (sky130_fd_sc_hd__dfrtp_1)
     2    0.01                           net32 (net)
                  0.08    0.00    0.64 ^ _370_/B1 (sky130_fd_sc_hd__a31o_1)
                  0.04    0.09    0.73 ^ _370_/X (sky130_fd_sc_hd__a31o_1)
     1    0.00                           _064_ (net)
                  0.04    0.00    0.73 ^ _457_/D (sky130_fd_sc_hd__dfrtp_1)
                                  0.73   data arrival time

                          0.00    0.00   clock SCK (rise edge)
                          0.00    0.00   clock source latency
                  0.07    0.05    0.05 ^ SCK (in)
     1    0.01                           SCK (net)
                  0.07    0.00    0.05 ^ clkbuf_0_SCK/A (sky130_fd_sc_hd__clkbuf_16)
                  0.06    0.16    0.20 ^ clkbuf_0_SCK/X (sky130_fd_sc_hd__clkbuf_16)
     4    0.04                           clknet_0_SCK (net)
                  0.06    0.00    0.20 ^ clkbuf_2_3__f_SCK/A (sky130_fd_sc_hd__clkbuf_16)
                  0.04    0.14    0.34 ^ clkbuf_2_3__f_SCK/X (sky130_fd_sc_hd__clkbuf_16)
     6    0.02                           clknet_2_3__leaf_SCK (net)
                  0.04    0.00    0.34 ^ _457_/CLK (sky130_fd_sc_hd__dfrtp_1)
                          0.25    0.59   clock uncertainty
                         -0.03    0.56   clock reconvergence pessimism
                         -0.03    0.52   library hold time
                                  0.52   data required time
-----------------------------------------------------------------------------
                                  0.52   data required time
                                 -0.73   data arrival time
-----------------------------------------------------------------------------
                                  0.20   slack (MET)


Startpoint: _491_ (rising edge-triggered flip-flop clocked by SCK')
Endpoint: _491_ (rising edge-triggered flip-flop clocked by SCK')
Path Group: SCK
Path Type: min

Fanout     Cap    Slew   Delay    Time   Description
-----------------------------------------------------------------------------
                          5.00    5.00   clock SCK' (rise edge)
                          0.00    5.00   clock source latency
                  0.03    0.02    5.02 v SCK (in)
     1    0.01                           SCK (net)
                  0.03    0.00    5.02 v clkbuf_0_SCK/A (sky130_fd_sc_hd__clkbuf_16)
                  0.04    0.14    5.16 v clkbuf_0_SCK/X (sky130_fd_sc_hd__clkbuf_16)
     4    0.03                           clknet_0_SCK (net)
                  0.04    0.00    5.16 v clkbuf_2_3__f_SCK/A (sky130_fd_sc_hd__clkbuf_16)
                  0.03    0.14    5.30 v clkbuf_2_3__f_SCK/X (sky130_fd_sc_hd__clkbuf_16)
     6    0.02                           clknet_2_3__leaf_SCK (net)
                  0.03    0.00    5.30 v _437_/A (sky130_fd_sc_hd__buf_1)
                  0.06    0.10    5.40 v _437_/X (sky130_fd_sc_hd__buf_1)
     1    0.01                           _221_ (net)
                  0.06    0.00    5.40 v clkbuf_0__221_/A (sky130_fd_sc_hd__clkbuf_16)
                  0.03    0.14    5.54 v clkbuf_0__221_/X (sky130_fd_sc_hd__clkbuf_16)
     2    0.02                           clknet_0__221_ (net)
                  0.03    0.00    5.54 v clkbuf_1_1__f__221_/A (sky130_fd_sc_hd__clkbuf_16)
                  0.04    0.14    5.68 v clkbuf_1_1__f__221_/X (sky130_fd_sc_hd__clkbuf_16)
     6    0.03                           clknet_1_1__leaf__221_ (net)
                  0.04    0.00    5.68 v _446__3/A (sky130_fd_sc_hd__inv_2)
                  0.02    0.04    5.72 ^ _446__3/Y (sky130_fd_sc_hd__inv_2)
     1    0.00                           net41 (net)
                  0.02    0.00    5.72 ^ _491_/CLK (sky130_fd_sc_hd__dfrtp_1)
                  0.07    0.31    6.03 ^ _491_/Q (sky130_fd_sc_hd__dfrtp_1)
     2    0.01                           ldata[0] (net)
                  0.07    0.00    6.03 ^ _259_/A1 (sky130_fd_sc_hd__a22o_1)
                  0.04    0.12    6.15 ^ _259_/X (sky130_fd_sc_hd__a22o_1)
     1    0.00                           _092_ (net)
                  0.04    0.00    6.15 ^ _491_/D (sky130_fd_sc_hd__dfrtp_1)
                                  6.15   data arrival time

                          5.00    5.00   clock SCK' (rise edge)
                          0.00    5.00   clock source latency
                  0.03    0.02    5.02 v SCK (in)
     1    0.01                           SCK (net)
                  0.03    0.00    5.02 v clkbuf_0_SCK/A (sky130_fd_sc_hd__clkbuf_16)
                  0.04    0.16    5.18 v clkbuf_0_SCK/X (sky130_fd_sc_hd__clkbuf_16)
     4    0.03                           clknet_0_SCK (net)
                  0.04    0.00    5.18 v clkbuf_2_3__f_SCK/A (sky130_fd_sc_hd__clkbuf_16)
                  0.03    0.15    5.33 v clkbuf_2_3__f_SCK/X (sky130_fd_sc_hd__clkbuf_16)
     6    0.02                           clknet_2_3__leaf_SCK (net)
                  0.03    0.00    5.33 v _437_/A (sky130_fd_sc_hd__buf_1)
                  0.06    0.11    5.44 v _437_/X (sky130_fd_sc_hd__buf_1)
     1    0.01                           _221_ (net)
                  0.06    0.00    5.44 v clkbuf_0__221_/A (sky130_fd_sc_hd__clkbuf_16)
                  0.03    0.16    5.60 v clkbuf_0__221_/X (sky130_fd_sc_hd__clkbuf_16)
     2    0.02                           clknet_0__221_ (net)
                  0.03    0.00    5.60 v clkbuf_1_1__f__221_/A (sky130_fd_sc_hd__clkbuf_16)
                  0.04    0.16    5.76 v clkbuf_1_1__f__221_/X (sky130_fd_sc_hd__clkbuf_16)
     6    0.03                           clknet_1_1__leaf__221_ (net)
                  0.04    0.00    5.76 v _446__3/A (sky130_fd_sc_hd__inv_2)
                  0.02    0.04    5.80 ^ _446__3/Y (sky130_fd_sc_hd__inv_2)
     1    0.00                           net41 (net)
                  0.02    0.00    5.80 ^ _491_/CLK (sky130_fd_sc_hd__dfrtp_1)
                          0.25    6.05   clock uncertainty
                         -0.08    5.97   clock reconvergence pessimism
                         -0.04    5.93   library hold time
                                  5.93   data required time
-----------------------------------------------------------------------------
                                  5.93   data required time
                                 -6.15   data arrival time
-----------------------------------------------------------------------------
                                  0.21   slack (MET)


Startpoint: _487_ (rising edge-triggered flip-flop clocked by SCK)
Endpoint: _487_ (rising edge-triggered flip-flop clocked by SCK)
Path Group: SCK
Path Type: min

Fanout     Cap    Slew   Delay    Time   Description
-----------------------------------------------------------------------------
                          0.00    0.00   clock SCK (rise edge)
                          0.00    0.00   clock source latency
                  0.07    0.04    0.04 ^ SCK (in)
     1    0.01                           SCK (net)
                  0.07    0.00    0.04 ^ clkbuf_0_SCK/A (sky130_fd_sc_hd__clkbuf_16)
                  0.06    0.14    0.18 ^ clkbuf_0_SCK/X (sky130_fd_sc_hd__clkbuf_16)
     4    0.04                           clknet_0_SCK (net)
                  0.06    0.00    0.18 ^ clkbuf_2_2__f_SCK/A (sky130_fd_sc_hd__clkbuf_16)
                  0.05    0.13    0.32 ^ clkbuf_2_2__f_SCK/X (sky130_fd_sc_hd__clkbuf_16)
     9    0.03                           clknet_2_2__leaf_SCK (net)
                  0.05    0.00    0.32 ^ _487_/CLK (sky130_fd_sc_hd__dfrtp_1)
                  0.10    0.34    0.66 ^ _487_/Q (sky130_fd_sc_hd__dfrtp_1)
     3    0.01                           state[1] (net)
                  0.10    0.00    0.66 ^ _377_/B1 (sky130_fd_sc_hd__a41o_1)
                  0.04    0.09    0.75 ^ _377_/X (sky130_fd_sc_hd__a41o_1)
     1    0.00                           _002_ (net)
                  0.04    0.00    0.75 ^ _487_/D (sky130_fd_sc_hd__dfrtp_1)
                                  0.75   data arrival time

                          0.00    0.00   clock SCK (rise edge)
                          0.00    0.00   clock source latency
                  0.07    0.05    0.05 ^ SCK (in)
     1    0.01                           SCK (net)
                  0.07    0.00    0.05 ^ clkbuf_0_SCK/A (sky130_fd_sc_hd__clkbuf_16)
                  0.06    0.16    0.20 ^ clkbuf_0_SCK/X (sky130_fd_sc_hd__clkbuf_16)
     4    0.04                           clknet_0_SCK (net)
                  0.06    0.00    0.20 ^ clkbuf_2_2__f_SCK/A (sky130_fd_sc_hd__clkbuf_16)
                  0.05    0.14    0.35 ^ clkbuf_2_2__f_SCK/X (sky130_fd_sc_hd__clkbuf_16)
     9    0.03                           clknet_2_2__leaf_SCK (net)
                  0.05    0.00    0.35 ^ _487_/CLK (sky130_fd_sc_hd__dfrtp_1)
                          0.25    0.60   clock uncertainty
                         -0.03    0.57   clock reconvergence pessimism
                         -0.03    0.53   library hold time
                                  0.53   data required time
-----------------------------------------------------------------------------
                                  0.53   data required time
                                 -0.75   data arrival time
-----------------------------------------------------------------------------
                                  0.22   slack (MET)


Startpoint: _470_ (rising edge-triggered flip-flop clocked by SCK)
Endpoint: _470_ (rising edge-triggered flip-flop clocked by SCK)
Path Group: SCK
Path Type: min

Fanout     Cap    Slew   Delay    Time   Description
-----------------------------------------------------------------------------
                          0.00    0.00   clock SCK (rise edge)
                          0.00    0.00   clock source latency
                  0.07    0.04    0.04 ^ SCK (in)
     1    0.01                           SCK (net)
                  0.07    0.00    0.04 ^ clkbuf_0_SCK/A (sky130_fd_sc_hd__clkbuf_16)
                  0.06    0.14    0.18 ^ clkbuf_0_SCK/X (sky130_fd_sc_hd__clkbuf_16)
     4    0.04                           clknet_0_SCK (net)
                  0.06    0.00    0.18 ^ clkbuf_2_1__f_SCK/A (sky130_fd_sc_hd__clkbuf_16)
                  0.05    0.13    0.32 ^ clkbuf_2_1__f_SCK/X (sky130_fd_sc_hd__clkbuf_16)
    12    0.03                           clknet_2_1__leaf_SCK (net)
                  0.05    0.00    0.32 ^ _470_/CLK (sky130_fd_sc_hd__dfrtp_1)
                  0.07    0.32    0.64 ^ _470_/Q (sky130_fd_sc_hd__dfrtp_1)
     2    0.01                           writemode (net)
                  0.07    0.00    0.64 ^ _308_/B1 (sky130_fd_sc_hd__o21ai_1)
                  0.04    0.06    0.70 v _308_/Y (sky130_fd_sc_hd__o21ai_1)
     1    0.00                           _154_ (net)
                  0.04    0.00    0.70 v _309_/B1 (sky130_fd_sc_hd__o21ai_1)
                  0.07    0.06    0.76 ^ _309_/Y (sky130_fd_sc_hd__o21ai_1)
     1    0.00                           _077_ (net)
                  0.07    0.00    0.76 ^ _470_/D (sky130_fd_sc_hd__dfrtp_1)
                                  0.76   data arrival time

                          0.00    0.00   clock SCK (rise edge)
                          0.00    0.00   clock source latency
                  0.07    0.05    0.05 ^ SCK (in)
     1    0.01                           SCK (net)
                  0.07    0.00    0.05 ^ clkbuf_0_SCK/A (sky130_fd_sc_hd__clkbuf_16)
                  0.06    0.16    0.20 ^ clkbuf_0_SCK/X (sky130_fd_sc_hd__clkbuf_16)
     4    0.04                           clknet_0_SCK (net)
                  0.06    0.00    0.20 ^ clkbuf_2_1__f_SCK/A (sky130_fd_sc_hd__clkbuf_16)
                  0.05    0.15    0.35 ^ clkbuf_2_1__f_SCK/X (sky130_fd_sc_hd__clkbuf_16)
    12    0.03                           clknet_2_1__leaf_SCK (net)
                  0.05    0.00    0.35 ^ _470_/CLK (sky130_fd_sc_hd__dfrtp_1)
                          0.25    0.60   clock uncertainty
                         -0.03    0.57   clock reconvergence pessimism
                         -0.04    0.53   library hold time
                                  0.53   data required time
-----------------------------------------------------------------------------
                                  0.53   data required time
                                 -0.76   data arrival time
-----------------------------------------------------------------------------
                                  0.23   slack (MET)


Startpoint: _485_ (rising edge-triggered flip-flop clocked by SCK')
Endpoint: _485_ (rising edge-triggered flip-flop clocked by SCK')
Path Group: SCK
Path Type: min

Fanout     Cap    Slew   Delay    Time   Description
-----------------------------------------------------------------------------
                          5.00    5.00   clock SCK' (rise edge)
                          0.00    5.00   clock source latency
                  0.03    0.02    5.02 v SCK (in)
     1    0.01                           SCK (net)
                  0.03    0.00    5.02 v clkbuf_0_SCK/A (sky130_fd_sc_hd__clkbuf_16)
                  0.04    0.14    5.16 v clkbuf_0_SCK/X (sky130_fd_sc_hd__clkbuf_16)
     4    0.03                           clknet_0_SCK (net)
                  0.04    0.00    5.16 v clkbuf_2_3__f_SCK/A (sky130_fd_sc_hd__clkbuf_16)
                  0.03    0.14    5.30 v clkbuf_2_3__f_SCK/X (sky130_fd_sc_hd__clkbuf_16)
     6    0.02                           clknet_2_3__leaf_SCK (net)
                  0.03    0.00    5.30 v _437_/A (sky130_fd_sc_hd__buf_1)
                  0.06    0.10    5.40 v _437_/X (sky130_fd_sc_hd__buf_1)
     1    0.01                           _221_ (net)
                  0.06    0.00    5.40 v clkbuf_0__221_/A (sky130_fd_sc_hd__clkbuf_16)
                  0.03    0.14    5.54 v clkbuf_0__221_/X (sky130_fd_sc_hd__clkbuf_16)
     2    0.02                           clknet_0__221_ (net)
                  0.03    0.00    5.54 v clkbuf_1_0__f__221_/A (sky130_fd_sc_hd__clkbuf_16)
                  0.04    0.14    5.68 v clkbuf_1_0__f__221_/X (sky130_fd_sc_hd__clkbuf_16)
     4    0.02                           clknet_1_0__leaf__221_ (net)
                  0.04    0.00    5.68 v _440__2/A (sky130_fd_sc_hd__inv_2)
                  0.02    0.03    5.71 ^ _440__2/Y (sky130_fd_sc_hd__inv_2)
     1    0.00                           net40 (net)
                  0.02    0.00    5.71 ^ _485_/CLK (sky130_fd_sc_hd__dfrtp_1)
                  0.07    0.31    6.02 ^ _485_/Q (sky130_fd_sc_hd__dfrtp_1)
     2    0.01                           net37 (net)
                  0.07    0.00    6.02 ^ _263_/A1 (sky130_fd_sc_hd__o211a_1)
                  0.04    0.14    6.16 ^ _263_/X (sky130_fd_sc_hd__o211a_1)
     1    0.00                           _091_ (net)
                  0.04    0.00    6.16 ^ _485_/D (sky130_fd_sc_hd__dfrtp_1)
                                  6.16   data arrival time

                          5.00    5.00   clock SCK' (rise edge)
                          0.00    5.00   clock source latency
                  0.03    0.02    5.02 v SCK (in)
     1    0.01                           SCK (net)
                  0.03    0.00    5.02 v clkbuf_0_SCK/A (sky130_fd_sc_hd__clkbuf_16)
                  0.04    0.16    5.18 v clkbuf_0_SCK/X (sky130_fd_sc_hd__clkbuf_16)
     4    0.03                           clknet_0_SCK (net)
                  0.04    0.00    5.18 v clkbuf_2_3__f_SCK/A (sky130_fd_sc_hd__clkbuf_16)
                  0.03    0.15    5.33 v clkbuf_2_3__f_SCK/X (sky130_fd_sc_hd__clkbuf_16)
     6    0.02                           clknet_2_3__leaf_SCK (net)
                  0.03    0.00    5.33 v _437_/A (sky130_fd_sc_hd__buf_1)
                  0.06    0.11    5.44 v _437_/X (sky130_fd_sc_hd__buf_1)
     1    0.01                           _221_ (net)
                  0.06    0.00    5.44 v clkbuf_0__221_/A (sky130_fd_sc_hd__clkbuf_16)
                  0.03    0.16    5.60 v clkbuf_0__221_/X (sky130_fd_sc_hd__clkbuf_16)
     2    0.02                           clknet_0__221_ (net)
                  0.03    0.00    5.60 v clkbuf_1_0__f__221_/A (sky130_fd_sc_hd__clkbuf_16)
                  0.04    0.15    5.75 v clkbuf_1_0__f__221_/X (sky130_fd_sc_hd__clkbuf_16)
     4    0.02                           clknet_1_0__leaf__221_ (net)
                  0.04    0.00    5.75 v _440__2/A (sky130_fd_sc_hd__inv_2)
                  0.02    0.04    5.78 ^ _440__2/Y (sky130_fd_sc_hd__inv_2)
     1    0.00                           net40 (net)
                  0.02    0.00    5.78 ^ _485_/CLK (sky130_fd_sc_hd__dfrtp_1)
                          0.25    6.03   clock uncertainty
                         -0.07    5.96   clock reconvergence pessimism
                         -0.04    5.92   library hold time
                                  5.92   data required time
-----------------------------------------------------------------------------
                                  5.92   data required time
                                 -6.16   data arrival time
-----------------------------------------------------------------------------
                                  0.24   slack (MET)


Startpoint: _490_ (rising edge-triggered flip-flop clocked by SCK)
Endpoint: _490_ (rising edge-triggered flip-flop clocked by SCK)
Path Group: SCK
Path Type: min

Fanout     Cap    Slew   Delay    Time   Description
-----------------------------------------------------------------------------
                          0.00    0.00   clock SCK (rise edge)
                          0.00    0.00   clock source latency
                  0.07    0.04    0.04 ^ SCK (in)
     1    0.01                           SCK (net)
                  0.07    0.00    0.04 ^ clkbuf_0_SCK/A (sky130_fd_sc_hd__clkbuf_16)
                  0.06    0.14    0.18 ^ clkbuf_0_SCK/X (sky130_fd_sc_hd__clkbuf_16)
     4    0.04                           clknet_0_SCK (net)
                  0.06    0.00    0.18 ^ clkbuf_2_3__f_SCK/A (sky130_fd_sc_hd__clkbuf_16)
                  0.04    0.12    0.31 ^ clkbuf_2_3__f_SCK/X (sky130_fd_sc_hd__clkbuf_16)
     6    0.02                           clknet_2_3__leaf_SCK (net)
                  0.04    0.00    0.31 ^ _490_/CLK (sky130_fd_sc_hd__dfrtp_1)
                  0.14    0.37    0.68 ^ _490_/Q (sky130_fd_sc_hd__dfrtp_1)
     4    0.01                           state[4] (net)
                  0.14    0.00    0.68 ^ _376_/B1 (sky130_fd_sc_hd__a31o_1)
                  0.04    0.10    0.78 ^ _376_/X (sky130_fd_sc_hd__a31o_1)
     1    0.00                           _005_ (net)
                  0.04    0.00    0.78 ^ _490_/D (sky130_fd_sc_hd__dfrtp_1)
                                  0.78   data arrival time

                          0.00    0.00   clock SCK (rise edge)
                          0.00    0.00   clock source latency
                  0.07    0.05    0.05 ^ SCK (in)
     1    0.01                           SCK (net)
                  0.07    0.00    0.05 ^ clkbuf_0_SCK/A (sky130_fd_sc_hd__clkbuf_16)
                  0.06    0.16    0.20 ^ clkbuf_0_SCK/X (sky130_fd_sc_hd__clkbuf_16)
     4    0.04                           clknet_0_SCK (net)
                  0.06    0.00    0.20 ^ clkbuf_2_3__f_SCK/A (sky130_fd_sc_hd__clkbuf_16)
                  0.04    0.14    0.34 ^ clkbuf_2_3__f_SCK/X (sky130_fd_sc_hd__clkbuf_16)
     6    0.02                           clknet_2_3__leaf_SCK (net)
                  0.04    0.00    0.34 ^ _490_/CLK (sky130_fd_sc_hd__dfrtp_1)
                          0.25    0.59   clock uncertainty
                         -0.03    0.56   clock reconvergence pessimism
                         -0.03    0.52   library hold time
                                  0.52   data required time
-----------------------------------------------------------------------------
                                  0.52   data required time
                                 -0.78   data arrival time
-----------------------------------------------------------------------------
                                  0.26   slack (MET)


Startpoint: _454_ (rising edge-triggered flip-flop clocked by SCK)
Endpoint: _454_ (rising edge-triggered flip-flop clocked by SCK)
Path Group: SCK
Path Type: min

Fanout     Cap    Slew   Delay    Time   Description
-----------------------------------------------------------------------------
                          0.00    0.00   clock SCK (rise edge)
                          0.00    0.00   clock source latency
                  0.07    0.04    0.04 ^ SCK (in)
     1    0.01                           SCK (net)
                  0.07    0.00    0.04 ^ clkbuf_0_SCK/A (sky130_fd_sc_hd__clkbuf_16)
                  0.06    0.14    0.18 ^ clkbuf_0_SCK/X (sky130_fd_sc_hd__clkbuf_16)
     4    0.04                           clknet_0_SCK (net)
                  0.06    0.00    0.18 ^ clkbuf_2_3__f_SCK/A (sky130_fd_sc_hd__clkbuf_16)
                  0.04    0.12    0.31 ^ clkbuf_2_3__f_SCK/X (sky130_fd_sc_hd__clkbuf_16)
     6    0.02                           clknet_2_3__leaf_SCK (net)
                  0.04    0.00    0.31 ^ _454_/CLK (sky130_fd_sc_hd__dfrtp_1)
                  0.10    0.35    0.65 ^ _454_/Q (sky130_fd_sc_hd__dfrtp_1)
     3    0.01                           net35 (net)
                  0.10    0.00    0.65 ^ _375_/A1 (sky130_fd_sc_hd__a22o_1)
                  0.04    0.13    0.79 ^ _375_/X (sky130_fd_sc_hd__a22o_1)
     1    0.00                           _061_ (net)
                  0.04    0.00    0.79 ^ _454_/D (sky130_fd_sc_hd__dfrtp_1)
                                  0.79   data arrival time

                          0.00    0.00   clock SCK (rise edge)
                          0.00    0.00   clock source latency
                  0.07    0.05    0.05 ^ SCK (in)
     1    0.01                           SCK (net)
                  0.07    0.00    0.05 ^ clkbuf_0_SCK/A (sky130_fd_sc_hd__clkbuf_16)
                  0.06    0.16    0.20 ^ clkbuf_0_SCK/X (sky130_fd_sc_hd__clkbuf_16)
     4    0.04                           clknet_0_SCK (net)
                  0.06    0.00    0.20 ^ clkbuf_2_3__f_SCK/A (sky130_fd_sc_hd__clkbuf_16)
                  0.04    0.14    0.34 ^ clkbuf_2_3__f_SCK/X (sky130_fd_sc_hd__clkbuf_16)
     6    0.02                           clknet_2_3__leaf_SCK (net)
                  0.04    0.00    0.34 ^ _454_/CLK (sky130_fd_sc_hd__dfrtp_1)
                          0.25    0.59   clock uncertainty
                         -0.03    0.56   clock reconvergence pessimism
                         -0.03    0.52   library hold time
                                  0.52   data required time
-----------------------------------------------------------------------------
                                  0.52   data required time
                                 -0.79   data arrival time
-----------------------------------------------------------------------------
                                  0.26   slack (MET)


Startpoint: _466_ (rising edge-triggered flip-flop clocked by SCK)
Endpoint: _466_ (rising edge-triggered flip-flop clocked by SCK)
Path Group: SCK
Path Type: min

Fanout     Cap    Slew   Delay    Time   Description
-----------------------------------------------------------------------------
                          0.00    0.00   clock SCK (rise edge)
                          0.00    0.00   clock source latency
                  0.07    0.04    0.04 ^ SCK (in)
     1    0.01                           SCK (net)
                  0.07    0.00    0.04 ^ clkbuf_0_SCK/A (sky130_fd_sc_hd__clkbuf_16)
                  0.06    0.14    0.18 ^ clkbuf_0_SCK/X (sky130_fd_sc_hd__clkbuf_16)
     4    0.04                           clknet_0_SCK (net)
                  0.06    0.00    0.18 ^ clkbuf_2_0__f_SCK/A (sky130_fd_sc_hd__clkbuf_16)
                  0.05    0.13    0.32 ^ clkbuf_2_0__f_SCK/X (sky130_fd_sc_hd__clkbuf_16)
     9    0.03                           clknet_2_0__leaf_SCK (net)
                  0.05    0.00    0.32 ^ _466_/CLK (sky130_fd_sc_hd__dfrtp_1)
                  0.05    0.31    0.62 ^ _466_/Q (sky130_fd_sc_hd__dfrtp_1)
     2    0.00                           addr[7] (net)
                  0.05    0.00    0.62 ^ _330_/A0 (sky130_fd_sc_hd__mux2_1)
                  0.04    0.11    0.73 ^ _330_/X (sky130_fd_sc_hd__mux2_1)
     1    0.00                           _171_ (net)
                  0.04    0.00    0.73 ^ _331_/A (sky130_fd_sc_hd__clkbuf_1)
                  0.04    0.07    0.80 ^ _331_/X (sky130_fd_sc_hd__clkbuf_1)
     1    0.00                           _073_ (net)
                  0.04    0.00    0.80 ^ _466_/D (sky130_fd_sc_hd__dfrtp_1)
                                  0.80   data arrival time

                          0.00    0.00   clock SCK (rise edge)
                          0.00    0.00   clock source latency
                  0.07    0.05    0.05 ^ SCK (in)
     1    0.01                           SCK (net)
                  0.07    0.00    0.05 ^ clkbuf_0_SCK/A (sky130_fd_sc_hd__clkbuf_16)
                  0.06    0.16    0.20 ^ clkbuf_0_SCK/X (sky130_fd_sc_hd__clkbuf_16)
     4    0.04                           clknet_0_SCK (net)
                  0.06    0.00    0.20 ^ clkbuf_2_0__f_SCK/A (sky130_fd_sc_hd__clkbuf_16)
                  0.05    0.14    0.35 ^ clkbuf_2_0__f_SCK/X (sky130_fd_sc_hd__clkbuf_16)
     9    0.03                           clknet_2_0__leaf_SCK (net)
                  0.05    0.00    0.35 ^ _466_/CLK (sky130_fd_sc_hd__dfrtp_1)
                          0.25    0.60   clock uncertainty
                         -0.03    0.57   clock reconvergence pessimism
                         -0.03    0.53   library hold time
                                  0.53   data required time
-----------------------------------------------------------------------------
                                  0.53   data required time
                                 -0.80   data arrival time
-----------------------------------------------------------------------------
                                  0.27   slack (MET)


Startpoint: _492_ (rising edge-triggered flip-flop clocked by SCK')
Endpoint: _492_ (rising edge-triggered flip-flop clocked by SCK')
Path Group: SCK
Path Type: min

Fanout     Cap    Slew   Delay    Time   Description
-----------------------------------------------------------------------------
                          5.00    5.00   clock SCK' (rise edge)
                          0.00    5.00   clock source latency
                  0.03    0.02    5.02 v SCK (in)
     1    0.01                           SCK (net)
                  0.03    0.00    5.02 v clkbuf_0_SCK/A (sky130_fd_sc_hd__clkbuf_16)
                  0.04    0.14    5.16 v clkbuf_0_SCK/X (sky130_fd_sc_hd__clkbuf_16)
     4    0.03                           clknet_0_SCK (net)
                  0.04    0.00    5.16 v clkbuf_2_3__f_SCK/A (sky130_fd_sc_hd__clkbuf_16)
                  0.03    0.14    5.30 v clkbuf_2_3__f_SCK/X (sky130_fd_sc_hd__clkbuf_16)
     6    0.02                           clknet_2_3__leaf_SCK (net)
                  0.03    0.00    5.30 v _437_/A (sky130_fd_sc_hd__buf_1)
                  0.06    0.10    5.40 v _437_/X (sky130_fd_sc_hd__buf_1)
     1    0.01                           _221_ (net)
                  0.06    0.00    5.40 v clkbuf_0__221_/A (sky130_fd_sc_hd__clkbuf_16)
                  0.03    0.14    5.54 v clkbuf_0__221_/X (sky130_fd_sc_hd__clkbuf_16)
     2    0.02                           clknet_0__221_ (net)
                  0.03    0.00    5.54 v clkbuf_1_1__f__221_/A (sky130_fd_sc_hd__clkbuf_16)
                  0.04    0.14    5.68 v clkbuf_1_1__f__221_/X (sky130_fd_sc_hd__clkbuf_16)
     6    0.03                           clknet_1_1__leaf__221_ (net)
                  0.04    0.00    5.68 v _447__4/A (sky130_fd_sc_hd__inv_2)
                  0.02    0.03    5.72 ^ _447__4/Y (sky130_fd_sc_hd__inv_2)
     1    0.00                           net42 (net)
                  0.02    0.00    5.72 ^ _492_/CLK (sky130_fd_sc_hd__dfrtp_1)
                  0.06    0.30    6.02 ^ _492_/Q (sky130_fd_sc_hd__dfrtp_1)
     2    0.00                           ldata[1] (net)
                  0.06    0.00    6.02 ^ _255_/A1 (sky130_fd_sc_hd__mux2_1)
                  0.04    0.11    6.14 ^ _255_/X (sky130_fd_sc_hd__mux2_1)
     1    0.00                           _120_ (net)
                  0.04    0.00    6.14 ^ _256_/A (sky130_fd_sc_hd__clkbuf_1)
                  0.04    0.07    6.21 ^ _256_/X (sky130_fd_sc_hd__clkbuf_1)
     1    0.00                           _093_ (net)
                  0.04    0.00    6.21 ^ _492_/D (sky130_fd_sc_hd__dfrtp_1)
                                  6.21   data arrival time

                          5.00    5.00   clock SCK' (rise edge)
                          0.00    5.00   clock source latency
                  0.03    0.02    5.02 v SCK (in)
     1    0.01                           SCK (net)
                  0.03    0.00    5.02 v clkbuf_0_SCK/A (sky130_fd_sc_hd__clkbuf_16)
                  0.04    0.16    5.18 v clkbuf_0_SCK/X (sky130_fd_sc_hd__clkbuf_16)
     4    0.03                           clknet_0_SCK (net)
                  0.04    0.00    5.18 v clkbuf_2_3__f_SCK/A (sky130_fd_sc_hd__clkbuf_16)
                  0.03    0.15    5.33 v clkbuf_2_3__f_SCK/X (sky130_fd_sc_hd__clkbuf_16)
     6    0.02                           clknet_2_3__leaf_SCK (net)
                  0.03    0.00    5.33 v _437_/A (sky130_fd_sc_hd__buf_1)
                  0.06    0.11    5.44 v _437_/X (sky130_fd_sc_hd__buf_1)
     1    0.01                           _221_ (net)
                  0.06    0.00    5.44 v clkbuf_0__221_/A (sky130_fd_sc_hd__clkbuf_16)
                  0.03    0.16    5.60 v clkbuf_0__221_/X (sky130_fd_sc_hd__clkbuf_16)
     2    0.02                           clknet_0__221_ (net)
                  0.03    0.00    5.60 v clkbuf_1_1__f__221_/A (sky130_fd_sc_hd__clkbuf_16)
                  0.04    0.16    5.76 v clkbuf_1_1__f__221_/X (sky130_fd_sc_hd__clkbuf_16)
     6    0.03                           clknet_1_1__leaf__221_ (net)
                  0.04    0.00    5.76 v _447__4/A (sky130_fd_sc_hd__inv_2)
                  0.02    0.04    5.80 ^ _447__4/Y (sky130_fd_sc_hd__inv_2)
     1    0.00                           net42 (net)
                  0.02    0.00    5.80 ^ _492_/CLK (sky130_fd_sc_hd__dfrtp_1)
                          0.25    6.05   clock uncertainty
                         -0.08    5.97   clock reconvergence pessimism
                         -0.04    5.93   library hold time
                                  5.93   data required time
-----------------------------------------------------------------------------
                                  5.93   data required time
                                 -6.21   data arrival time
-----------------------------------------------------------------------------
                                  0.27   slack (MET)


Startpoint: _494_ (rising edge-triggered flip-flop clocked by SCK')
Endpoint: _494_ (rising edge-triggered flip-flop clocked by SCK')
Path Group: SCK
Path Type: min

Fanout     Cap    Slew   Delay    Time   Description
-----------------------------------------------------------------------------
                          5.00    5.00   clock SCK' (rise edge)
                          0.00    5.00   clock source latency
                  0.03    0.02    5.02 v SCK (in)
     1    0.01                           SCK (net)
                  0.03    0.00    5.02 v clkbuf_0_SCK/A (sky130_fd_sc_hd__clkbuf_16)
                  0.04    0.14    5.16 v clkbuf_0_SCK/X (sky130_fd_sc_hd__clkbuf_16)
     4    0.03                           clknet_0_SCK (net)
                  0.04    0.00    5.16 v clkbuf_2_3__f_SCK/A (sky130_fd_sc_hd__clkbuf_16)
                  0.03    0.14    5.30 v clkbuf_2_3__f_SCK/X (sky130_fd_sc_hd__clkbuf_16)
     6    0.02                           clknet_2_3__leaf_SCK (net)
                  0.03    0.00    5.30 v _437_/A (sky130_fd_sc_hd__buf_1)
                  0.06    0.10    5.40 v _437_/X (sky130_fd_sc_hd__buf_1)
     1    0.01                           _221_ (net)
                  0.06    0.00    5.40 v clkbuf_0__221_/A (sky130_fd_sc_hd__clkbuf_16)
                  0.03    0.14    5.54 v clkbuf_0__221_/X (sky130_fd_sc_hd__clkbuf_16)
     2    0.02                           clknet_0__221_ (net)
                  0.03    0.00    5.54 v clkbuf_1_0__f__221_/A (sky130_fd_sc_hd__clkbuf_16)
                  0.04    0.14    5.68 v clkbuf_1_0__f__221_/X (sky130_fd_sc_hd__clkbuf_16)
     4    0.02                           clknet_1_0__leaf__221_ (net)
                  0.04    0.00    5.68 v _449__6/A (sky130_fd_sc_hd__inv_2)
                  0.02    0.03    5.71 ^ _449__6/Y (sky130_fd_sc_hd__inv_2)
     1    0.00                           net44 (net)
                  0.02    0.00    5.71 ^ _494_/CLK (sky130_fd_sc_hd__dfrtp_1)
                  0.06    0.30    6.01 ^ _494_/Q (sky130_fd_sc_hd__dfrtp_1)
     2    0.00                           ldata[3] (net)
                  0.06    0.00    6.01 ^ _247_/A1 (sky130_fd_sc_hd__mux2_1)
                  0.04    0.12    6.13 ^ _247_/X (sky130_fd_sc_hd__mux2_1)
     1    0.00                           _116_ (net)
                  0.04    0.00    6.13 ^ _248_/A (sky130_fd_sc_hd__clkbuf_1)
                  0.04    0.07    6.20 ^ _248_/X (sky130_fd_sc_hd__clkbuf_1)
     1    0.00                           _095_ (net)
                  0.04    0.00    6.20 ^ _494_/D (sky130_fd_sc_hd__dfrtp_1)
                                  6.20   data arrival time

                          5.00    5.00   clock SCK' (rise edge)
                          0.00    5.00   clock source latency
                  0.03    0.02    5.02 v SCK (in)
     1    0.01                           SCK (net)
                  0.03    0.00    5.02 v clkbuf_0_SCK/A (sky130_fd_sc_hd__clkbuf_16)
                  0.04    0.16    5.18 v clkbuf_0_SCK/X (sky130_fd_sc_hd__clkbuf_16)
     4    0.03                           clknet_0_SCK (net)
                  0.04    0.00    5.18 v clkbuf_2_3__f_SCK/A (sky130_fd_sc_hd__clkbuf_16)
                  0.03    0.15    5.33 v clkbuf_2_3__f_SCK/X (sky130_fd_sc_hd__clkbuf_16)
     6    0.02                           clknet_2_3__leaf_SCK (net)
                  0.03    0.00    5.33 v _437_/A (sky130_fd_sc_hd__buf_1)
                  0.06    0.11    5.44 v _437_/X (sky130_fd_sc_hd__buf_1)
     1    0.01                           _221_ (net)
                  0.06    0.00    5.44 v clkbuf_0__221_/A (sky130_fd_sc_hd__clkbuf_16)
                  0.03    0.16    5.60 v clkbuf_0__221_/X (sky130_fd_sc_hd__clkbuf_16)
     2    0.02                           clknet_0__221_ (net)
                  0.03    0.00    5.60 v clkbuf_1_0__f__221_/A (sky130_fd_sc_hd__clkbuf_16)
                  0.04    0.15    5.75 v clkbuf_1_0__f__221_/X (sky130_fd_sc_hd__clkbuf_16)
     4    0.02                           clknet_1_0__leaf__221_ (net)
                  0.04    0.00    5.75 v _449__6/A (sky130_fd_sc_hd__inv_2)
                  0.02    0.04    5.78 ^ _449__6/Y (sky130_fd_sc_hd__inv_2)
     1    0.00                           net44 (net)
                  0.02    0.00    5.78 ^ _494_/CLK (sky130_fd_sc_hd__dfrtp_1)
                          0.25    6.03   clock uncertainty
                         -0.07    5.96   clock reconvergence pessimism
                         -0.04    5.92   library hold time
                                  5.92   data required time
-----------------------------------------------------------------------------
                                  5.92   data required time
                                 -6.20   data arrival time
-----------------------------------------------------------------------------
                                  0.28   slack (MET)


Startpoint: _496_ (rising edge-triggered flip-flop clocked by SCK')
Endpoint: _496_ (rising edge-triggered flip-flop clocked by SCK')
Path Group: SCK
Path Type: min

Fanout     Cap    Slew   Delay    Time   Description
-----------------------------------------------------------------------------
                          5.00    5.00   clock SCK' (rise edge)
                          0.00    5.00   clock source latency
                  0.03    0.02    5.02 v SCK (in)
     1    0.01                           SCK (net)
                  0.03    0.00    5.02 v clkbuf_0_SCK/A (sky130_fd_sc_hd__clkbuf_16)
                  0.04    0.14    5.16 v clkbuf_0_SCK/X (sky130_fd_sc_hd__clkbuf_16)
     4    0.03                           clknet_0_SCK (net)
                  0.04    0.00    5.16 v clkbuf_2_3__f_SCK/A (sky130_fd_sc_hd__clkbuf_16)
                  0.03    0.14    5.30 v clkbuf_2_3__f_SCK/X (sky130_fd_sc_hd__clkbuf_16)
     6    0.02                           clknet_2_3__leaf_SCK (net)
                  0.03    0.00    5.30 v _437_/A (sky130_fd_sc_hd__buf_1)
                  0.06    0.10    5.40 v _437_/X (sky130_fd_sc_hd__buf_1)
     1    0.01                           _221_ (net)
                  0.06    0.00    5.40 v clkbuf_0__221_/A (sky130_fd_sc_hd__clkbuf_16)
                  0.03    0.14    5.54 v clkbuf_0__221_/X (sky130_fd_sc_hd__clkbuf_16)
     2    0.02                           clknet_0__221_ (net)
                  0.03    0.00    5.54 v clkbuf_1_0__f__221_/A (sky130_fd_sc_hd__clkbuf_16)
                  0.04    0.14    5.68 v clkbuf_1_0__f__221_/X (sky130_fd_sc_hd__clkbuf_16)
     4    0.02                           clknet_1_0__leaf__221_ (net)
                  0.04    0.00    5.68 v _451__8/A (sky130_fd_sc_hd__inv_2)
                  0.02    0.03    5.71 ^ _451__8/Y (sky130_fd_sc_hd__inv_2)
     1    0.00                           net46 (net)
                  0.02    0.00    5.71 ^ _496_/CLK (sky130_fd_sc_hd__dfrtp_1)
                  0.06    0.31    6.02 ^ _496_/Q (sky130_fd_sc_hd__dfrtp_1)
     2    0.01                           ldata[5] (net)
                  0.06    0.00    6.02 ^ _239_/A1 (sky130_fd_sc_hd__mux2_1)
                  0.04    0.11    6.13 ^ _239_/X (sky130_fd_sc_hd__mux2_1)
     1    0.00                           _112_ (net)
                  0.04    0.00    6.13 ^ _240_/A (sky130_fd_sc_hd__clkbuf_1)
                  0.04    0.07    6.20 ^ _240_/X (sky130_fd_sc_hd__clkbuf_1)
     1    0.00                           _097_ (net)
                  0.04    0.00    6.20 ^ _496_/D (sky130_fd_sc_hd__dfrtp_1)
                                  6.20   data arrival time

                          5.00    5.00   clock SCK' (rise edge)
                          0.00    5.00   clock source latency
                  0.03    0.02    5.02 v SCK (in)
     1    0.01                           SCK (net)
                  0.03    0.00    5.02 v clkbuf_0_SCK/A (sky130_fd_sc_hd__clkbuf_16)
                  0.04    0.16    5.18 v clkbuf_0_SCK/X (sky130_fd_sc_hd__clkbuf_16)
     4    0.03                           clknet_0_SCK (net)
                  0.04    0.00    5.18 v clkbuf_2_3__f_SCK/A (sky130_fd_sc_hd__clkbuf_16)
                  0.03    0.15    5.33 v clkbuf_2_3__f_SCK/X (sky130_fd_sc_hd__clkbuf_16)
     6    0.02                           clknet_2_3__leaf_SCK (net)
                  0.03    0.00    5.33 v _437_/A (sky130_fd_sc_hd__buf_1)
                  0.06    0.11    5.44 v _437_/X (sky130_fd_sc_hd__buf_1)
     1    0.01                           _221_ (net)
                  0.06    0.00    5.44 v clkbuf_0__221_/A (sky130_fd_sc_hd__clkbuf_16)
                  0.03    0.16    5.60 v clkbuf_0__221_/X (sky130_fd_sc_hd__clkbuf_16)
     2    0.02                           clknet_0__221_ (net)
                  0.03    0.00    5.60 v clkbuf_1_0__f__221_/A (sky130_fd_sc_hd__clkbuf_16)
                  0.04    0.15    5.75 v clkbuf_1_0__f__221_/X (sky130_fd_sc_hd__clkbuf_16)
     4    0.02                           clknet_1_0__leaf__221_ (net)
                  0.04    0.00    5.75 v _451__8/A (sky130_fd_sc_hd__inv_2)
                  0.02    0.04    5.78 ^ _451__8/Y (sky130_fd_sc_hd__inv_2)
     1    0.00                           net46 (net)
                  0.02    0.00    5.78 ^ _496_/CLK (sky130_fd_sc_hd__dfrtp_1)
                          0.25    6.03   clock uncertainty
                         -0.07    5.96   clock reconvergence pessimism
                         -0.04    5.92   library hold time
                                  5.92   data required time
-----------------------------------------------------------------------------
                                  5.92   data required time
                                 -6.20   data arrival time
-----------------------------------------------------------------------------
                                  0.28   slack (MET)


Startpoint: _498_ (rising edge-triggered flip-flop clocked by SCK')
Endpoint: _498_ (rising edge-triggered flip-flop clocked by SCK')
Path Group: SCK
Path Type: min

Fanout     Cap    Slew   Delay    Time   Description
-----------------------------------------------------------------------------
                          5.00    5.00   clock SCK' (rise edge)
                          0.00    5.00   clock source latency
                  0.03    0.02    5.02 v SCK (in)
     1    0.01                           SCK (net)
                  0.03    0.00    5.02 v clkbuf_0_SCK/A (sky130_fd_sc_hd__clkbuf_16)
                  0.04    0.14    5.16 v clkbuf_0_SCK/X (sky130_fd_sc_hd__clkbuf_16)
     4    0.03                           clknet_0_SCK (net)
                  0.04    0.00    5.16 v clkbuf_2_3__f_SCK/A (sky130_fd_sc_hd__clkbuf_16)
                  0.03    0.14    5.30 v clkbuf_2_3__f_SCK/X (sky130_fd_sc_hd__clkbuf_16)
     6    0.02                           clknet_2_3__leaf_SCK (net)
                  0.03    0.00    5.30 v _437_/A (sky130_fd_sc_hd__buf_1)
                  0.06    0.10    5.40 v _437_/X (sky130_fd_sc_hd__buf_1)
     1    0.01                           _221_ (net)
                  0.06    0.00    5.40 v clkbuf_0__221_/A (sky130_fd_sc_hd__clkbuf_16)
                  0.03    0.14    5.54 v clkbuf_0__221_/X (sky130_fd_sc_hd__clkbuf_16)
     2    0.02                           clknet_0__221_ (net)
                  0.03    0.00    5.54 v clkbuf_1_1__f__221_/A (sky130_fd_sc_hd__clkbuf_16)
                  0.04    0.14    5.68 v clkbuf_1_1__f__221_/X (sky130_fd_sc_hd__clkbuf_16)
     6    0.03                           clknet_1_1__leaf__221_ (net)
                  0.04    0.00    5.68 v _453__10/A (sky130_fd_sc_hd__inv_2)
                  0.02    0.03    5.72 ^ _453__10/Y (sky130_fd_sc_hd__inv_2)
     1    0.00                           net48 (net)
                  0.02    0.00    5.72 ^ _498_/CLK (sky130_fd_sc_hd__dfrtp_1)
                  0.07    0.31    6.03 ^ _498_/Q (sky130_fd_sc_hd__dfrtp_1)
     2    0.01                           net12 (net)
                  0.07    0.00    6.03 ^ _231_/A1 (sky130_fd_sc_hd__mux2_1)
                  0.04    0.11    6.14 ^ _231_/X (sky130_fd_sc_hd__mux2_1)
     1    0.00                           _108_ (net)
                  0.04    0.00    6.14 ^ _232_/A (sky130_fd_sc_hd__clkbuf_1)
                  0.04    0.07    6.21 ^ _232_/X (sky130_fd_sc_hd__clkbuf_1)
     1    0.00                           _099_ (net)
                  0.04    0.00    6.21 ^ _498_/D (sky130_fd_sc_hd__dfrtp_1)
                                  6.21   data arrival time

                          5.00    5.00   clock SCK' (rise edge)
                          0.00    5.00   clock source latency
                  0.03    0.02    5.02 v SCK (in)
     1    0.01                           SCK (net)
                  0.03    0.00    5.02 v clkbuf_0_SCK/A (sky130_fd_sc_hd__clkbuf_16)
                  0.04    0.16    5.18 v clkbuf_0_SCK/X (sky130_fd_sc_hd__clkbuf_16)
     4    0.03                           clknet_0_SCK (net)
                  0.04    0.00    5.18 v clkbuf_2_3__f_SCK/A (sky130_fd_sc_hd__clkbuf_16)
                  0.03    0.15    5.33 v clkbuf_2_3__f_SCK/X (sky130_fd_sc_hd__clkbuf_16)
     6    0.02                           clknet_2_3__leaf_SCK (net)
                  0.03    0.00    5.33 v _437_/A (sky130_fd_sc_hd__buf_1)
                  0.06    0.11    5.44 v _437_/X (sky130_fd_sc_hd__buf_1)
     1    0.01                           _221_ (net)
                  0.06    0.00    5.44 v clkbuf_0__221_/A (sky130_fd_sc_hd__clkbuf_16)
                  0.03    0.16    5.60 v clkbuf_0__221_/X (sky130_fd_sc_hd__clkbuf_16)
     2    0.02                           clknet_0__221_ (net)
                  0.03    0.00    5.60 v clkbuf_1_1__f__221_/A (sky130_fd_sc_hd__clkbuf_16)
                  0.04    0.16    5.76 v clkbuf_1_1__f__221_/X (sky130_fd_sc_hd__clkbuf_16)
     6    0.03                           clknet_1_1__leaf__221_ (net)
                  0.04    0.00    5.76 v _453__10/A (sky130_fd_sc_hd__inv_2)
                  0.02    0.04    5.80 ^ _453__10/Y (sky130_fd_sc_hd__inv_2)
     1    0.00                           net48 (net)
                  0.02    0.00    5.80 ^ _498_/CLK (sky130_fd_sc_hd__dfrtp_1)
                          0.25    6.05   clock uncertainty
                         -0.08    5.97   clock reconvergence pessimism
                         -0.04    5.93   library hold time
                                  5.93   data required time
-----------------------------------------------------------------------------
                                  5.93   data required time
                                 -6.21   data arrival time
-----------------------------------------------------------------------------
                                  0.28   slack (MET)


Startpoint: _481_ (rising edge-triggered flip-flop clocked by SCK)
Endpoint: _481_ (rising edge-triggered flip-flop clocked by SCK)
Path Group: SCK
Path Type: min

Fanout     Cap    Slew   Delay    Time   Description
-----------------------------------------------------------------------------
                          0.00    0.00   clock SCK (rise edge)
                          0.00    0.00   clock source latency
                  0.07    0.04    0.04 ^ SCK (in)
     1    0.01                           SCK (net)
                  0.07    0.00    0.04 ^ clkbuf_0_SCK/A (sky130_fd_sc_hd__clkbuf_16)
                  0.06    0.14    0.18 ^ clkbuf_0_SCK/X (sky130_fd_sc_hd__clkbuf_16)
     4    0.04                           clknet_0_SCK (net)
                  0.06    0.00    0.18 ^ clkbuf_2_0__f_SCK/A (sky130_fd_sc_hd__clkbuf_16)
                  0.05    0.13    0.32 ^ clkbuf_2_0__f_SCK/X (sky130_fd_sc_hd__clkbuf_16)
     9    0.03                           clknet_2_0__leaf_SCK (net)
                  0.05    0.00    0.32 ^ _481_/CLK (sky130_fd_sc_hd__dfrtp_1)
                  0.06    0.31    0.63 ^ _481_/Q (sky130_fd_sc_hd__dfrtp_1)
     2    0.00                           net28 (net)
                  0.06    0.00    0.63 ^ _278_/A0 (sky130_fd_sc_hd__mux2_1)
                  0.04    0.11    0.74 ^ _278_/X (sky130_fd_sc_hd__mux2_1)
     1    0.00                           _135_ (net)
                  0.04    0.00    0.74 ^ _279_/A (sky130_fd_sc_hd__clkbuf_1)
                  0.04    0.07    0.81 ^ _279_/X (sky130_fd_sc_hd__clkbuf_1)
     1    0.00                           _088_ (net)
                  0.04    0.00    0.81 ^ _481_/D (sky130_fd_sc_hd__dfrtp_1)
                                  0.81   data arrival time

                          0.00    0.00   clock SCK (rise edge)
                          0.00    0.00   clock source latency
                  0.07    0.05    0.05 ^ SCK (in)
     1    0.01                           SCK (net)
                  0.07    0.00    0.05 ^ clkbuf_0_SCK/A (sky130_fd_sc_hd__clkbuf_16)
                  0.06    0.16    0.20 ^ clkbuf_0_SCK/X (sky130_fd_sc_hd__clkbuf_16)
     4    0.04                           clknet_0_SCK (net)
                  0.06    0.00    0.20 ^ clkbuf_2_0__f_SCK/A (sky130_fd_sc_hd__clkbuf_16)
                  0.05    0.14    0.35 ^ clkbuf_2_0__f_SCK/X (sky130_fd_sc_hd__clkbuf_16)
     9    0.03                           clknet_2_0__leaf_SCK (net)
                  0.05    0.00    0.35 ^ _481_/CLK (sky130_fd_sc_hd__dfrtp_1)
                          0.25    0.60   clock uncertainty
                         -0.03    0.57   clock reconvergence pessimism
                         -0.03    0.53   library hold time
                                  0.53   data required time
-----------------------------------------------------------------------------
                                  0.53   data required time
                                 -0.81   data arrival time
-----------------------------------------------------------------------------
                                  0.28   slack (MET)


Startpoint: _495_ (rising edge-triggered flip-flop clocked by SCK')
Endpoint: _495_ (rising edge-triggered flip-flop clocked by SCK')
Path Group: SCK
Path Type: min

Fanout     Cap    Slew   Delay    Time   Description
-----------------------------------------------------------------------------
                          5.00    5.00   clock SCK' (rise edge)
                          0.00    5.00   clock source latency
                  0.03    0.02    5.02 v SCK (in)
     1    0.01                           SCK (net)
                  0.03    0.00    5.02 v clkbuf_0_SCK/A (sky130_fd_sc_hd__clkbuf_16)
                  0.04    0.14    5.16 v clkbuf_0_SCK/X (sky130_fd_sc_hd__clkbuf_16)
     4    0.03                           clknet_0_SCK (net)
                  0.04    0.00    5.16 v clkbuf_2_3__f_SCK/A (sky130_fd_sc_hd__clkbuf_16)
                  0.03    0.14    5.30 v clkbuf_2_3__f_SCK/X (sky130_fd_sc_hd__clkbuf_16)
     6    0.02                           clknet_2_3__leaf_SCK (net)
                  0.03    0.00    5.30 v _437_/A (sky130_fd_sc_hd__buf_1)
                  0.06    0.10    5.40 v _437_/X (sky130_fd_sc_hd__buf_1)
     1    0.01                           _221_ (net)
                  0.06    0.00    5.40 v clkbuf_0__221_/A (sky130_fd_sc_hd__clkbuf_16)
                  0.03    0.14    5.54 v clkbuf_0__221_/X (sky130_fd_sc_hd__clkbuf_16)
     2    0.02                           clknet_0__221_ (net)
                  0.03    0.00    5.54 v clkbuf_1_0__f__221_/A (sky130_fd_sc_hd__clkbuf_16)
                  0.04    0.14    5.68 v clkbuf_1_0__f__221_/X (sky130_fd_sc_hd__clkbuf_16)
     4    0.02                           clknet_1_0__leaf__221_ (net)
                  0.04    0.00    5.68 v _450__7/A (sky130_fd_sc_hd__inv_2)
                  0.02    0.03    5.71 ^ _450__7/Y (sky130_fd_sc_hd__inv_2)
     1    0.00                           net45 (net)
                  0.02    0.00    5.71 ^ _495_/CLK (sky130_fd_sc_hd__dfrtp_1)
                  0.07    0.31    6.02 ^ _495_/Q (sky130_fd_sc_hd__dfrtp_1)
     2    0.01                           ldata[4] (net)
                  0.07    0.00    6.02 ^ _243_/A1 (sky130_fd_sc_hd__mux2_1)
                  0.04    0.12    6.14 ^ _243_/X (sky130_fd_sc_hd__mux2_1)
     1    0.00                           _114_ (net)
                  0.04    0.00    6.14 ^ _244_/A (sky130_fd_sc_hd__clkbuf_1)
                  0.04    0.07    6.21 ^ _244_/X (sky130_fd_sc_hd__clkbuf_1)
     1    0.00                           _096_ (net)
                  0.04    0.00    6.21 ^ _495_/D (sky130_fd_sc_hd__dfrtp_1)
                                  6.21   data arrival time

                          5.00    5.00   clock SCK' (rise edge)
                          0.00    5.00   clock source latency
                  0.03    0.02    5.02 v SCK (in)
     1    0.01                           SCK (net)
                  0.03    0.00    5.02 v clkbuf_0_SCK/A (sky130_fd_sc_hd__clkbuf_16)
                  0.04    0.16    5.18 v clkbuf_0_SCK/X (sky130_fd_sc_hd__clkbuf_16)
     4    0.03                           clknet_0_SCK (net)
                  0.04    0.00    5.18 v clkbuf_2_3__f_SCK/A (sky130_fd_sc_hd__clkbuf_16)
                  0.03    0.15    5.33 v clkbuf_2_3__f_SCK/X (sky130_fd_sc_hd__clkbuf_16)
     6    0.02                           clknet_2_3__leaf_SCK (net)
                  0.03    0.00    5.33 v _437_/A (sky130_fd_sc_hd__buf_1)
                  0.06    0.11    5.44 v _437_/X (sky130_fd_sc_hd__buf_1)
     1    0.01                           _221_ (net)
                  0.06    0.00    5.44 v clkbuf_0__221_/A (sky130_fd_sc_hd__clkbuf_16)
                  0.03    0.16    5.60 v clkbuf_0__221_/X (sky130_fd_sc_hd__clkbuf_16)
     2    0.02                           clknet_0__221_ (net)
                  0.03    0.00    5.60 v clkbuf_1_0__f__221_/A (sky130_fd_sc_hd__clkbuf_16)
                  0.04    0.15    5.75 v clkbuf_1_0__f__221_/X (sky130_fd_sc_hd__clkbuf_16)
     4    0.02                           clknet_1_0__leaf__221_ (net)
                  0.04    0.00    5.75 v _450__7/A (sky130_fd_sc_hd__inv_2)
                  0.02    0.04    5.78 ^ _450__7/Y (sky130_fd_sc_hd__inv_2)
     1    0.00                           net45 (net)
                  0.02    0.00    5.78 ^ _495_/CLK (sky130_fd_sc_hd__dfrtp_1)
                          0.25    6.03   clock uncertainty
                         -0.07    5.96   clock reconvergence pessimism
                         -0.04    5.92   library hold time
                                  5.92   data required time
-----------------------------------------------------------------------------
                                  5.92   data required time
                                 -6.21   data arrival time
-----------------------------------------------------------------------------
                                  0.28   slack (MET)


Startpoint: _497_ (rising edge-triggered flip-flop clocked by SCK')
Endpoint: _497_ (rising edge-triggered flip-flop clocked by SCK')
Path Group: SCK
Path Type: min

Fanout     Cap    Slew   Delay    Time   Description
-----------------------------------------------------------------------------
                          5.00    5.00   clock SCK' (rise edge)
                          0.00    5.00   clock source latency
                  0.03    0.02    5.02 v SCK (in)
     1    0.01                           SCK (net)
                  0.03    0.00    5.02 v clkbuf_0_SCK/A (sky130_fd_sc_hd__clkbuf_16)
                  0.04    0.14    5.16 v clkbuf_0_SCK/X (sky130_fd_sc_hd__clkbuf_16)
     4    0.03                           clknet_0_SCK (net)
                  0.04    0.00    5.16 v clkbuf_2_3__f_SCK/A (sky130_fd_sc_hd__clkbuf_16)
                  0.03    0.14    5.30 v clkbuf_2_3__f_SCK/X (sky130_fd_sc_hd__clkbuf_16)
     6    0.02                           clknet_2_3__leaf_SCK (net)
                  0.03    0.00    5.30 v _437_/A (sky130_fd_sc_hd__buf_1)
                  0.06    0.10    5.40 v _437_/X (sky130_fd_sc_hd__buf_1)
     1    0.01                           _221_ (net)
                  0.06    0.00    5.40 v clkbuf_0__221_/A (sky130_fd_sc_hd__clkbuf_16)
                  0.03    0.14    5.54 v clkbuf_0__221_/X (sky130_fd_sc_hd__clkbuf_16)
     2    0.02                           clknet_0__221_ (net)
                  0.03    0.00    5.54 v clkbuf_1_1__f__221_/A (sky130_fd_sc_hd__clkbuf_16)
                  0.04    0.14    5.68 v clkbuf_1_1__f__221_/X (sky130_fd_sc_hd__clkbuf_16)
     6    0.03                           clknet_1_1__leaf__221_ (net)
                  0.04    0.00    5.68 v _452__9/A (sky130_fd_sc_hd__inv_2)
                  0.02    0.04    5.72 ^ _452__9/Y (sky130_fd_sc_hd__inv_2)
     1    0.00                           net47 (net)
                  0.02    0.00    5.72 ^ _497_/CLK (sky130_fd_sc_hd__dfrtp_1)
                  0.07    0.31    6.03 ^ _497_/Q (sky130_fd_sc_hd__dfrtp_1)
     2    0.01                           ldata[6] (net)
                  0.07    0.00    6.03 ^ _235_/A1 (sky130_fd_sc_hd__mux2_1)
                  0.04    0.12    6.15 ^ _235_/X (sky130_fd_sc_hd__mux2_1)
     1    0.00                           _110_ (net)
                  0.04    0.00    6.15 ^ _236_/A (sky130_fd_sc_hd__clkbuf_1)
                  0.04    0.07    6.22 ^ _236_/X (sky130_fd_sc_hd__clkbuf_1)
     1    0.00                           _098_ (net)
                  0.04    0.00    6.22 ^ _497_/D (sky130_fd_sc_hd__dfrtp_1)
                                  6.22   data arrival time

                          5.00    5.00   clock SCK' (rise edge)
                          0.00    5.00   clock source latency
                  0.03    0.02    5.02 v SCK (in)
     1    0.01                           SCK (net)
                  0.03    0.00    5.02 v clkbuf_0_SCK/A (sky130_fd_sc_hd__clkbuf_16)
                  0.04    0.16    5.18 v clkbuf_0_SCK/X (sky130_fd_sc_hd__clkbuf_16)
     4    0.03                           clknet_0_SCK (net)
                  0.04    0.00    5.18 v clkbuf_2_3__f_SCK/A (sky130_fd_sc_hd__clkbuf_16)
                  0.03    0.15    5.33 v clkbuf_2_3__f_SCK/X (sky130_fd_sc_hd__clkbuf_16)
     6    0.02                           clknet_2_3__leaf_SCK (net)
                  0.03    0.00    5.33 v _437_/A (sky130_fd_sc_hd__buf_1)
                  0.06    0.11    5.44 v _437_/X (sky130_fd_sc_hd__buf_1)
     1    0.01                           _221_ (net)
                  0.06    0.00    5.44 v clkbuf_0__221_/A (sky130_fd_sc_hd__clkbuf_16)
                  0.03    0.16    5.60 v clkbuf_0__221_/X (sky130_fd_sc_hd__clkbuf_16)
     2    0.02                           clknet_0__221_ (net)
                  0.03    0.00    5.60 v clkbuf_1_1__f__221_/A (sky130_fd_sc_hd__clkbuf_16)
                  0.04    0.16    5.76 v clkbuf_1_1__f__221_/X (sky130_fd_sc_hd__clkbuf_16)
     6    0.03                           clknet_1_1__leaf__221_ (net)
                  0.04    0.00    5.76 v _452__9/A (sky130_fd_sc_hd__inv_2)
                  0.02    0.04    5.80 ^ _452__9/Y (sky130_fd_sc_hd__inv_2)
     1    0.00                           net47 (net)
                  0.02    0.00    5.80 ^ _497_/CLK (sky130_fd_sc_hd__dfrtp_1)
                          0.25    6.05   clock uncertainty
                         -0.08    5.97   clock reconvergence pessimism
                         -0.04    5.93   library hold time
                                  5.93   data required time
-----------------------------------------------------------------------------
                                  5.93   data required time
                                 -6.22   data arrival time
-----------------------------------------------------------------------------
                                  0.29   slack (MET)


Startpoint: _484_ (rising edge-triggered flip-flop clocked by SCK)
Endpoint: _484_ (rising edge-triggered flip-flop clocked by SCK)
Path Group: SCK
Path Type: min

Fanout     Cap    Slew   Delay    Time   Description
-----------------------------------------------------------------------------
                          0.00    0.00   clock SCK (rise edge)
                          0.00    0.00   clock source latency
                  0.07    0.04    0.04 ^ SCK (in)
     1    0.01                           SCK (net)
                  0.07    0.00    0.04 ^ clkbuf_0_SCK/A (sky130_fd_sc_hd__clkbuf_16)
                  0.06    0.14    0.18 ^ clkbuf_0_SCK/X (sky130_fd_sc_hd__clkbuf_16)
     4    0.04                           clknet_0_SCK (net)
                  0.06    0.00    0.18 ^ clkbuf_2_1__f_SCK/A (sky130_fd_sc_hd__clkbuf_16)
                  0.05    0.13    0.32 ^ clkbuf_2_1__f_SCK/X (sky130_fd_sc_hd__clkbuf_16)
    12    0.03                           clknet_2_1__leaf_SCK (net)
                  0.05    0.00    0.32 ^ _484_/CLK (sky130_fd_sc_hd__dfrtp_1)
                  0.14    0.38    0.70 ^ _484_/Q (sky130_fd_sc_hd__dfrtp_1)
     5    0.01                           pre_pass_thru_user (net)
                  0.14    0.00    0.70 ^ _270_/B2 (sky130_fd_sc_hd__a32o_1)
                  0.05    0.13    0.83 ^ _270_/X (sky130_fd_sc_hd__a32o_1)
     1    0.00                           _090_ (net)
                  0.05    0.00    0.83 ^ _484_/D (sky130_fd_sc_hd__dfrtp_1)
                                  0.83   data arrival time

                          0.00    0.00   clock SCK (rise edge)
                          0.00    0.00   clock source latency
                  0.07    0.05    0.05 ^ SCK (in)
     1    0.01                           SCK (net)
                  0.07    0.00    0.05 ^ clkbuf_0_SCK/A (sky130_fd_sc_hd__clkbuf_16)
                  0.06    0.16    0.20 ^ clkbuf_0_SCK/X (sky130_fd_sc_hd__clkbuf_16)
     4    0.04                           clknet_0_SCK (net)
                  0.06    0.00    0.20 ^ clkbuf_2_1__f_SCK/A (sky130_fd_sc_hd__clkbuf_16)
                  0.05    0.15    0.35 ^ clkbuf_2_1__f_SCK/X (sky130_fd_sc_hd__clkbuf_16)
    12    0.03                           clknet_2_1__leaf_SCK (net)
                  0.05    0.00    0.35 ^ _484_/CLK (sky130_fd_sc_hd__dfrtp_1)
                          0.25    0.60   clock uncertainty
                         -0.03    0.57   clock reconvergence pessimism
                         -0.03    0.54   library hold time
                                  0.54   data required time
-----------------------------------------------------------------------------
                                  0.54   data required time
                                 -0.83   data arrival time
-----------------------------------------------------------------------------
                                  0.29   slack (MET)


Startpoint: _480_ (rising edge-triggered flip-flop clocked by SCK)
Endpoint: _480_ (rising edge-triggered flip-flop clocked by SCK)
Path Group: SCK
Path Type: min

Fanout     Cap    Slew   Delay    Time   Description
-----------------------------------------------------------------------------
                          0.00    0.00   clock SCK (rise edge)
                          0.00    0.00   clock source latency
                  0.07    0.04    0.04 ^ SCK (in)
     1    0.01                           SCK (net)
                  0.07    0.00    0.04 ^ clkbuf_0_SCK/A (sky130_fd_sc_hd__clkbuf_16)
                  0.06    0.14    0.18 ^ clkbuf_0_SCK/X (sky130_fd_sc_hd__clkbuf_16)
     4    0.04                           clknet_0_SCK (net)
                  0.06    0.00    0.18 ^ clkbuf_2_0__f_SCK/A (sky130_fd_sc_hd__clkbuf_16)
                  0.05    0.13    0.32 ^ clkbuf_2_0__f_SCK/X (sky130_fd_sc_hd__clkbuf_16)
     9    0.03                           clknet_2_0__leaf_SCK (net)
                  0.05    0.00    0.32 ^ _480_/CLK (sky130_fd_sc_hd__dfrtp_1)
                  0.07    0.33    0.64 ^ _480_/Q (sky130_fd_sc_hd__dfrtp_1)
     3    0.01                           net27 (net)
                  0.07    0.00    0.64 ^ _280_/A0 (sky130_fd_sc_hd__mux2_1)
                  0.04    0.12    0.76 ^ _280_/X (sky130_fd_sc_hd__mux2_1)
     1    0.00                           _136_ (net)
                  0.04    0.00    0.76 ^ _281_/A (sky130_fd_sc_hd__clkbuf_1)
                  0.04    0.07    0.83 ^ _281_/X (sky130_fd_sc_hd__clkbuf_1)
     1    0.00                           _087_ (net)
                  0.04    0.00    0.83 ^ _480_/D (sky130_fd_sc_hd__dfrtp_1)
                                  0.83   data arrival time

                          0.00    0.00   clock SCK (rise edge)
                          0.00    0.00   clock source latency
                  0.07    0.05    0.05 ^ SCK (in)
     1    0.01                           SCK (net)
                  0.07    0.00    0.05 ^ clkbuf_0_SCK/A (sky130_fd_sc_hd__clkbuf_16)
                  0.06    0.16    0.20 ^ clkbuf_0_SCK/X (sky130_fd_sc_hd__clkbuf_16)
     4    0.04                           clknet_0_SCK (net)
                  0.06    0.00    0.20 ^ clkbuf_2_0__f_SCK/A (sky130_fd_sc_hd__clkbuf_16)
                  0.05    0.14    0.35 ^ clkbuf_2_0__f_SCK/X (sky130_fd_sc_hd__clkbuf_16)
     9    0.03                           clknet_2_0__leaf_SCK (net)
                  0.05    0.00    0.35 ^ _480_/CLK (sky130_fd_sc_hd__dfrtp_1)
                          0.25    0.60   clock uncertainty
                         -0.03    0.57   clock reconvergence pessimism
                         -0.03    0.53   library hold time
                                  0.53   data required time
-----------------------------------------------------------------------------
                                  0.53   data required time
                                 -0.83   data arrival time
-----------------------------------------------------------------------------
                                  0.29   slack (MET)


Startpoint: _478_ (rising edge-triggered flip-flop clocked by SCK)
Endpoint: _478_ (rising edge-triggered flip-flop clocked by SCK)
Path Group: SCK
Path Type: min

Fanout     Cap    Slew   Delay    Time   Description
-----------------------------------------------------------------------------
                          0.00    0.00   clock SCK (rise edge)
                          0.00    0.00   clock source latency
                  0.07    0.04    0.04 ^ SCK (in)
     1    0.01                           SCK (net)
                  0.07    0.00    0.04 ^ clkbuf_0_SCK/A (sky130_fd_sc_hd__clkbuf_16)
                  0.06    0.14    0.18 ^ clkbuf_0_SCK/X (sky130_fd_sc_hd__clkbuf_16)
     4    0.04                           clknet_0_SCK (net)
                  0.06    0.00    0.18 ^ clkbuf_2_1__f_SCK/A (sky130_fd_sc_hd__clkbuf_16)
                  0.05    0.13    0.32 ^ clkbuf_2_1__f_SCK/X (sky130_fd_sc_hd__clkbuf_16)
    12    0.03                           clknet_2_1__leaf_SCK (net)
                  0.05    0.00    0.32 ^ _478_/CLK (sky130_fd_sc_hd__dfrtp_1)
                  0.08    0.33    0.65 ^ _478_/Q (sky130_fd_sc_hd__dfrtp_1)
     3    0.01                           net25 (net)
                  0.08    0.00    0.65 ^ _284_/A0 (sky130_fd_sc_hd__mux2_1)
                  0.04    0.12    0.77 ^ _284_/X (sky130_fd_sc_hd__mux2_1)
     1    0.00                           _138_ (net)
                  0.04    0.00    0.77 ^ _285_/A (sky130_fd_sc_hd__clkbuf_1)
                  0.04    0.07    0.84 ^ _285_/X (sky130_fd_sc_hd__clkbuf_1)
     1    0.00                           _085_ (net)
                  0.04    0.00    0.84 ^ _478_/D (sky130_fd_sc_hd__dfrtp_1)
                                  0.84   data arrival time

                          0.00    0.00   clock SCK (rise edge)
                          0.00    0.00   clock source latency
                  0.07    0.05    0.05 ^ SCK (in)
     1    0.01                           SCK (net)
                  0.07    0.00    0.05 ^ clkbuf_0_SCK/A (sky130_fd_sc_hd__clkbuf_16)
                  0.06    0.16    0.20 ^ clkbuf_0_SCK/X (sky130_fd_sc_hd__clkbuf_16)
     4    0.04                           clknet_0_SCK (net)
                  0.06    0.00    0.20 ^ clkbuf_2_1__f_SCK/A (sky130_fd_sc_hd__clkbuf_16)
                  0.05    0.15    0.35 ^ clkbuf_2_1__f_SCK/X (sky130_fd_sc_hd__clkbuf_16)
    12    0.03                           clknet_2_1__leaf_SCK (net)
                  0.05    0.00    0.35 ^ _478_/CLK (sky130_fd_sc_hd__dfrtp_1)
                          0.25    0.60   clock uncertainty
                         -0.03    0.57   clock reconvergence pessimism
                         -0.03    0.54   library hold time
                                  0.54   data required time
-----------------------------------------------------------------------------
                                  0.54   data required time
                                 -0.84   data arrival time
-----------------------------------------------------------------------------
                                  0.30   slack (MET)


Startpoint: _458_ (rising edge-triggered flip-flop clocked by SCK)
Endpoint: _458_ (rising edge-triggered flip-flop clocked by SCK)
Path Group: SCK
Path Type: min

Fanout     Cap    Slew   Delay    Time   Description
-----------------------------------------------------------------------------
                          0.00    0.00   clock SCK (rise edge)
                          0.00    0.00   clock source latency
                  0.07    0.04    0.04 ^ SCK (in)
     1    0.01                           SCK (net)
                  0.07    0.00    0.04 ^ clkbuf_0_SCK/A (sky130_fd_sc_hd__clkbuf_16)
                  0.06    0.14    0.18 ^ clkbuf_0_SCK/X (sky130_fd_sc_hd__clkbuf_16)
     4    0.04                           clknet_0_SCK (net)
                  0.06    0.00    0.18 ^ clkbuf_2_2__f_SCK/A (sky130_fd_sc_hd__clkbuf_16)
                  0.05    0.13    0.32 ^ clkbuf_2_2__f_SCK/X (sky130_fd_sc_hd__clkbuf_16)
     9    0.03                           clknet_2_2__leaf_SCK (net)
                  0.05    0.00    0.32 ^ _458_/CLK (sky130_fd_sc_hd__dfrtp_1)
                  0.08    0.33    0.65 ^ _458_/Q (sky130_fd_sc_hd__dfrtp_1)
     3    0.01                           net33 (net)
                  0.08    0.00    0.65 ^ _367_/A1 (sky130_fd_sc_hd__mux2_1)
                  0.04    0.12    0.77 ^ _367_/X (sky130_fd_sc_hd__mux2_1)
     1    0.00                           _200_ (net)
                  0.04    0.00    0.77 ^ _368_/A (sky130_fd_sc_hd__clkbuf_1)
                  0.04    0.07    0.84 ^ _368_/X (sky130_fd_sc_hd__clkbuf_1)
     1    0.00                           _065_ (net)
                  0.04    0.00    0.84 ^ _458_/D (sky130_fd_sc_hd__dfrtp_1)
                                  0.84   data arrival time

                          0.00    0.00   clock SCK (rise edge)
                          0.00    0.00   clock source latency
                  0.07    0.05    0.05 ^ SCK (in)
     1    0.01                           SCK (net)
                  0.07    0.00    0.05 ^ clkbuf_0_SCK/A (sky130_fd_sc_hd__clkbuf_16)
                  0.06    0.16    0.20 ^ clkbuf_0_SCK/X (sky130_fd_sc_hd__clkbuf_16)
     4    0.04                           clknet_0_SCK (net)
                  0.06    0.00    0.20 ^ clkbuf_2_2__f_SCK/A (sky130_fd_sc_hd__clkbuf_16)
                  0.05    0.14    0.35 ^ clkbuf_2_2__f_SCK/X (sky130_fd_sc_hd__clkbuf_16)
     9    0.03                           clknet_2_2__leaf_SCK (net)
                  0.05    0.00    0.35 ^ _458_/CLK (sky130_fd_sc_hd__dfrtp_1)
                          0.25    0.60   clock uncertainty
                         -0.03    0.57   clock reconvergence pessimism
                         -0.03    0.53   library hold time
                                  0.53   data required time
-----------------------------------------------------------------------------
                                  0.53   data required time
                                 -0.84   data arrival time
-----------------------------------------------------------------------------
                                  0.30   slack (MET)


Startpoint: _476_ (rising edge-triggered flip-flop clocked by SCK)
Endpoint: _476_ (rising edge-triggered flip-flop clocked by SCK)
Path Group: SCK
Path Type: min

Fanout     Cap    Slew   Delay    Time   Description
-----------------------------------------------------------------------------
                          0.00    0.00   clock SCK (rise edge)
                          0.00    0.00   clock source latency
                  0.07    0.04    0.04 ^ SCK (in)
     1    0.01                           SCK (net)
                  0.07    0.00    0.04 ^ clkbuf_0_SCK/A (sky130_fd_sc_hd__clkbuf_16)
                  0.06    0.14    0.18 ^ clkbuf_0_SCK/X (sky130_fd_sc_hd__clkbuf_16)
     4    0.04                           clknet_0_SCK (net)
                  0.06    0.00    0.18 ^ clkbuf_2_1__f_SCK/A (sky130_fd_sc_hd__clkbuf_16)
                  0.05    0.13    0.32 ^ clkbuf_2_1__f_SCK/X (sky130_fd_sc_hd__clkbuf_16)
    12    0.03                           clknet_2_1__leaf_SCK (net)
                  0.05    0.00    0.32 ^ _476_/CLK (sky130_fd_sc_hd__dfrtp_1)
                  0.08    0.33    0.65 ^ _476_/Q (sky130_fd_sc_hd__dfrtp_1)
     3    0.01                           net23 (net)
                  0.08    0.00    0.65 ^ _288_/A0 (sky130_fd_sc_hd__mux2_1)
                  0.04    0.12    0.77 ^ _288_/X (sky130_fd_sc_hd__mux2_1)
     1    0.00                           _140_ (net)
                  0.04    0.00    0.77 ^ _289_/A (sky130_fd_sc_hd__clkbuf_1)
                  0.04    0.07    0.84 ^ _289_/X (sky130_fd_sc_hd__clkbuf_1)
     1    0.00                           _083_ (net)
                  0.04    0.00    0.84 ^ _476_/D (sky130_fd_sc_hd__dfrtp_1)
                                  0.84   data arrival time

                          0.00    0.00   clock SCK (rise edge)
                          0.00    0.00   clock source latency
                  0.07    0.05    0.05 ^ SCK (in)
     1    0.01                           SCK (net)
                  0.07    0.00    0.05 ^ clkbuf_0_SCK/A (sky130_fd_sc_hd__clkbuf_16)
                  0.06    0.16    0.20 ^ clkbuf_0_SCK/X (sky130_fd_sc_hd__clkbuf_16)
     4    0.04                           clknet_0_SCK (net)
                  0.06    0.00    0.20 ^ clkbuf_2_1__f_SCK/A (sky130_fd_sc_hd__clkbuf_16)
                  0.05    0.15    0.35 ^ clkbuf_2_1__f_SCK/X (sky130_fd_sc_hd__clkbuf_16)
    12    0.03                           clknet_2_1__leaf_SCK (net)
                  0.05    0.00    0.35 ^ _476_/CLK (sky130_fd_sc_hd__dfrtp_1)
                          0.25    0.60   clock uncertainty
                         -0.03    0.57   clock reconvergence pessimism
                         -0.03    0.54   library hold time
                                  0.54   data required time
-----------------------------------------------------------------------------
                                  0.54   data required time
                                 -0.84   data arrival time
-----------------------------------------------------------------------------
                                  0.30   slack (MET)


Startpoint: _475_ (rising edge-triggered flip-flop clocked by SCK)
Endpoint: _475_ (rising edge-triggered flip-flop clocked by SCK)
Path Group: SCK
Path Type: min

Fanout     Cap    Slew   Delay    Time   Description
-----------------------------------------------------------------------------
                          0.00    0.00   clock SCK (rise edge)
                          0.00    0.00   clock source latency
                  0.07    0.04    0.04 ^ SCK (in)
     1    0.01                           SCK (net)
                  0.07    0.00    0.04 ^ clkbuf_0_SCK/A (sky130_fd_sc_hd__clkbuf_16)
                  0.06    0.14    0.18 ^ clkbuf_0_SCK/X (sky130_fd_sc_hd__clkbuf_16)
     4    0.04                           clknet_0_SCK (net)
                  0.06    0.00    0.18 ^ clkbuf_2_1__f_SCK/A (sky130_fd_sc_hd__clkbuf_16)
                  0.05    0.13    0.32 ^ clkbuf_2_1__f_SCK/X (sky130_fd_sc_hd__clkbuf_16)
    12    0.03                           clknet_2_1__leaf_SCK (net)
                  0.05    0.00    0.32 ^ _475_/CLK (sky130_fd_sc_hd__dfrtp_1)
                  0.08    0.33    0.65 ^ _475_/Q (sky130_fd_sc_hd__dfrtp_1)
     3    0.01                           net22 (net)
                  0.08    0.00    0.65 ^ _290_/A0 (sky130_fd_sc_hd__mux2_1)
                  0.04    0.12    0.77 ^ _290_/X (sky130_fd_sc_hd__mux2_1)
     1    0.00                           _141_ (net)
                  0.04    0.00    0.77 ^ _291_/A (sky130_fd_sc_hd__clkbuf_1)
                  0.04    0.07    0.84 ^ _291_/X (sky130_fd_sc_hd__clkbuf_1)
     1    0.00                           _082_ (net)
                  0.04    0.00    0.84 ^ _475_/D (sky130_fd_sc_hd__dfrtp_1)
                                  0.84   data arrival time

                          0.00    0.00   clock SCK (rise edge)
                          0.00    0.00   clock source latency
                  0.07    0.05    0.05 ^ SCK (in)
     1    0.01                           SCK (net)
                  0.07    0.00    0.05 ^ clkbuf_0_SCK/A (sky130_fd_sc_hd__clkbuf_16)
                  0.06    0.16    0.20 ^ clkbuf_0_SCK/X (sky130_fd_sc_hd__clkbuf_16)
     4    0.04                           clknet_0_SCK (net)
                  0.06    0.00    0.20 ^ clkbuf_2_1__f_SCK/A (sky130_fd_sc_hd__clkbuf_16)
                  0.05    0.15    0.35 ^ clkbuf_2_1__f_SCK/X (sky130_fd_sc_hd__clkbuf_16)
    12    0.03                           clknet_2_1__leaf_SCK (net)
                  0.05    0.00    0.35 ^ _475_/CLK (sky130_fd_sc_hd__dfrtp_1)
                          0.25    0.60   clock uncertainty
                         -0.03    0.57   clock reconvergence pessimism
                         -0.03    0.54   library hold time
                                  0.54   data required time
-----------------------------------------------------------------------------
                                  0.54   data required time
                                 -0.84   data arrival time
-----------------------------------------------------------------------------
                                  0.30   slack (MET)


Startpoint: _473_ (rising edge-triggered flip-flop clocked by SCK)
Endpoint: _474_ (rising edge-triggered flip-flop clocked by SCK)
Path Group: SCK
Path Type: min

Fanout     Cap    Slew   Delay    Time   Description
-----------------------------------------------------------------------------
                          0.00    0.00   clock SCK (rise edge)
                          0.00    0.00   clock source latency
                  0.07    0.04    0.04 ^ SCK (in)
     1    0.01                           SCK (net)
                  0.07    0.00    0.04 ^ clkbuf_0_SCK/A (sky130_fd_sc_hd__clkbuf_16)
                  0.06    0.14    0.18 ^ clkbuf_0_SCK/X (sky130_fd_sc_hd__clkbuf_16)
     4    0.04                           clknet_0_SCK (net)
                  0.06    0.00    0.18 ^ clkbuf_2_0__f_SCK/A (sky130_fd_sc_hd__clkbuf_16)
                  0.05    0.13    0.32 ^ clkbuf_2_0__f_SCK/X (sky130_fd_sc_hd__clkbuf_16)
     9    0.03                           clknet_2_0__leaf_SCK (net)
                  0.05    0.00    0.32 ^ _473_/CLK (sky130_fd_sc_hd__dfrtp_1)
                  0.14    0.38    0.69 ^ _473_/Q (sky130_fd_sc_hd__dfrtp_1)
     5    0.02                           fixed[1] (net)
                  0.14    0.00    0.69 ^ _298_/A1 (sky130_fd_sc_hd__o31a_1)
                  0.05    0.14    0.84 ^ _298_/X (sky130_fd_sc_hd__o31a_1)
     1    0.00                           _081_ (net)
                  0.05    0.00    0.84 ^ _474_/D (sky130_fd_sc_hd__dfrtp_1)
                                  0.84   data arrival time

                          0.00    0.00   clock SCK (rise edge)
                          0.00    0.00   clock source latency
                  0.07    0.05    0.05 ^ SCK (in)
     1    0.01                           SCK (net)
                  0.07    0.00    0.05 ^ clkbuf_0_SCK/A (sky130_fd_sc_hd__clkbuf_16)
                  0.06    0.16    0.20 ^ clkbuf_0_SCK/X (sky130_fd_sc_hd__clkbuf_16)
     4    0.04                           clknet_0_SCK (net)
                  0.06    0.00    0.20 ^ clkbuf_2_0__f_SCK/A (sky130_fd_sc_hd__clkbuf_16)
                  0.05    0.14    0.35 ^ clkbuf_2_0__f_SCK/X (sky130_fd_sc_hd__clkbuf_16)
     9    0.03                           clknet_2_0__leaf_SCK (net)
                  0.05    0.00    0.35 ^ _474_/CLK (sky130_fd_sc_hd__dfrtp_1)
                          0.25    0.60   clock uncertainty
                         -0.03    0.57   clock reconvergence pessimism
                         -0.03    0.53   library hold time
                                  0.53   data required time
-----------------------------------------------------------------------------
                                  0.53   data required time
                                 -0.84   data arrival time
-----------------------------------------------------------------------------
                                  0.30   slack (MET)


Startpoint: _476_ (rising edge-triggered flip-flop clocked by SCK)
Endpoint: _477_ (rising edge-triggered flip-flop clocked by SCK)
Path Group: SCK
Path Type: min

Fanout     Cap    Slew   Delay    Time   Description
-----------------------------------------------------------------------------
                          0.00    0.00   clock SCK (rise edge)
                          0.00    0.00   clock source latency
                  0.07    0.04    0.04 ^ SCK (in)
     1    0.01                           SCK (net)
                  0.07    0.00    0.04 ^ clkbuf_0_SCK/A (sky130_fd_sc_hd__clkbuf_16)
                  0.06    0.14    0.18 ^ clkbuf_0_SCK/X (sky130_fd_sc_hd__clkbuf_16)
     4    0.04                           clknet_0_SCK (net)
                  0.06    0.00    0.18 ^ clkbuf_2_1__f_SCK/A (sky130_fd_sc_hd__clkbuf_16)
                  0.05    0.13    0.32 ^ clkbuf_2_1__f_SCK/X (sky130_fd_sc_hd__clkbuf_16)
    12    0.03                           clknet_2_1__leaf_SCK (net)
                  0.05    0.00    0.32 ^ _476_/CLK (sky130_fd_sc_hd__dfrtp_1)
                  0.08    0.33    0.65 ^ _476_/Q (sky130_fd_sc_hd__dfrtp_1)
     3    0.01                           net23 (net)
                  0.08    0.00    0.65 ^ _286_/A1 (sky130_fd_sc_hd__mux2_1)
                  0.04    0.12    0.77 ^ _286_/X (sky130_fd_sc_hd__mux2_1)
     1    0.00                           _139_ (net)
                  0.04    0.00    0.77 ^ _287_/A (sky130_fd_sc_hd__clkbuf_1)
                  0.04    0.07    0.84 ^ _287_/X (sky130_fd_sc_hd__clkbuf_1)
     1    0.00                           _084_ (net)
                  0.04    0.00    0.84 ^ _477_/D (sky130_fd_sc_hd__dfrtp_1)
                                  0.84   data arrival time

                          0.00    0.00   clock SCK (rise edge)
                          0.00    0.00   clock source latency
                  0.07    0.05    0.05 ^ SCK (in)
     1    0.01                           SCK (net)
                  0.07    0.00    0.05 ^ clkbuf_0_SCK/A (sky130_fd_sc_hd__clkbuf_16)
                  0.06    0.16    0.20 ^ clkbuf_0_SCK/X (sky130_fd_sc_hd__clkbuf_16)
     4    0.04                           clknet_0_SCK (net)
                  0.06    0.00    0.20 ^ clkbuf_2_1__f_SCK/A (sky130_fd_sc_hd__clkbuf_16)
                  0.05    0.15    0.35 ^ clkbuf_2_1__f_SCK/X (sky130_fd_sc_hd__clkbuf_16)
    12    0.03                           clknet_2_1__leaf_SCK (net)
                  0.05    0.00    0.35 ^ _477_/CLK (sky130_fd_sc_hd__dfrtp_1)
                          0.25    0.60   clock uncertainty
                         -0.03    0.57   clock reconvergence pessimism
                         -0.03    0.54   library hold time
                                  0.54   data required time
-----------------------------------------------------------------------------
                                  0.54   data required time
                                 -0.84   data arrival time
-----------------------------------------------------------------------------
                                  0.31   slack (MET)


Startpoint: _478_ (rising edge-triggered flip-flop clocked by SCK)
Endpoint: _479_ (rising edge-triggered flip-flop clocked by SCK)
Path Group: SCK
Path Type: min

Fanout     Cap    Slew   Delay    Time   Description
-----------------------------------------------------------------------------
                          0.00    0.00   clock SCK (rise edge)
                          0.00    0.00   clock source latency
                  0.07    0.04    0.04 ^ SCK (in)
     1    0.01                           SCK (net)
                  0.07    0.00    0.04 ^ clkbuf_0_SCK/A (sky130_fd_sc_hd__clkbuf_16)
                  0.06    0.14    0.18 ^ clkbuf_0_SCK/X (sky130_fd_sc_hd__clkbuf_16)
     4    0.04                           clknet_0_SCK (net)
                  0.06    0.00    0.18 ^ clkbuf_2_1__f_SCK/A (sky130_fd_sc_hd__clkbuf_16)
                  0.05    0.13    0.32 ^ clkbuf_2_1__f_SCK/X (sky130_fd_sc_hd__clkbuf_16)
    12    0.03                           clknet_2_1__leaf_SCK (net)
                  0.05    0.00    0.32 ^ _478_/CLK (sky130_fd_sc_hd__dfrtp_1)
                  0.08    0.33    0.65 ^ _478_/Q (sky130_fd_sc_hd__dfrtp_1)
     3    0.01                           net25 (net)
                  0.08    0.00    0.65 ^ _282_/A1 (sky130_fd_sc_hd__mux2_1)
                  0.04    0.12    0.77 ^ _282_/X (sky130_fd_sc_hd__mux2_1)
     1    0.00                           _137_ (net)
                  0.04    0.00    0.77 ^ _283_/A (sky130_fd_sc_hd__clkbuf_1)
                  0.04    0.07    0.84 ^ _283_/X (sky130_fd_sc_hd__clkbuf_1)
     1    0.00                           _086_ (net)
                  0.04    0.00    0.84 ^ _479_/D (sky130_fd_sc_hd__dfrtp_1)
                                  0.84   data arrival time

                          0.00    0.00   clock SCK (rise edge)
                          0.00    0.00   clock source latency
                  0.07    0.05    0.05 ^ SCK (in)
     1    0.01                           SCK (net)
                  0.07    0.00    0.05 ^ clkbuf_0_SCK/A (sky130_fd_sc_hd__clkbuf_16)
                  0.06    0.16    0.20 ^ clkbuf_0_SCK/X (sky130_fd_sc_hd__clkbuf_16)
     4    0.04                           clknet_0_SCK (net)
                  0.06    0.00    0.20 ^ clkbuf_2_1__f_SCK/A (sky130_fd_sc_hd__clkbuf_16)
                  0.05    0.15    0.35 ^ clkbuf_2_1__f_SCK/X (sky130_fd_sc_hd__clkbuf_16)
    12    0.03                           clknet_2_1__leaf_SCK (net)
                  0.05    0.00    0.35 ^ _479_/CLK (sky130_fd_sc_hd__dfrtp_1)
                          0.25    0.60   clock uncertainty
                         -0.03    0.57   clock reconvergence pessimism
                         -0.03    0.54   library hold time
                                  0.54   data required time
-----------------------------------------------------------------------------
                                  0.54   data required time
                                 -0.84   data arrival time
-----------------------------------------------------------------------------
                                  0.31   slack (MET)


Startpoint: _493_ (rising edge-triggered flip-flop clocked by SCK')
Endpoint: _493_ (rising edge-triggered flip-flop clocked by SCK')
Path Group: SCK
Path Type: min

Fanout     Cap    Slew   Delay    Time   Description
-----------------------------------------------------------------------------
                          5.00    5.00   clock SCK' (rise edge)
                          0.00    5.00   clock source latency
                  0.03    0.02    5.02 v SCK (in)
     1    0.01                           SCK (net)
                  0.03    0.00    5.02 v clkbuf_0_SCK/A (sky130_fd_sc_hd__clkbuf_16)
                  0.04    0.14    5.16 v clkbuf_0_SCK/X (sky130_fd_sc_hd__clkbuf_16)
     4    0.03                           clknet_0_SCK (net)
                  0.04    0.00    5.16 v clkbuf_2_3__f_SCK/A (sky130_fd_sc_hd__clkbuf_16)
                  0.03    0.14    5.30 v clkbuf_2_3__f_SCK/X (sky130_fd_sc_hd__clkbuf_16)
     6    0.02                           clknet_2_3__leaf_SCK (net)
                  0.03    0.00    5.30 v _437_/A (sky130_fd_sc_hd__buf_1)
                  0.06    0.10    5.40 v _437_/X (sky130_fd_sc_hd__buf_1)
     1    0.01                           _221_ (net)
                  0.06    0.00    5.40 v clkbuf_0__221_/A (sky130_fd_sc_hd__clkbuf_16)
                  0.03    0.14    5.54 v clkbuf_0__221_/X (sky130_fd_sc_hd__clkbuf_16)
     2    0.02                           clknet_0__221_ (net)
                  0.03    0.00    5.54 v clkbuf_1_1__f__221_/A (sky130_fd_sc_hd__clkbuf_16)
                  0.04    0.14    5.68 v clkbuf_1_1__f__221_/X (sky130_fd_sc_hd__clkbuf_16)
     6    0.03                           clknet_1_1__leaf__221_ (net)
                  0.04    0.00    5.68 v _448__5/A (sky130_fd_sc_hd__inv_2)
                  0.02    0.04    5.72 ^ _448__5/Y (sky130_fd_sc_hd__inv_2)
     1    0.00                           net43 (net)
                  0.02    0.00    5.72 ^ _493_/CLK (sky130_fd_sc_hd__dfrtp_1)
                  0.09    0.33    6.05 ^ _493_/Q (sky130_fd_sc_hd__dfrtp_1)
     2    0.01                           ldata[2] (net)
                  0.09    0.00    6.05 ^ _251_/A1 (sky130_fd_sc_hd__mux2_1)
                  0.04    0.12    6.17 ^ _251_/X (sky130_fd_sc_hd__mux2_1)
     1    0.00                           _118_ (net)
                  0.04    0.00    6.17 ^ _252_/A (sky130_fd_sc_hd__clkbuf_1)
                  0.04    0.07    6.24 ^ _252_/X (sky130_fd_sc_hd__clkbuf_1)
     1    0.00                           _094_ (net)
                  0.04    0.00    6.24 ^ _493_/D (sky130_fd_sc_hd__dfrtp_1)
                                  6.24   data arrival time

                          5.00    5.00   clock SCK' (rise edge)
                          0.00    5.00   clock source latency
                  0.03    0.02    5.02 v SCK (in)
     1    0.01                           SCK (net)
                  0.03    0.00    5.02 v clkbuf_0_SCK/A (sky130_fd_sc_hd__clkbuf_16)
                  0.04    0.16    5.18 v clkbuf_0_SCK/X (sky130_fd_sc_hd__clkbuf_16)
     4    0.03                           clknet_0_SCK (net)
                  0.04    0.00    5.18 v clkbuf_2_3__f_SCK/A (sky130_fd_sc_hd__clkbuf_16)
                  0.03    0.15    5.33 v clkbuf_2_3__f_SCK/X (sky130_fd_sc_hd__clkbuf_16)
     6    0.02                           clknet_2_3__leaf_SCK (net)
                  0.03    0.00    5.33 v _437_/A (sky130_fd_sc_hd__buf_1)
                  0.06    0.11    5.44 v _437_/X (sky130_fd_sc_hd__buf_1)
     1    0.01                           _221_ (net)
                  0.06    0.00    5.44 v clkbuf_0__221_/A (sky130_fd_sc_hd__clkbuf_16)
                  0.03    0.16    5.60 v clkbuf_0__221_/X (sky130_fd_sc_hd__clkbuf_16)
     2    0.02                           clknet_0__221_ (net)
                  0.03    0.00    5.60 v clkbuf_1_1__f__221_/A (sky130_fd_sc_hd__clkbuf_16)
                  0.04    0.16    5.76 v clkbuf_1_1__f__221_/X (sky130_fd_sc_hd__clkbuf_16)
     6    0.03                           clknet_1_1__leaf__221_ (net)
                  0.04    0.00    5.76 v _448__5/A (sky130_fd_sc_hd__inv_2)
                  0.02    0.04    5.80 ^ _448__5/Y (sky130_fd_sc_hd__inv_2)
     1    0.00                           net43 (net)
                  0.02    0.00    5.80 ^ _493_/CLK (sky130_fd_sc_hd__dfrtp_1)
                          0.25    6.05   clock uncertainty
                         -0.08    5.97   clock reconvergence pessimism
                         -0.04    5.93   library hold time
                                  5.93   data required time
-----------------------------------------------------------------------------
                                  5.93   data required time
                                 -6.24   data arrival time
-----------------------------------------------------------------------------
                                  0.31   slack (MET)


Startpoint: _482_ (rising edge-triggered flip-flop clocked by SCK)
Endpoint: _456_ (rising edge-triggered flip-flop clocked by SCK)
Path Group: SCK
Path Type: min

Fanout     Cap    Slew   Delay    Time   Description
-----------------------------------------------------------------------------
                          0.00    0.00   clock SCK (rise edge)
                          0.00    0.00   clock source latency
                  0.07    0.04    0.04 ^ SCK (in)
     1    0.01                           SCK (net)
                  0.07    0.00    0.04 ^ clkbuf_0_SCK/A (sky130_fd_sc_hd__clkbuf_16)
                  0.06    0.14    0.18 ^ clkbuf_0_SCK/X (sky130_fd_sc_hd__clkbuf_16)
     4    0.04                           clknet_0_SCK (net)
                  0.06    0.00    0.18 ^ clkbuf_2_1__f_SCK/A (sky130_fd_sc_hd__clkbuf_16)
                  0.05    0.13    0.32 ^ clkbuf_2_1__f_SCK/X (sky130_fd_sc_hd__clkbuf_16)
    12    0.03                           clknet_2_1__leaf_SCK (net)
                  0.05    0.00    0.32 ^ _482_/CLK (sky130_fd_sc_hd__dfrtp_2)
                  0.12    0.39    0.71 ^ _482_/Q (sky130_fd_sc_hd__dfrtp_2)
     6    0.02                           pre_pass_thru_mgmt (net)
                  0.12    0.00    0.71 ^ _372_/A1 (sky130_fd_sc_hd__a31o_1)
                  0.04    0.14    0.85 ^ _372_/X (sky130_fd_sc_hd__a31o_1)
     1    0.00                           _063_ (net)
                  0.04    0.00    0.85 ^ _456_/D (sky130_fd_sc_hd__dfrtp_1)
                                  0.85   data arrival time

                          0.00    0.00   clock SCK (rise edge)
                          0.00    0.00   clock source latency
                  0.07    0.05    0.05 ^ SCK (in)
     1    0.01                           SCK (net)
                  0.07    0.00    0.05 ^ clkbuf_0_SCK/A (sky130_fd_sc_hd__clkbuf_16)
                  0.06    0.16    0.20 ^ clkbuf_0_SCK/X (sky130_fd_sc_hd__clkbuf_16)
     4    0.04                           clknet_0_SCK (net)
                  0.06    0.00    0.20 ^ clkbuf_2_3__f_SCK/A (sky130_fd_sc_hd__clkbuf_16)
                  0.04    0.14    0.34 ^ clkbuf_2_3__f_SCK/X (sky130_fd_sc_hd__clkbuf_16)
     6    0.02                           clknet_2_3__leaf_SCK (net)
                  0.04    0.00    0.34 ^ _456_/CLK (sky130_fd_sc_hd__dfrtp_1)
                          0.25    0.59   clock uncertainty
                         -0.02    0.57   clock reconvergence pessimism
                         -0.03    0.54   library hold time
                                  0.54   data required time
-----------------------------------------------------------------------------
                                  0.54   data required time
                                 -0.85   data arrival time
-----------------------------------------------------------------------------
                                  0.31   slack (MET)


Startpoint: _472_ (rising edge-triggered flip-flop clocked by SCK)
Endpoint: _473_ (rising edge-triggered flip-flop clocked by SCK)
Path Group: SCK
Path Type: min

Fanout     Cap    Slew   Delay    Time   Description
-----------------------------------------------------------------------------
                          0.00    0.00   clock SCK (rise edge)
                          0.00    0.00   clock source latency
                  0.07    0.04    0.04 ^ SCK (in)
     1    0.01                           SCK (net)
                  0.07    0.00    0.04 ^ clkbuf_0_SCK/A (sky130_fd_sc_hd__clkbuf_16)
                  0.06    0.14    0.18 ^ clkbuf_0_SCK/X (sky130_fd_sc_hd__clkbuf_16)
     4    0.04                           clknet_0_SCK (net)
                  0.06    0.00    0.18 ^ clkbuf_2_0__f_SCK/A (sky130_fd_sc_hd__clkbuf_16)
                  0.05    0.13    0.32 ^ clkbuf_2_0__f_SCK/X (sky130_fd_sc_hd__clkbuf_16)
     9    0.03                           clknet_2_0__leaf_SCK (net)
                  0.05    0.00    0.32 ^ _472_/CLK (sky130_fd_sc_hd__dfrtp_1)
                  0.08    0.33    0.64 ^ _472_/Q (sky130_fd_sc_hd__dfrtp_1)
     2    0.01                           fixed[0] (net)
                  0.08    0.00    0.64 ^ _299_/A (sky130_fd_sc_hd__or3b_1)
                  0.09    0.14    0.78 ^ _299_/X (sky130_fd_sc_hd__or3b_1)
     2    0.01                           _148_ (net)
                  0.09    0.00    0.78 ^ _301_/A (sky130_fd_sc_hd__xnor2_1)
                  0.03    0.07    0.85 v _301_/Y (sky130_fd_sc_hd__xnor2_1)
     1    0.00                           _080_ (net)
                  0.03    0.00    0.85 v _473_/D (sky130_fd_sc_hd__dfrtp_1)
                                  0.85   data arrival time

                          0.00    0.00   clock SCK (rise edge)
                          0.00    0.00   clock source latency
                  0.07    0.05    0.05 ^ SCK (in)
     1    0.01                           SCK (net)
                  0.07    0.00    0.05 ^ clkbuf_0_SCK/A (sky130_fd_sc_hd__clkbuf_16)
                  0.06    0.16    0.20 ^ clkbuf_0_SCK/X (sky130_fd_sc_hd__clkbuf_16)
     4    0.04                           clknet_0_SCK (net)
                  0.06    0.00    0.20 ^ clkbuf_2_0__f_SCK/A (sky130_fd_sc_hd__clkbuf_16)
                  0.05    0.14    0.35 ^ clkbuf_2_0__f_SCK/X (sky130_fd_sc_hd__clkbuf_16)
     9    0.03                           clknet_2_0__leaf_SCK (net)
                  0.05    0.00    0.35 ^ _473_/CLK (sky130_fd_sc_hd__dfrtp_1)
                          0.25    0.60   clock uncertainty
                         -0.03    0.57   clock reconvergence pessimism
                         -0.04    0.53   library hold time
                                  0.53   data required time
-----------------------------------------------------------------------------
                                  0.53   data required time
                                 -0.85   data arrival time
-----------------------------------------------------------------------------
                                  0.32   slack (MET)


Startpoint: _465_ (rising edge-triggered flip-flop clocked by SCK)
Endpoint: _465_ (rising edge-triggered flip-flop clocked by SCK)
Path Group: SCK
Path Type: min

Fanout     Cap    Slew   Delay    Time   Description
-----------------------------------------------------------------------------
                          0.00    0.00   clock SCK (rise edge)
                          0.00    0.00   clock source latency
                  0.07    0.04    0.04 ^ SCK (in)
     1    0.01                           SCK (net)
                  0.07    0.00    0.04 ^ clkbuf_0_SCK/A (sky130_fd_sc_hd__clkbuf_16)
                  0.06    0.14    0.18 ^ clkbuf_0_SCK/X (sky130_fd_sc_hd__clkbuf_16)
     4    0.04                           clknet_0_SCK (net)
                  0.06    0.00    0.18 ^ clkbuf_2_0__f_SCK/A (sky130_fd_sc_hd__clkbuf_16)
                  0.05    0.13    0.32 ^ clkbuf_2_0__f_SCK/X (sky130_fd_sc_hd__clkbuf_16)
     9    0.03                           clknet_2_0__leaf_SCK (net)
                  0.05    0.00    0.32 ^ _465_/CLK (sky130_fd_sc_hd__dfrtp_1)
                  0.13    0.36    0.68 ^ _465_/Q (sky130_fd_sc_hd__dfrtp_1)
     5    0.01                           addr[6] (net)
                  0.13    0.00    0.68 ^ _336_/A0 (sky130_fd_sc_hd__mux2_1)
                  0.04    0.13    0.81 ^ _336_/X (sky130_fd_sc_hd__mux2_1)
     1    0.00                           _176_ (net)
                  0.04    0.00    0.81 ^ _337_/A (sky130_fd_sc_hd__clkbuf_1)
                  0.04    0.07    0.88 ^ _337_/X (sky130_fd_sc_hd__clkbuf_1)
     1    0.00                           _072_ (net)
                  0.04    0.00    0.88 ^ _465_/D (sky130_fd_sc_hd__dfrtp_1)
                                  0.88   data arrival time

                          0.00    0.00   clock SCK (rise edge)
                          0.00    0.00   clock source latency
                  0.07    0.05    0.05 ^ SCK (in)
     1    0.01                           SCK (net)
                  0.07    0.00    0.05 ^ clkbuf_0_SCK/A (sky130_fd_sc_hd__clkbuf_16)
                  0.06    0.16    0.20 ^ clkbuf_0_SCK/X (sky130_fd_sc_hd__clkbuf_16)
     4    0.04                           clknet_0_SCK (net)
                  0.06    0.00    0.20 ^ clkbuf_2_0__f_SCK/A (sky130_fd_sc_hd__clkbuf_16)
                  0.05    0.14    0.35 ^ clkbuf_2_0__f_SCK/X (sky130_fd_sc_hd__clkbuf_16)
     9    0.03                           clknet_2_0__leaf_SCK (net)
                  0.05    0.00    0.35 ^ _465_/CLK (sky130_fd_sc_hd__dfrtp_1)
                          0.25    0.60   clock uncertainty
                         -0.03    0.57   clock reconvergence pessimism
                         -0.03    0.53   library hold time
                                  0.53   data required time
-----------------------------------------------------------------------------
                                  0.53   data required time
                                 -0.88   data arrival time
-----------------------------------------------------------------------------
                                  0.35   slack (MET)


Startpoint: _464_ (rising edge-triggered flip-flop clocked by SCK)
Endpoint: _464_ (rising edge-triggered flip-flop clocked by SCK)
Path Group: SCK
Path Type: min

Fanout     Cap    Slew   Delay    Time   Description
-----------------------------------------------------------------------------
                          0.00    0.00   clock SCK (rise edge)
                          0.00    0.00   clock source latency
                  0.07    0.04    0.04 ^ SCK (in)
     1    0.01                           SCK (net)
                  0.07    0.00    0.04 ^ clkbuf_0_SCK/A (sky130_fd_sc_hd__clkbuf_16)
                  0.06    0.14    0.18 ^ clkbuf_0_SCK/X (sky130_fd_sc_hd__clkbuf_16)
     4    0.04                           clknet_0_SCK (net)
                  0.06    0.00    0.18 ^ clkbuf_2_0__f_SCK/A (sky130_fd_sc_hd__clkbuf_16)
                  0.05    0.13    0.32 ^ clkbuf_2_0__f_SCK/X (sky130_fd_sc_hd__clkbuf_16)
     9    0.03                           clknet_2_0__leaf_SCK (net)
                  0.05    0.00    0.32 ^ _464_/CLK (sky130_fd_sc_hd__dfrtp_2)
                  0.10    0.37    0.69 ^ _464_/Q (sky130_fd_sc_hd__dfrtp_2)
     7    0.02                           addr[5] (net)
                  0.10    0.00    0.69 ^ _341_/A0 (sky130_fd_sc_hd__mux2_1)
                  0.04    0.13    0.81 ^ _341_/X (sky130_fd_sc_hd__mux2_1)
     1    0.00                           _180_ (net)
                  0.04    0.00    0.81 ^ _342_/A (sky130_fd_sc_hd__clkbuf_1)
                  0.04    0.07    0.88 ^ _342_/X (sky130_fd_sc_hd__clkbuf_1)
     1    0.00                           _071_ (net)
                  0.04    0.00    0.88 ^ _464_/D (sky130_fd_sc_hd__dfrtp_2)
                                  0.88   data arrival time

                          0.00    0.00   clock SCK (rise edge)
                          0.00    0.00   clock source latency
                  0.07    0.05    0.05 ^ SCK (in)
     1    0.01                           SCK (net)
                  0.07    0.00    0.05 ^ clkbuf_0_SCK/A (sky130_fd_sc_hd__clkbuf_16)
                  0.06    0.16    0.20 ^ clkbuf_0_SCK/X (sky130_fd_sc_hd__clkbuf_16)
     4    0.04                           clknet_0_SCK (net)
                  0.06    0.00    0.20 ^ clkbuf_2_0__f_SCK/A (sky130_fd_sc_hd__clkbuf_16)
                  0.05    0.14    0.35 ^ clkbuf_2_0__f_SCK/X (sky130_fd_sc_hd__clkbuf_16)
     9    0.03                           clknet_2_0__leaf_SCK (net)
                  0.05    0.00    0.35 ^ _464_/CLK (sky130_fd_sc_hd__dfrtp_2)
                          0.25    0.60   clock uncertainty
                         -0.03    0.57   clock reconvergence pessimism
                         -0.03    0.53   library hold time
                                  0.53   data required time
-----------------------------------------------------------------------------
                                  0.53   data required time
                                 -0.88   data arrival time
-----------------------------------------------------------------------------
                                  0.35   slack (MET)


Startpoint: _488_ (rising edge-triggered flip-flop clocked by SCK)
Endpoint: _488_ (rising edge-triggered flip-flop clocked by SCK)
Path Group: SCK
Path Type: min

Fanout     Cap    Slew   Delay    Time   Description
-----------------------------------------------------------------------------
                          0.00    0.00   clock SCK (rise edge)
                          0.00    0.00   clock source latency
                  0.07    0.04    0.04 ^ SCK (in)
     1    0.01                           SCK (net)
                  0.07    0.00    0.04 ^ clkbuf_0_SCK/A (sky130_fd_sc_hd__clkbuf_16)
                  0.06    0.14    0.18 ^ clkbuf_0_SCK/X (sky130_fd_sc_hd__clkbuf_16)
     4    0.04                           clknet_0_SCK (net)
                  0.06    0.00    0.18 ^ clkbuf_2_2__f_SCK/A (sky130_fd_sc_hd__clkbuf_16)
                  0.05    0.13    0.32 ^ clkbuf_2_2__f_SCK/X (sky130_fd_sc_hd__clkbuf_16)
     9    0.03                           clknet_2_2__leaf_SCK (net)
                  0.05    0.00    0.32 ^ _488_/CLK (sky130_fd_sc_hd__dfrtp_4)
                  0.12    0.44    0.76 ^ _488_/Q (sky130_fd_sc_hd__dfrtp_4)
     8    0.03                           state[2] (net)
                  0.12    0.00    0.76 ^ _382_/B2 (sky130_fd_sc_hd__a22o_1)
                  0.04    0.13    0.89 ^ _382_/X (sky130_fd_sc_hd__a22o_1)
     1    0.00                           _003_ (net)
                  0.04    0.00    0.89 ^ _488_/D (sky130_fd_sc_hd__dfrtp_4)
                                  0.89   data arrival time

                          0.00    0.00   clock SCK (rise edge)
                          0.00    0.00   clock source latency
                  0.07    0.05    0.05 ^ SCK (in)
     1    0.01                           SCK (net)
                  0.07    0.00    0.05 ^ clkbuf_0_SCK/A (sky130_fd_sc_hd__clkbuf_16)
                  0.06    0.16    0.20 ^ clkbuf_0_SCK/X (sky130_fd_sc_hd__clkbuf_16)
     4    0.04                           clknet_0_SCK (net)
                  0.06    0.00    0.20 ^ clkbuf_2_2__f_SCK/A (sky130_fd_sc_hd__clkbuf_16)
                  0.05    0.14    0.35 ^ clkbuf_2_2__f_SCK/X (sky130_fd_sc_hd__clkbuf_16)
     9    0.03                           clknet_2_2__leaf_SCK (net)
                  0.05    0.00    0.35 ^ _488_/CLK (sky130_fd_sc_hd__dfrtp_4)
                          0.25    0.60   clock uncertainty
                         -0.03    0.57   clock reconvergence pessimism
                         -0.03    0.53   library hold time
                                  0.53   data required time
-----------------------------------------------------------------------------
                                  0.53   data required time
                                 -0.89   data arrival time
-----------------------------------------------------------------------------
                                  0.35   slack (MET)


Startpoint: _484_ (rising edge-triggered flip-flop clocked by SCK)
Endpoint: _489_ (rising edge-triggered flip-flop clocked by SCK)
Path Group: SCK
Path Type: min

Fanout     Cap    Slew   Delay    Time   Description
-----------------------------------------------------------------------------
                          0.00    0.00   clock SCK (rise edge)
                          0.00    0.00   clock source latency
                  0.07    0.04    0.04 ^ SCK (in)
     1    0.01                           SCK (net)
                  0.07    0.00    0.04 ^ clkbuf_0_SCK/A (sky130_fd_sc_hd__clkbuf_16)
                  0.06    0.14    0.18 ^ clkbuf_0_SCK/X (sky130_fd_sc_hd__clkbuf_16)
     4    0.04                           clknet_0_SCK (net)
                  0.06    0.00    0.18 ^ clkbuf_2_1__f_SCK/A (sky130_fd_sc_hd__clkbuf_16)
                  0.05    0.13    0.32 ^ clkbuf_2_1__f_SCK/X (sky130_fd_sc_hd__clkbuf_16)
    12    0.03                           clknet_2_1__leaf_SCK (net)
                  0.05    0.00    0.32 ^ _484_/CLK (sky130_fd_sc_hd__dfrtp_1)
                  0.14    0.38    0.70 ^ _484_/Q (sky130_fd_sc_hd__dfrtp_1)
     5    0.01                           pre_pass_thru_user (net)
                  0.14    0.00    0.70 ^ _378_/A1 (sky130_fd_sc_hd__o32a_1)
                  0.07    0.18    0.87 ^ _378_/X (sky130_fd_sc_hd__o32a_1)
     1    0.00                           _204_ (net)
                  0.07    0.00    0.87 ^ _379_/A (sky130_fd_sc_hd__inv_2)
                  0.02    0.03    0.90 v _379_/Y (sky130_fd_sc_hd__inv_2)
     1    0.00                           _004_ (net)
                  0.02    0.00    0.90 v _489_/D (sky130_fd_sc_hd__dfrtp_1)
                                  0.90   data arrival time

                          0.00    0.00   clock SCK (rise edge)
                          0.00    0.00   clock source latency
                  0.07    0.05    0.05 ^ SCK (in)
     1    0.01                           SCK (net)
                  0.07    0.00    0.05 ^ clkbuf_0_SCK/A (sky130_fd_sc_hd__clkbuf_16)
                  0.06    0.16    0.20 ^ clkbuf_0_SCK/X (sky130_fd_sc_hd__clkbuf_16)
     4    0.04                           clknet_0_SCK (net)
                  0.06    0.00    0.20 ^ clkbuf_2_2__f_SCK/A (sky130_fd_sc_hd__clkbuf_16)
                  0.05    0.14    0.35 ^ clkbuf_2_2__f_SCK/X (sky130_fd_sc_hd__clkbuf_16)
     9    0.03                           clknet_2_2__leaf_SCK (net)
                  0.05    0.00    0.35 ^ _489_/CLK (sky130_fd_sc_hd__dfrtp_1)
                          0.25    0.60   clock uncertainty
                         -0.02    0.58   clock reconvergence pessimism
                         -0.03    0.55   library hold time
                                  0.55   data required time
-----------------------------------------------------------------------------
                                  0.55   data required time
                                 -0.90   data arrival time
-----------------------------------------------------------------------------
                                  0.35   slack (MET)


Startpoint: _472_ (rising edge-triggered flip-flop clocked by SCK)
Endpoint: _472_ (rising edge-triggered flip-flop clocked by SCK)
Path Group: SCK
Path Type: min

Fanout     Cap    Slew   Delay    Time   Description
-----------------------------------------------------------------------------
                          0.00    0.00   clock SCK (rise edge)
                          0.00    0.00   clock source latency
                  0.07    0.04    0.04 ^ SCK (in)
     1    0.01                           SCK (net)
                  0.07    0.00    0.04 ^ clkbuf_0_SCK/A (sky130_fd_sc_hd__clkbuf_16)
                  0.06    0.14    0.18 ^ clkbuf_0_SCK/X (sky130_fd_sc_hd__clkbuf_16)
     4    0.04                           clknet_0_SCK (net)
                  0.06    0.00    0.18 ^ clkbuf_2_0__f_SCK/A (sky130_fd_sc_hd__clkbuf_16)
                  0.05    0.13    0.32 ^ clkbuf_2_0__f_SCK/X (sky130_fd_sc_hd__clkbuf_16)
     9    0.03                           clknet_2_0__leaf_SCK (net)
                  0.05    0.00    0.32 ^ _472_/CLK (sky130_fd_sc_hd__dfrtp_1)
                  0.08    0.33    0.64 ^ _472_/Q (sky130_fd_sc_hd__dfrtp_1)
     2    0.01                           fixed[0] (net)
                  0.08    0.00    0.64 ^ _295_/A (sky130_fd_sc_hd__inv_2)
                  0.03    0.05    0.69 v _295_/Y (sky130_fd_sc_hd__inv_2)
     4    0.01                           _145_ (net)
                  0.03    0.00    0.69 v _303_/B1 (sky130_fd_sc_hd__a21o_1)
                  0.03    0.14    0.83 v _303_/X (sky130_fd_sc_hd__a21o_1)
     1    0.00                           _151_ (net)
                  0.03    0.00    0.83 v _304_/C1 (sky130_fd_sc_hd__o221ai_1)
                  0.07    0.05    0.88 ^ _304_/Y (sky130_fd_sc_hd__o221ai_1)
     1    0.00                           _079_ (net)
                  0.07    0.00    0.88 ^ _472_/D (sky130_fd_sc_hd__dfrtp_1)
                                  0.88   data arrival time

                          0.00    0.00   clock SCK (rise edge)
                          0.00    0.00   clock source latency
                  0.07    0.05    0.05 ^ SCK (in)
     1    0.01                           SCK (net)
                  0.07    0.00    0.05 ^ clkbuf_0_SCK/A (sky130_fd_sc_hd__clkbuf_16)
                  0.06    0.16    0.20 ^ clkbuf_0_SCK/X (sky130_fd_sc_hd__clkbuf_16)
     4    0.04                           clknet_0_SCK (net)
                  0.06    0.00    0.20 ^ clkbuf_2_0__f_SCK/A (sky130_fd_sc_hd__clkbuf_16)
                  0.05    0.14    0.35 ^ clkbuf_2_0__f_SCK/X (sky130_fd_sc_hd__clkbuf_16)
     9    0.03                           clknet_2_0__leaf_SCK (net)
                  0.05    0.00    0.35 ^ _472_/CLK (sky130_fd_sc_hd__dfrtp_1)
                          0.25    0.60   clock uncertainty
                         -0.03    0.57   clock reconvergence pessimism
                         -0.04    0.53   library hold time
                                  0.53   data required time
-----------------------------------------------------------------------------
                                  0.53   data required time
                                 -0.88   data arrival time
-----------------------------------------------------------------------------
                                  0.36   slack (MET)


Startpoint: _469_ (rising edge-triggered flip-flop clocked by SCK)
Endpoint: _482_ (rising edge-triggered flip-flop clocked by SCK)
Path Group: SCK
Path Type: min

Fanout     Cap    Slew   Delay    Time   Description
-----------------------------------------------------------------------------
                          0.00    0.00   clock SCK (rise edge)
                          0.00    0.00   clock source latency
                  0.07    0.04    0.04 ^ SCK (in)
     1    0.01                           SCK (net)
                  0.07    0.00    0.04 ^ clkbuf_0_SCK/A (sky130_fd_sc_hd__clkbuf_16)
                  0.06    0.14    0.18 ^ clkbuf_0_SCK/X (sky130_fd_sc_hd__clkbuf_16)
     4    0.04                           clknet_0_SCK (net)
                  0.06    0.00    0.18 ^ clkbuf_2_1__f_SCK/A (sky130_fd_sc_hd__clkbuf_16)
                  0.05    0.13    0.32 ^ clkbuf_2_1__f_SCK/X (sky130_fd_sc_hd__clkbuf_16)
    12    0.03                           clknet_2_1__leaf_SCK (net)
                  0.05    0.00    0.32 ^ _469_/CLK (sky130_fd_sc_hd__dfrtp_4)
                  0.10    0.42    0.74 ^ _469_/Q (sky130_fd_sc_hd__dfrtp_4)
     9    0.02                           count[2] (net)
                  0.10    0.00    0.74 ^ _276_/A2 (sky130_fd_sc_hd__a41o_1)
                  0.04    0.15    0.90 ^ _276_/X (sky130_fd_sc_hd__a41o_1)
     1    0.00                           _089_ (net)
                  0.04    0.00    0.90 ^ _482_/D (sky130_fd_sc_hd__dfrtp_2)
                                  0.90   data arrival time

                          0.00    0.00   clock SCK (rise edge)
                          0.00    0.00   clock source latency
                  0.07    0.05    0.05 ^ SCK (in)
     1    0.01                           SCK (net)
                  0.07    0.00    0.05 ^ clkbuf_0_SCK/A (sky130_fd_sc_hd__clkbuf_16)
                  0.06    0.16    0.20 ^ clkbuf_0_SCK/X (sky130_fd_sc_hd__clkbuf_16)
     4    0.04                           clknet_0_SCK (net)
                  0.06    0.00    0.20 ^ clkbuf_2_1__f_SCK/A (sky130_fd_sc_hd__clkbuf_16)
                  0.05    0.15    0.35 ^ clkbuf_2_1__f_SCK/X (sky130_fd_sc_hd__clkbuf_16)
    12    0.03                           clknet_2_1__leaf_SCK (net)
                  0.05    0.00    0.35 ^ _482_/CLK (sky130_fd_sc_hd__dfrtp_2)
                          0.25    0.60   clock uncertainty
                         -0.03    0.57   clock reconvergence pessimism
                         -0.03    0.54   library hold time
                                  0.54   data required time
-----------------------------------------------------------------------------
                                  0.54   data required time
                                 -0.90   data arrival time
-----------------------------------------------------------------------------
                                  0.36   slack (MET)


Startpoint: _461_ (rising edge-triggered flip-flop clocked by SCK)
Endpoint: _461_ (rising edge-triggered flip-flop clocked by SCK)
Path Group: SCK
Path Type: min

Fanout     Cap    Slew   Delay    Time   Description
-----------------------------------------------------------------------------
                          0.00    0.00   clock SCK (rise edge)
                          0.00    0.00   clock source latency
                  0.07    0.04    0.04 ^ SCK (in)
     1    0.01                           SCK (net)
                  0.07    0.00    0.04 ^ clkbuf_0_SCK/A (sky130_fd_sc_hd__clkbuf_16)
                  0.06    0.14    0.18 ^ clkbuf_0_SCK/X (sky130_fd_sc_hd__clkbuf_16)
     4    0.04                           clknet_0_SCK (net)
                  0.06    0.00    0.18 ^ clkbuf_2_2__f_SCK/A (sky130_fd_sc_hd__clkbuf_16)
                  0.05    0.13    0.32 ^ clkbuf_2_2__f_SCK/X (sky130_fd_sc_hd__clkbuf_16)
     9    0.03                           clknet_2_2__leaf_SCK (net)
                  0.05    0.00    0.32 ^ _461_/CLK (sky130_fd_sc_hd__dfrtp_2)
                  0.11    0.38    0.70 ^ _461_/Q (sky130_fd_sc_hd__dfrtp_2)
     8    0.02                           addr[2] (net)
                  0.11    0.00    0.70 ^ _356_/A0 (sky130_fd_sc_hd__mux2_1)
                  0.04    0.13    0.83 ^ _356_/X (sky130_fd_sc_hd__mux2_1)
     1    0.00                           _192_ (net)
                  0.04    0.00    0.83 ^ _357_/A (sky130_fd_sc_hd__clkbuf_1)
                  0.04    0.07    0.90 ^ _357_/X (sky130_fd_sc_hd__clkbuf_1)
     1    0.00                           _068_ (net)
                  0.04    0.00    0.90 ^ _461_/D (sky130_fd_sc_hd__dfrtp_2)
                                  0.90   data arrival time

                          0.00    0.00   clock SCK (rise edge)
                          0.00    0.00   clock source latency
                  0.07    0.05    0.05 ^ SCK (in)
     1    0.01                           SCK (net)
                  0.07    0.00    0.05 ^ clkbuf_0_SCK/A (sky130_fd_sc_hd__clkbuf_16)
                  0.06    0.16    0.20 ^ clkbuf_0_SCK/X (sky130_fd_sc_hd__clkbuf_16)
     4    0.04                           clknet_0_SCK (net)
                  0.06    0.00    0.20 ^ clkbuf_2_2__f_SCK/A (sky130_fd_sc_hd__clkbuf_16)
                  0.05    0.14    0.35 ^ clkbuf_2_2__f_SCK/X (sky130_fd_sc_hd__clkbuf_16)
     9    0.03                           clknet_2_2__leaf_SCK (net)
                  0.05    0.00    0.35 ^ _461_/CLK (sky130_fd_sc_hd__dfrtp_2)
                          0.25    0.60   clock uncertainty
                         -0.03    0.57   clock reconvergence pessimism
                         -0.03    0.53   library hold time
                                  0.53   data required time
-----------------------------------------------------------------------------
                                  0.53   data required time
                                 -0.90   data arrival time
-----------------------------------------------------------------------------
                                  0.36   slack (MET)


Startpoint: _471_ (rising edge-triggered flip-flop clocked by SCK)
Endpoint: _471_ (rising edge-triggered flip-flop clocked by SCK)
Path Group: SCK
Path Type: min

Fanout     Cap    Slew   Delay    Time   Description
-----------------------------------------------------------------------------
                          0.00    0.00   clock SCK (rise edge)
                          0.00    0.00   clock source latency
                  0.07    0.04    0.04 ^ SCK (in)
     1    0.01                           SCK (net)
                  0.07    0.00    0.04 ^ clkbuf_0_SCK/A (sky130_fd_sc_hd__clkbuf_16)
                  0.06    0.14    0.18 ^ clkbuf_0_SCK/X (sky130_fd_sc_hd__clkbuf_16)
     4    0.04                           clknet_0_SCK (net)
                  0.06    0.00    0.18 ^ clkbuf_2_1__f_SCK/A (sky130_fd_sc_hd__clkbuf_16)
                  0.05    0.13    0.32 ^ clkbuf_2_1__f_SCK/X (sky130_fd_sc_hd__clkbuf_16)
    12    0.03                           clknet_2_1__leaf_SCK (net)
                  0.05    0.00    0.32 ^ _471_/CLK (sky130_fd_sc_hd__dfrtp_1)
                  0.14    0.38    0.69 ^ _471_/Q (sky130_fd_sc_hd__dfrtp_1)
     3    0.01                           readmode (net)
                  0.14    0.00    0.70 ^ _306_/A1 (sky130_fd_sc_hd__mux2_1)
                  0.04    0.14    0.83 ^ _306_/X (sky130_fd_sc_hd__mux2_1)
     1    0.00                           _153_ (net)
                  0.04    0.00    0.83 ^ _307_/A (sky130_fd_sc_hd__clkbuf_1)
                  0.04    0.07    0.91 ^ _307_/X (sky130_fd_sc_hd__clkbuf_1)
     1    0.00                           _078_ (net)
                  0.04    0.00    0.91 ^ _471_/D (sky130_fd_sc_hd__dfrtp_1)
                                  0.91   data arrival time

                          0.00    0.00   clock SCK (rise edge)
                          0.00    0.00   clock source latency
                  0.07    0.05    0.05 ^ SCK (in)
     1    0.01                           SCK (net)
                  0.07    0.00    0.05 ^ clkbuf_0_SCK/A (sky130_fd_sc_hd__clkbuf_16)
                  0.06    0.16    0.20 ^ clkbuf_0_SCK/X (sky130_fd_sc_hd__clkbuf_16)
     4    0.04                           clknet_0_SCK (net)
                  0.06    0.00    0.20 ^ clkbuf_2_1__f_SCK/A (sky130_fd_sc_hd__clkbuf_16)
                  0.05    0.15    0.35 ^ clkbuf_2_1__f_SCK/X (sky130_fd_sc_hd__clkbuf_16)
    12    0.03                           clknet_2_1__leaf_SCK (net)
                  0.05    0.00    0.35 ^ _471_/CLK (sky130_fd_sc_hd__dfrtp_1)
                          0.25    0.60   clock uncertainty
                         -0.03    0.57   clock reconvergence pessimism
                         -0.03    0.54   library hold time
                                  0.54   data required time
-----------------------------------------------------------------------------
                                  0.54   data required time
                                 -0.91   data arrival time
-----------------------------------------------------------------------------
                                  0.37   slack (MET)


Startpoint: _462_ (rising edge-triggered flip-flop clocked by SCK)
Endpoint: _462_ (rising edge-triggered flip-flop clocked by SCK)
Path Group: SCK
Path Type: min

Fanout     Cap    Slew   Delay    Time   Description
-----------------------------------------------------------------------------
                          0.00    0.00   clock SCK (rise edge)
                          0.00    0.00   clock source latency
                  0.07    0.04    0.04 ^ SCK (in)
     1    0.01                           SCK (net)
                  0.07    0.00    0.04 ^ clkbuf_0_SCK/A (sky130_fd_sc_hd__clkbuf_16)
                  0.06    0.14    0.18 ^ clkbuf_0_SCK/X (sky130_fd_sc_hd__clkbuf_16)
     4    0.04                           clknet_0_SCK (net)
                  0.06    0.00    0.18 ^ clkbuf_2_2__f_SCK/A (sky130_fd_sc_hd__clkbuf_16)
                  0.05    0.13    0.32 ^ clkbuf_2_2__f_SCK/X (sky130_fd_sc_hd__clkbuf_16)
     9    0.03                           clknet_2_2__leaf_SCK (net)
                  0.05    0.00    0.32 ^ _462_/CLK (sky130_fd_sc_hd__dfrtp_1)
                  0.14    0.38    0.69 ^ _462_/Q (sky130_fd_sc_hd__dfrtp_1)
     6    0.02                           addr[3] (net)
                  0.14    0.00    0.69 ^ _351_/A0 (sky130_fd_sc_hd__mux2_1)
                  0.04    0.14    0.83 ^ _351_/X (sky130_fd_sc_hd__mux2_1)
     1    0.00                           _188_ (net)
                  0.04    0.00    0.83 ^ _352_/A (sky130_fd_sc_hd__clkbuf_1)
                  0.04    0.07    0.90 ^ _352_/X (sky130_fd_sc_hd__clkbuf_1)
     1    0.00                           _069_ (net)
                  0.04    0.00    0.90 ^ _462_/D (sky130_fd_sc_hd__dfrtp_1)
                                  0.90   data arrival time

                          0.00    0.00   clock SCK (rise edge)
                          0.00    0.00   clock source latency
                  0.07    0.05    0.05 ^ SCK (in)
     1    0.01                           SCK (net)
                  0.07    0.00    0.05 ^ clkbuf_0_SCK/A (sky130_fd_sc_hd__clkbuf_16)
                  0.06    0.16    0.20 ^ clkbuf_0_SCK/X (sky130_fd_sc_hd__clkbuf_16)
     4    0.04                           clknet_0_SCK (net)
                  0.06    0.00    0.20 ^ clkbuf_2_2__f_SCK/A (sky130_fd_sc_hd__clkbuf_16)
                  0.05    0.14    0.35 ^ clkbuf_2_2__f_SCK/X (sky130_fd_sc_hd__clkbuf_16)
     9    0.03                           clknet_2_2__leaf_SCK (net)
                  0.05    0.00    0.35 ^ _462_/CLK (sky130_fd_sc_hd__dfrtp_1)
                          0.25    0.60   clock uncertainty
                         -0.03    0.57   clock reconvergence pessimism
                         -0.03    0.53   library hold time
                                  0.53   data required time
-----------------------------------------------------------------------------
                                  0.53   data required time
                                 -0.90   data arrival time
-----------------------------------------------------------------------------
                                  0.37   slack (MET)


Startpoint: _460_ (rising edge-triggered flip-flop clocked by SCK)
Endpoint: _460_ (rising edge-triggered flip-flop clocked by SCK)
Path Group: SCK
Path Type: min

Fanout     Cap    Slew   Delay    Time   Description
-----------------------------------------------------------------------------
                          0.00    0.00   clock SCK (rise edge)
                          0.00    0.00   clock source latency
                  0.07    0.04    0.04 ^ SCK (in)
     1    0.01                           SCK (net)
                  0.07    0.00    0.04 ^ clkbuf_0_SCK/A (sky130_fd_sc_hd__clkbuf_16)
                  0.06    0.14    0.18 ^ clkbuf_0_SCK/X (sky130_fd_sc_hd__clkbuf_16)
     4    0.04                           clknet_0_SCK (net)
                  0.06    0.00    0.18 ^ clkbuf_2_2__f_SCK/A (sky130_fd_sc_hd__clkbuf_16)
                  0.05    0.13    0.32 ^ clkbuf_2_2__f_SCK/X (sky130_fd_sc_hd__clkbuf_16)
     9    0.03                           clknet_2_2__leaf_SCK (net)
                  0.05    0.00    0.32 ^ _460_/CLK (sky130_fd_sc_hd__dfrtp_2)
                  0.11    0.38    0.70 ^ _460_/Q (sky130_fd_sc_hd__dfrtp_2)
     8    0.02                           addr[1] (net)
                  0.11    0.00    0.70 ^ _360_/A0 (sky130_fd_sc_hd__mux2_1)
                  0.04    0.13    0.83 ^ _360_/X (sky130_fd_sc_hd__mux2_1)
     1    0.00                           _195_ (net)
                  0.04    0.00    0.83 ^ _361_/A (sky130_fd_sc_hd__clkbuf_1)
                  0.04    0.07    0.90 ^ _361_/X (sky130_fd_sc_hd__clkbuf_1)
     1    0.00                           _067_ (net)
                  0.04    0.00    0.90 ^ _460_/D (sky130_fd_sc_hd__dfrtp_2)
                                  0.90   data arrival time

                          0.00    0.00   clock SCK (rise edge)
                          0.00    0.00   clock source latency
                  0.07    0.05    0.05 ^ SCK (in)
     1    0.01                           SCK (net)
                  0.07    0.00    0.05 ^ clkbuf_0_SCK/A (sky130_fd_sc_hd__clkbuf_16)
                  0.06    0.16    0.20 ^ clkbuf_0_SCK/X (sky130_fd_sc_hd__clkbuf_16)
     4    0.04                           clknet_0_SCK (net)
                  0.06    0.00    0.20 ^ clkbuf_2_2__f_SCK/A (sky130_fd_sc_hd__clkbuf_16)
                  0.05    0.14    0.35 ^ clkbuf_2_2__f_SCK/X (sky130_fd_sc_hd__clkbuf_16)
     9    0.03                           clknet_2_2__leaf_SCK (net)
                  0.05    0.00    0.35 ^ _460_/CLK (sky130_fd_sc_hd__dfrtp_2)
                          0.25    0.60   clock uncertainty
                         -0.03    0.57   clock reconvergence pessimism
                         -0.03    0.53   library hold time
                                  0.53   data required time
-----------------------------------------------------------------------------
                                  0.53   data required time
                                 -0.90   data arrival time
-----------------------------------------------------------------------------
                                  0.37   slack (MET)


Startpoint: _467_ (rising edge-triggered flip-flop clocked by SCK)
Endpoint: _467_ (rising edge-triggered flip-flop clocked by SCK)
Path Group: SCK
Path Type: min

Fanout     Cap    Slew   Delay    Time   Description
-----------------------------------------------------------------------------
                          0.00    0.00   clock SCK (rise edge)
                          0.00    0.00   clock source latency
                  0.07    0.04    0.04 ^ SCK (in)
     1    0.01                           SCK (net)
                  0.07    0.00    0.04 ^ clkbuf_0_SCK/A (sky130_fd_sc_hd__clkbuf_16)
                  0.06    0.14    0.18 ^ clkbuf_0_SCK/X (sky130_fd_sc_hd__clkbuf_16)
     4    0.04                           clknet_0_SCK (net)
                  0.06    0.00    0.18 ^ clkbuf_2_1__f_SCK/A (sky130_fd_sc_hd__clkbuf_16)
                  0.05    0.13    0.32 ^ clkbuf_2_1__f_SCK/X (sky130_fd_sc_hd__clkbuf_16)
    12    0.03                           clknet_2_1__leaf_SCK (net)
                  0.05    0.00    0.32 ^ _467_/CLK (sky130_fd_sc_hd__dfrtp_1)
                  0.07    0.32    0.64 ^ _467_/Q (sky130_fd_sc_hd__dfrtp_1)
     3    0.01                           count[0] (net)
                  0.07    0.00    0.64 ^ _265_/A (sky130_fd_sc_hd__buf_2)
                  0.16    0.19    0.84 ^ _265_/X (sky130_fd_sc_hd__buf_2)
    10    0.03                           _125_ (net)
                  0.16    0.00    0.84 ^ _320_/A (sky130_fd_sc_hd__xor2_1)
                  0.03    0.08    0.92 v _320_/X (sky130_fd_sc_hd__xor2_1)
     1    0.00                           _074_ (net)
                  0.03    0.00    0.92 v _467_/D (sky130_fd_sc_hd__dfrtp_1)
                                  0.92   data arrival time

                          0.00    0.00   clock SCK (rise edge)
                          0.00    0.00   clock source latency
                  0.07    0.05    0.05 ^ SCK (in)
     1    0.01                           SCK (net)
                  0.07    0.00    0.05 ^ clkbuf_0_SCK/A (sky130_fd_sc_hd__clkbuf_16)
                  0.06    0.16    0.20 ^ clkbuf_0_SCK/X (sky130_fd_sc_hd__clkbuf_16)
     4    0.04                           clknet_0_SCK (net)
                  0.06    0.00    0.20 ^ clkbuf_2_1__f_SCK/A (sky130_fd_sc_hd__clkbuf_16)
                  0.05    0.15    0.35 ^ clkbuf_2_1__f_SCK/X (sky130_fd_sc_hd__clkbuf_16)
    12    0.03                           clknet_2_1__leaf_SCK (net)
                  0.05    0.00    0.35 ^ _467_/CLK (sky130_fd_sc_hd__dfrtp_1)
                          0.25    0.60   clock uncertainty
                         -0.03    0.57   clock reconvergence pessimism
                         -0.04    0.53   library hold time
                                  0.53   data required time
-----------------------------------------------------------------------------
                                  0.53   data required time
                                 -0.92   data arrival time
-----------------------------------------------------------------------------
                                  0.39   slack (MET)


Startpoint: _459_ (rising edge-triggered flip-flop clocked by SCK)
Endpoint: _459_ (rising edge-triggered flip-flop clocked by SCK)
Path Group: SCK
Path Type: min

Fanout     Cap    Slew   Delay    Time   Description
-----------------------------------------------------------------------------
                          0.00    0.00   clock SCK (rise edge)
                          0.00    0.00   clock source latency
                  0.07    0.04    0.04 ^ SCK (in)
     1    0.01                           SCK (net)
                  0.07    0.00    0.04 ^ clkbuf_0_SCK/A (sky130_fd_sc_hd__clkbuf_16)
                  0.06    0.14    0.18 ^ clkbuf_0_SCK/X (sky130_fd_sc_hd__clkbuf_16)
     4    0.04                           clknet_0_SCK (net)
                  0.06    0.00    0.18 ^ clkbuf_2_2__f_SCK/A (sky130_fd_sc_hd__clkbuf_16)
                  0.05    0.13    0.32 ^ clkbuf_2_2__f_SCK/X (sky130_fd_sc_hd__clkbuf_16)
     9    0.03                           clknet_2_2__leaf_SCK (net)
                  0.05    0.00    0.32 ^ _459_/CLK (sky130_fd_sc_hd__dfrtp_4)
                  0.10    0.43    0.74 ^ _459_/Q (sky130_fd_sc_hd__dfrtp_4)
     8    0.03                           addr[0] (net)
                  0.10    0.00    0.74 ^ _364_/A0 (sky130_fd_sc_hd__mux2_1)
                  0.04    0.13    0.87 ^ _364_/X (sky130_fd_sc_hd__mux2_1)
     1    0.00                           _198_ (net)
                  0.04    0.00    0.87 ^ _365_/A (sky130_fd_sc_hd__clkbuf_1)
                  0.04    0.07    0.94 ^ _365_/X (sky130_fd_sc_hd__clkbuf_1)
     1    0.00                           _066_ (net)
                  0.04    0.00    0.94 ^ _459_/D (sky130_fd_sc_hd__dfrtp_4)
                                  0.94   data arrival time

                          0.00    0.00   clock SCK (rise edge)
                          0.00    0.00   clock source latency
                  0.07    0.05    0.05 ^ SCK (in)
     1    0.01                           SCK (net)
                  0.07    0.00    0.05 ^ clkbuf_0_SCK/A (sky130_fd_sc_hd__clkbuf_16)
                  0.06    0.16    0.20 ^ clkbuf_0_SCK/X (sky130_fd_sc_hd__clkbuf_16)
     4    0.04                           clknet_0_SCK (net)
                  0.06    0.00    0.20 ^ clkbuf_2_2__f_SCK/A (sky130_fd_sc_hd__clkbuf_16)
                  0.05    0.14    0.35 ^ clkbuf_2_2__f_SCK/X (sky130_fd_sc_hd__clkbuf_16)
     9    0.03                           clknet_2_2__leaf_SCK (net)
                  0.05    0.00    0.35 ^ _459_/CLK (sky130_fd_sc_hd__dfrtp_4)
                          0.25    0.60   clock uncertainty
                         -0.03    0.57   clock reconvergence pessimism
                         -0.03    0.53   library hold time
                                  0.53   data required time
-----------------------------------------------------------------------------
                                  0.53   data required time
                                 -0.94   data arrival time
-----------------------------------------------------------------------------
                                  0.41   slack (MET)


Startpoint: _463_ (rising edge-triggered flip-flop clocked by SCK)
Endpoint: _463_ (rising edge-triggered flip-flop clocked by SCK)
Path Group: SCK
Path Type: min

Fanout     Cap    Slew   Delay    Time   Description
-----------------------------------------------------------------------------
                          0.00    0.00   clock SCK (rise edge)
                          0.00    0.00   clock source latency
                  0.07    0.04    0.04 ^ SCK (in)
     1    0.01                           SCK (net)
                  0.07    0.00    0.04 ^ clkbuf_0_SCK/A (sky130_fd_sc_hd__clkbuf_16)
                  0.06    0.14    0.18 ^ clkbuf_0_SCK/X (sky130_fd_sc_hd__clkbuf_16)
     4    0.04                           clknet_0_SCK (net)
                  0.06    0.00    0.18 ^ clkbuf_2_2__f_SCK/A (sky130_fd_sc_hd__clkbuf_16)
                  0.05    0.13    0.32 ^ clkbuf_2_2__f_SCK/X (sky130_fd_sc_hd__clkbuf_16)
     9    0.03                           clknet_2_2__leaf_SCK (net)
                  0.05    0.00    0.32 ^ _463_/CLK (sky130_fd_sc_hd__dfrtp_4)
                  0.10    0.43    0.74 ^ _463_/Q (sky130_fd_sc_hd__dfrtp_4)
    10    0.03                           addr[4] (net)
                  0.10    0.00    0.74 ^ _346_/A0 (sky130_fd_sc_hd__mux2_1)
                  0.04    0.13    0.87 ^ _346_/X (sky130_fd_sc_hd__mux2_1)
     1    0.00                           _184_ (net)
                  0.04    0.00    0.87 ^ _347_/A (sky130_fd_sc_hd__clkbuf_1)
                  0.04    0.07    0.94 ^ _347_/X (sky130_fd_sc_hd__clkbuf_1)
     1    0.00                           _070_ (net)
                  0.04    0.00    0.94 ^ _463_/D (sky130_fd_sc_hd__dfrtp_4)
                                  0.94   data arrival time

                          0.00    0.00   clock SCK (rise edge)
                          0.00    0.00   clock source latency
                  0.07    0.05    0.05 ^ SCK (in)
     1    0.01                           SCK (net)
                  0.07    0.00    0.05 ^ clkbuf_0_SCK/A (sky130_fd_sc_hd__clkbuf_16)
                  0.06    0.16    0.20 ^ clkbuf_0_SCK/X (sky130_fd_sc_hd__clkbuf_16)
     4    0.04                           clknet_0_SCK (net)
                  0.06    0.00    0.20 ^ clkbuf_2_2__f_SCK/A (sky130_fd_sc_hd__clkbuf_16)
                  0.05    0.14    0.35 ^ clkbuf_2_2__f_SCK/X (sky130_fd_sc_hd__clkbuf_16)
     9    0.03                           clknet_2_2__leaf_SCK (net)
                  0.05    0.00    0.35 ^ _463_/CLK (sky130_fd_sc_hd__dfrtp_4)
                          0.25    0.60   clock uncertainty
                         -0.03    0.57   clock reconvergence pessimism
                         -0.03    0.53   library hold time
                                  0.53   data required time
-----------------------------------------------------------------------------
                                  0.53   data required time
                                 -0.94   data arrival time
-----------------------------------------------------------------------------
                                  0.41   slack (MET)


Startpoint: _468_ (rising edge-triggered flip-flop clocked by SCK)
Endpoint: _486_ (rising edge-triggered flip-flop clocked by SCK)
Path Group: SCK
Path Type: min

Fanout     Cap    Slew   Delay    Time   Description
-----------------------------------------------------------------------------
                          0.00    0.00   clock SCK (rise edge)
                          0.00    0.00   clock source latency
                  0.07    0.04    0.04 ^ SCK (in)
     1    0.01                           SCK (net)
                  0.07    0.00    0.04 ^ clkbuf_0_SCK/A (sky130_fd_sc_hd__clkbuf_16)
                  0.06    0.14    0.18 ^ clkbuf_0_SCK/X (sky130_fd_sc_hd__clkbuf_16)
     4    0.04                           clknet_0_SCK (net)
                  0.06    0.00    0.18 ^ clkbuf_2_1__f_SCK/A (sky130_fd_sc_hd__clkbuf_16)
                  0.05    0.13    0.32 ^ clkbuf_2_1__f_SCK/X (sky130_fd_sc_hd__clkbuf_16)
    12    0.03                           clknet_2_1__leaf_SCK (net)
                  0.05    0.00    0.32 ^ _468_/CLK (sky130_fd_sc_hd__dfrtp_2)
                  0.08    0.42    0.74 v _468_/Q (sky130_fd_sc_hd__dfrtp_2)
     9    0.02                           count[1] (net)
                  0.08    0.00    0.74 v _380_/B (sky130_fd_sc_hd__nand3_1)
                  0.06    0.09    0.83 ^ _380_/Y (sky130_fd_sc_hd__nand3_1)
     2    0.00                           _205_ (net)
                  0.06    0.00    0.83 ^ _383_/B1 (sky130_fd_sc_hd__a2bb2o_1)
                  0.05    0.13    0.96 ^ _383_/X (sky130_fd_sc_hd__a2bb2o_1)
     1    0.00                           _001_ (net)
                  0.05    0.00    0.96 ^ _486_/D (sky130_fd_sc_hd__dfstp_2)
                                  0.96   data arrival time

                          0.00    0.00   clock SCK (rise edge)
                          0.00    0.00   clock source latency
                  0.07    0.05    0.05 ^ SCK (in)
     1    0.01                           SCK (net)
                  0.07    0.00    0.05 ^ clkbuf_0_SCK/A (sky130_fd_sc_hd__clkbuf_16)
                  0.06    0.16    0.20 ^ clkbuf_0_SCK/X (sky130_fd_sc_hd__clkbuf_16)
     4    0.04                           clknet_0_SCK (net)
                  0.06    0.00    0.20 ^ clkbuf_2_0__f_SCK/A (sky130_fd_sc_hd__clkbuf_16)
                  0.05    0.14    0.35 ^ clkbuf_2_0__f_SCK/X (sky130_fd_sc_hd__clkbuf_16)
     9    0.03                           clknet_2_0__leaf_SCK (net)
                  0.05    0.00    0.35 ^ _486_/CLK (sky130_fd_sc_hd__dfstp_2)
                          0.25    0.60   clock uncertainty
                         -0.02    0.58   clock reconvergence pessimism
                         -0.03    0.55   library hold time
                                  0.55   data required time
-----------------------------------------------------------------------------
                                  0.55   data required time
                                 -0.96   data arrival time
-----------------------------------------------------------------------------
                                  0.41   slack (MET)


Startpoint: _468_ (rising edge-triggered flip-flop clocked by SCK)
Endpoint: _468_ (rising edge-triggered flip-flop clocked by SCK)
Path Group: SCK
Path Type: min

Fanout     Cap    Slew   Delay    Time   Description
-----------------------------------------------------------------------------
                          0.00    0.00   clock SCK (rise edge)
                          0.00    0.00   clock source latency
                  0.07    0.04    0.04 ^ SCK (in)
     1    0.01                           SCK (net)
                  0.07    0.00    0.04 ^ clkbuf_0_SCK/A (sky130_fd_sc_hd__clkbuf_16)
                  0.06    0.14    0.18 ^ clkbuf_0_SCK/X (sky130_fd_sc_hd__clkbuf_16)
     4    0.04                           clknet_0_SCK (net)
                  0.06    0.00    0.18 ^ clkbuf_2_1__f_SCK/A (sky130_fd_sc_hd__clkbuf_16)
                  0.05    0.13    0.32 ^ clkbuf_2_1__f_SCK/X (sky130_fd_sc_hd__clkbuf_16)
    12    0.03                           clknet_2_1__leaf_SCK (net)
                  0.05    0.00    0.32 ^ _468_/CLK (sky130_fd_sc_hd__dfrtp_2)
                  0.12    0.39    0.71 ^ _468_/Q (sky130_fd_sc_hd__dfrtp_2)
     9    0.02                           count[1] (net)
                  0.12    0.00    0.71 ^ _272_/A_N (sky130_fd_sc_hd__nand2b_2)
                  0.12    0.18    0.90 ^ _272_/Y (sky130_fd_sc_hd__nand2b_2)
     6    0.02                           _130_ (net)
                  0.12    0.00    0.90 ^ _319_/A1 (sky130_fd_sc_hd__o21ai_1)
                  0.05    0.08    0.98 v _319_/Y (sky130_fd_sc_hd__o21ai_1)
     1    0.00                           _075_ (net)
                  0.05    0.00    0.98 v _468_/D (sky130_fd_sc_hd__dfrtp_2)
                                  0.98   data arrival time

                          0.00    0.00   clock SCK (rise edge)
                          0.00    0.00   clock source latency
                  0.07    0.05    0.05 ^ SCK (in)
     1    0.01                           SCK (net)
                  0.07    0.00    0.05 ^ clkbuf_0_SCK/A (sky130_fd_sc_hd__clkbuf_16)
                  0.06    0.16    0.20 ^ clkbuf_0_SCK/X (sky130_fd_sc_hd__clkbuf_16)
     4    0.04                           clknet_0_SCK (net)
                  0.06    0.00    0.20 ^ clkbuf_2_1__f_SCK/A (sky130_fd_sc_hd__clkbuf_16)
                  0.05    0.15    0.35 ^ clkbuf_2_1__f_SCK/X (sky130_fd_sc_hd__clkbuf_16)
    12    0.03                           clknet_2_1__leaf_SCK (net)
                  0.05    0.00    0.35 ^ _468_/CLK (sky130_fd_sc_hd__dfrtp_2)
                          0.25    0.60   clock uncertainty
                         -0.03    0.57   clock reconvergence pessimism
                         -0.04    0.53   library hold time
                                  0.53   data required time
-----------------------------------------------------------------------------
                                  0.53   data required time
                                 -0.98   data arrival time
-----------------------------------------------------------------------------
                                  0.45   slack (MET)


Startpoint: _468_ (rising edge-triggered flip-flop clocked by SCK)
Endpoint: _469_ (rising edge-triggered flip-flop clocked by SCK)
Path Group: SCK
Path Type: min

Fanout     Cap    Slew   Delay    Time   Description
-----------------------------------------------------------------------------
                          0.00    0.00   clock SCK (rise edge)
                          0.00    0.00   clock source latency
                  0.07    0.04    0.04 ^ SCK (in)
     1    0.01                           SCK (net)
                  0.07    0.00    0.04 ^ clkbuf_0_SCK/A (sky130_fd_sc_hd__clkbuf_16)
                  0.06    0.14    0.18 ^ clkbuf_0_SCK/X (sky130_fd_sc_hd__clkbuf_16)
     4    0.04                           clknet_0_SCK (net)
                  0.06    0.00    0.18 ^ clkbuf_2_1__f_SCK/A (sky130_fd_sc_hd__clkbuf_16)
                  0.05    0.13    0.32 ^ clkbuf_2_1__f_SCK/X (sky130_fd_sc_hd__clkbuf_16)
    12    0.03                           clknet_2_1__leaf_SCK (net)
                  0.05    0.00    0.32 ^ _468_/CLK (sky130_fd_sc_hd__dfrtp_2)
                  0.12    0.39    0.71 ^ _468_/Q (sky130_fd_sc_hd__dfrtp_2)
     9    0.02                           count[1] (net)
                  0.12    0.00    0.71 ^ _313_/B (sky130_fd_sc_hd__or2_1)
                  0.03    0.10    0.81 ^ _313_/X (sky130_fd_sc_hd__or2_1)
     1    0.00                           _158_ (net)
                  0.03    0.00    0.81 ^ _314_/A (sky130_fd_sc_hd__and2_1)
                  0.07    0.11    0.93 ^ _314_/X (sky130_fd_sc_hd__and2_1)
     1    0.00                           _159_ (net)
                  0.07    0.00    0.93 ^ _315_/B (sky130_fd_sc_hd__xnor2_1)
                  0.03    0.06    0.98 v _315_/Y (sky130_fd_sc_hd__xnor2_1)
     1    0.00                           _076_ (net)
                  0.03    0.00    0.98 v _469_/D (sky130_fd_sc_hd__dfrtp_4)
                                  0.98   data arrival time

                          0.00    0.00   clock SCK (rise edge)
                          0.00    0.00   clock source latency
                  0.07    0.05    0.05 ^ SCK (in)
     1    0.01                           SCK (net)
                  0.07    0.00    0.05 ^ clkbuf_0_SCK/A (sky130_fd_sc_hd__clkbuf_16)
                  0.06    0.16    0.20 ^ clkbuf_0_SCK/X (sky130_fd_sc_hd__clkbuf_16)
     4    0.04                           clknet_0_SCK (net)
                  0.06    0.00    0.20 ^ clkbuf_2_1__f_SCK/A (sky130_fd_sc_hd__clkbuf_16)
                  0.05    0.15    0.35 ^ clkbuf_2_1__f_SCK/X (sky130_fd_sc_hd__clkbuf_16)
    12    0.03                           clknet_2_1__leaf_SCK (net)
                  0.05    0.00    0.35 ^ _469_/CLK (sky130_fd_sc_hd__dfrtp_4)
                          0.25    0.60   clock uncertainty
                         -0.03    0.57   clock reconvergence pessimism
                         -0.04    0.53   library hold time
                                  0.53   data required time
-----------------------------------------------------------------------------
                                  0.53   data required time
                                 -0.98   data arrival time
-----------------------------------------------------------------------------
                                  0.45   slack (MET)


Startpoint: CSB (input port clocked by SCK)
Endpoint: _489_ (removal check against rising-edge clock SCK)
Path Group: asynchronous
Path Type: min

Fanout     Cap    Slew   Delay    Time   Description
-----------------------------------------------------------------------------
                          0.00    0.00   clock SCK (rise edge)
                          0.00    0.00   clock network delay (propagated)
                          2.00    2.00 v input external delay
                  0.01    0.00    2.00 v CSB (in)
     1    0.00                           CSB (net)
                  0.01    0.00    2.00 v input1/A (sky130_fd_sc_hd__clkbuf_1)
                  0.02    0.06    2.07 v input1/X (sky130_fd_sc_hd__clkbuf_1)
     1    0.00                           net1 (net)
                  0.02    0.00    2.07 v _224_/A (sky130_fd_sc_hd__buf_2)
                  0.07    0.15    2.22 v _224_/X (sky130_fd_sc_hd__buf_2)
     9    0.03                           _102_ (net)
                  0.07    0.00    2.22 v _444_/B (sky130_fd_sc_hd__nor2_1)
                  0.10    0.10    2.32 ^ _444_/Y (sky130_fd_sc_hd__nor2_1)
     1    0.00                           _043_ (net)
                  0.10    0.00    2.32 ^ _489_/RESET_B (sky130_fd_sc_hd__dfrtp_1)
                                  2.32   data arrival time

                          0.00    0.00   clock SCK (rise edge)
                          0.00    0.00   clock source latency
                  0.07    0.05    0.05 ^ SCK (in)
     1    0.01                           SCK (net)
                  0.07    0.00    0.05 ^ clkbuf_0_SCK/A (sky130_fd_sc_hd__clkbuf_16)
                  0.06    0.16    0.20 ^ clkbuf_0_SCK/X (sky130_fd_sc_hd__clkbuf_16)
     4    0.04                           clknet_0_SCK (net)
                  0.06    0.00    0.20 ^ clkbuf_2_2__f_SCK/A (sky130_fd_sc_hd__clkbuf_16)
                  0.05    0.14    0.35 ^ clkbuf_2_2__f_SCK/X (sky130_fd_sc_hd__clkbuf_16)
     9    0.03                           clknet_2_2__leaf_SCK (net)
                  0.05    0.00    0.35 ^ _489_/CLK (sky130_fd_sc_hd__dfrtp_1)
                          0.25    0.60   clock uncertainty
                          0.00    0.60   clock reconvergence pessimism
                          0.34    0.94   library removal time
                                  0.94   data required time
-----------------------------------------------------------------------------
                                  0.94   data required time
                                 -2.32   data arrival time
-----------------------------------------------------------------------------
                                  1.38   slack (MET)


Startpoint: CSB (input port clocked by SCK)
Endpoint: _487_ (removal check against rising-edge clock SCK)
Path Group: asynchronous
Path Type: min

Fanout     Cap    Slew   Delay    Time   Description
-----------------------------------------------------------------------------
                          0.00    0.00   clock SCK (rise edge)
                          0.00    0.00   clock network delay (propagated)
                          2.00    2.00 v input external delay
                  0.01    0.00    2.00 v CSB (in)
     1    0.00                           CSB (net)
                  0.01    0.00    2.00 v input1/A (sky130_fd_sc_hd__clkbuf_1)
                  0.02    0.06    2.07 v input1/X (sky130_fd_sc_hd__clkbuf_1)
     1    0.00                           net1 (net)
                  0.02    0.00    2.07 v _224_/A (sky130_fd_sc_hd__buf_2)
                  0.07    0.15    2.22 v _224_/X (sky130_fd_sc_hd__buf_2)
     9    0.03                           _102_ (net)
                  0.07    0.00    2.22 v _442_/B (sky130_fd_sc_hd__nor2_1)
                  0.10    0.10    2.32 ^ _442_/Y (sky130_fd_sc_hd__nor2_1)
     1    0.00                           _041_ (net)
                  0.10    0.00    2.32 ^ _487_/RESET_B (sky130_fd_sc_hd__dfrtp_1)
                                  2.32   data arrival time

                          0.00    0.00   clock SCK (rise edge)
                          0.00    0.00   clock source latency
                  0.07    0.05    0.05 ^ SCK (in)
     1    0.01                           SCK (net)
                  0.07    0.00    0.05 ^ clkbuf_0_SCK/A (sky130_fd_sc_hd__clkbuf_16)
                  0.06    0.16    0.20 ^ clkbuf_0_SCK/X (sky130_fd_sc_hd__clkbuf_16)
     4    0.04                           clknet_0_SCK (net)
                  0.06    0.00    0.20 ^ clkbuf_2_2__f_SCK/A (sky130_fd_sc_hd__clkbuf_16)
                  0.05    0.14    0.35 ^ clkbuf_2_2__f_SCK/X (sky130_fd_sc_hd__clkbuf_16)
     9    0.03                           clknet_2_2__leaf_SCK (net)
                  0.05    0.00    0.35 ^ _487_/CLK (sky130_fd_sc_hd__dfrtp_1)
                          0.25    0.60   clock uncertainty
                          0.00    0.60   clock reconvergence pessimism
                          0.34    0.93   library removal time
                                  0.93   data required time
-----------------------------------------------------------------------------
                                  0.93   data required time
                                 -2.32   data arrival time
-----------------------------------------------------------------------------
                                  1.38   slack (MET)


Startpoint: CSB (input port clocked by SCK)
Endpoint: _488_ (removal check against rising-edge clock SCK)
Path Group: asynchronous
Path Type: min

Fanout     Cap    Slew   Delay    Time   Description
-----------------------------------------------------------------------------
                          0.00    0.00   clock SCK (rise edge)
                          0.00    0.00   clock network delay (propagated)
                          2.00    2.00 v input external delay
                  0.01    0.00    2.00 v CSB (in)
     1    0.00                           CSB (net)
                  0.01    0.00    2.00 v input1/A (sky130_fd_sc_hd__clkbuf_1)
                  0.02    0.06    2.07 v input1/X (sky130_fd_sc_hd__clkbuf_1)
     1    0.00                           net1 (net)
                  0.02    0.00    2.07 v _224_/A (sky130_fd_sc_hd__buf_2)
                  0.07    0.15    2.22 v _224_/X (sky130_fd_sc_hd__buf_2)
     9    0.03                           _102_ (net)
                  0.07    0.00    2.22 v _443_/B (sky130_fd_sc_hd__nor2_1)
                  0.10    0.10    2.32 ^ _443_/Y (sky130_fd_sc_hd__nor2_1)
     1    0.00                           _042_ (net)
                  0.10    0.00    2.32 ^ _488_/RESET_B (sky130_fd_sc_hd__dfrtp_4)
                                  2.32   data arrival time

                          0.00    0.00   clock SCK (rise edge)
                          0.00    0.00   clock source latency
                  0.07    0.05    0.05 ^ SCK (in)
     1    0.01                           SCK (net)
                  0.07    0.00    0.05 ^ clkbuf_0_SCK/A (sky130_fd_sc_hd__clkbuf_16)
                  0.06    0.16    0.20 ^ clkbuf_0_SCK/X (sky130_fd_sc_hd__clkbuf_16)
     4    0.04                           clknet_0_SCK (net)
                  0.06    0.00    0.20 ^ clkbuf_2_2__f_SCK/A (sky130_fd_sc_hd__clkbuf_16)
                  0.05    0.14    0.35 ^ clkbuf_2_2__f_SCK/X (sky130_fd_sc_hd__clkbuf_16)
     9    0.03                           clknet_2_2__leaf_SCK (net)
                  0.05    0.00    0.35 ^ _488_/CLK (sky130_fd_sc_hd__dfrtp_4)
                          0.25    0.60   clock uncertainty
                          0.00    0.60   clock reconvergence pessimism
                          0.34    0.94   library removal time
                                  0.94   data required time
-----------------------------------------------------------------------------
                                  0.94   data required time
                                 -2.32   data arrival time
-----------------------------------------------------------------------------
                                  1.38   slack (MET)


Startpoint: CSB (input port clocked by SCK)
Endpoint: _490_ (removal check against rising-edge clock SCK)
Path Group: asynchronous
Path Type: min

Fanout     Cap    Slew   Delay    Time   Description
-----------------------------------------------------------------------------
                          0.00    0.00   clock SCK (rise edge)
                          0.00    0.00   clock network delay (propagated)
                          2.00    2.00 v input external delay
                  0.01    0.00    2.00 v CSB (in)
     1    0.00                           CSB (net)
                  0.01    0.00    2.00 v input1/A (sky130_fd_sc_hd__clkbuf_1)
                  0.02    0.06    2.07 v input1/X (sky130_fd_sc_hd__clkbuf_1)
     1    0.00                           net1 (net)
                  0.02    0.00    2.07 v _224_/A (sky130_fd_sc_hd__buf_2)
                  0.07    0.15    2.22 v _224_/X (sky130_fd_sc_hd__buf_2)
     9    0.03                           _102_ (net)
                  0.07    0.00    2.22 v _445_/B (sky130_fd_sc_hd__nor2_1)
                  0.11    0.11    2.33 ^ _445_/Y (sky130_fd_sc_hd__nor2_1)
     1    0.00                           _044_ (net)
                  0.11    0.00    2.33 ^ _490_/RESET_B (sky130_fd_sc_hd__dfrtp_1)
                                  2.33   data arrival time

                          0.00    0.00   clock SCK (rise edge)
                          0.00    0.00   clock source latency
                  0.07    0.05    0.05 ^ SCK (in)
     1    0.01                           SCK (net)
                  0.07    0.00    0.05 ^ clkbuf_0_SCK/A (sky130_fd_sc_hd__clkbuf_16)
                  0.06    0.16    0.20 ^ clkbuf_0_SCK/X (sky130_fd_sc_hd__clkbuf_16)
     4    0.04                           clknet_0_SCK (net)
                  0.06    0.00    0.20 ^ clkbuf_2_3__f_SCK/A (sky130_fd_sc_hd__clkbuf_16)
                  0.04    0.14    0.34 ^ clkbuf_2_3__f_SCK/X (sky130_fd_sc_hd__clkbuf_16)
     6    0.02                           clknet_2_3__leaf_SCK (net)
                  0.04    0.00    0.34 ^ _490_/CLK (sky130_fd_sc_hd__dfrtp_1)
                          0.25    0.59   clock uncertainty
                          0.00    0.59   clock reconvergence pessimism
                          0.34    0.93   library removal time
                                  0.93   data required time
-----------------------------------------------------------------------------
                                  0.93   data required time
                                 -2.33   data arrival time
-----------------------------------------------------------------------------
                                  1.40   slack (MET)


Startpoint: CSB (input port clocked by SCK)
Endpoint: _467_ (removal check against rising-edge clock SCK)
Path Group: asynchronous
Path Type: min

Fanout     Cap    Slew   Delay    Time   Description
-----------------------------------------------------------------------------
                          0.00    0.00   clock SCK (rise edge)
                          0.00    0.00   clock network delay (propagated)
                          2.00    2.00 v input external delay
                  0.01    0.00    2.00 v CSB (in)
     1    0.00                           CSB (net)
                  0.01    0.00    2.00 v input1/A (sky130_fd_sc_hd__clkbuf_1)
                  0.02    0.06    2.07 v input1/X (sky130_fd_sc_hd__clkbuf_1)
     1    0.00                           net1 (net)
                  0.02    0.00    2.07 v _224_/A (sky130_fd_sc_hd__buf_2)
                  0.07    0.15    2.22 v _224_/X (sky130_fd_sc_hd__buf_2)
     9    0.03                           _102_ (net)
                  0.07    0.00    2.22 v _415_/A (sky130_fd_sc_hd__buf_2)
                  0.08    0.18    2.39 v _415_/X (sky130_fd_sc_hd__buf_2)
    10    0.03                           _218_ (net)
                  0.08    0.00    2.39 v _419_/B (sky130_fd_sc_hd__nor2_1)
                  0.10    0.10    2.50 ^ _419_/Y (sky130_fd_sc_hd__nor2_1)
     1    0.00                           _019_ (net)
                  0.10    0.00    2.50 ^ _467_/RESET_B (sky130_fd_sc_hd__dfrtp_1)
                                  2.50   data arrival time

                          0.00    0.00   clock SCK (rise edge)
                          0.00    0.00   clock source latency
                  0.07    0.05    0.05 ^ SCK (in)
     1    0.01                           SCK (net)
                  0.07    0.00    0.05 ^ clkbuf_0_SCK/A (sky130_fd_sc_hd__clkbuf_16)
                  0.06    0.16    0.20 ^ clkbuf_0_SCK/X (sky130_fd_sc_hd__clkbuf_16)
     4    0.04                           clknet_0_SCK (net)
                  0.06    0.00    0.20 ^ clkbuf_2_1__f_SCK/A (sky130_fd_sc_hd__clkbuf_16)
                  0.05    0.15    0.35 ^ clkbuf_2_1__f_SCK/X (sky130_fd_sc_hd__clkbuf_16)
    12    0.03                           clknet_2_1__leaf_SCK (net)
                  0.05    0.00    0.35 ^ _467_/CLK (sky130_fd_sc_hd__dfrtp_1)
                          0.25    0.60   clock uncertainty
                          0.00    0.60   clock reconvergence pessimism
                          0.34    0.94   library removal time
                                  0.94   data required time
-----------------------------------------------------------------------------
                                  0.94   data required time
                                 -2.50   data arrival time
-----------------------------------------------------------------------------
                                  1.56   slack (MET)


Startpoint: CSB (input port clocked by SCK)
Endpoint: _469_ (removal check against rising-edge clock SCK)
Path Group: asynchronous
Path Type: min

Fanout     Cap    Slew   Delay    Time   Description
-----------------------------------------------------------------------------
                          0.00    0.00   clock SCK (rise edge)
                          0.00    0.00   clock network delay (propagated)
                          2.00    2.00 v input external delay
                  0.01    0.00    2.00 v CSB (in)
     1    0.00                           CSB (net)
                  0.01    0.00    2.00 v input1/A (sky130_fd_sc_hd__clkbuf_1)
                  0.02    0.06    2.07 v input1/X (sky130_fd_sc_hd__clkbuf_1)
     1    0.00                           net1 (net)
                  0.02    0.00    2.07 v _224_/A (sky130_fd_sc_hd__buf_2)
                  0.07    0.15    2.22 v _224_/X (sky130_fd_sc_hd__buf_2)
     9    0.03                           _102_ (net)
                  0.07    0.00    2.22 v _415_/A (sky130_fd_sc_hd__buf_2)
                  0.08    0.18    2.39 v _415_/X (sky130_fd_sc_hd__buf_2)
    10    0.03                           _218_ (net)
                  0.08    0.00    2.39 v _421_/B (sky130_fd_sc_hd__nor2_1)
                  0.10    0.10    2.50 ^ _421_/Y (sky130_fd_sc_hd__nor2_1)
     1    0.00                           _021_ (net)
                  0.10    0.00    2.50 ^ _469_/RESET_B (sky130_fd_sc_hd__dfrtp_4)
                                  2.50   data arrival time

                          0.00    0.00   clock SCK (rise edge)
                          0.00    0.00   clock source latency
                  0.07    0.05    0.05 ^ SCK (in)
     1    0.01                           SCK (net)
                  0.07    0.00    0.05 ^ clkbuf_0_SCK/A (sky130_fd_sc_hd__clkbuf_16)
                  0.06    0.16    0.20 ^ clkbuf_0_SCK/X (sky130_fd_sc_hd__clkbuf_16)
     4    0.04                           clknet_0_SCK (net)
                  0.06    0.00    0.20 ^ clkbuf_2_1__f_SCK/A (sky130_fd_sc_hd__clkbuf_16)
                  0.05    0.15    0.35 ^ clkbuf_2_1__f_SCK/X (sky130_fd_sc_hd__clkbuf_16)
    12    0.03                           clknet_2_1__leaf_SCK (net)
                  0.05    0.00    0.35 ^ _469_/CLK (sky130_fd_sc_hd__dfrtp_4)
                          0.25    0.60   clock uncertainty
                          0.00    0.60   clock reconvergence pessimism
                          0.34    0.94   library removal time
                                  0.94   data required time
-----------------------------------------------------------------------------
                                  0.94   data required time
                                 -2.50   data arrival time
-----------------------------------------------------------------------------
                                  1.56   slack (MET)


Startpoint: CSB (input port clocked by SCK)
Endpoint: _471_ (removal check against rising-edge clock SCK)
Path Group: asynchronous
Path Type: min

Fanout     Cap    Slew   Delay    Time   Description
-----------------------------------------------------------------------------
                          0.00    0.00   clock SCK (rise edge)
                          0.00    0.00   clock network delay (propagated)
                          2.00    2.00 v input external delay
                  0.01    0.00    2.00 v CSB (in)
     1    0.00                           CSB (net)
                  0.01    0.00    2.00 v input1/A (sky130_fd_sc_hd__clkbuf_1)
                  0.02    0.06    2.07 v input1/X (sky130_fd_sc_hd__clkbuf_1)
     1    0.00                           net1 (net)
                  0.02    0.00    2.07 v _224_/A (sky130_fd_sc_hd__buf_2)
                  0.07    0.15    2.22 v _224_/X (sky130_fd_sc_hd__buf_2)
     9    0.03                           _102_ (net)
                  0.07    0.00    2.22 v _415_/A (sky130_fd_sc_hd__buf_2)
                  0.08    0.18    2.39 v _415_/X (sky130_fd_sc_hd__buf_2)
    10    0.03                           _218_ (net)
                  0.08    0.00    2.39 v _423_/B (sky130_fd_sc_hd__nor2_1)
                  0.10    0.10    2.50 ^ _423_/Y (sky130_fd_sc_hd__nor2_1)
     1    0.00                           _023_ (net)
                  0.10    0.00    2.50 ^ _471_/RESET_B (sky130_fd_sc_hd__dfrtp_1)
                                  2.50   data arrival time

                          0.00    0.00   clock SCK (rise edge)
                          0.00    0.00   clock source latency
                  0.07    0.05    0.05 ^ SCK (in)
     1    0.01                           SCK (net)
                  0.07    0.00    0.05 ^ clkbuf_0_SCK/A (sky130_fd_sc_hd__clkbuf_16)
                  0.06    0.16    0.20 ^ clkbuf_0_SCK/X (sky130_fd_sc_hd__clkbuf_16)
     4    0.04                           clknet_0_SCK (net)
                  0.06    0.00    0.20 ^ clkbuf_2_1__f_SCK/A (sky130_fd_sc_hd__clkbuf_16)
                  0.05    0.15    0.35 ^ clkbuf_2_1__f_SCK/X (sky130_fd_sc_hd__clkbuf_16)
    12    0.03                           clknet_2_1__leaf_SCK (net)
                  0.05    0.00    0.35 ^ _471_/CLK (sky130_fd_sc_hd__dfrtp_1)
                          0.25    0.60   clock uncertainty
                          0.00    0.60   clock reconvergence pessimism
                          0.34    0.94   library removal time
                                  0.94   data required time
-----------------------------------------------------------------------------
                                  0.94   data required time
                                 -2.50   data arrival time
-----------------------------------------------------------------------------
                                  1.56   slack (MET)


Startpoint: CSB (input port clocked by SCK)
Endpoint: _470_ (removal check against rising-edge clock SCK)
Path Group: asynchronous
Path Type: min

Fanout     Cap    Slew   Delay    Time   Description
-----------------------------------------------------------------------------
                          0.00    0.00   clock SCK (rise edge)
                          0.00    0.00   clock network delay (propagated)
                          2.00    2.00 v input external delay
                  0.01    0.00    2.00 v CSB (in)
     1    0.00                           CSB (net)
                  0.01    0.00    2.00 v input1/A (sky130_fd_sc_hd__clkbuf_1)
                  0.02    0.06    2.07 v input1/X (sky130_fd_sc_hd__clkbuf_1)
     1    0.00                           net1 (net)
                  0.02    0.00    2.07 v _224_/A (sky130_fd_sc_hd__buf_2)
                  0.07    0.15    2.22 v _224_/X (sky130_fd_sc_hd__buf_2)
     9    0.03                           _102_ (net)
                  0.07    0.00    2.22 v _415_/A (sky130_fd_sc_hd__buf_2)
                  0.08    0.18    2.39 v _415_/X (sky130_fd_sc_hd__buf_2)
    10    0.03                           _218_ (net)
                  0.08    0.00    2.39 v _422_/B (sky130_fd_sc_hd__nor2_1)
                  0.10    0.11    2.50 ^ _422_/Y (sky130_fd_sc_hd__nor2_1)
     1    0.00                           _022_ (net)
                  0.10    0.00    2.50 ^ _470_/RESET_B (sky130_fd_sc_hd__dfrtp_1)
                                  2.50   data arrival time

                          0.00    0.00   clock SCK (rise edge)
                          0.00    0.00   clock source latency
                  0.07    0.05    0.05 ^ SCK (in)
     1    0.01                           SCK (net)
                  0.07    0.00    0.05 ^ clkbuf_0_SCK/A (sky130_fd_sc_hd__clkbuf_16)
                  0.06    0.16    0.20 ^ clkbuf_0_SCK/X (sky130_fd_sc_hd__clkbuf_16)
     4    0.04                           clknet_0_SCK (net)
                  0.06    0.00    0.20 ^ clkbuf_2_1__f_SCK/A (sky130_fd_sc_hd__clkbuf_16)
                  0.05    0.15    0.35 ^ clkbuf_2_1__f_SCK/X (sky130_fd_sc_hd__clkbuf_16)
    12    0.03                           clknet_2_1__leaf_SCK (net)
                  0.05    0.00    0.35 ^ _470_/CLK (sky130_fd_sc_hd__dfrtp_1)
                          0.25    0.60   clock uncertainty
                          0.00    0.60   clock reconvergence pessimism
                          0.34    0.94   library removal time
                                  0.94   data required time
-----------------------------------------------------------------------------
                                  0.94   data required time
                                 -2.50   data arrival time
-----------------------------------------------------------------------------
                                  1.56   slack (MET)


Startpoint: CSB (input port clocked by SCK)
Endpoint: _468_ (removal check against rising-edge clock SCK)
Path Group: asynchronous
Path Type: min

Fanout     Cap    Slew   Delay    Time   Description
-----------------------------------------------------------------------------
                          0.00    0.00   clock SCK (rise edge)
                          0.00    0.00   clock network delay (propagated)
                          2.00    2.00 v input external delay
                  0.01    0.00    2.00 v CSB (in)
     1    0.00                           CSB (net)
                  0.01    0.00    2.00 v input1/A (sky130_fd_sc_hd__clkbuf_1)
                  0.02    0.06    2.07 v input1/X (sky130_fd_sc_hd__clkbuf_1)
     1    0.00                           net1 (net)
                  0.02    0.00    2.07 v _224_/A (sky130_fd_sc_hd__buf_2)
                  0.07    0.15    2.22 v _224_/X (sky130_fd_sc_hd__buf_2)
     9    0.03                           _102_ (net)
                  0.07    0.00    2.22 v _415_/A (sky130_fd_sc_hd__buf_2)
                  0.08    0.18    2.39 v _415_/X (sky130_fd_sc_hd__buf_2)
    10    0.03                           _218_ (net)
                  0.08    0.00    2.39 v _420_/B (sky130_fd_sc_hd__nor2_1)
                  0.10    0.11    2.50 ^ _420_/Y (sky130_fd_sc_hd__nor2_1)
     1    0.00                           _020_ (net)
                  0.10    0.00    2.50 ^ _468_/RESET_B (sky130_fd_sc_hd__dfrtp_2)
                                  2.50   data arrival time

                          0.00    0.00   clock SCK (rise edge)
                          0.00    0.00   clock source latency
                  0.07    0.05    0.05 ^ SCK (in)
     1    0.01                           SCK (net)
                  0.07    0.00    0.05 ^ clkbuf_0_SCK/A (sky130_fd_sc_hd__clkbuf_16)
                  0.06    0.16    0.20 ^ clkbuf_0_SCK/X (sky130_fd_sc_hd__clkbuf_16)
     4    0.04                           clknet_0_SCK (net)
                  0.06    0.00    0.20 ^ clkbuf_2_1__f_SCK/A (sky130_fd_sc_hd__clkbuf_16)
                  0.05    0.15    0.35 ^ clkbuf_2_1__f_SCK/X (sky130_fd_sc_hd__clkbuf_16)
    12    0.03                           clknet_2_1__leaf_SCK (net)
                  0.05    0.00    0.35 ^ _468_/CLK (sky130_fd_sc_hd__dfrtp_2)
                          0.25    0.60   clock uncertainty
                          0.00    0.60   clock reconvergence pessimism
                          0.34    0.94   library removal time
                                  0.94   data required time
-----------------------------------------------------------------------------
                                  0.94   data required time
                                 -2.50   data arrival time
-----------------------------------------------------------------------------
                                  1.56   slack (MET)


Startpoint: CSB (input port clocked by SCK)
Endpoint: _479_ (removal check against rising-edge clock SCK)
Path Group: asynchronous
Path Type: min

Fanout     Cap    Slew   Delay    Time   Description
-----------------------------------------------------------------------------
                          0.00    0.00   clock SCK (rise edge)
                          0.00    0.00   clock network delay (propagated)
                          2.00    2.00 v input external delay
                  0.01    0.00    2.00 v CSB (in)
     1    0.00                           CSB (net)
                  0.01    0.00    2.00 v input1/A (sky130_fd_sc_hd__clkbuf_1)
                  0.02    0.06    2.07 v input1/X (sky130_fd_sc_hd__clkbuf_1)
     1    0.00                           net1 (net)
                  0.02    0.00    2.07 v _224_/A (sky130_fd_sc_hd__buf_2)
                  0.07    0.15    2.22 v _224_/X (sky130_fd_sc_hd__buf_2)
     9    0.03                           _102_ (net)
                  0.07    0.00    2.22 v _427_/A (sky130_fd_sc_hd__clkbuf_4)
                  0.08    0.18    2.40 v _427_/X (sky130_fd_sc_hd__clkbuf_4)
    10    0.03                           _220_ (net)
                  0.08    0.00    2.40 v _433_/B (sky130_fd_sc_hd__nor2_1)
                  0.10    0.10    2.50 ^ _433_/Y (sky130_fd_sc_hd__nor2_1)
     1    0.00                           _031_ (net)
                  0.10    0.00    2.50 ^ _479_/RESET_B (sky130_fd_sc_hd__dfrtp_1)
                                  2.50   data arrival time

                          0.00    0.00   clock SCK (rise edge)
                          0.00    0.00   clock source latency
                  0.07    0.05    0.05 ^ SCK (in)
     1    0.01                           SCK (net)
                  0.07    0.00    0.05 ^ clkbuf_0_SCK/A (sky130_fd_sc_hd__clkbuf_16)
                  0.06    0.16    0.20 ^ clkbuf_0_SCK/X (sky130_fd_sc_hd__clkbuf_16)
     4    0.04                           clknet_0_SCK (net)
                  0.06    0.00    0.20 ^ clkbuf_2_1__f_SCK/A (sky130_fd_sc_hd__clkbuf_16)
                  0.05    0.15    0.35 ^ clkbuf_2_1__f_SCK/X (sky130_fd_sc_hd__clkbuf_16)
    12    0.03                           clknet_2_1__leaf_SCK (net)
                  0.05    0.00    0.35 ^ _479_/CLK (sky130_fd_sc_hd__dfrtp_1)
                          0.25    0.60   clock uncertainty
                          0.00    0.60   clock reconvergence pessimism
                          0.34    0.94   library removal time
                                  0.94   data required time
-----------------------------------------------------------------------------
                                  0.94   data required time
                                 -2.50   data arrival time
-----------------------------------------------------------------------------
                                  1.56   slack (MET)


Startpoint: CSB (input port clocked by SCK)
Endpoint: _478_ (removal check against rising-edge clock SCK)
Path Group: asynchronous
Path Type: min

Fanout     Cap    Slew   Delay    Time   Description
-----------------------------------------------------------------------------
                          0.00    0.00   clock SCK (rise edge)
                          0.00    0.00   clock network delay (propagated)
                          2.00    2.00 v input external delay
                  0.01    0.00    2.00 v CSB (in)
     1    0.00                           CSB (net)
                  0.01    0.00    2.00 v input1/A (sky130_fd_sc_hd__clkbuf_1)
                  0.02    0.06    2.07 v input1/X (sky130_fd_sc_hd__clkbuf_1)
     1    0.00                           net1 (net)
                  0.02    0.00    2.07 v _224_/A (sky130_fd_sc_hd__buf_2)
                  0.07    0.15    2.22 v _224_/X (sky130_fd_sc_hd__buf_2)
     9    0.03                           _102_ (net)
                  0.07    0.00    2.22 v _427_/A (sky130_fd_sc_hd__clkbuf_4)
                  0.08    0.18    2.40 v _427_/X (sky130_fd_sc_hd__clkbuf_4)
    10    0.03                           _220_ (net)
                  0.08    0.00    2.40 v _432_/B (sky130_fd_sc_hd__nor2_1)
                  0.10    0.10    2.50 ^ _432_/Y (sky130_fd_sc_hd__nor2_1)
     1    0.00                           _030_ (net)
                  0.10    0.00    2.50 ^ _478_/RESET_B (sky130_fd_sc_hd__dfrtp_1)
                                  2.50   data arrival time

                          0.00    0.00   clock SCK (rise edge)
                          0.00    0.00   clock source latency
                  0.07    0.05    0.05 ^ SCK (in)
     1    0.01                           SCK (net)
                  0.07    0.00    0.05 ^ clkbuf_0_SCK/A (sky130_fd_sc_hd__clkbuf_16)
                  0.06    0.16    0.20 ^ clkbuf_0_SCK/X (sky130_fd_sc_hd__clkbuf_16)
     4    0.04                           clknet_0_SCK (net)
                  0.06    0.00    0.20 ^ clkbuf_2_1__f_SCK/A (sky130_fd_sc_hd__clkbuf_16)
                  0.05    0.15    0.35 ^ clkbuf_2_1__f_SCK/X (sky130_fd_sc_hd__clkbuf_16)
    12    0.03                           clknet_2_1__leaf_SCK (net)
                  0.05    0.00    0.35 ^ _478_/CLK (sky130_fd_sc_hd__dfrtp_1)
                          0.25    0.60   clock uncertainty
                          0.00    0.60   clock reconvergence pessimism
                          0.34    0.94   library removal time
                                  0.94   data required time
-----------------------------------------------------------------------------
                                  0.94   data required time
                                 -2.50   data arrival time
-----------------------------------------------------------------------------
                                  1.56   slack (MET)


Startpoint: CSB (input port clocked by SCK)
Endpoint: _482_ (removal check against rising-edge clock SCK)
Path Group: asynchronous
Path Type: min

Fanout     Cap    Slew   Delay    Time   Description
-----------------------------------------------------------------------------
                          0.00    0.00   clock SCK (rise edge)
                          0.00    0.00   clock network delay (propagated)
                          2.00    2.00 v input external delay
                  0.01    0.00    2.00 v CSB (in)
     1    0.00                           CSB (net)
                  0.01    0.00    2.00 v input1/A (sky130_fd_sc_hd__clkbuf_1)
                  0.02    0.06    2.07 v input1/X (sky130_fd_sc_hd__clkbuf_1)
     1    0.00                           net1 (net)
                  0.02    0.00    2.07 v _224_/A (sky130_fd_sc_hd__buf_2)
                  0.07    0.15    2.22 v _224_/X (sky130_fd_sc_hd__buf_2)
     9    0.03                           _102_ (net)
                  0.07    0.00    2.22 v _427_/A (sky130_fd_sc_hd__clkbuf_4)
                  0.08    0.18    2.40 v _427_/X (sky130_fd_sc_hd__clkbuf_4)
    10    0.03                           _220_ (net)
                  0.08    0.00    2.40 v _436_/B (sky130_fd_sc_hd__nor2_1)
                  0.10    0.10    2.50 ^ _436_/Y (sky130_fd_sc_hd__nor2_1)
     1    0.00                           _034_ (net)
                  0.10    0.00    2.50 ^ _482_/RESET_B (sky130_fd_sc_hd__dfrtp_2)
                                  2.50   data arrival time

                          0.00    0.00   clock SCK (rise edge)
                          0.00    0.00   clock source latency
                  0.07    0.05    0.05 ^ SCK (in)
     1    0.01                           SCK (net)
                  0.07    0.00    0.05 ^ clkbuf_0_SCK/A (sky130_fd_sc_hd__clkbuf_16)
                  0.06    0.16    0.20 ^ clkbuf_0_SCK/X (sky130_fd_sc_hd__clkbuf_16)
     4    0.04                           clknet_0_SCK (net)
                  0.06    0.00    0.20 ^ clkbuf_2_1__f_SCK/A (sky130_fd_sc_hd__clkbuf_16)
                  0.05    0.15    0.35 ^ clkbuf_2_1__f_SCK/X (sky130_fd_sc_hd__clkbuf_16)
    12    0.03                           clknet_2_1__leaf_SCK (net)
                  0.05    0.00    0.35 ^ _482_/CLK (sky130_fd_sc_hd__dfrtp_2)
                          0.25    0.60   clock uncertainty
                          0.00    0.60   clock reconvergence pessimism
                          0.34    0.94   library removal time
                                  0.94   data required time
-----------------------------------------------------------------------------
                                  0.94   data required time
                                 -2.50   data arrival time
-----------------------------------------------------------------------------
                                  1.56   slack (MET)


Startpoint: CSB (input port clocked by SCK)
Endpoint: _477_ (removal check against rising-edge clock SCK)
Path Group: asynchronous
Path Type: min

Fanout     Cap    Slew   Delay    Time   Description
-----------------------------------------------------------------------------
                          0.00    0.00   clock SCK (rise edge)
                          0.00    0.00   clock network delay (propagated)
                          2.00    2.00 v input external delay
                  0.01    0.00    2.00 v CSB (in)
     1    0.00                           CSB (net)
                  0.01    0.00    2.00 v input1/A (sky130_fd_sc_hd__clkbuf_1)
                  0.02    0.06    2.07 v input1/X (sky130_fd_sc_hd__clkbuf_1)
     1    0.00                           net1 (net)
                  0.02    0.00    2.07 v _224_/A (sky130_fd_sc_hd__buf_2)
                  0.07    0.15    2.22 v _224_/X (sky130_fd_sc_hd__buf_2)
     9    0.03                           _102_ (net)
                  0.07    0.00    2.22 v _427_/A (sky130_fd_sc_hd__clkbuf_4)
                  0.08    0.18    2.40 v _427_/X (sky130_fd_sc_hd__clkbuf_4)
    10    0.03                           _220_ (net)
                  0.08    0.00    2.40 v _431_/B (sky130_fd_sc_hd__nor2_1)
                  0.10    0.10    2.50 ^ _431_/Y (sky130_fd_sc_hd__nor2_1)
     1    0.00                           _029_ (net)
                  0.10    0.00    2.50 ^ _477_/RESET_B (sky130_fd_sc_hd__dfrtp_1)
                                  2.50   data arrival time

                          0.00    0.00   clock SCK (rise edge)
                          0.00    0.00   clock source latency
                  0.07    0.05    0.05 ^ SCK (in)
     1    0.01                           SCK (net)
                  0.07    0.00    0.05 ^ clkbuf_0_SCK/A (sky130_fd_sc_hd__clkbuf_16)
                  0.06    0.16    0.20 ^ clkbuf_0_SCK/X (sky130_fd_sc_hd__clkbuf_16)
     4    0.04                           clknet_0_SCK (net)
                  0.06    0.00    0.20 ^ clkbuf_2_1__f_SCK/A (sky130_fd_sc_hd__clkbuf_16)
                  0.05    0.15    0.35 ^ clkbuf_2_1__f_SCK/X (sky130_fd_sc_hd__clkbuf_16)
    12    0.03                           clknet_2_1__leaf_SCK (net)
                  0.05    0.00    0.35 ^ _477_/CLK (sky130_fd_sc_hd__dfrtp_1)
                          0.25    0.60   clock uncertainty
                          0.00    0.60   clock reconvergence pessimism
                          0.34    0.94   library removal time
                                  0.94   data required time
-----------------------------------------------------------------------------
                                  0.94   data required time
                                 -2.50   data arrival time
-----------------------------------------------------------------------------
                                  1.56   slack (MET)


Startpoint: CSB (input port clocked by SCK)
Endpoint: _475_ (removal check against rising-edge clock SCK)
Path Group: asynchronous
Path Type: min

Fanout     Cap    Slew   Delay    Time   Description
-----------------------------------------------------------------------------
                          0.00    0.00   clock SCK (rise edge)
                          0.00    0.00   clock network delay (propagated)
                          2.00    2.00 v input external delay
                  0.01    0.00    2.00 v CSB (in)
     1    0.00                           CSB (net)
                  0.01    0.00    2.00 v input1/A (sky130_fd_sc_hd__clkbuf_1)
                  0.02    0.06    2.07 v input1/X (sky130_fd_sc_hd__clkbuf_1)
     1    0.00                           net1 (net)
                  0.02    0.00    2.07 v _224_/A (sky130_fd_sc_hd__buf_2)
                  0.07    0.15    2.22 v _224_/X (sky130_fd_sc_hd__buf_2)
     9    0.03                           _102_ (net)
                  0.07    0.00    2.22 v _427_/A (sky130_fd_sc_hd__clkbuf_4)
                  0.08    0.18    2.40 v _427_/X (sky130_fd_sc_hd__clkbuf_4)
    10    0.03                           _220_ (net)
                  0.08    0.00    2.40 v _429_/B (sky130_fd_sc_hd__nor2_1)
                  0.10    0.10    2.50 ^ _429_/Y (sky130_fd_sc_hd__nor2_1)
     1    0.00                           _027_ (net)
                  0.10    0.00    2.50 ^ _475_/RESET_B (sky130_fd_sc_hd__dfrtp_1)
                                  2.50   data arrival time

                          0.00    0.00   clock SCK (rise edge)
                          0.00    0.00   clock source latency
                  0.07    0.05    0.05 ^ SCK (in)
     1    0.01                           SCK (net)
                  0.07    0.00    0.05 ^ clkbuf_0_SCK/A (sky130_fd_sc_hd__clkbuf_16)
                  0.06    0.16    0.20 ^ clkbuf_0_SCK/X (sky130_fd_sc_hd__clkbuf_16)
     4    0.04                           clknet_0_SCK (net)
                  0.06    0.00    0.20 ^ clkbuf_2_1__f_SCK/A (sky130_fd_sc_hd__clkbuf_16)
                  0.05    0.15    0.35 ^ clkbuf_2_1__f_SCK/X (sky130_fd_sc_hd__clkbuf_16)
    12    0.03                           clknet_2_1__leaf_SCK (net)
                  0.05    0.00    0.35 ^ _475_/CLK (sky130_fd_sc_hd__dfrtp_1)
                          0.25    0.60   clock uncertainty
                          0.00    0.60   clock reconvergence pessimism
                          0.34    0.94   library removal time
                                  0.94   data required time
-----------------------------------------------------------------------------
                                  0.94   data required time
                                 -2.50   data arrival time
-----------------------------------------------------------------------------
                                  1.56   slack (MET)


Startpoint: CSB (input port clocked by SCK)
Endpoint: _476_ (removal check against rising-edge clock SCK)
Path Group: asynchronous
Path Type: min

Fanout     Cap    Slew   Delay    Time   Description
-----------------------------------------------------------------------------
                          0.00    0.00   clock SCK (rise edge)
                          0.00    0.00   clock network delay (propagated)
                          2.00    2.00 v input external delay
                  0.01    0.00    2.00 v CSB (in)
     1    0.00                           CSB (net)
                  0.01    0.00    2.00 v input1/A (sky130_fd_sc_hd__clkbuf_1)
                  0.02    0.06    2.07 v input1/X (sky130_fd_sc_hd__clkbuf_1)
     1    0.00                           net1 (net)
                  0.02    0.00    2.07 v _224_/A (sky130_fd_sc_hd__buf_2)
                  0.07    0.15    2.22 v _224_/X (sky130_fd_sc_hd__buf_2)
     9    0.03                           _102_ (net)
                  0.07    0.00    2.22 v _427_/A (sky130_fd_sc_hd__clkbuf_4)
                  0.08    0.18    2.40 v _427_/X (sky130_fd_sc_hd__clkbuf_4)
    10    0.03                           _220_ (net)
                  0.08    0.00    2.40 v _430_/B (sky130_fd_sc_hd__nor2_1)
                  0.10    0.10    2.50 ^ _430_/Y (sky130_fd_sc_hd__nor2_1)
     1    0.00                           _028_ (net)
                  0.10    0.00    2.50 ^ _476_/RESET_B (sky130_fd_sc_hd__dfrtp_1)
                                  2.50   data arrival time

                          0.00    0.00   clock SCK (rise edge)
                          0.00    0.00   clock source latency
                  0.07    0.05    0.05 ^ SCK (in)
     1    0.01                           SCK (net)
                  0.07    0.00    0.05 ^ clkbuf_0_SCK/A (sky130_fd_sc_hd__clkbuf_16)
                  0.06    0.16    0.20 ^ clkbuf_0_SCK/X (sky130_fd_sc_hd__clkbuf_16)
     4    0.04                           clknet_0_SCK (net)
                  0.06    0.00    0.20 ^ clkbuf_2_1__f_SCK/A (sky130_fd_sc_hd__clkbuf_16)
                  0.05    0.15    0.35 ^ clkbuf_2_1__f_SCK/X (sky130_fd_sc_hd__clkbuf_16)
    12    0.03                           clknet_2_1__leaf_SCK (net)
                  0.05    0.00    0.35 ^ _476_/CLK (sky130_fd_sc_hd__dfrtp_1)
                          0.25    0.60   clock uncertainty
                          0.00    0.60   clock reconvergence pessimism
                          0.34    0.94   library removal time
                                  0.94   data required time
-----------------------------------------------------------------------------
                                  0.94   data required time
                                 -2.50   data arrival time
-----------------------------------------------------------------------------
                                  1.56   slack (MET)


Startpoint: CSB (input port clocked by SCK)
Endpoint: _486_ (removal check against rising-edge clock SCK)
Path Group: asynchronous
Path Type: min

Fanout     Cap    Slew   Delay    Time   Description
-----------------------------------------------------------------------------
                          0.00    0.00   clock SCK (rise edge)
                          0.00    0.00   clock network delay (propagated)
                          2.00    2.00 v input external delay
                  0.01    0.00    2.00 v CSB (in)
     1    0.00                           CSB (net)
                  0.01    0.00    2.00 v input1/A (sky130_fd_sc_hd__clkbuf_1)
                  0.02    0.06    2.07 v input1/X (sky130_fd_sc_hd__clkbuf_1)
     1    0.00                           net1 (net)
                  0.02    0.00    2.07 v _224_/A (sky130_fd_sc_hd__buf_2)
                  0.07    0.15    2.22 v _224_/X (sky130_fd_sc_hd__buf_2)
     9    0.03                           _102_ (net)
                  0.07    0.00    2.22 v _441_/B (sky130_fd_sc_hd__nor2_1)
                  0.09    0.10    2.32 ^ _441_/Y (sky130_fd_sc_hd__nor2_1)
     1    0.00                           _040_ (net)
                  0.09    0.00    2.32 ^ _486_/SET_B (sky130_fd_sc_hd__dfstp_2)
                                  2.32   data arrival time

                          0.00    0.00   clock SCK (rise edge)
                          0.00    0.00   clock source latency
                  0.07    0.05    0.05 ^ SCK (in)
     1    0.01                           SCK (net)
                  0.07    0.00    0.05 ^ clkbuf_0_SCK/A (sky130_fd_sc_hd__clkbuf_16)
                  0.06    0.16    0.20 ^ clkbuf_0_SCK/X (sky130_fd_sc_hd__clkbuf_16)
     4    0.04                           clknet_0_SCK (net)
                  0.06    0.00    0.20 ^ clkbuf_2_0__f_SCK/A (sky130_fd_sc_hd__clkbuf_16)
                  0.05    0.14    0.35 ^ clkbuf_2_0__f_SCK/X (sky130_fd_sc_hd__clkbuf_16)
     9    0.03                           clknet_2_0__leaf_SCK (net)
                  0.05    0.00    0.35 ^ _486_/CLK (sky130_fd_sc_hd__dfstp_2)
                          0.25    0.60   clock uncertainty
                          0.00    0.60   clock reconvergence pessimism
                          0.15    0.75   library removal time
                                  0.75   data required time
-----------------------------------------------------------------------------
                                  0.75   data required time
                                 -2.32   data arrival time
-----------------------------------------------------------------------------
                                  1.56   slack (MET)


Startpoint: CSB (input port clocked by SCK)
Endpoint: _466_ (removal check against rising-edge clock SCK)
Path Group: asynchronous
Path Type: min

Fanout     Cap    Slew   Delay    Time   Description
-----------------------------------------------------------------------------
                          0.00    0.00   clock SCK (rise edge)
                          0.00    0.00   clock network delay (propagated)
                          2.00    2.00 v input external delay
                  0.01    0.00    2.00 v CSB (in)
     1    0.00                           CSB (net)
                  0.01    0.00    2.00 v input1/A (sky130_fd_sc_hd__clkbuf_1)
                  0.02    0.06    2.07 v input1/X (sky130_fd_sc_hd__clkbuf_1)
     1    0.00                           net1 (net)
                  0.02    0.00    2.07 v _224_/A (sky130_fd_sc_hd__buf_2)
                  0.07    0.15    2.22 v _224_/X (sky130_fd_sc_hd__buf_2)
     9    0.03                           _102_ (net)
                  0.07    0.00    2.22 v _415_/A (sky130_fd_sc_hd__buf_2)
                  0.08    0.18    2.39 v _415_/X (sky130_fd_sc_hd__buf_2)
    10    0.03                           _218_ (net)
                  0.08    0.00    2.39 v _418_/B (sky130_fd_sc_hd__nor2_1)
                  0.10    0.10    2.50 ^ _418_/Y (sky130_fd_sc_hd__nor2_1)
     1    0.00                           _018_ (net)
                  0.10    0.00    2.50 ^ _466_/RESET_B (sky130_fd_sc_hd__dfrtp_1)
                                  2.50   data arrival time

                          0.00    0.00   clock SCK (rise edge)
                          0.00    0.00   clock source latency
                  0.07    0.05    0.05 ^ SCK (in)
     1    0.01                           SCK (net)
                  0.07    0.00    0.05 ^ clkbuf_0_SCK/A (sky130_fd_sc_hd__clkbuf_16)
                  0.06    0.16    0.20 ^ clkbuf_0_SCK/X (sky130_fd_sc_hd__clkbuf_16)
     4    0.04                           clknet_0_SCK (net)
                  0.06    0.00    0.20 ^ clkbuf_2_0__f_SCK/A (sky130_fd_sc_hd__clkbuf_16)
                  0.05    0.14    0.35 ^ clkbuf_2_0__f_SCK/X (sky130_fd_sc_hd__clkbuf_16)
     9    0.03                           clknet_2_0__leaf_SCK (net)
                  0.05    0.00    0.35 ^ _466_/CLK (sky130_fd_sc_hd__dfrtp_1)
                          0.25    0.60   clock uncertainty
                          0.00    0.60   clock reconvergence pessimism
                          0.34    0.93   library removal time
                                  0.93   data required time
-----------------------------------------------------------------------------
                                  0.93   data required time
                                 -2.50   data arrival time
-----------------------------------------------------------------------------
                                  1.56   slack (MET)


Startpoint: CSB (input port clocked by SCK)
Endpoint: _472_ (removal check against rising-edge clock SCK)
Path Group: asynchronous
Path Type: min

Fanout     Cap    Slew   Delay    Time   Description
-----------------------------------------------------------------------------
                          0.00    0.00   clock SCK (rise edge)
                          0.00    0.00   clock network delay (propagated)
                          2.00    2.00 v input external delay
                  0.01    0.00    2.00 v CSB (in)
     1    0.00                           CSB (net)
                  0.01    0.00    2.00 v input1/A (sky130_fd_sc_hd__clkbuf_1)
                  0.02    0.06    2.07 v input1/X (sky130_fd_sc_hd__clkbuf_1)
     1    0.00                           net1 (net)
                  0.02    0.00    2.07 v _224_/A (sky130_fd_sc_hd__buf_2)
                  0.07    0.15    2.22 v _224_/X (sky130_fd_sc_hd__buf_2)
     9    0.03                           _102_ (net)
                  0.07    0.00    2.22 v _415_/A (sky130_fd_sc_hd__buf_2)
                  0.08    0.18    2.39 v _415_/X (sky130_fd_sc_hd__buf_2)
    10    0.03                           _218_ (net)
                  0.08    0.00    2.39 v _424_/B (sky130_fd_sc_hd__nor2_1)
                  0.10    0.11    2.50 ^ _424_/Y (sky130_fd_sc_hd__nor2_1)
     1    0.00                           _024_ (net)
                  0.10    0.00    2.50 ^ _472_/RESET_B (sky130_fd_sc_hd__dfrtp_1)
                                  2.50   data arrival time

                          0.00    0.00   clock SCK (rise edge)
                          0.00    0.00   clock source latency
                  0.07    0.05    0.05 ^ SCK (in)
     1    0.01                           SCK (net)
                  0.07    0.00    0.05 ^ clkbuf_0_SCK/A (sky130_fd_sc_hd__clkbuf_16)
                  0.06    0.16    0.20 ^ clkbuf_0_SCK/X (sky130_fd_sc_hd__clkbuf_16)
     4    0.04                           clknet_0_SCK (net)
                  0.06    0.00    0.20 ^ clkbuf_2_0__f_SCK/A (sky130_fd_sc_hd__clkbuf_16)
                  0.05    0.14    0.35 ^ clkbuf_2_0__f_SCK/X (sky130_fd_sc_hd__clkbuf_16)
     9    0.03                           clknet_2_0__leaf_SCK (net)
                  0.05    0.00    0.35 ^ _472_/CLK (sky130_fd_sc_hd__dfrtp_1)
                          0.25    0.60   clock uncertainty
                          0.00    0.60   clock reconvergence pessimism
                          0.34    0.93   library removal time
                                  0.93   data required time
-----------------------------------------------------------------------------
                                  0.93   data required time
                                 -2.50   data arrival time
-----------------------------------------------------------------------------
                                  1.57   slack (MET)


Startpoint: CSB (input port clocked by SCK)
Endpoint: _464_ (removal check against rising-edge clock SCK)
Path Group: asynchronous
Path Type: min

Fanout     Cap    Slew   Delay    Time   Description
-----------------------------------------------------------------------------
                          0.00    0.00   clock SCK (rise edge)
                          0.00    0.00   clock network delay (propagated)
                          2.00    2.00 v input external delay
                  0.01    0.00    2.00 v CSB (in)
     1    0.00                           CSB (net)
                  0.01    0.00    2.00 v input1/A (sky130_fd_sc_hd__clkbuf_1)
                  0.02    0.06    2.07 v input1/X (sky130_fd_sc_hd__clkbuf_1)
     1    0.00                           net1 (net)
                  0.02    0.00    2.07 v _224_/A (sky130_fd_sc_hd__buf_2)
                  0.07    0.15    2.22 v _224_/X (sky130_fd_sc_hd__buf_2)
     9    0.03                           _102_ (net)
                  0.07    0.00    2.22 v _415_/A (sky130_fd_sc_hd__buf_2)
                  0.08    0.18    2.39 v _415_/X (sky130_fd_sc_hd__buf_2)
    10    0.03                           _218_ (net)
                  0.08    0.00    2.39 v _416_/B (sky130_fd_sc_hd__nor2_1)
                  0.10    0.10    2.50 ^ _416_/Y (sky130_fd_sc_hd__nor2_1)
     1    0.00                           _016_ (net)
                  0.10    0.00    2.50 ^ _464_/RESET_B (sky130_fd_sc_hd__dfrtp_2)
                                  2.50   data arrival time

                          0.00    0.00   clock SCK (rise edge)
                          0.00    0.00   clock source latency
                  0.07    0.05    0.05 ^ SCK (in)
     1    0.01                           SCK (net)
                  0.07    0.00    0.05 ^ clkbuf_0_SCK/A (sky130_fd_sc_hd__clkbuf_16)
                  0.06    0.16    0.20 ^ clkbuf_0_SCK/X (sky130_fd_sc_hd__clkbuf_16)
     4    0.04                           clknet_0_SCK (net)
                  0.06    0.00    0.20 ^ clkbuf_2_0__f_SCK/A (sky130_fd_sc_hd__clkbuf_16)
                  0.05    0.14    0.35 ^ clkbuf_2_0__f_SCK/X (sky130_fd_sc_hd__clkbuf_16)
     9    0.03                           clknet_2_0__leaf_SCK (net)
                  0.05    0.00    0.35 ^ _464_/CLK (sky130_fd_sc_hd__dfrtp_2)
                          0.25    0.60   clock uncertainty
                          0.00    0.60   clock reconvergence pessimism
                          0.34    0.93   library removal time
                                  0.93   data required time
-----------------------------------------------------------------------------
                                  0.93   data required time
                                 -2.50   data arrival time
-----------------------------------------------------------------------------
                                  1.57   slack (MET)


Startpoint: CSB (input port clocked by SCK)
Endpoint: _461_ (removal check against rising-edge clock SCK)
Path Group: asynchronous
Path Type: min

Fanout     Cap    Slew   Delay    Time   Description
-----------------------------------------------------------------------------
                          0.00    0.00   clock SCK (rise edge)
                          0.00    0.00   clock network delay (propagated)
                          2.00    2.00 v input external delay
                  0.01    0.00    2.00 v CSB (in)
     1    0.00                           CSB (net)
                  0.01    0.00    2.00 v input1/A (sky130_fd_sc_hd__clkbuf_1)
                  0.02    0.06    2.07 v input1/X (sky130_fd_sc_hd__clkbuf_1)
     1    0.00                           net1 (net)
                  0.02    0.00    2.07 v _224_/A (sky130_fd_sc_hd__buf_2)
                  0.07    0.15    2.22 v _224_/X (sky130_fd_sc_hd__buf_2)
     9    0.03                           _102_ (net)
                  0.07    0.00    2.22 v _403_/A (sky130_fd_sc_hd__buf_2)
                  0.08    0.18    2.40 v _403_/X (sky130_fd_sc_hd__buf_2)
    10    0.03                           _216_ (net)
                  0.08    0.00    2.40 v _411_/B (sky130_fd_sc_hd__nor2_1)
                  0.10    0.10    2.50 ^ _411_/Y (sky130_fd_sc_hd__nor2_1)
     1    0.00                           _013_ (net)
                  0.10    0.00    2.50 ^ _461_/RESET_B (sky130_fd_sc_hd__dfrtp_2)
                                  2.50   data arrival time

                          0.00    0.00   clock SCK (rise edge)
                          0.00    0.00   clock source latency
                  0.07    0.05    0.05 ^ SCK (in)
     1    0.01                           SCK (net)
                  0.07    0.00    0.05 ^ clkbuf_0_SCK/A (sky130_fd_sc_hd__clkbuf_16)
                  0.06    0.16    0.20 ^ clkbuf_0_SCK/X (sky130_fd_sc_hd__clkbuf_16)
     4    0.04                           clknet_0_SCK (net)
                  0.06    0.00    0.20 ^ clkbuf_2_2__f_SCK/A (sky130_fd_sc_hd__clkbuf_16)
                  0.05    0.14    0.35 ^ clkbuf_2_2__f_SCK/X (sky130_fd_sc_hd__clkbuf_16)
     9    0.03                           clknet_2_2__leaf_SCK (net)
                  0.05    0.00    0.35 ^ _461_/CLK (sky130_fd_sc_hd__dfrtp_2)
                          0.25    0.60   clock uncertainty
                          0.00    0.60   clock reconvergence pessimism
                          0.34    0.93   library removal time
                                  0.93   data required time
-----------------------------------------------------------------------------
                                  0.93   data required time
                                 -2.50   data arrival time
-----------------------------------------------------------------------------
                                  1.57   slack (MET)


Startpoint: CSB (input port clocked by SCK)
Endpoint: _463_ (removal check against rising-edge clock SCK)
Path Group: asynchronous
Path Type: min

Fanout     Cap    Slew   Delay    Time   Description
-----------------------------------------------------------------------------
                          0.00    0.00   clock SCK (rise edge)
                          0.00    0.00   clock network delay (propagated)
                          2.00    2.00 v input external delay
                  0.01    0.00    2.00 v CSB (in)
     1    0.00                           CSB (net)
                  0.01    0.00    2.00 v input1/A (sky130_fd_sc_hd__clkbuf_1)
                  0.02    0.06    2.07 v input1/X (sky130_fd_sc_hd__clkbuf_1)
     1    0.00                           net1 (net)
                  0.02    0.00    2.07 v _224_/A (sky130_fd_sc_hd__buf_2)
                  0.07    0.15    2.22 v _224_/X (sky130_fd_sc_hd__buf_2)
     9    0.03                           _102_ (net)
                  0.07    0.00    2.22 v _403_/A (sky130_fd_sc_hd__buf_2)
                  0.08    0.18    2.40 v _403_/X (sky130_fd_sc_hd__buf_2)
    10    0.03                           _216_ (net)
                  0.08    0.00    2.40 v _413_/B (sky130_fd_sc_hd__nor2_1)
                  0.10    0.10    2.50 ^ _413_/Y (sky130_fd_sc_hd__nor2_1)
     1    0.00                           _015_ (net)
                  0.10    0.00    2.50 ^ _463_/RESET_B (sky130_fd_sc_hd__dfrtp_4)
                                  2.50   data arrival time

                          0.00    0.00   clock SCK (rise edge)
                          0.00    0.00   clock source latency
                  0.07    0.05    0.05 ^ SCK (in)
     1    0.01                           SCK (net)
                  0.07    0.00    0.05 ^ clkbuf_0_SCK/A (sky130_fd_sc_hd__clkbuf_16)
                  0.06    0.16    0.20 ^ clkbuf_0_SCK/X (sky130_fd_sc_hd__clkbuf_16)
     4    0.04                           clknet_0_SCK (net)
                  0.06    0.00    0.20 ^ clkbuf_2_2__f_SCK/A (sky130_fd_sc_hd__clkbuf_16)
                  0.05    0.14    0.35 ^ clkbuf_2_2__f_SCK/X (sky130_fd_sc_hd__clkbuf_16)
     9    0.03                           clknet_2_2__leaf_SCK (net)
                  0.05    0.00    0.35 ^ _463_/CLK (sky130_fd_sc_hd__dfrtp_4)
                          0.25    0.60   clock uncertainty
                          0.00    0.60   clock reconvergence pessimism
                          0.34    0.94   library removal time
                                  0.94   data required time
-----------------------------------------------------------------------------
                                  0.94   data required time
                                 -2.50   data arrival time
-----------------------------------------------------------------------------
                                  1.57   slack (MET)


Startpoint: CSB (input port clocked by SCK)
Endpoint: _460_ (removal check against rising-edge clock SCK)
Path Group: asynchronous
Path Type: min

Fanout     Cap    Slew   Delay    Time   Description
-----------------------------------------------------------------------------
                          0.00    0.00   clock SCK (rise edge)
                          0.00    0.00   clock network delay (propagated)
                          2.00    2.00 v input external delay
                  0.01    0.00    2.00 v CSB (in)
     1    0.00                           CSB (net)
                  0.01    0.00    2.00 v input1/A (sky130_fd_sc_hd__clkbuf_1)
                  0.02    0.06    2.07 v input1/X (sky130_fd_sc_hd__clkbuf_1)
     1    0.00                           net1 (net)
                  0.02    0.00    2.07 v _224_/A (sky130_fd_sc_hd__buf_2)
                  0.07    0.15    2.22 v _224_/X (sky130_fd_sc_hd__buf_2)
     9    0.03                           _102_ (net)
                  0.07    0.00    2.22 v _403_/A (sky130_fd_sc_hd__buf_2)
                  0.08    0.18    2.40 v _403_/X (sky130_fd_sc_hd__buf_2)
    10    0.03                           _216_ (net)
                  0.08    0.00    2.40 v _410_/B (sky130_fd_sc_hd__nor2_1)
                  0.10    0.10    2.50 ^ _410_/Y (sky130_fd_sc_hd__nor2_1)
     1    0.00                           _012_ (net)
                  0.10    0.00    2.50 ^ _460_/RESET_B (sky130_fd_sc_hd__dfrtp_2)
                                  2.50   data arrival time

                          0.00    0.00   clock SCK (rise edge)
                          0.00    0.00   clock source latency
                  0.07    0.05    0.05 ^ SCK (in)
     1    0.01                           SCK (net)
                  0.07    0.00    0.05 ^ clkbuf_0_SCK/A (sky130_fd_sc_hd__clkbuf_16)
                  0.06    0.16    0.20 ^ clkbuf_0_SCK/X (sky130_fd_sc_hd__clkbuf_16)
     4    0.04                           clknet_0_SCK (net)
                  0.06    0.00    0.20 ^ clkbuf_2_2__f_SCK/A (sky130_fd_sc_hd__clkbuf_16)
                  0.05    0.14    0.35 ^ clkbuf_2_2__f_SCK/X (sky130_fd_sc_hd__clkbuf_16)
     9    0.03                           clknet_2_2__leaf_SCK (net)
                  0.05    0.00    0.35 ^ _460_/CLK (sky130_fd_sc_hd__dfrtp_2)
                          0.25    0.60   clock uncertainty
                          0.00    0.60   clock reconvergence pessimism
                          0.34    0.94   library removal time
                                  0.94   data required time
-----------------------------------------------------------------------------
                                  0.94   data required time
                                 -2.50   data arrival time
-----------------------------------------------------------------------------
                                  1.57   slack (MET)


Startpoint: CSB (input port clocked by SCK)
Endpoint: _465_ (removal check against rising-edge clock SCK)
Path Group: asynchronous
Path Type: min

Fanout     Cap    Slew   Delay    Time   Description
-----------------------------------------------------------------------------
                          0.00    0.00   clock SCK (rise edge)
                          0.00    0.00   clock network delay (propagated)
                          2.00    2.00 v input external delay
                  0.01    0.00    2.00 v CSB (in)
     1    0.00                           CSB (net)
                  0.01    0.00    2.00 v input1/A (sky130_fd_sc_hd__clkbuf_1)
                  0.02    0.06    2.07 v input1/X (sky130_fd_sc_hd__clkbuf_1)
     1    0.00                           net1 (net)
                  0.02    0.00    2.07 v _224_/A (sky130_fd_sc_hd__buf_2)
                  0.07    0.15    2.22 v _224_/X (sky130_fd_sc_hd__buf_2)
     9    0.03                           _102_ (net)
                  0.07    0.00    2.22 v _415_/A (sky130_fd_sc_hd__buf_2)
                  0.08    0.18    2.39 v _415_/X (sky130_fd_sc_hd__buf_2)
    10    0.03                           _218_ (net)
                  0.08    0.00    2.39 v _417_/B (sky130_fd_sc_hd__nor2_1)
                  0.10    0.11    2.50 ^ _417_/Y (sky130_fd_sc_hd__nor2_1)
     1    0.00                           _017_ (net)
                  0.10    0.00    2.50 ^ _465_/RESET_B (sky130_fd_sc_hd__dfrtp_1)
                                  2.50   data arrival time

                          0.00    0.00   clock SCK (rise edge)
                          0.00    0.00   clock source latency
                  0.07    0.05    0.05 ^ SCK (in)
     1    0.01                           SCK (net)
                  0.07    0.00    0.05 ^ clkbuf_0_SCK/A (sky130_fd_sc_hd__clkbuf_16)
                  0.06    0.16    0.20 ^ clkbuf_0_SCK/X (sky130_fd_sc_hd__clkbuf_16)
     4    0.04                           clknet_0_SCK (net)
                  0.06    0.00    0.20 ^ clkbuf_2_0__f_SCK/A (sky130_fd_sc_hd__clkbuf_16)
                  0.05    0.14    0.35 ^ clkbuf_2_0__f_SCK/X (sky130_fd_sc_hd__clkbuf_16)
     9    0.03                           clknet_2_0__leaf_SCK (net)
                  0.05    0.00    0.35 ^ _465_/CLK (sky130_fd_sc_hd__dfrtp_1)
                          0.25    0.60   clock uncertainty
                          0.00    0.60   clock reconvergence pessimism
                          0.34    0.94   library removal time
                                  0.94   data required time
-----------------------------------------------------------------------------
                                  0.94   data required time
                                 -2.50   data arrival time
-----------------------------------------------------------------------------
                                  1.57   slack (MET)


Startpoint: CSB (input port clocked by SCK)
Endpoint: _473_ (removal check against rising-edge clock SCK)
Path Group: asynchronous
Path Type: min

Fanout     Cap    Slew   Delay    Time   Description
-----------------------------------------------------------------------------
                          0.00    0.00   clock SCK (rise edge)
                          0.00    0.00   clock network delay (propagated)
                          2.00    2.00 v input external delay
                  0.01    0.00    2.00 v CSB (in)
     1    0.00                           CSB (net)
                  0.01    0.00    2.00 v input1/A (sky130_fd_sc_hd__clkbuf_1)
                  0.02    0.06    2.07 v input1/X (sky130_fd_sc_hd__clkbuf_1)
     1    0.00                           net1 (net)
                  0.02    0.00    2.07 v _224_/A (sky130_fd_sc_hd__buf_2)
                  0.07    0.15    2.22 v _224_/X (sky130_fd_sc_hd__buf_2)
     9    0.03                           _102_ (net)
                  0.07    0.00    2.22 v _415_/A (sky130_fd_sc_hd__buf_2)
                  0.08    0.18    2.39 v _415_/X (sky130_fd_sc_hd__buf_2)
    10    0.03                           _218_ (net)
                  0.08    0.00    2.39 v _425_/B (sky130_fd_sc_hd__nor2_1)
                  0.10    0.11    2.50 ^ _425_/Y (sky130_fd_sc_hd__nor2_1)
     1    0.00                           _025_ (net)
                  0.10    0.00    2.50 ^ _473_/RESET_B (sky130_fd_sc_hd__dfrtp_1)
                                  2.50   data arrival time

                          0.00    0.00   clock SCK (rise edge)
                          0.00    0.00   clock source latency
                  0.07    0.05    0.05 ^ SCK (in)
     1    0.01                           SCK (net)
                  0.07    0.00    0.05 ^ clkbuf_0_SCK/A (sky130_fd_sc_hd__clkbuf_16)
                  0.06    0.16    0.20 ^ clkbuf_0_SCK/X (sky130_fd_sc_hd__clkbuf_16)
     4    0.04                           clknet_0_SCK (net)
                  0.06    0.00    0.20 ^ clkbuf_2_0__f_SCK/A (sky130_fd_sc_hd__clkbuf_16)
                  0.05    0.14    0.35 ^ clkbuf_2_0__f_SCK/X (sky130_fd_sc_hd__clkbuf_16)
     9    0.03                           clknet_2_0__leaf_SCK (net)
                  0.05    0.00    0.35 ^ _473_/CLK (sky130_fd_sc_hd__dfrtp_1)
                          0.25    0.60   clock uncertainty
                          0.00    0.60   clock reconvergence pessimism
                          0.34    0.94   library removal time
                                  0.94   data required time
-----------------------------------------------------------------------------
                                  0.94   data required time
                                 -2.50   data arrival time
-----------------------------------------------------------------------------
                                  1.57   slack (MET)


Startpoint: CSB (input port clocked by SCK)
Endpoint: _462_ (removal check against rising-edge clock SCK)
Path Group: asynchronous
Path Type: min

Fanout     Cap    Slew   Delay    Time   Description
-----------------------------------------------------------------------------
                          0.00    0.00   clock SCK (rise edge)
                          0.00    0.00   clock network delay (propagated)
                          2.00    2.00 v input external delay
                  0.01    0.00    2.00 v CSB (in)
     1    0.00                           CSB (net)
                  0.01    0.00    2.00 v input1/A (sky130_fd_sc_hd__clkbuf_1)
                  0.02    0.06    2.07 v input1/X (sky130_fd_sc_hd__clkbuf_1)
     1    0.00                           net1 (net)
                  0.02    0.00    2.07 v _224_/A (sky130_fd_sc_hd__buf_2)
                  0.07    0.15    2.22 v _224_/X (sky130_fd_sc_hd__buf_2)
     9    0.03                           _102_ (net)
                  0.07    0.00    2.22 v _403_/A (sky130_fd_sc_hd__buf_2)
                  0.08    0.18    2.40 v _403_/X (sky130_fd_sc_hd__buf_2)
    10    0.03                           _216_ (net)
                  0.08    0.00    2.40 v _412_/B (sky130_fd_sc_hd__nor2_1)
                  0.10    0.11    2.50 ^ _412_/Y (sky130_fd_sc_hd__nor2_1)
     1    0.00                           _014_ (net)
                  0.10    0.00    2.50 ^ _462_/RESET_B (sky130_fd_sc_hd__dfrtp_1)
                                  2.50   data arrival time

                          0.00    0.00   clock SCK (rise edge)
                          0.00    0.00   clock source latency
                  0.07    0.05    0.05 ^ SCK (in)
     1    0.01                           SCK (net)
                  0.07    0.00    0.05 ^ clkbuf_0_SCK/A (sky130_fd_sc_hd__clkbuf_16)
                  0.06    0.16    0.20 ^ clkbuf_0_SCK/X (sky130_fd_sc_hd__clkbuf_16)
     4    0.04                           clknet_0_SCK (net)
                  0.06    0.00    0.20 ^ clkbuf_2_2__f_SCK/A (sky130_fd_sc_hd__clkbuf_16)
                  0.05    0.14    0.35 ^ clkbuf_2_2__f_SCK/X (sky130_fd_sc_hd__clkbuf_16)
     9    0.03                           clknet_2_2__leaf_SCK (net)
                  0.05    0.00    0.35 ^ _462_/CLK (sky130_fd_sc_hd__dfrtp_1)
                          0.25    0.60   clock uncertainty
                          0.00    0.60   clock reconvergence pessimism
                          0.34    0.94   library removal time
                                  0.94   data required time
-----------------------------------------------------------------------------
                                  0.94   data required time
                                 -2.50   data arrival time
-----------------------------------------------------------------------------
                                  1.57   slack (MET)


Startpoint: CSB (input port clocked by SCK)
Endpoint: _458_ (removal check against rising-edge clock SCK)
Path Group: asynchronous
Path Type: min

Fanout     Cap    Slew   Delay    Time   Description
-----------------------------------------------------------------------------
                          0.00    0.00   clock SCK (rise edge)
                          0.00    0.00   clock network delay (propagated)
                          2.00    2.00 v input external delay
                  0.01    0.00    2.00 v CSB (in)
     1    0.00                           CSB (net)
                  0.01    0.00    2.00 v input1/A (sky130_fd_sc_hd__clkbuf_1)
                  0.02    0.06    2.07 v input1/X (sky130_fd_sc_hd__clkbuf_1)
     1    0.00                           net1 (net)
                  0.02    0.00    2.07 v _224_/A (sky130_fd_sc_hd__buf_2)
                  0.07    0.15    2.22 v _224_/X (sky130_fd_sc_hd__buf_2)
     9    0.03                           _102_ (net)
                  0.07    0.00    2.22 v _403_/A (sky130_fd_sc_hd__buf_2)
                  0.08    0.18    2.40 v _403_/X (sky130_fd_sc_hd__buf_2)
    10    0.03                           _216_ (net)
                  0.08    0.00    2.40 v _408_/B (sky130_fd_sc_hd__nor2_1)
                  0.10    0.11    2.50 ^ _408_/Y (sky130_fd_sc_hd__nor2_1)
     1    0.00                           _010_ (net)
                  0.10    0.00    2.50 ^ _458_/RESET_B (sky130_fd_sc_hd__dfrtp_1)
                                  2.50   data arrival time

                          0.00    0.00   clock SCK (rise edge)
                          0.00    0.00   clock source latency
                  0.07    0.05    0.05 ^ SCK (in)
     1    0.01                           SCK (net)
                  0.07    0.00    0.05 ^ clkbuf_0_SCK/A (sky130_fd_sc_hd__clkbuf_16)
                  0.06    0.16    0.20 ^ clkbuf_0_SCK/X (sky130_fd_sc_hd__clkbuf_16)
     4    0.04                           clknet_0_SCK (net)
                  0.06    0.00    0.20 ^ clkbuf_2_2__f_SCK/A (sky130_fd_sc_hd__clkbuf_16)
                  0.05    0.14    0.35 ^ clkbuf_2_2__f_SCK/X (sky130_fd_sc_hd__clkbuf_16)
     9    0.03                           clknet_2_2__leaf_SCK (net)
                  0.05    0.00    0.35 ^ _458_/CLK (sky130_fd_sc_hd__dfrtp_1)
                          0.25    0.60   clock uncertainty
                          0.00    0.60   clock reconvergence pessimism
                          0.34    0.94   library removal time
                                  0.94   data required time
-----------------------------------------------------------------------------
                                  0.94   data required time
                                 -2.50   data arrival time
-----------------------------------------------------------------------------
                                  1.57   slack (MET)


Startpoint: CSB (input port clocked by SCK)
Endpoint: _484_ (removal check against rising-edge clock SCK)
Path Group: asynchronous
Path Type: min

Fanout     Cap    Slew   Delay    Time   Description
-----------------------------------------------------------------------------
                          0.00    0.00   clock SCK (rise edge)
                          0.00    0.00   clock network delay (propagated)
                          2.00    2.00 v input external delay
                  0.01    0.00    2.00 v CSB (in)
     1    0.00                           CSB (net)
                  0.01    0.00    2.00 v input1/A (sky130_fd_sc_hd__clkbuf_1)
                  0.02    0.06    2.07 v input1/X (sky130_fd_sc_hd__clkbuf_1)
     1    0.00                           net1 (net)
                  0.02    0.00    2.07 v _224_/A (sky130_fd_sc_hd__buf_2)
                  0.07    0.15    2.22 v _224_/X (sky130_fd_sc_hd__buf_2)
     9    0.03                           _102_ (net)
                  0.07    0.00    2.22 v _427_/A (sky130_fd_sc_hd__clkbuf_4)
                  0.08    0.18    2.40 v _427_/X (sky130_fd_sc_hd__clkbuf_4)
    10    0.03                           _220_ (net)
                  0.08    0.00    2.40 v _439_/B (sky130_fd_sc_hd__nor2_1)
                  0.11    0.11    2.51 ^ _439_/Y (sky130_fd_sc_hd__nor2_1)
     1    0.00                           _037_ (net)
                  0.11    0.00    2.51 ^ _484_/RESET_B (sky130_fd_sc_hd__dfrtp_1)
                                  2.51   data arrival time

                          0.00    0.00   clock SCK (rise edge)
                          0.00    0.00   clock source latency
                  0.07    0.05    0.05 ^ SCK (in)
     1    0.01                           SCK (net)
                  0.07    0.00    0.05 ^ clkbuf_0_SCK/A (sky130_fd_sc_hd__clkbuf_16)
                  0.06    0.16    0.20 ^ clkbuf_0_SCK/X (sky130_fd_sc_hd__clkbuf_16)
     4    0.04                           clknet_0_SCK (net)
                  0.06    0.00    0.20 ^ clkbuf_2_1__f_SCK/A (sky130_fd_sc_hd__clkbuf_16)
                  0.05    0.15    0.35 ^ clkbuf_2_1__f_SCK/X (sky130_fd_sc_hd__clkbuf_16)
    12    0.03                           clknet_2_1__leaf_SCK (net)
                  0.05    0.00    0.35 ^ _484_/CLK (sky130_fd_sc_hd__dfrtp_1)
                          0.25    0.60   clock uncertainty
                          0.00    0.60   clock reconvergence pessimism
                          0.34    0.94   library removal time
                                  0.94   data required time
-----------------------------------------------------------------------------
                                  0.94   data required time
                                 -2.51   data arrival time
-----------------------------------------------------------------------------
                                  1.57   slack (MET)


Startpoint: CSB (input port clocked by SCK)
Endpoint: _480_ (removal check against rising-edge clock SCK)
Path Group: asynchronous
Path Type: min

Fanout     Cap    Slew   Delay    Time   Description
-----------------------------------------------------------------------------
                          0.00    0.00   clock SCK (rise edge)
                          0.00    0.00   clock network delay (propagated)
                          2.00    2.00 v input external delay
                  0.01    0.00    2.00 v CSB (in)
     1    0.00                           CSB (net)
                  0.01    0.00    2.00 v input1/A (sky130_fd_sc_hd__clkbuf_1)
                  0.02    0.06    2.07 v input1/X (sky130_fd_sc_hd__clkbuf_1)
     1    0.00                           net1 (net)
                  0.02    0.00    2.07 v _224_/A (sky130_fd_sc_hd__buf_2)
                  0.07    0.15    2.22 v _224_/X (sky130_fd_sc_hd__buf_2)
     9    0.03                           _102_ (net)
                  0.07    0.00    2.22 v _427_/A (sky130_fd_sc_hd__clkbuf_4)
                  0.08    0.18    2.40 v _427_/X (sky130_fd_sc_hd__clkbuf_4)
    10    0.03                           _220_ (net)
                  0.08    0.00    2.40 v _434_/B (sky130_fd_sc_hd__nor2_1)
                  0.10    0.10    2.50 ^ _434_/Y (sky130_fd_sc_hd__nor2_1)
     1    0.00                           _032_ (net)
                  0.10    0.00    2.50 ^ _480_/RESET_B (sky130_fd_sc_hd__dfrtp_1)
                                  2.50   data arrival time

                          0.00    0.00   clock SCK (rise edge)
                          0.00    0.00   clock source latency
                  0.07    0.05    0.05 ^ SCK (in)
     1    0.01                           SCK (net)
                  0.07    0.00    0.05 ^ clkbuf_0_SCK/A (sky130_fd_sc_hd__clkbuf_16)
                  0.06    0.16    0.20 ^ clkbuf_0_SCK/X (sky130_fd_sc_hd__clkbuf_16)
     4    0.04                           clknet_0_SCK (net)
                  0.06    0.00    0.20 ^ clkbuf_2_0__f_SCK/A (sky130_fd_sc_hd__clkbuf_16)
                  0.05    0.14    0.35 ^ clkbuf_2_0__f_SCK/X (sky130_fd_sc_hd__clkbuf_16)
     9    0.03                           clknet_2_0__leaf_SCK (net)
                  0.05    0.00    0.35 ^ _480_/CLK (sky130_fd_sc_hd__dfrtp_1)
                          0.25    0.60   clock uncertainty
                          0.00    0.60   clock reconvergence pessimism
                          0.34    0.93   library removal time
                                  0.93   data required time
-----------------------------------------------------------------------------
                                  0.93   data required time
                                 -2.50   data arrival time
-----------------------------------------------------------------------------
                                  1.57   slack (MET)


Startpoint: CSB (input port clocked by SCK)
Endpoint: _474_ (removal check against rising-edge clock SCK)
Path Group: asynchronous
Path Type: min

Fanout     Cap    Slew   Delay    Time   Description
-----------------------------------------------------------------------------
                          0.00    0.00   clock SCK (rise edge)
                          0.00    0.00   clock network delay (propagated)
                          2.00    2.00 v input external delay
                  0.01    0.00    2.00 v CSB (in)
     1    0.00                           CSB (net)
                  0.01    0.00    2.00 v input1/A (sky130_fd_sc_hd__clkbuf_1)
                  0.02    0.06    2.07 v input1/X (sky130_fd_sc_hd__clkbuf_1)
     1    0.00                           net1 (net)
                  0.02    0.00    2.07 v _224_/A (sky130_fd_sc_hd__buf_2)
                  0.07    0.15    2.22 v _224_/X (sky130_fd_sc_hd__buf_2)
     9    0.03                           _102_ (net)
                  0.07    0.00    2.22 v _427_/A (sky130_fd_sc_hd__clkbuf_4)
                  0.08    0.18    2.40 v _427_/X (sky130_fd_sc_hd__clkbuf_4)
    10    0.03                           _220_ (net)
                  0.08    0.00    2.40 v _428_/B (sky130_fd_sc_hd__nor2_1)
                  0.10    0.10    2.50 ^ _428_/Y (sky130_fd_sc_hd__nor2_1)
     1    0.00                           _026_ (net)
                  0.10    0.00    2.50 ^ _474_/RESET_B (sky130_fd_sc_hd__dfrtp_1)
                                  2.50   data arrival time

                          0.00    0.00   clock SCK (rise edge)
                          0.00    0.00   clock source latency
                  0.07    0.05    0.05 ^ SCK (in)
     1    0.01                           SCK (net)
                  0.07    0.00    0.05 ^ clkbuf_0_SCK/A (sky130_fd_sc_hd__clkbuf_16)
                  0.06    0.16    0.20 ^ clkbuf_0_SCK/X (sky130_fd_sc_hd__clkbuf_16)
     4    0.04                           clknet_0_SCK (net)
                  0.06    0.00    0.20 ^ clkbuf_2_0__f_SCK/A (sky130_fd_sc_hd__clkbuf_16)
                  0.05    0.14    0.35 ^ clkbuf_2_0__f_SCK/X (sky130_fd_sc_hd__clkbuf_16)
     9    0.03                           clknet_2_0__leaf_SCK (net)
                  0.05    0.00    0.35 ^ _474_/CLK (sky130_fd_sc_hd__dfrtp_1)
                          0.25    0.60   clock uncertainty
                          0.00    0.60   clock reconvergence pessimism
                          0.34    0.93   library removal time
                                  0.93   data required time
-----------------------------------------------------------------------------
                                  0.93   data required time
                                 -2.50   data arrival time
-----------------------------------------------------------------------------
                                  1.57   slack (MET)


Startpoint: CSB (input port clocked by SCK)
Endpoint: _459_ (removal check against rising-edge clock SCK)
Path Group: asynchronous
Path Type: min

Fanout     Cap    Slew   Delay    Time   Description
-----------------------------------------------------------------------------
                          0.00    0.00   clock SCK (rise edge)
                          0.00    0.00   clock network delay (propagated)
                          2.00    2.00 v input external delay
                  0.01    0.00    2.00 v CSB (in)
     1    0.00                           CSB (net)
                  0.01    0.00    2.00 v input1/A (sky130_fd_sc_hd__clkbuf_1)
                  0.02    0.06    2.07 v input1/X (sky130_fd_sc_hd__clkbuf_1)
     1    0.00                           net1 (net)
                  0.02    0.00    2.07 v _224_/A (sky130_fd_sc_hd__buf_2)
                  0.07    0.15    2.22 v _224_/X (sky130_fd_sc_hd__buf_2)
     9    0.03                           _102_ (net)
                  0.07    0.00    2.22 v _403_/A (sky130_fd_sc_hd__buf_2)
                  0.08    0.18    2.40 v _403_/X (sky130_fd_sc_hd__buf_2)
    10    0.03                           _216_ (net)
                  0.08    0.00    2.40 v _409_/B (sky130_fd_sc_hd__nor2_1)
                  0.11    0.11    2.51 ^ _409_/Y (sky130_fd_sc_hd__nor2_1)
     1    0.00                           _011_ (net)
                  0.11    0.00    2.51 ^ _459_/RESET_B (sky130_fd_sc_hd__dfrtp_4)
                                  2.51   data arrival time

                          0.00    0.00   clock SCK (rise edge)
                          0.00    0.00   clock source latency
                  0.07    0.05    0.05 ^ SCK (in)
     1    0.01                           SCK (net)
                  0.07    0.00    0.05 ^ clkbuf_0_SCK/A (sky130_fd_sc_hd__clkbuf_16)
                  0.06    0.16    0.20 ^ clkbuf_0_SCK/X (sky130_fd_sc_hd__clkbuf_16)
     4    0.04                           clknet_0_SCK (net)
                  0.06    0.00    0.20 ^ clkbuf_2_2__f_SCK/A (sky130_fd_sc_hd__clkbuf_16)
                  0.05    0.14    0.35 ^ clkbuf_2_2__f_SCK/X (sky130_fd_sc_hd__clkbuf_16)
     9    0.03                           clknet_2_2__leaf_SCK (net)
                  0.05    0.00    0.35 ^ _459_/CLK (sky130_fd_sc_hd__dfrtp_4)
                          0.25    0.60   clock uncertainty
                          0.00    0.60   clock reconvergence pessimism
                          0.34    0.94   library removal time
                                  0.94   data required time
-----------------------------------------------------------------------------
                                  0.94   data required time
                                 -2.51   data arrival time
-----------------------------------------------------------------------------
                                  1.57   slack (MET)


Startpoint: CSB (input port clocked by SCK)
Endpoint: _481_ (removal check against rising-edge clock SCK)
Path Group: asynchronous
Path Type: min

Fanout     Cap    Slew   Delay    Time   Description
-----------------------------------------------------------------------------
                          0.00    0.00   clock SCK (rise edge)
                          0.00    0.00   clock network delay (propagated)
                          2.00    2.00 v input external delay
                  0.01    0.00    2.00 v CSB (in)
     1    0.00                           CSB (net)
                  0.01    0.00    2.00 v input1/A (sky130_fd_sc_hd__clkbuf_1)
                  0.02    0.06    2.07 v input1/X (sky130_fd_sc_hd__clkbuf_1)
     1    0.00                           net1 (net)
                  0.02    0.00    2.07 v _224_/A (sky130_fd_sc_hd__buf_2)
                  0.07    0.15    2.22 v _224_/X (sky130_fd_sc_hd__buf_2)
     9    0.03                           _102_ (net)
                  0.07    0.00    2.22 v _427_/A (sky130_fd_sc_hd__clkbuf_4)
                  0.08    0.18    2.40 v _427_/X (sky130_fd_sc_hd__clkbuf_4)
    10    0.03                           _220_ (net)
                  0.08    0.00    2.40 v _435_/B (sky130_fd_sc_hd__nor2_1)
                  0.10    0.10    2.50 ^ _435_/Y (sky130_fd_sc_hd__nor2_1)
     1    0.00                           _033_ (net)
                  0.10    0.00    2.50 ^ _481_/RESET_B (sky130_fd_sc_hd__dfrtp_1)
                                  2.50   data arrival time

                          0.00    0.00   clock SCK (rise edge)
                          0.00    0.00   clock source latency
                  0.07    0.05    0.05 ^ SCK (in)
     1    0.01                           SCK (net)
                  0.07    0.00    0.05 ^ clkbuf_0_SCK/A (sky130_fd_sc_hd__clkbuf_16)
                  0.06    0.16    0.20 ^ clkbuf_0_SCK/X (sky130_fd_sc_hd__clkbuf_16)
     4    0.04                           clknet_0_SCK (net)
                  0.06    0.00    0.20 ^ clkbuf_2_0__f_SCK/A (sky130_fd_sc_hd__clkbuf_16)
                  0.05    0.14    0.35 ^ clkbuf_2_0__f_SCK/X (sky130_fd_sc_hd__clkbuf_16)
     9    0.03                           clknet_2_0__leaf_SCK (net)
                  0.05    0.00    0.35 ^ _481_/CLK (sky130_fd_sc_hd__dfrtp_1)
                          0.25    0.60   clock uncertainty
                          0.00    0.60   clock reconvergence pessimism
                          0.34    0.94   library removal time
                                  0.94   data required time
-----------------------------------------------------------------------------
                                  0.94   data required time
                                 -2.50   data arrival time
-----------------------------------------------------------------------------
                                  1.57   slack (MET)


Startpoint: CSB (input port clocked by SCK)
Endpoint: _454_ (removal check against rising-edge clock SCK)
Path Group: asynchronous
Path Type: min

Fanout     Cap    Slew   Delay    Time   Description
-----------------------------------------------------------------------------
                          0.00    0.00   clock SCK (rise edge)
                          0.00    0.00   clock network delay (propagated)
                          2.00    2.00 v input external delay
                  0.01    0.00    2.00 v CSB (in)
     1    0.00                           CSB (net)
                  0.01    0.00    2.00 v input1/A (sky130_fd_sc_hd__clkbuf_1)
                  0.02    0.06    2.07 v input1/X (sky130_fd_sc_hd__clkbuf_1)
     1    0.00                           net1 (net)
                  0.02    0.00    2.07 v _224_/A (sky130_fd_sc_hd__buf_2)
                  0.07    0.15    2.22 v _224_/X (sky130_fd_sc_hd__buf_2)
     9    0.03                           _102_ (net)
                  0.07    0.00    2.22 v _403_/A (sky130_fd_sc_hd__buf_2)
                  0.08    0.18    2.40 v _403_/X (sky130_fd_sc_hd__buf_2)
    10    0.03                           _216_ (net)
                  0.08    0.00    2.40 v _404_/B (sky130_fd_sc_hd__nor2_1)
                  0.10    0.11    2.50 ^ _404_/Y (sky130_fd_sc_hd__nor2_1)
     1    0.00                           _006_ (net)
                  0.10    0.00    2.50 ^ _454_/RESET_B (sky130_fd_sc_hd__dfrtp_1)
                                  2.50   data arrival time

                          0.00    0.00   clock SCK (rise edge)
                          0.00    0.00   clock source latency
                  0.07    0.05    0.05 ^ SCK (in)
     1    0.01                           SCK (net)
                  0.07    0.00    0.05 ^ clkbuf_0_SCK/A (sky130_fd_sc_hd__clkbuf_16)
                  0.06    0.16    0.20 ^ clkbuf_0_SCK/X (sky130_fd_sc_hd__clkbuf_16)
     4    0.04                           clknet_0_SCK (net)
                  0.06    0.00    0.20 ^ clkbuf_2_3__f_SCK/A (sky130_fd_sc_hd__clkbuf_16)
                  0.04    0.14    0.34 ^ clkbuf_2_3__f_SCK/X (sky130_fd_sc_hd__clkbuf_16)
     6    0.02                           clknet_2_3__leaf_SCK (net)
                  0.04    0.00    0.34 ^ _454_/CLK (sky130_fd_sc_hd__dfrtp_1)
                          0.25    0.59   clock uncertainty
                          0.00    0.59   clock reconvergence pessimism
                          0.33    0.92   library removal time
                                  0.92   data required time
-----------------------------------------------------------------------------
                                  0.92   data required time
                                 -2.50   data arrival time
-----------------------------------------------------------------------------
                                  1.58   slack (MET)


Startpoint: CSB (input port clocked by SCK)
Endpoint: _455_ (removal check against rising-edge clock SCK)
Path Group: asynchronous
Path Type: min

Fanout     Cap    Slew   Delay    Time   Description
-----------------------------------------------------------------------------
                          0.00    0.00   clock SCK (rise edge)
                          0.00    0.00   clock network delay (propagated)
                          2.00    2.00 v input external delay
                  0.01    0.00    2.00 v CSB (in)
     1    0.00                           CSB (net)
                  0.01    0.00    2.00 v input1/A (sky130_fd_sc_hd__clkbuf_1)
                  0.02    0.06    2.07 v input1/X (sky130_fd_sc_hd__clkbuf_1)
     1    0.00                           net1 (net)
                  0.02    0.00    2.07 v _224_/A (sky130_fd_sc_hd__buf_2)
                  0.07    0.15    2.22 v _224_/X (sky130_fd_sc_hd__buf_2)
     9    0.03                           _102_ (net)
                  0.07    0.00    2.22 v _403_/A (sky130_fd_sc_hd__buf_2)
                  0.08    0.18    2.40 v _403_/X (sky130_fd_sc_hd__buf_2)
    10    0.03                           _216_ (net)
                  0.08    0.00    2.40 v _405_/B (sky130_fd_sc_hd__nor2_1)
                  0.10    0.11    2.50 ^ _405_/Y (sky130_fd_sc_hd__nor2_1)
     1    0.00                           _007_ (net)
                  0.10    0.00    2.50 ^ _455_/RESET_B (sky130_fd_sc_hd__dfrtp_1)
                                  2.50   data arrival time

                          0.00    0.00   clock SCK (rise edge)
                          0.00    0.00   clock source latency
                  0.07    0.05    0.05 ^ SCK (in)
     1    0.01                           SCK (net)
                  0.07    0.00    0.05 ^ clkbuf_0_SCK/A (sky130_fd_sc_hd__clkbuf_16)
                  0.06    0.16    0.20 ^ clkbuf_0_SCK/X (sky130_fd_sc_hd__clkbuf_16)
     4    0.04                           clknet_0_SCK (net)
                  0.06    0.00    0.20 ^ clkbuf_2_3__f_SCK/A (sky130_fd_sc_hd__clkbuf_16)
                  0.04    0.14    0.34 ^ clkbuf_2_3__f_SCK/X (sky130_fd_sc_hd__clkbuf_16)
     6    0.02                           clknet_2_3__leaf_SCK (net)
                  0.04    0.00    0.34 ^ _455_/CLK (sky130_fd_sc_hd__dfrtp_1)
                          0.25    0.59   clock uncertainty
                          0.00    0.59   clock reconvergence pessimism
                          0.33    0.92   library removal time
                                  0.92   data required time
-----------------------------------------------------------------------------
                                  0.92   data required time
                                 -2.50   data arrival time
-----------------------------------------------------------------------------
                                  1.58   slack (MET)


Startpoint: CSB (input port clocked by SCK)
Endpoint: _456_ (removal check against rising-edge clock SCK)
Path Group: asynchronous
Path Type: min

Fanout     Cap    Slew   Delay    Time   Description
-----------------------------------------------------------------------------
                          0.00    0.00   clock SCK (rise edge)
                          0.00    0.00   clock network delay (propagated)
                          2.00    2.00 v input external delay
                  0.01    0.00    2.00 v CSB (in)
     1    0.00                           CSB (net)
                  0.01    0.00    2.00 v input1/A (sky130_fd_sc_hd__clkbuf_1)
                  0.02    0.06    2.07 v input1/X (sky130_fd_sc_hd__clkbuf_1)
     1    0.00                           net1 (net)
                  0.02    0.00    2.07 v _224_/A (sky130_fd_sc_hd__buf_2)
                  0.07    0.15    2.22 v _224_/X (sky130_fd_sc_hd__buf_2)
     9    0.03                           _102_ (net)
                  0.07    0.00    2.22 v _403_/A (sky130_fd_sc_hd__buf_2)
                  0.08    0.18    2.40 v _403_/X (sky130_fd_sc_hd__buf_2)
    10    0.03                           _216_ (net)
                  0.08    0.00    2.40 v _406_/B (sky130_fd_sc_hd__nor2_1)
                  0.10    0.11    2.50 ^ _406_/Y (sky130_fd_sc_hd__nor2_1)
     1    0.00                           _008_ (net)
                  0.10    0.00    2.50 ^ _456_/RESET_B (sky130_fd_sc_hd__dfrtp_1)
                                  2.50   data arrival time

                          0.00    0.00   clock SCK (rise edge)
                          0.00    0.00   clock source latency
                  0.07    0.05    0.05 ^ SCK (in)
     1    0.01                           SCK (net)
                  0.07    0.00    0.05 ^ clkbuf_0_SCK/A (sky130_fd_sc_hd__clkbuf_16)
                  0.06    0.16    0.20 ^ clkbuf_0_SCK/X (sky130_fd_sc_hd__clkbuf_16)
     4    0.04                           clknet_0_SCK (net)
                  0.06    0.00    0.20 ^ clkbuf_2_3__f_SCK/A (sky130_fd_sc_hd__clkbuf_16)
                  0.04    0.14    0.34 ^ clkbuf_2_3__f_SCK/X (sky130_fd_sc_hd__clkbuf_16)
     6    0.02                           clknet_2_3__leaf_SCK (net)
                  0.04    0.00    0.34 ^ _456_/CLK (sky130_fd_sc_hd__dfrtp_1)
                          0.25    0.59   clock uncertainty
                          0.00    0.59   clock reconvergence pessimism
                          0.33    0.92   library removal time
                                  0.92   data required time
-----------------------------------------------------------------------------
                                  0.92   data required time
                                 -2.50   data arrival time
-----------------------------------------------------------------------------
                                  1.58   slack (MET)


Startpoint: CSB (input port clocked by SCK)
Endpoint: _457_ (removal check against rising-edge clock SCK)
Path Group: asynchronous
Path Type: min

Fanout     Cap    Slew   Delay    Time   Description
-----------------------------------------------------------------------------
                          0.00    0.00   clock SCK (rise edge)
                          0.00    0.00   clock network delay (propagated)
                          2.00    2.00 v input external delay
                  0.01    0.00    2.00 v CSB (in)
     1    0.00                           CSB (net)
                  0.01    0.00    2.00 v input1/A (sky130_fd_sc_hd__clkbuf_1)
                  0.02    0.06    2.07 v input1/X (sky130_fd_sc_hd__clkbuf_1)
     1    0.00                           net1 (net)
                  0.02    0.00    2.07 v _224_/A (sky130_fd_sc_hd__buf_2)
                  0.07    0.15    2.22 v _224_/X (sky130_fd_sc_hd__buf_2)
     9    0.03                           _102_ (net)
                  0.07    0.00    2.22 v _403_/A (sky130_fd_sc_hd__buf_2)
                  0.08    0.18    2.40 v _403_/X (sky130_fd_sc_hd__buf_2)
    10    0.03                           _216_ (net)
                  0.08    0.00    2.40 v _407_/B (sky130_fd_sc_hd__nor2_1)
                  0.10    0.11    2.50 ^ _407_/Y (sky130_fd_sc_hd__nor2_1)
     1    0.00                           _009_ (net)
                  0.10    0.00    2.50 ^ _457_/RESET_B (sky130_fd_sc_hd__dfrtp_1)
                                  2.50   data arrival time

                          0.00    0.00   clock SCK (rise edge)
                          0.00    0.00   clock source latency
                  0.07    0.05    0.05 ^ SCK (in)
     1    0.01                           SCK (net)
                  0.07    0.00    0.05 ^ clkbuf_0_SCK/A (sky130_fd_sc_hd__clkbuf_16)
                  0.06    0.16    0.20 ^ clkbuf_0_SCK/X (sky130_fd_sc_hd__clkbuf_16)
     4    0.04                           clknet_0_SCK (net)
                  0.06    0.00    0.20 ^ clkbuf_2_3__f_SCK/A (sky130_fd_sc_hd__clkbuf_16)
                  0.04    0.14    0.34 ^ clkbuf_2_3__f_SCK/X (sky130_fd_sc_hd__clkbuf_16)
     6    0.02                           clknet_2_3__leaf_SCK (net)
                  0.04    0.00    0.34 ^ _457_/CLK (sky130_fd_sc_hd__dfrtp_1)
                          0.25    0.59   clock uncertainty
                          0.00    0.59   clock reconvergence pessimism
                          0.33    0.92   library removal time
                                  0.92   data required time
-----------------------------------------------------------------------------
                                  0.92   data required time
                                 -2.50   data arrival time
-----------------------------------------------------------------------------
                                  1.58   slack (MET)


Startpoint: _481_ (rising edge-triggered flip-flop clocked by SCK)
Endpoint: odata[7] (output port clocked by SCK)
Path Group: SCK
Path Type: min

Fanout     Cap    Slew   Delay    Time   Description
-----------------------------------------------------------------------------
                          0.00    0.00   clock SCK (rise edge)
                          0.00    0.00   clock source latency
                  0.07    0.04    0.04 ^ SCK (in)
     1    0.01                           SCK (net)
                  0.07    0.00    0.04 ^ clkbuf_0_SCK/A (sky130_fd_sc_hd__clkbuf_16)
                  0.06    0.14    0.18 ^ clkbuf_0_SCK/X (sky130_fd_sc_hd__clkbuf_16)
     4    0.04                           clknet_0_SCK (net)
                  0.06    0.00    0.18 ^ clkbuf_2_0__f_SCK/A (sky130_fd_sc_hd__clkbuf_16)
                  0.05    0.13    0.32 ^ clkbuf_2_0__f_SCK/X (sky130_fd_sc_hd__clkbuf_16)
     9    0.03                           clknet_2_0__leaf_SCK (net)
                  0.05    0.00    0.32 ^ _481_/CLK (sky130_fd_sc_hd__dfrtp_1)
                  0.06    0.31    0.63 ^ _481_/Q (sky130_fd_sc_hd__dfrtp_1)
     2    0.00                           net28 (net)
                  0.06    0.00    0.63 ^ output28/A (sky130_fd_sc_hd__buf_2)
                  0.17    0.19    0.82 ^ output28/X (sky130_fd_sc_hd__buf_2)
     1    0.03                           odata[7] (net)
                  0.17    0.00    0.82 ^ odata[7] (out)
                                  0.82   data arrival time

                          0.00    0.00   clock SCK (rise edge)
                          0.00    0.00   clock network delay (propagated)
                          0.25    0.25   clock uncertainty
                          0.00    0.25   clock reconvergence pessimism
                         -2.00   -1.75   output external delay
                                 -1.75   data required time
-----------------------------------------------------------------------------
                                 -1.75   data required time
                                 -0.82   data arrival time
-----------------------------------------------------------------------------
                                  2.57   slack (MET)


Startpoint: _457_ (rising edge-triggered flip-flop clocked by SCK)
Endpoint: pass_thru_user (output port clocked by SCK)
Path Group: SCK
Path Type: min

Fanout     Cap    Slew   Delay    Time   Description
-----------------------------------------------------------------------------
                          0.00    0.00   clock SCK (rise edge)
                          0.00    0.00   clock source latency
                  0.07    0.04    0.04 ^ SCK (in)
     1    0.01                           SCK (net)
                  0.07    0.00    0.04 ^ clkbuf_0_SCK/A (sky130_fd_sc_hd__clkbuf_16)
                  0.06    0.14    0.18 ^ clkbuf_0_SCK/X (sky130_fd_sc_hd__clkbuf_16)
     4    0.04                           clknet_0_SCK (net)
                  0.06    0.00    0.18 ^ clkbuf_2_3__f_SCK/A (sky130_fd_sc_hd__clkbuf_16)
                  0.04    0.12    0.31 ^ clkbuf_2_3__f_SCK/X (sky130_fd_sc_hd__clkbuf_16)
     6    0.02                           clknet_2_3__leaf_SCK (net)
                  0.04    0.00    0.31 ^ _457_/CLK (sky130_fd_sc_hd__dfrtp_1)
                  0.08    0.33    0.64 ^ _457_/Q (sky130_fd_sc_hd__dfrtp_1)
     2    0.01                           net32 (net)
                  0.08    0.00    0.64 ^ output32/A (sky130_fd_sc_hd__clkbuf_4)
                  0.11    0.19    0.83 ^ output32/X (sky130_fd_sc_hd__clkbuf_4)
     1    0.03                           pass_thru_user (net)
                  0.11    0.00    0.83 ^ pass_thru_user (out)
                                  0.83   data arrival time

                          0.00    0.00   clock SCK (rise edge)
                          0.00    0.00   clock network delay (propagated)
                          0.25    0.25   clock uncertainty
                          0.00    0.25   clock reconvergence pessimism
                         -2.00   -1.75   output external delay
                                 -1.75   data required time
-----------------------------------------------------------------------------
                                 -1.75   data required time
                                 -0.83   data arrival time
-----------------------------------------------------------------------------
                                  2.58   slack (MET)


Startpoint: _458_ (rising edge-triggered flip-flop clocked by SCK)
Endpoint: pass_thru_user_delay (output port clocked by SCK)
Path Group: SCK
Path Type: min

Fanout     Cap    Slew   Delay    Time   Description
-----------------------------------------------------------------------------
                          0.00    0.00   clock SCK (rise edge)
                          0.00    0.00   clock source latency
                  0.07    0.04    0.04 ^ SCK (in)
     1    0.01                           SCK (net)
                  0.07    0.00    0.04 ^ clkbuf_0_SCK/A (sky130_fd_sc_hd__clkbuf_16)
                  0.06    0.14    0.18 ^ clkbuf_0_SCK/X (sky130_fd_sc_hd__clkbuf_16)
     4    0.04                           clknet_0_SCK (net)
                  0.06    0.00    0.18 ^ clkbuf_2_2__f_SCK/A (sky130_fd_sc_hd__clkbuf_16)
                  0.05    0.13    0.32 ^ clkbuf_2_2__f_SCK/X (sky130_fd_sc_hd__clkbuf_16)
     9    0.03                           clknet_2_2__leaf_SCK (net)
                  0.05    0.00    0.32 ^ _458_/CLK (sky130_fd_sc_hd__dfrtp_1)
                  0.08    0.33    0.65 ^ _458_/Q (sky130_fd_sc_hd__dfrtp_1)
     3    0.01                           net33 (net)
                  0.08    0.00    0.65 ^ output33/A (sky130_fd_sc_hd__clkbuf_4)
                  0.11    0.19    0.83 ^ output33/X (sky130_fd_sc_hd__clkbuf_4)
     1    0.03                           pass_thru_user_delay (net)
                  0.11    0.00    0.83 ^ pass_thru_user_delay (out)
                                  0.83   data arrival time

                          0.00    0.00   clock SCK (rise edge)
                          0.00    0.00   clock network delay (propagated)
                          0.25    0.25   clock uncertainty
                          0.00    0.25   clock reconvergence pessimism
                         -2.00   -1.75   output external delay
                                 -1.75   data required time
-----------------------------------------------------------------------------
                                 -1.75   data required time
                                 -0.83   data arrival time
-----------------------------------------------------------------------------
                                  2.58   slack (MET)


Startpoint: _480_ (rising edge-triggered flip-flop clocked by SCK)
Endpoint: odata[6] (output port clocked by SCK)
Path Group: SCK
Path Type: min

Fanout     Cap    Slew   Delay    Time   Description
-----------------------------------------------------------------------------
                          0.00    0.00   clock SCK (rise edge)
                          0.00    0.00   clock source latency
                  0.07    0.04    0.04 ^ SCK (in)
     1    0.01                           SCK (net)
                  0.07    0.00    0.04 ^ clkbuf_0_SCK/A (sky130_fd_sc_hd__clkbuf_16)
                  0.06    0.14    0.18 ^ clkbuf_0_SCK/X (sky130_fd_sc_hd__clkbuf_16)
     4    0.04                           clknet_0_SCK (net)
                  0.06    0.00    0.18 ^ clkbuf_2_0__f_SCK/A (sky130_fd_sc_hd__clkbuf_16)
                  0.05    0.13    0.32 ^ clkbuf_2_0__f_SCK/X (sky130_fd_sc_hd__clkbuf_16)
     9    0.03                           clknet_2_0__leaf_SCK (net)
                  0.05    0.00    0.32 ^ _480_/CLK (sky130_fd_sc_hd__dfrtp_1)
                  0.07    0.33    0.64 ^ _480_/Q (sky130_fd_sc_hd__dfrtp_1)
     3    0.01                           net27 (net)
                  0.07    0.00    0.64 ^ output27/A (sky130_fd_sc_hd__buf_2)
                  0.17    0.20    0.84 ^ output27/X (sky130_fd_sc_hd__buf_2)
     1    0.03                           odata[6] (net)
                  0.17    0.00    0.84 ^ odata[6] (out)
                                  0.84   data arrival time

                          0.00    0.00   clock SCK (rise edge)
                          0.00    0.00   clock network delay (propagated)
                          0.25    0.25   clock uncertainty
                          0.00    0.25   clock reconvergence pessimism
                         -2.00   -1.75   output external delay
                                 -1.75   data required time
-----------------------------------------------------------------------------
                                 -1.75   data required time
                                 -0.84   data arrival time
-----------------------------------------------------------------------------
                                  2.59   slack (MET)


Startpoint: _478_ (rising edge-triggered flip-flop clocked by SCK)
Endpoint: odata[4] (output port clocked by SCK)
Path Group: SCK
Path Type: min

Fanout     Cap    Slew   Delay    Time   Description
-----------------------------------------------------------------------------
                          0.00    0.00   clock SCK (rise edge)
                          0.00    0.00   clock source latency
                  0.07    0.04    0.04 ^ SCK (in)
     1    0.01                           SCK (net)
                  0.07    0.00    0.04 ^ clkbuf_0_SCK/A (sky130_fd_sc_hd__clkbuf_16)
                  0.06    0.14    0.18 ^ clkbuf_0_SCK/X (sky130_fd_sc_hd__clkbuf_16)
     4    0.04                           clknet_0_SCK (net)
                  0.06    0.00    0.18 ^ clkbuf_2_1__f_SCK/A (sky130_fd_sc_hd__clkbuf_16)
                  0.05    0.13    0.32 ^ clkbuf_2_1__f_SCK/X (sky130_fd_sc_hd__clkbuf_16)
    12    0.03                           clknet_2_1__leaf_SCK (net)
                  0.05    0.00    0.32 ^ _478_/CLK (sky130_fd_sc_hd__dfrtp_1)
                  0.08    0.33    0.65 ^ _478_/Q (sky130_fd_sc_hd__dfrtp_1)
     3    0.01                           net25 (net)
                  0.08    0.00    0.65 ^ output25/A (sky130_fd_sc_hd__buf_2)
                  0.17    0.20    0.85 ^ output25/X (sky130_fd_sc_hd__buf_2)
     1    0.03                           odata[4] (net)
                  0.17    0.00    0.85 ^ odata[4] (out)
                                  0.85   data arrival time

                          0.00    0.00   clock SCK (rise edge)
                          0.00    0.00   clock network delay (propagated)
                          0.25    0.25   clock uncertainty
                          0.00    0.25   clock reconvergence pessimism
                         -2.00   -1.75   output external delay
                                 -1.75   data required time
-----------------------------------------------------------------------------
                                 -1.75   data required time
                                 -0.85   data arrival time
-----------------------------------------------------------------------------
                                  2.60   slack (MET)


Startpoint: _455_ (rising edge-triggered flip-flop clocked by SCK)
Endpoint: pass_thru_mgmt (output port clocked by SCK)
Path Group: SCK
Path Type: min

Fanout     Cap    Slew   Delay    Time   Description
-----------------------------------------------------------------------------
                          0.00    0.00   clock SCK (rise edge)
                          0.00    0.00   clock source latency
                  0.07    0.04    0.04 ^ SCK (in)
     1    0.01                           SCK (net)
                  0.07    0.00    0.04 ^ clkbuf_0_SCK/A (sky130_fd_sc_hd__clkbuf_16)
                  0.06    0.14    0.18 ^ clkbuf_0_SCK/X (sky130_fd_sc_hd__clkbuf_16)
     4    0.04                           clknet_0_SCK (net)
                  0.06    0.00    0.18 ^ clkbuf_2_3__f_SCK/A (sky130_fd_sc_hd__clkbuf_16)
                  0.04    0.12    0.31 ^ clkbuf_2_3__f_SCK/X (sky130_fd_sc_hd__clkbuf_16)
     6    0.02                           clknet_2_3__leaf_SCK (net)
                  0.04    0.00    0.31 ^ _455_/CLK (sky130_fd_sc_hd__dfrtp_1)
                  0.09    0.34    0.64 ^ _455_/Q (sky130_fd_sc_hd__dfrtp_1)
     2    0.01                           net29 (net)
                  0.09    0.00    0.64 ^ output29/A (sky130_fd_sc_hd__buf_2)
                  0.17    0.20    0.85 ^ output29/X (sky130_fd_sc_hd__buf_2)
     1    0.03                           pass_thru_mgmt (net)
                  0.17    0.00    0.85 ^ pass_thru_mgmt (out)
                                  0.85   data arrival time

                          0.00    0.00   clock SCK (rise edge)
                          0.00    0.00   clock network delay (propagated)
                          0.25    0.25   clock uncertainty
                          0.00    0.25   clock reconvergence pessimism
                         -2.00   -1.75   output external delay
                                 -1.75   data required time
-----------------------------------------------------------------------------
                                 -1.75   data required time
                                 -0.85   data arrival time
-----------------------------------------------------------------------------
                                  2.60   slack (MET)


Startpoint: _476_ (rising edge-triggered flip-flop clocked by SCK)
Endpoint: odata[2] (output port clocked by SCK)
Path Group: SCK
Path Type: min

Fanout     Cap    Slew   Delay    Time   Description
-----------------------------------------------------------------------------
                          0.00    0.00   clock SCK (rise edge)
                          0.00    0.00   clock source latency
                  0.07    0.04    0.04 ^ SCK (in)
     1    0.01                           SCK (net)
                  0.07    0.00    0.04 ^ clkbuf_0_SCK/A (sky130_fd_sc_hd__clkbuf_16)
                  0.06    0.14    0.18 ^ clkbuf_0_SCK/X (sky130_fd_sc_hd__clkbuf_16)
     4    0.04                           clknet_0_SCK (net)
                  0.06    0.00    0.18 ^ clkbuf_2_1__f_SCK/A (sky130_fd_sc_hd__clkbuf_16)
                  0.05    0.13    0.32 ^ clkbuf_2_1__f_SCK/X (sky130_fd_sc_hd__clkbuf_16)
    12    0.03                           clknet_2_1__leaf_SCK (net)
                  0.05    0.00    0.32 ^ _476_/CLK (sky130_fd_sc_hd__dfrtp_1)
                  0.08    0.33    0.65 ^ _476_/Q (sky130_fd_sc_hd__dfrtp_1)
     3    0.01                           net23 (net)
                  0.08    0.00    0.65 ^ output23/A (sky130_fd_sc_hd__buf_2)
                  0.17    0.20    0.85 ^ output23/X (sky130_fd_sc_hd__buf_2)
     1    0.03                           odata[2] (net)
                  0.17    0.00    0.85 ^ odata[2] (out)
                                  0.85   data arrival time

                          0.00    0.00   clock SCK (rise edge)
                          0.00    0.00   clock network delay (propagated)
                          0.25    0.25   clock uncertainty
                          0.00    0.25   clock reconvergence pessimism
                         -2.00   -1.75   output external delay
                                 -1.75   data required time
-----------------------------------------------------------------------------
                                 -1.75   data required time
                                 -0.85   data arrival time
-----------------------------------------------------------------------------
                                  2.60   slack (MET)


Startpoint: _475_ (rising edge-triggered flip-flop clocked by SCK)
Endpoint: odata[1] (output port clocked by SCK)
Path Group: SCK
Path Type: min

Fanout     Cap    Slew   Delay    Time   Description
-----------------------------------------------------------------------------
                          0.00    0.00   clock SCK (rise edge)
                          0.00    0.00   clock source latency
                  0.07    0.04    0.04 ^ SCK (in)
     1    0.01                           SCK (net)
                  0.07    0.00    0.04 ^ clkbuf_0_SCK/A (sky130_fd_sc_hd__clkbuf_16)
                  0.06    0.14    0.18 ^ clkbuf_0_SCK/X (sky130_fd_sc_hd__clkbuf_16)
     4    0.04                           clknet_0_SCK (net)
                  0.06    0.00    0.18 ^ clkbuf_2_1__f_SCK/A (sky130_fd_sc_hd__clkbuf_16)
                  0.05    0.13    0.32 ^ clkbuf_2_1__f_SCK/X (sky130_fd_sc_hd__clkbuf_16)
    12    0.03                           clknet_2_1__leaf_SCK (net)
                  0.05    0.00    0.32 ^ _475_/CLK (sky130_fd_sc_hd__dfrtp_1)
                  0.08    0.33    0.65 ^ _475_/Q (sky130_fd_sc_hd__dfrtp_1)
     3    0.01                           net22 (net)
                  0.08    0.00    0.65 ^ output22/A (sky130_fd_sc_hd__buf_2)
                  0.17    0.20    0.85 ^ output22/X (sky130_fd_sc_hd__buf_2)
     1    0.03                           odata[1] (net)
                  0.17    0.00    0.85 ^ odata[1] (out)
                                  0.85   data arrival time

                          0.00    0.00   clock SCK (rise edge)
                          0.00    0.00   clock network delay (propagated)
                          0.25    0.25   clock uncertainty
                          0.00    0.25   clock reconvergence pessimism
                         -2.00   -1.75   output external delay
                                 -1.75   data required time
-----------------------------------------------------------------------------
                                 -1.75   data required time
                                 -0.85   data arrival time
-----------------------------------------------------------------------------
                                  2.60   slack (MET)


Startpoint: _454_ (rising edge-triggered flip-flop clocked by SCK)
Endpoint: rdstb (output port clocked by SCK)
Path Group: SCK
Path Type: min

Fanout     Cap    Slew   Delay    Time   Description
-----------------------------------------------------------------------------
                          0.00    0.00   clock SCK (rise edge)
                          0.00    0.00   clock source latency
                  0.07    0.04    0.04 ^ SCK (in)
     1    0.01                           SCK (net)
                  0.07    0.00    0.04 ^ clkbuf_0_SCK/A (sky130_fd_sc_hd__clkbuf_16)
                  0.06    0.14    0.18 ^ clkbuf_0_SCK/X (sky130_fd_sc_hd__clkbuf_16)
     4    0.04                           clknet_0_SCK (net)
                  0.06    0.00    0.18 ^ clkbuf_2_3__f_SCK/A (sky130_fd_sc_hd__clkbuf_16)
                  0.04    0.12    0.31 ^ clkbuf_2_3__f_SCK/X (sky130_fd_sc_hd__clkbuf_16)
     6    0.02                           clknet_2_3__leaf_SCK (net)
                  0.04    0.00    0.31 ^ _454_/CLK (sky130_fd_sc_hd__dfrtp_1)
                  0.07    0.37    0.68 v _454_/Q (sky130_fd_sc_hd__dfrtp_1)
     3    0.01                           net35 (net)
                  0.07    0.00    0.68 v output35/A (sky130_fd_sc_hd__buf_2)
                  0.09    0.18    0.86 v output35/X (sky130_fd_sc_hd__buf_2)
     1    0.03                           rdstb (net)
                  0.09    0.00    0.86 v rdstb (out)
                                  0.86   data arrival time

                          0.00    0.00   clock SCK (rise edge)
                          0.00    0.00   clock network delay (propagated)
                          0.25    0.25   clock uncertainty
                          0.00    0.25   clock reconvergence pessimism
                         -2.00   -1.75   output external delay
                                 -1.75   data required time
-----------------------------------------------------------------------------
                                 -1.75   data required time
                                 -0.86   data arrival time
-----------------------------------------------------------------------------
                                  2.61   slack (MET)


Startpoint: _456_ (rising edge-triggered flip-flop clocked by SCK)
Endpoint: pass_thru_mgmt_delay (output port clocked by SCK)
Path Group: SCK
Path Type: min

Fanout     Cap    Slew   Delay    Time   Description
-----------------------------------------------------------------------------
                          0.00    0.00   clock SCK (rise edge)
                          0.00    0.00   clock source latency
                  0.07    0.04    0.04 ^ SCK (in)
     1    0.01                           SCK (net)
                  0.07    0.00    0.04 ^ clkbuf_0_SCK/A (sky130_fd_sc_hd__clkbuf_16)
                  0.06    0.14    0.18 ^ clkbuf_0_SCK/X (sky130_fd_sc_hd__clkbuf_16)
     4    0.04                           clknet_0_SCK (net)
                  0.06    0.00    0.18 ^ clkbuf_2_3__f_SCK/A (sky130_fd_sc_hd__clkbuf_16)
                  0.04    0.12    0.31 ^ clkbuf_2_3__f_SCK/X (sky130_fd_sc_hd__clkbuf_16)
     6    0.02                           clknet_2_3__leaf_SCK (net)
                  0.04    0.00    0.31 ^ _456_/CLK (sky130_fd_sc_hd__dfrtp_1)
                  0.07    0.37    0.68 v _456_/Q (sky130_fd_sc_hd__dfrtp_1)
     3    0.01                           net30 (net)
                  0.07    0.00    0.68 v output30/A (sky130_fd_sc_hd__buf_2)
                  0.09    0.18    0.86 v output30/X (sky130_fd_sc_hd__buf_2)
     1    0.03                           pass_thru_mgmt_delay (net)
                  0.09    0.00    0.86 v pass_thru_mgmt_delay (out)
                                  0.86   data arrival time

                          0.00    0.00   clock SCK (rise edge)
                          0.00    0.00   clock network delay (propagated)
                          0.25    0.25   clock uncertainty
                          0.00    0.25   clock reconvergence pessimism
                         -2.00   -1.75   output external delay
                                 -1.75   data required time
-----------------------------------------------------------------------------
                                 -1.75   data required time
                                 -0.86   data arrival time
-----------------------------------------------------------------------------
                                  2.61   slack (MET)


Startpoint: _479_ (rising edge-triggered flip-flop clocked by SCK)
Endpoint: odata[5] (output port clocked by SCK)
Path Group: SCK
Path Type: min

Fanout     Cap    Slew   Delay    Time   Description
-----------------------------------------------------------------------------
                          0.00    0.00   clock SCK (rise edge)
                          0.00    0.00   clock source latency
                  0.07    0.04    0.04 ^ SCK (in)
     1    0.01                           SCK (net)
                  0.07    0.00    0.04 ^ clkbuf_0_SCK/A (sky130_fd_sc_hd__clkbuf_16)
                  0.06    0.14    0.18 ^ clkbuf_0_SCK/X (sky130_fd_sc_hd__clkbuf_16)
     4    0.04                           clknet_0_SCK (net)
                  0.06    0.00    0.18 ^ clkbuf_2_1__f_SCK/A (sky130_fd_sc_hd__clkbuf_16)
                  0.05    0.13    0.32 ^ clkbuf_2_1__f_SCK/X (sky130_fd_sc_hd__clkbuf_16)
    12    0.03                           clknet_2_1__leaf_SCK (net)
                  0.05    0.00    0.32 ^ _479_/CLK (sky130_fd_sc_hd__dfrtp_1)
                  0.07    0.38    0.69 v _479_/Q (sky130_fd_sc_hd__dfrtp_1)
     3    0.01                           net26 (net)
                  0.07    0.00    0.70 v output26/A (sky130_fd_sc_hd__buf_2)
                  0.09    0.18    0.88 v output26/X (sky130_fd_sc_hd__buf_2)
     1    0.03                           odata[5] (net)
                  0.09    0.00    0.88 v odata[5] (out)
                                  0.88   data arrival time

                          0.00    0.00   clock SCK (rise edge)
                          0.00    0.00   clock network delay (propagated)
                          0.25    0.25   clock uncertainty
                          0.00    0.25   clock reconvergence pessimism
                         -2.00   -1.75   output external delay
                                 -1.75   data required time
-----------------------------------------------------------------------------
                                 -1.75   data required time
                                 -0.88   data arrival time
-----------------------------------------------------------------------------
                                  2.63   slack (MET)


Startpoint: _477_ (rising edge-triggered flip-flop clocked by SCK)
Endpoint: odata[3] (output port clocked by SCK)
Path Group: SCK
Path Type: min

Fanout     Cap    Slew   Delay    Time   Description
-----------------------------------------------------------------------------
                          0.00    0.00   clock SCK (rise edge)
                          0.00    0.00   clock source latency
                  0.07    0.04    0.04 ^ SCK (in)
     1    0.01                           SCK (net)
                  0.07    0.00    0.04 ^ clkbuf_0_SCK/A (sky130_fd_sc_hd__clkbuf_16)
                  0.06    0.14    0.18 ^ clkbuf_0_SCK/X (sky130_fd_sc_hd__clkbuf_16)
     4    0.04                           clknet_0_SCK (net)
                  0.06    0.00    0.18 ^ clkbuf_2_1__f_SCK/A (sky130_fd_sc_hd__clkbuf_16)
                  0.05    0.13    0.32 ^ clkbuf_2_1__f_SCK/X (sky130_fd_sc_hd__clkbuf_16)
    12    0.03                           clknet_2_1__leaf_SCK (net)
                  0.05    0.00    0.32 ^ _477_/CLK (sky130_fd_sc_hd__dfrtp_1)
                  0.12    0.37    0.69 ^ _477_/Q (sky130_fd_sc_hd__dfrtp_1)
     3    0.01                           net24 (net)
                  0.12    0.00    0.69 ^ output24/A (sky130_fd_sc_hd__clkbuf_4)
                  0.11    0.20    0.89 ^ output24/X (sky130_fd_sc_hd__clkbuf_4)
     1    0.03                           odata[3] (net)
                  0.11    0.00    0.89 ^ odata[3] (out)
                                  0.89   data arrival time

                          0.00    0.00   clock SCK (rise edge)
                          0.00    0.00   clock network delay (propagated)
                          0.25    0.25   clock uncertainty
                          0.00    0.25   clock reconvergence pessimism
                         -2.00   -1.75   output external delay
                                 -1.75   data required time
-----------------------------------------------------------------------------
                                 -1.75   data required time
                                 -0.89   data arrival time
-----------------------------------------------------------------------------
                                  2.64   slack (MET)


Startpoint: _465_ (rising edge-triggered flip-flop clocked by SCK)
Endpoint: oaddr[6] (output port clocked by SCK)
Path Group: SCK
Path Type: min

Fanout     Cap    Slew   Delay    Time   Description
-----------------------------------------------------------------------------
                          0.00    0.00   clock SCK (rise edge)
                          0.00    0.00   clock source latency
                  0.07    0.04    0.04 ^ SCK (in)
     1    0.01                           SCK (net)
                  0.07    0.00    0.04 ^ clkbuf_0_SCK/A (sky130_fd_sc_hd__clkbuf_16)
                  0.06    0.14    0.18 ^ clkbuf_0_SCK/X (sky130_fd_sc_hd__clkbuf_16)
     4    0.04                           clknet_0_SCK (net)
                  0.06    0.00    0.18 ^ clkbuf_2_0__f_SCK/A (sky130_fd_sc_hd__clkbuf_16)
                  0.05    0.13    0.32 ^ clkbuf_2_0__f_SCK/X (sky130_fd_sc_hd__clkbuf_16)
     9    0.03                           clknet_2_0__leaf_SCK (net)
                  0.05    0.00    0.32 ^ _465_/CLK (sky130_fd_sc_hd__dfrtp_1)
                  0.13    0.36    0.68 ^ _465_/Q (sky130_fd_sc_hd__dfrtp_1)
     5    0.01                           addr[6] (net)
                  0.13    0.00    0.68 ^ _397_/A1 (sky130_fd_sc_hd__a21bo_1)
                  0.05    0.13    0.81 ^ _397_/X (sky130_fd_sc_hd__a21bo_1)
     1    0.00                           net19 (net)
                  0.05    0.00    0.81 ^ output19/A (sky130_fd_sc_hd__clkbuf_4)
                  0.11    0.18    0.98 ^ output19/X (sky130_fd_sc_hd__clkbuf_4)
     1    0.03                           oaddr[6] (net)
                  0.11    0.00    0.98 ^ oaddr[6] (out)
                                  0.98   data arrival time

                          0.00    0.00   clock SCK (rise edge)
                          0.00    0.00   clock network delay (propagated)
                          0.25    0.25   clock uncertainty
                          0.00    0.25   clock reconvergence pessimism
                         -2.00   -1.75   output external delay
                                 -1.75   data required time
-----------------------------------------------------------------------------
                                 -1.75   data required time
                                 -0.98   data arrival time
-----------------------------------------------------------------------------
                                  2.73   slack (MET)


Startpoint: _458_ (rising edge-triggered flip-flop clocked by SCK)
Endpoint: pass_thru_user_reset (output port clocked by SCK)
Path Group: SCK
Path Type: min

Fanout     Cap    Slew   Delay    Time   Description
-----------------------------------------------------------------------------
                          0.00    0.00   clock SCK (rise edge)
                          0.00    0.00   clock source latency
                  0.07    0.04    0.04 ^ SCK (in)
     1    0.01                           SCK (net)
                  0.07    0.00    0.04 ^ clkbuf_0_SCK/A (sky130_fd_sc_hd__clkbuf_16)
                  0.06    0.14    0.18 ^ clkbuf_0_SCK/X (sky130_fd_sc_hd__clkbuf_16)
     4    0.04                           clknet_0_SCK (net)
                  0.06    0.00    0.18 ^ clkbuf_2_2__f_SCK/A (sky130_fd_sc_hd__clkbuf_16)
                  0.05    0.13    0.32 ^ clkbuf_2_2__f_SCK/X (sky130_fd_sc_hd__clkbuf_16)
     9    0.03                           clknet_2_2__leaf_SCK (net)
                  0.05    0.00    0.32 ^ _458_/CLK (sky130_fd_sc_hd__dfrtp_1)
                  0.08    0.33    0.65 ^ _458_/Q (sky130_fd_sc_hd__dfrtp_1)
     3    0.01                           net33 (net)
                  0.08    0.00    0.65 ^ _400_/B (sky130_fd_sc_hd__or2_1)
                  0.04    0.09    0.74 ^ _400_/X (sky130_fd_sc_hd__or2_1)
     1    0.00                           _214_ (net)
                  0.04    0.00    0.74 ^ _401_/A (sky130_fd_sc_hd__clkbuf_1)
                  0.04    0.07    0.81 ^ _401_/X (sky130_fd_sc_hd__clkbuf_1)
     1    0.00                           net34 (net)
                  0.04    0.00    0.81 ^ output34/A (sky130_fd_sc_hd__clkbuf_4)
                  0.11    0.17    0.99 ^ output34/X (sky130_fd_sc_hd__clkbuf_4)
     1    0.03                           pass_thru_user_reset (net)
                  0.11    0.00    0.99 ^ pass_thru_user_reset (out)
                                  0.99   data arrival time

                          0.00    0.00   clock SCK (rise edge)
                          0.00    0.00   clock network delay (propagated)
                          0.25    0.25   clock uncertainty
                          0.00    0.25   clock reconvergence pessimism
                         -2.00   -1.75   output external delay
                                 -1.75   data required time
-----------------------------------------------------------------------------
                                 -1.75   data required time
                                 -0.99   data arrival time
-----------------------------------------------------------------------------
                                  2.74   slack (MET)


Startpoint: _456_ (rising edge-triggered flip-flop clocked by SCK)
Endpoint: pass_thru_mgmt_reset (output port clocked by SCK)
Path Group: SCK
Path Type: min

Fanout     Cap    Slew   Delay    Time   Description
-----------------------------------------------------------------------------
                          0.00    0.00   clock SCK (rise edge)
                          0.00    0.00   clock source latency
                  0.07    0.04    0.04 ^ SCK (in)
     1    0.01                           SCK (net)
                  0.07    0.00    0.04 ^ clkbuf_0_SCK/A (sky130_fd_sc_hd__clkbuf_16)
                  0.06    0.14    0.18 ^ clkbuf_0_SCK/X (sky130_fd_sc_hd__clkbuf_16)
     4    0.04                           clknet_0_SCK (net)
                  0.06    0.00    0.18 ^ clkbuf_2_3__f_SCK/A (sky130_fd_sc_hd__clkbuf_16)
                  0.04    0.12    0.31 ^ clkbuf_2_3__f_SCK/X (sky130_fd_sc_hd__clkbuf_16)
     6    0.02                           clknet_2_3__leaf_SCK (net)
                  0.04    0.00    0.31 ^ _456_/CLK (sky130_fd_sc_hd__dfrtp_1)
                  0.11    0.35    0.66 ^ _456_/Q (sky130_fd_sc_hd__dfrtp_1)
     3    0.01                           net30 (net)
                  0.11    0.00    0.66 ^ _398_/B (sky130_fd_sc_hd__or2_1)
                  0.07    0.13    0.78 ^ _398_/X (sky130_fd_sc_hd__or2_1)
     1    0.01                           _213_ (net)
                  0.07    0.00    0.78 ^ _399_/A (sky130_fd_sc_hd__clkbuf_1)
                  0.04    0.08    0.86 ^ _399_/X (sky130_fd_sc_hd__clkbuf_1)
     1    0.00                           net31 (net)
                  0.04    0.00    0.86 ^ output31/A (sky130_fd_sc_hd__buf_2)
                  0.17    0.18    1.04 ^ output31/X (sky130_fd_sc_hd__buf_2)
     1    0.03                           pass_thru_mgmt_reset (net)
                  0.17    0.00    1.04 ^ pass_thru_mgmt_reset (out)
                                  1.04   data arrival time

                          0.00    0.00   clock SCK (rise edge)
                          0.00    0.00   clock network delay (propagated)
                          0.25    0.25   clock uncertainty
                          0.00    0.25   clock reconvergence pessimism
                         -2.00   -1.75   output external delay
                                 -1.75   data required time
-----------------------------------------------------------------------------
                                 -1.75   data required time
                                 -1.04   data arrival time
-----------------------------------------------------------------------------
                                  2.79   slack (MET)


Startpoint: _460_ (rising edge-triggered flip-flop clocked by SCK)
Endpoint: oaddr[1] (output port clocked by SCK)
Path Group: SCK
Path Type: min

Fanout     Cap    Slew   Delay    Time   Description
-----------------------------------------------------------------------------
                          0.00    0.00   clock SCK (rise edge)
                          0.00    0.00   clock source latency
                  0.07    0.04    0.04 ^ SCK (in)
     1    0.01                           SCK (net)
                  0.07    0.00    0.04 ^ clkbuf_0_SCK/A (sky130_fd_sc_hd__clkbuf_16)
                  0.06    0.14    0.18 ^ clkbuf_0_SCK/X (sky130_fd_sc_hd__clkbuf_16)
     4    0.04                           clknet_0_SCK (net)
                  0.06    0.00    0.18 ^ clkbuf_2_2__f_SCK/A (sky130_fd_sc_hd__clkbuf_16)
                  0.05    0.13    0.32 ^ clkbuf_2_2__f_SCK/X (sky130_fd_sc_hd__clkbuf_16)
     9    0.03                           clknet_2_2__leaf_SCK (net)
                  0.05    0.00    0.32 ^ _460_/CLK (sky130_fd_sc_hd__dfrtp_2)
                  0.08    0.41    0.73 v _460_/Q (sky130_fd_sc_hd__dfrtp_2)
     8    0.02                           addr[1] (net)
                  0.08    0.00    0.73 v _358_/A (sky130_fd_sc_hd__nand2_1)
                  0.08    0.09    0.83 ^ _358_/Y (sky130_fd_sc_hd__nand2_1)
     2    0.01                           _193_ (net)
                  0.08    0.00    0.83 ^ _388_/B1 (sky130_fd_sc_hd__o21ai_1)
                  0.04    0.07    0.89 v _388_/Y (sky130_fd_sc_hd__o21ai_1)
     1    0.00                           net14 (net)
                  0.04    0.00    0.89 v output14/A (sky130_fd_sc_hd__buf_2)
                  0.09    0.17    1.06 v output14/X (sky130_fd_sc_hd__buf_2)
     1    0.03                           oaddr[1] (net)
                  0.09    0.00    1.06 v oaddr[1] (out)
                                  1.06   data arrival time

                          0.00    0.00   clock SCK (rise edge)
                          0.00    0.00   clock network delay (propagated)
                          0.25    0.25   clock uncertainty
                          0.00    0.25   clock reconvergence pessimism
                         -2.00   -1.75   output external delay
                                 -1.75   data required time
-----------------------------------------------------------------------------
                                 -1.75   data required time
                                 -1.06   data arrival time
-----------------------------------------------------------------------------
                                  2.81   slack (MET)


Startpoint: _464_ (rising edge-triggered flip-flop clocked by SCK)
Endpoint: oaddr[5] (output port clocked by SCK)
Path Group: SCK
Path Type: min

Fanout     Cap    Slew   Delay    Time   Description
-----------------------------------------------------------------------------
                          0.00    0.00   clock SCK (rise edge)
                          0.00    0.00   clock source latency
                  0.07    0.04    0.04 ^ SCK (in)
     1    0.01                           SCK (net)
                  0.07    0.00    0.04 ^ clkbuf_0_SCK/A (sky130_fd_sc_hd__clkbuf_16)
                  0.06    0.14    0.18 ^ clkbuf_0_SCK/X (sky130_fd_sc_hd__clkbuf_16)
     4    0.04                           clknet_0_SCK (net)
                  0.06    0.00    0.18 ^ clkbuf_2_0__f_SCK/A (sky130_fd_sc_hd__clkbuf_16)
                  0.05    0.13    0.32 ^ clkbuf_2_0__f_SCK/X (sky130_fd_sc_hd__clkbuf_16)
     9    0.03                           clknet_2_0__leaf_SCK (net)
                  0.05    0.00    0.32 ^ _464_/CLK (sky130_fd_sc_hd__dfrtp_2)
                  0.10    0.37    0.69 ^ _464_/Q (sky130_fd_sc_hd__dfrtp_2)
     7    0.02                           addr[5] (net)
                  0.10    0.00    0.69 ^ _395_/A0 (sky130_fd_sc_hd__mux2_1)
                  0.06    0.14    0.83 ^ _395_/X (sky130_fd_sc_hd__mux2_1)
     1    0.01                           _212_ (net)
                  0.06    0.00    0.83 ^ _396_/A (sky130_fd_sc_hd__clkbuf_1)
                  0.04    0.08    0.91 ^ _396_/X (sky130_fd_sc_hd__clkbuf_1)
     1    0.00                           net18 (net)
                  0.04    0.00    0.91 ^ output18/A (sky130_fd_sc_hd__clkbuf_4)
                  0.11    0.18    1.09 ^ output18/X (sky130_fd_sc_hd__clkbuf_4)
     1    0.03                           oaddr[5] (net)
                  0.11    0.00    1.09 ^ oaddr[5] (out)
                                  1.09   data arrival time

                          0.00    0.00   clock SCK (rise edge)
                          0.00    0.00   clock network delay (propagated)
                          0.25    0.25   clock uncertainty
                          0.00    0.25   clock reconvergence pessimism
                         -2.00   -1.75   output external delay
                                 -1.75   data required time
-----------------------------------------------------------------------------
                                 -1.75   data required time
                                 -1.09   data arrival time
-----------------------------------------------------------------------------
                                  2.84   slack (MET)


Startpoint: _465_ (rising edge-triggered flip-flop clocked by SCK)
Endpoint: oaddr[7] (output port clocked by SCK)
Path Group: SCK
Path Type: min

Fanout     Cap    Slew   Delay    Time   Description
-----------------------------------------------------------------------------
                          0.00    0.00   clock SCK (rise edge)
                          0.00    0.00   clock source latency
                  0.07    0.04    0.04 ^ SCK (in)
     1    0.01                           SCK (net)
                  0.07    0.00    0.04 ^ clkbuf_0_SCK/A (sky130_fd_sc_hd__clkbuf_16)
                  0.06    0.14    0.18 ^ clkbuf_0_SCK/X (sky130_fd_sc_hd__clkbuf_16)
     4    0.04                           clknet_0_SCK (net)
                  0.06    0.00    0.18 ^ clkbuf_2_0__f_SCK/A (sky130_fd_sc_hd__clkbuf_16)
                  0.05    0.13    0.32 ^ clkbuf_2_0__f_SCK/X (sky130_fd_sc_hd__clkbuf_16)
     9    0.03                           clknet_2_0__leaf_SCK (net)
                  0.05    0.00    0.32 ^ _465_/CLK (sky130_fd_sc_hd__dfrtp_1)
                  0.13    0.36    0.68 ^ _465_/Q (sky130_fd_sc_hd__dfrtp_1)
     5    0.01                           addr[6] (net)
                  0.13    0.00    0.68 ^ _322_/A1 (sky130_fd_sc_hd__a21bo_1)
                  0.03    0.11    0.79 ^ _322_/X (sky130_fd_sc_hd__a21bo_1)
     1    0.00                           _164_ (net)
                  0.03    0.00    0.79 ^ _323_/A (sky130_fd_sc_hd__clkbuf_1)
                  0.08    0.09    0.89 ^ _323_/X (sky130_fd_sc_hd__clkbuf_1)
     2    0.01                           net20 (net)
                  0.08    0.00    0.89 ^ output20/A (sky130_fd_sc_hd__buf_2)
                  0.17    0.20    1.09 ^ output20/X (sky130_fd_sc_hd__buf_2)
     1    0.03                           oaddr[7] (net)
                  0.17    0.00    1.09 ^ oaddr[7] (out)
                                  1.09   data arrival time

                          0.00    0.00   clock SCK (rise edge)
                          0.00    0.00   clock network delay (propagated)
                          0.25    0.25   clock uncertainty
                          0.00    0.25   clock reconvergence pessimism
                         -2.00   -1.75   output external delay
                                 -1.75   data required time
-----------------------------------------------------------------------------
                                 -1.75   data required time
                                 -1.09   data arrival time
-----------------------------------------------------------------------------
                                  2.84   slack (MET)


Startpoint: _461_ (rising edge-triggered flip-flop clocked by SCK)
Endpoint: oaddr[3] (output port clocked by SCK)
Path Group: SCK
Path Type: min

Fanout     Cap    Slew   Delay    Time   Description
-----------------------------------------------------------------------------
                          0.00    0.00   clock SCK (rise edge)
                          0.00    0.00   clock source latency
                  0.07    0.04    0.04 ^ SCK (in)
     1    0.01                           SCK (net)
                  0.07    0.00    0.04 ^ clkbuf_0_SCK/A (sky130_fd_sc_hd__clkbuf_16)
                  0.06    0.14    0.18 ^ clkbuf_0_SCK/X (sky130_fd_sc_hd__clkbuf_16)
     4    0.04                           clknet_0_SCK (net)
                  0.06    0.00    0.18 ^ clkbuf_2_2__f_SCK/A (sky130_fd_sc_hd__clkbuf_16)
                  0.05    0.13    0.32 ^ clkbuf_2_2__f_SCK/X (sky130_fd_sc_hd__clkbuf_16)
     9    0.03                           clknet_2_2__leaf_SCK (net)
                  0.05    0.00    0.32 ^ _461_/CLK (sky130_fd_sc_hd__dfrtp_2)
                  0.11    0.38    0.70 ^ _461_/Q (sky130_fd_sc_hd__dfrtp_2)
     8    0.02                           addr[2] (net)
                  0.11    0.00    0.70 ^ _391_/A1 (sky130_fd_sc_hd__mux2_1)
                  0.07    0.15    0.85 ^ _391_/X (sky130_fd_sc_hd__mux2_1)
     1    0.01                           _210_ (net)
                  0.07    0.00    0.85 ^ _392_/A (sky130_fd_sc_hd__clkbuf_1)
                  0.04    0.08    0.93 ^ _392_/X (sky130_fd_sc_hd__clkbuf_1)
     1    0.00                           net16 (net)
                  0.04    0.00    0.93 ^ output16/A (sky130_fd_sc_hd__buf_2)
                  0.17    0.18    1.11 ^ output16/X (sky130_fd_sc_hd__buf_2)
     1    0.03                           oaddr[3] (net)
                  0.17    0.00    1.11 ^ oaddr[3] (out)
                                  1.11   data arrival time

                          0.00    0.00   clock SCK (rise edge)
                          0.00    0.00   clock network delay (propagated)
                          0.25    0.25   clock uncertainty
                          0.00    0.25   clock reconvergence pessimism
                         -2.00   -1.75   output external delay
                                 -1.75   data required time
-----------------------------------------------------------------------------
                                 -1.75   data required time
                                 -1.11   data arrival time
-----------------------------------------------------------------------------
                                  2.86   slack (MET)


Startpoint: _462_ (rising edge-triggered flip-flop clocked by SCK)
Endpoint: oaddr[4] (output port clocked by SCK)
Path Group: SCK
Path Type: min

Fanout     Cap    Slew   Delay    Time   Description
-----------------------------------------------------------------------------
                          0.00    0.00   clock SCK (rise edge)
                          0.00    0.00   clock source latency
                  0.07    0.04    0.04 ^ SCK (in)
     1    0.01                           SCK (net)
                  0.07    0.00    0.04 ^ clkbuf_0_SCK/A (sky130_fd_sc_hd__clkbuf_16)
                  0.06    0.14    0.18 ^ clkbuf_0_SCK/X (sky130_fd_sc_hd__clkbuf_16)
     4    0.04                           clknet_0_SCK (net)
                  0.06    0.00    0.18 ^ clkbuf_2_2__f_SCK/A (sky130_fd_sc_hd__clkbuf_16)
                  0.05    0.13    0.32 ^ clkbuf_2_2__f_SCK/X (sky130_fd_sc_hd__clkbuf_16)
     9    0.03                           clknet_2_2__leaf_SCK (net)
                  0.05    0.00    0.32 ^ _462_/CLK (sky130_fd_sc_hd__dfrtp_1)
                  0.14    0.38    0.69 ^ _462_/Q (sky130_fd_sc_hd__dfrtp_1)
     6    0.02                           addr[3] (net)
                  0.14    0.00    0.69 ^ _393_/A1 (sky130_fd_sc_hd__mux2_1)
                  0.07    0.16    0.86 ^ _393_/X (sky130_fd_sc_hd__mux2_1)
     1    0.01                           _211_ (net)
                  0.07    0.00    0.86 ^ _394_/A (sky130_fd_sc_hd__clkbuf_1)
                  0.04    0.08    0.93 ^ _394_/X (sky130_fd_sc_hd__clkbuf_1)
     1    0.00                           net17 (net)
                  0.04    0.00    0.93 ^ output17/A (sky130_fd_sc_hd__buf_2)
                  0.17    0.18    1.12 ^ output17/X (sky130_fd_sc_hd__buf_2)
     1    0.03                           oaddr[4] (net)
                  0.17    0.00    1.12 ^ oaddr[4] (out)
                                  1.12   data arrival time

                          0.00    0.00   clock SCK (rise edge)
                          0.00    0.00   clock network delay (propagated)
                          0.25    0.25   clock uncertainty
                          0.00    0.25   clock reconvergence pessimism
                         -2.00   -1.75   output external delay
                                 -1.75   data required time
-----------------------------------------------------------------------------
                                 -1.75   data required time
                                 -1.12   data arrival time
-----------------------------------------------------------------------------
                                  2.87   slack (MET)


Startpoint: _459_ (rising edge-triggered flip-flop clocked by SCK)
Endpoint: oaddr[0] (output port clocked by SCK)
Path Group: SCK
Path Type: min

Fanout     Cap    Slew   Delay    Time   Description
-----------------------------------------------------------------------------
                          0.00    0.00   clock SCK (rise edge)
                          0.00    0.00   clock source latency
                  0.07    0.04    0.04 ^ SCK (in)
     1    0.01                           SCK (net)
                  0.07    0.00    0.04 ^ clkbuf_0_SCK/A (sky130_fd_sc_hd__clkbuf_16)
                  0.06    0.14    0.18 ^ clkbuf_0_SCK/X (sky130_fd_sc_hd__clkbuf_16)
     4    0.04                           clknet_0_SCK (net)
                  0.06    0.00    0.18 ^ clkbuf_2_2__f_SCK/A (sky130_fd_sc_hd__clkbuf_16)
                  0.05    0.13    0.32 ^ clkbuf_2_2__f_SCK/X (sky130_fd_sc_hd__clkbuf_16)
     9    0.03                           clknet_2_2__leaf_SCK (net)
                  0.05    0.00    0.32 ^ _459_/CLK (sky130_fd_sc_hd__dfrtp_4)
                  0.10    0.43    0.74 ^ _459_/Q (sky130_fd_sc_hd__dfrtp_4)
     8    0.03                           addr[0] (net)
                  0.10    0.00    0.74 ^ _386_/A0 (sky130_fd_sc_hd__mux2_1)
                  0.04    0.13    0.87 ^ _386_/X (sky130_fd_sc_hd__mux2_1)
     1    0.00                           _208_ (net)
                  0.04    0.00    0.87 ^ _387_/A (sky130_fd_sc_hd__clkbuf_1)
                  0.04    0.07    0.94 ^ _387_/X (sky130_fd_sc_hd__clkbuf_1)
     1    0.00                           net13 (net)
                  0.04    0.00    0.94 ^ output13/A (sky130_fd_sc_hd__buf_2)
                  0.17    0.19    1.13 ^ output13/X (sky130_fd_sc_hd__buf_2)
     1    0.03                           oaddr[0] (net)
                  0.17    0.00    1.13 ^ oaddr[0] (out)
                                  1.13   data arrival time

                          0.00    0.00   clock SCK (rise edge)
                          0.00    0.00   clock network delay (propagated)
                          0.25    0.25   clock uncertainty
                          0.00    0.25   clock reconvergence pessimism
                         -2.00   -1.75   output external delay
                                 -1.75   data required time
-----------------------------------------------------------------------------
                                 -1.75   data required time
                                 -1.13   data arrival time
-----------------------------------------------------------------------------
                                  2.88   slack (MET)


Startpoint: _461_ (rising edge-triggered flip-flop clocked by SCK)
Endpoint: oaddr[2] (output port clocked by SCK)
Path Group: SCK
Path Type: min

Fanout     Cap    Slew   Delay    Time   Description
-----------------------------------------------------------------------------
                          0.00    0.00   clock SCK (rise edge)
                          0.00    0.00   clock source latency
                  0.07    0.04    0.04 ^ SCK (in)
     1    0.01                           SCK (net)
                  0.07    0.00    0.04 ^ clkbuf_0_SCK/A (sky130_fd_sc_hd__clkbuf_16)
                  0.06    0.14    0.18 ^ clkbuf_0_SCK/X (sky130_fd_sc_hd__clkbuf_16)
     4    0.04                           clknet_0_SCK (net)
                  0.06    0.00    0.18 ^ clkbuf_2_2__f_SCK/A (sky130_fd_sc_hd__clkbuf_16)
                  0.05    0.13    0.32 ^ clkbuf_2_2__f_SCK/X (sky130_fd_sc_hd__clkbuf_16)
     9    0.03                           clknet_2_2__leaf_SCK (net)
                  0.05    0.00    0.32 ^ _461_/CLK (sky130_fd_sc_hd__dfrtp_2)
                  0.11    0.38    0.70 ^ _461_/Q (sky130_fd_sc_hd__dfrtp_2)
     8    0.02                           addr[2] (net)
                  0.11    0.00    0.70 ^ _389_/A0 (sky130_fd_sc_hd__mux2_1)
                  0.07    0.15    0.85 ^ _389_/X (sky130_fd_sc_hd__mux2_1)
     1    0.01                           _209_ (net)
                  0.07    0.00    0.85 ^ _390_/A (sky130_fd_sc_hd__clkbuf_1)
                  0.08    0.11    0.96 ^ _390_/X (sky130_fd_sc_hd__clkbuf_1)
     1    0.01                           net15 (net)
                  0.08    0.00    0.96 ^ output15/A (sky130_fd_sc_hd__buf_2)
                  0.17    0.20    1.16 ^ output15/X (sky130_fd_sc_hd__buf_2)
     1    0.03                           oaddr[2] (net)
                  0.17    0.00    1.16 ^ oaddr[2] (out)
                                  1.16   data arrival time

                          0.00    0.00   clock SCK (rise edge)
                          0.00    0.00   clock network delay (propagated)
                          0.25    0.25   clock uncertainty
                          0.00    0.25   clock reconvergence pessimism
                         -2.00   -1.75   output external delay
                                 -1.75   data required time
-----------------------------------------------------------------------------
                                 -1.75   data required time
                                 -1.16   data arrival time
-----------------------------------------------------------------------------
                                  2.91   slack (MET)


Startpoint: SDI (input port clocked by SCK)
Endpoint: odata[0] (output port clocked by SCK)
Path Group: SCK
Path Type: min

Fanout     Cap    Slew   Delay    Time   Description
-----------------------------------------------------------------------------
                          0.00    0.00   clock SCK (rise edge)
                          0.00    0.00   clock network delay (propagated)
                          2.00    2.00 v input external delay
                  0.01    0.00    2.00 v SDI (in)
     1    0.00                           SDI (net)
                  0.01    0.00    2.00 v input2/A (sky130_fd_sc_hd__buf_2)
                  0.08    0.14    2.15 v input2/X (sky130_fd_sc_hd__buf_2)
     8    0.03                           net2 (net)
                  0.08    0.00    2.15 v _499_/A (sky130_fd_sc_hd__clkbuf_1)
                  0.02    0.09    2.24 v _499_/X (sky130_fd_sc_hd__clkbuf_1)
     1    0.00                           net21 (net)
                  0.02    0.00    2.24 v output21/A (sky130_fd_sc_hd__buf_2)
                  0.09    0.16    2.40 v output21/X (sky130_fd_sc_hd__buf_2)
     1    0.03                           odata[0] (net)
                  0.09    0.00    2.40 v odata[0] (out)
                                  2.40   data arrival time

                          0.00    0.00   clock SCK (rise edge)
                          0.00    0.00   clock network delay (propagated)
                          0.25    0.25   clock uncertainty
                          0.00    0.25   clock reconvergence pessimism
                         -2.00   -1.75   output external delay
                                 -1.75   data required time
-----------------------------------------------------------------------------
                                 -1.75   data required time
                                 -2.40   data arrival time
-----------------------------------------------------------------------------
                                  4.15   slack (MET)


Startpoint: _487_ (rising edge-triggered flip-flop clocked by SCK)
Endpoint: _483_ (rising edge-triggered flip-flop clocked by SCK')
Path Group: SCK
Path Type: min

Fanout     Cap    Slew   Delay    Time   Description
-----------------------------------------------------------------------------
                         10.00   10.00   clock SCK (rise edge)
                          0.00   10.00   clock source latency
                  0.07    0.04   10.04 ^ SCK (in)
     1    0.01                           SCK (net)
                  0.07    0.00   10.04 ^ clkbuf_0_SCK/A (sky130_fd_sc_hd__clkbuf_16)
                  0.06    0.14   10.18 ^ clkbuf_0_SCK/X (sky130_fd_sc_hd__clkbuf_16)
     4    0.04                           clknet_0_SCK (net)
                  0.06    0.00   10.18 ^ clkbuf_2_2__f_SCK/A (sky130_fd_sc_hd__clkbuf_16)
                  0.05    0.13   10.32 ^ clkbuf_2_2__f_SCK/X (sky130_fd_sc_hd__clkbuf_16)
     9    0.03                           clknet_2_2__leaf_SCK (net)
                  0.05    0.00   10.32 ^ _487_/CLK (sky130_fd_sc_hd__dfrtp_1)
                  0.10    0.34   10.66 ^ _487_/Q (sky130_fd_sc_hd__dfrtp_1)
     3    0.01                           state[1] (net)
                  0.10    0.00   10.66 ^ _384_/B (sky130_fd_sc_hd__nor2_1)
                  0.03    0.04   10.70 v _384_/Y (sky130_fd_sc_hd__nor2_1)
     1    0.00                           _207_ (net)
                  0.03    0.00   10.70 v _385_/A2 (sky130_fd_sc_hd__o21a_1)
                  0.03    0.15   10.85 v _385_/X (sky130_fd_sc_hd__o21a_1)
     1    0.00                           _000_ (net)
                  0.03    0.00   10.85 v _483_/D (sky130_fd_sc_hd__dfstp_1)
                                 10.85   data arrival time

                          5.00    5.00   clock SCK' (rise edge)
                          0.00    5.00   clock source latency
                  0.03    0.02    5.02 v SCK (in)
     1    0.01                           SCK (net)
                  0.03    0.00    5.02 v clkbuf_0_SCK/A (sky130_fd_sc_hd__clkbuf_16)
                  0.04    0.16    5.18 v clkbuf_0_SCK/X (sky130_fd_sc_hd__clkbuf_16)
     4    0.03                           clknet_0_SCK (net)
                  0.04    0.00    5.18 v clkbuf_2_3__f_SCK/A (sky130_fd_sc_hd__clkbuf_16)
                  0.03    0.15    5.33 v clkbuf_2_3__f_SCK/X (sky130_fd_sc_hd__clkbuf_16)
     6    0.02                           clknet_2_3__leaf_SCK (net)
                  0.03    0.00    5.33 v _437_/A (sky130_fd_sc_hd__buf_1)
                  0.06    0.11    5.44 v _437_/X (sky130_fd_sc_hd__buf_1)
     1    0.01                           _221_ (net)
                  0.06    0.00    5.44 v clkbuf_0__221_/A (sky130_fd_sc_hd__clkbuf_16)
                  0.03    0.16    5.60 v clkbuf_0__221_/X (sky130_fd_sc_hd__clkbuf_16)
     2    0.02                           clknet_0__221_ (net)
                  0.03    0.00    5.60 v clkbuf_1_1__f__221_/A (sky130_fd_sc_hd__clkbuf_16)
                  0.04    0.16    5.76 v clkbuf_1_1__f__221_/X (sky130_fd_sc_hd__clkbuf_16)
     6    0.03                           clknet_1_1__leaf__221_ (net)
                  0.04    0.00    5.76 v _438__1/A (sky130_fd_sc_hd__inv_2)
                  0.02    0.04    5.80 ^ _438__1/Y (sky130_fd_sc_hd__inv_2)
     1    0.00                           net39 (net)
                  0.02    0.00    5.80 ^ _483_/CLK (sky130_fd_sc_hd__dfstp_1)
                          0.25    6.05   clock uncertainty
                         -0.02    6.03   clock reconvergence pessimism
                         -0.01    6.01   library hold time
                                  6.01   data required time
-----------------------------------------------------------------------------
                                  6.01   data required time
                                -10.85   data arrival time
-----------------------------------------------------------------------------
                                  4.84   slack (MET)


Startpoint: CSB (input port clocked by SCK)
Endpoint: _491_ (removal check against rising-edge clock SCK')
Path Group: asynchronous
Path Type: min

Fanout     Cap    Slew   Delay    Time   Description
-----------------------------------------------------------------------------
                         10.00   10.00   clock SCK (rise edge)
                          0.00   10.00   clock network delay (propagated)
                          2.00   12.00 v input external delay
                  0.01    0.00   12.00 v CSB (in)
     1    0.00                           CSB (net)
                  0.01    0.00   12.00 v input1/A (sky130_fd_sc_hd__clkbuf_1)
                  0.02    0.06   12.07 v input1/X (sky130_fd_sc_hd__clkbuf_1)
     1    0.00                           net1 (net)
                  0.02    0.00   12.07 v _224_/A (sky130_fd_sc_hd__buf_2)
                  0.07    0.15   12.22 v _224_/X (sky130_fd_sc_hd__buf_2)
     9    0.03                           _102_ (net)
                  0.07    0.00   12.22 v _225_/A (sky130_fd_sc_hd__buf_2)
                  0.08    0.18   12.39 v _225_/X (sky130_fd_sc_hd__buf_2)
    10    0.03                           _103_ (net)
                  0.08    0.00   12.40 v _257_/B (sky130_fd_sc_hd__nor2_1)
                  0.10    0.10   12.50 ^ _257_/Y (sky130_fd_sc_hd__nor2_1)
     1    0.00                           _045_ (net)
                  0.10    0.00   12.50 ^ _491_/RESET_B (sky130_fd_sc_hd__dfrtp_1)
                                 12.50   data arrival time

                          5.00    5.00   clock SCK' (rise edge)
                          0.00    5.00   clock source latency
                  0.03    0.02    5.02 v SCK (in)
     1    0.01                           SCK (net)
                  0.03    0.00    5.02 v clkbuf_0_SCK/A (sky130_fd_sc_hd__clkbuf_16)
                  0.04    0.16    5.18 v clkbuf_0_SCK/X (sky130_fd_sc_hd__clkbuf_16)
     4    0.03                           clknet_0_SCK (net)
                  0.04    0.00    5.18 v clkbuf_2_3__f_SCK/A (sky130_fd_sc_hd__clkbuf_16)
                  0.03    0.15    5.33 v clkbuf_2_3__f_SCK/X (sky130_fd_sc_hd__clkbuf_16)
     6    0.02                           clknet_2_3__leaf_SCK (net)
                  0.03    0.00    5.33 v _437_/A (sky130_fd_sc_hd__buf_1)
                  0.06    0.11    5.44 v _437_/X (sky130_fd_sc_hd__buf_1)
     1    0.01                           _221_ (net)
                  0.06    0.00    5.44 v clkbuf_0__221_/A (sky130_fd_sc_hd__clkbuf_16)
                  0.03    0.16    5.60 v clkbuf_0__221_/X (sky130_fd_sc_hd__clkbuf_16)
     2    0.02                           clknet_0__221_ (net)
                  0.03    0.00    5.60 v clkbuf_1_1__f__221_/A (sky130_fd_sc_hd__clkbuf_16)
                  0.04    0.16    5.76 v clkbuf_1_1__f__221_/X (sky130_fd_sc_hd__clkbuf_16)
     6    0.03                           clknet_1_1__leaf__221_ (net)
                  0.04    0.00    5.76 v _446__3/A (sky130_fd_sc_hd__inv_2)
                  0.02    0.04    5.80 ^ _446__3/Y (sky130_fd_sc_hd__inv_2)
     1    0.00                           net41 (net)
                  0.02    0.00    5.80 ^ _491_/CLK (sky130_fd_sc_hd__dfrtp_1)
                          0.25    6.05   clock uncertainty
                          0.00    6.05   clock reconvergence pessimism
                          0.33    6.37   library removal time
                                  6.37   data required time
-----------------------------------------------------------------------------
                                  6.37   data required time
                                -12.50   data arrival time
-----------------------------------------------------------------------------
                                  6.12   slack (MET)


Startpoint: CSB (input port clocked by SCK)
Endpoint: _493_ (removal check against rising-edge clock SCK')
Path Group: asynchronous
Path Type: min

Fanout     Cap    Slew   Delay    Time   Description
-----------------------------------------------------------------------------
                         10.00   10.00   clock SCK (rise edge)
                          0.00   10.00   clock network delay (propagated)
                          2.00   12.00 v input external delay
                  0.01    0.00   12.00 v CSB (in)
     1    0.00                           CSB (net)
                  0.01    0.00   12.00 v input1/A (sky130_fd_sc_hd__clkbuf_1)
                  0.02    0.06   12.07 v input1/X (sky130_fd_sc_hd__clkbuf_1)
     1    0.00                           net1 (net)
                  0.02    0.00   12.07 v _224_/A (sky130_fd_sc_hd__buf_2)
                  0.07    0.15   12.22 v _224_/X (sky130_fd_sc_hd__buf_2)
     9    0.03                           _102_ (net)
                  0.07    0.00   12.22 v _225_/A (sky130_fd_sc_hd__buf_2)
                  0.08    0.18   12.39 v _225_/X (sky130_fd_sc_hd__buf_2)
    10    0.03                           _103_ (net)
                  0.08    0.00   12.40 v _249_/B (sky130_fd_sc_hd__nor2_1)
                  0.10    0.10   12.50 ^ _249_/Y (sky130_fd_sc_hd__nor2_1)
     1    0.00                           _049_ (net)
                  0.10    0.00   12.50 ^ _493_/RESET_B (sky130_fd_sc_hd__dfrtp_1)
                                 12.50   data arrival time

                          5.00    5.00   clock SCK' (rise edge)
                          0.00    5.00   clock source latency
                  0.03    0.02    5.02 v SCK (in)
     1    0.01                           SCK (net)
                  0.03    0.00    5.02 v clkbuf_0_SCK/A (sky130_fd_sc_hd__clkbuf_16)
                  0.04    0.16    5.18 v clkbuf_0_SCK/X (sky130_fd_sc_hd__clkbuf_16)
     4    0.03                           clknet_0_SCK (net)
                  0.04    0.00    5.18 v clkbuf_2_3__f_SCK/A (sky130_fd_sc_hd__clkbuf_16)
                  0.03    0.15    5.33 v clkbuf_2_3__f_SCK/X (sky130_fd_sc_hd__clkbuf_16)
     6    0.02                           clknet_2_3__leaf_SCK (net)
                  0.03    0.00    5.33 v _437_/A (sky130_fd_sc_hd__buf_1)
                  0.06    0.11    5.44 v _437_/X (sky130_fd_sc_hd__buf_1)
     1    0.01                           _221_ (net)
                  0.06    0.00    5.44 v clkbuf_0__221_/A (sky130_fd_sc_hd__clkbuf_16)
                  0.03    0.16    5.60 v clkbuf_0__221_/X (sky130_fd_sc_hd__clkbuf_16)
     2    0.02                           clknet_0__221_ (net)
                  0.03    0.00    5.60 v clkbuf_1_1__f__221_/A (sky130_fd_sc_hd__clkbuf_16)
                  0.04    0.16    5.76 v clkbuf_1_1__f__221_/X (sky130_fd_sc_hd__clkbuf_16)
     6    0.03                           clknet_1_1__leaf__221_ (net)
                  0.04    0.00    5.76 v _448__5/A (sky130_fd_sc_hd__inv_2)
                  0.02    0.04    5.80 ^ _448__5/Y (sky130_fd_sc_hd__inv_2)
     1    0.00                           net43 (net)
                  0.02    0.00    5.80 ^ _493_/CLK (sky130_fd_sc_hd__dfrtp_1)
                          0.25    6.05   clock uncertainty
                          0.00    6.05   clock reconvergence pessimism
                          0.33    6.37   library removal time
                                  6.37   data required time
-----------------------------------------------------------------------------
                                  6.37   data required time
                                -12.50   data arrival time
-----------------------------------------------------------------------------
                                  6.13   slack (MET)


Startpoint: CSB (input port clocked by SCK)
Endpoint: _492_ (removal check against rising-edge clock SCK')
Path Group: asynchronous
Path Type: min

Fanout     Cap    Slew   Delay    Time   Description
-----------------------------------------------------------------------------
                         10.00   10.00   clock SCK (rise edge)
                          0.00   10.00   clock network delay (propagated)
                          2.00   12.00 v input external delay
                  0.01    0.00   12.00 v CSB (in)
     1    0.00                           CSB (net)
                  0.01    0.00   12.00 v input1/A (sky130_fd_sc_hd__clkbuf_1)
                  0.02    0.06   12.07 v input1/X (sky130_fd_sc_hd__clkbuf_1)
     1    0.00                           net1 (net)
                  0.02    0.00   12.07 v _224_/A (sky130_fd_sc_hd__buf_2)
                  0.07    0.15   12.22 v _224_/X (sky130_fd_sc_hd__buf_2)
     9    0.03                           _102_ (net)
                  0.07    0.00   12.22 v _225_/A (sky130_fd_sc_hd__buf_2)
                  0.08    0.18   12.39 v _225_/X (sky130_fd_sc_hd__buf_2)
    10    0.03                           _103_ (net)
                  0.08    0.00   12.40 v _253_/B (sky130_fd_sc_hd__nor2_1)
                  0.10    0.10   12.50 ^ _253_/Y (sky130_fd_sc_hd__nor2_1)
     1    0.00                           _047_ (net)
                  0.10    0.00   12.50 ^ _492_/RESET_B (sky130_fd_sc_hd__dfrtp_1)
                                 12.50   data arrival time

                          5.00    5.00   clock SCK' (rise edge)
                          0.00    5.00   clock source latency
                  0.03    0.02    5.02 v SCK (in)
     1    0.01                           SCK (net)
                  0.03    0.00    5.02 v clkbuf_0_SCK/A (sky130_fd_sc_hd__clkbuf_16)
                  0.04    0.16    5.18 v clkbuf_0_SCK/X (sky130_fd_sc_hd__clkbuf_16)
     4    0.03                           clknet_0_SCK (net)
                  0.04    0.00    5.18 v clkbuf_2_3__f_SCK/A (sky130_fd_sc_hd__clkbuf_16)
                  0.03    0.15    5.33 v clkbuf_2_3__f_SCK/X (sky130_fd_sc_hd__clkbuf_16)
     6    0.02                           clknet_2_3__leaf_SCK (net)
                  0.03    0.00    5.33 v _437_/A (sky130_fd_sc_hd__buf_1)
                  0.06    0.11    5.44 v _437_/X (sky130_fd_sc_hd__buf_1)
     1    0.01                           _221_ (net)
                  0.06    0.00    5.44 v clkbuf_0__221_/A (sky130_fd_sc_hd__clkbuf_16)
                  0.03    0.16    5.60 v clkbuf_0__221_/X (sky130_fd_sc_hd__clkbuf_16)
     2    0.02                           clknet_0__221_ (net)
                  0.03    0.00    5.60 v clkbuf_1_1__f__221_/A (sky130_fd_sc_hd__clkbuf_16)
                  0.04    0.16    5.76 v clkbuf_1_1__f__221_/X (sky130_fd_sc_hd__clkbuf_16)
     6    0.03                           clknet_1_1__leaf__221_ (net)
                  0.04    0.00    5.76 v _447__4/A (sky130_fd_sc_hd__inv_2)
                  0.02    0.04    5.80 ^ _447__4/Y (sky130_fd_sc_hd__inv_2)
     1    0.00                           net42 (net)
                  0.02    0.00    5.80 ^ _492_/CLK (sky130_fd_sc_hd__dfrtp_1)
                          0.25    6.05   clock uncertainty
                          0.00    6.05   clock reconvergence pessimism
                          0.33    6.37   library removal time
                                  6.37   data required time
-----------------------------------------------------------------------------
                                  6.37   data required time
                                -12.50   data arrival time
-----------------------------------------------------------------------------
                                  6.13   slack (MET)


Startpoint: CSB (input port clocked by SCK)
Endpoint: _497_ (removal check against rising-edge clock SCK')
Path Group: asynchronous
Path Type: min

Fanout     Cap    Slew   Delay    Time   Description
-----------------------------------------------------------------------------
                         10.00   10.00   clock SCK (rise edge)
                          0.00   10.00   clock network delay (propagated)
                          2.00   12.00 v input external delay
                  0.01    0.00   12.00 v CSB (in)
     1    0.00                           CSB (net)
                  0.01    0.00   12.00 v input1/A (sky130_fd_sc_hd__clkbuf_1)
                  0.02    0.06   12.07 v input1/X (sky130_fd_sc_hd__clkbuf_1)
     1    0.00                           net1 (net)
                  0.02    0.00   12.07 v _224_/A (sky130_fd_sc_hd__buf_2)
                  0.07    0.15   12.22 v _224_/X (sky130_fd_sc_hd__buf_2)
     9    0.03                           _102_ (net)
                  0.07    0.00   12.22 v _225_/A (sky130_fd_sc_hd__buf_2)
                  0.08    0.18   12.39 v _225_/X (sky130_fd_sc_hd__buf_2)
    10    0.03                           _103_ (net)
                  0.08    0.00   12.40 v _233_/B (sky130_fd_sc_hd__nor2_1)
                  0.10    0.10   12.50 ^ _233_/Y (sky130_fd_sc_hd__nor2_1)
     1    0.00                           _057_ (net)
                  0.10    0.00   12.50 ^ _497_/RESET_B (sky130_fd_sc_hd__dfrtp_1)
                                 12.50   data arrival time

                          5.00    5.00   clock SCK' (rise edge)
                          0.00    5.00   clock source latency
                  0.03    0.02    5.02 v SCK (in)
     1    0.01                           SCK (net)
                  0.03    0.00    5.02 v clkbuf_0_SCK/A (sky130_fd_sc_hd__clkbuf_16)
                  0.04    0.16    5.18 v clkbuf_0_SCK/X (sky130_fd_sc_hd__clkbuf_16)
     4    0.03                           clknet_0_SCK (net)
                  0.04    0.00    5.18 v clkbuf_2_3__f_SCK/A (sky130_fd_sc_hd__clkbuf_16)
                  0.03    0.15    5.33 v clkbuf_2_3__f_SCK/X (sky130_fd_sc_hd__clkbuf_16)
     6    0.02                           clknet_2_3__leaf_SCK (net)
                  0.03    0.00    5.33 v _437_/A (sky130_fd_sc_hd__buf_1)
                  0.06    0.11    5.44 v _437_/X (sky130_fd_sc_hd__buf_1)
     1    0.01                           _221_ (net)
                  0.06    0.00    5.44 v clkbuf_0__221_/A (sky130_fd_sc_hd__clkbuf_16)
                  0.03    0.16    5.60 v clkbuf_0__221_/X (sky130_fd_sc_hd__clkbuf_16)
     2    0.02                           clknet_0__221_ (net)
                  0.03    0.00    5.60 v clkbuf_1_1__f__221_/A (sky130_fd_sc_hd__clkbuf_16)
                  0.04    0.16    5.76 v clkbuf_1_1__f__221_/X (sky130_fd_sc_hd__clkbuf_16)
     6    0.03                           clknet_1_1__leaf__221_ (net)
                  0.04    0.00    5.76 v _452__9/A (sky130_fd_sc_hd__inv_2)
                  0.02    0.04    5.80 ^ _452__9/Y (sky130_fd_sc_hd__inv_2)
     1    0.00                           net47 (net)
                  0.02    0.00    5.80 ^ _497_/CLK (sky130_fd_sc_hd__dfrtp_1)
                          0.25    6.05   clock uncertainty
                          0.00    6.05   clock reconvergence pessimism
                          0.33    6.37   library removal time
                                  6.37   data required time
-----------------------------------------------------------------------------
                                  6.37   data required time
                                -12.50   data arrival time
-----------------------------------------------------------------------------
                                  6.13   slack (MET)


Startpoint: CSB (input port clocked by SCK)
Endpoint: _498_ (removal check against rising-edge clock SCK')
Path Group: asynchronous
Path Type: min

Fanout     Cap    Slew   Delay    Time   Description
-----------------------------------------------------------------------------
                         10.00   10.00   clock SCK (rise edge)
                          0.00   10.00   clock network delay (propagated)
                          2.00   12.00 v input external delay
                  0.01    0.00   12.00 v CSB (in)
     1    0.00                           CSB (net)
                  0.01    0.00   12.00 v input1/A (sky130_fd_sc_hd__clkbuf_1)
                  0.02    0.06   12.07 v input1/X (sky130_fd_sc_hd__clkbuf_1)
     1    0.00                           net1 (net)
                  0.02    0.00   12.07 v _224_/A (sky130_fd_sc_hd__buf_2)
                  0.07    0.15   12.22 v _224_/X (sky130_fd_sc_hd__buf_2)
     9    0.03                           _102_ (net)
                  0.07    0.00   12.22 v _225_/A (sky130_fd_sc_hd__buf_2)
                  0.08    0.18   12.39 v _225_/X (sky130_fd_sc_hd__buf_2)
    10    0.03                           _103_ (net)
                  0.08    0.00   12.40 v _226_/B (sky130_fd_sc_hd__nor2_1)
                  0.10    0.10   12.50 ^ _226_/Y (sky130_fd_sc_hd__nor2_1)
     1    0.00                           _059_ (net)
                  0.10    0.00   12.50 ^ _498_/RESET_B (sky130_fd_sc_hd__dfrtp_1)
                                 12.50   data arrival time

                          5.00    5.00   clock SCK' (rise edge)
                          0.00    5.00   clock source latency
                  0.03    0.02    5.02 v SCK (in)
     1    0.01                           SCK (net)
                  0.03    0.00    5.02 v clkbuf_0_SCK/A (sky130_fd_sc_hd__clkbuf_16)
                  0.04    0.16    5.18 v clkbuf_0_SCK/X (sky130_fd_sc_hd__clkbuf_16)
     4    0.03                           clknet_0_SCK (net)
                  0.04    0.00    5.18 v clkbuf_2_3__f_SCK/A (sky130_fd_sc_hd__clkbuf_16)
                  0.03    0.15    5.33 v clkbuf_2_3__f_SCK/X (sky130_fd_sc_hd__clkbuf_16)
     6    0.02                           clknet_2_3__leaf_SCK (net)
                  0.03    0.00    5.33 v _437_/A (sky130_fd_sc_hd__buf_1)
                  0.06    0.11    5.44 v _437_/X (sky130_fd_sc_hd__buf_1)
     1    0.01                           _221_ (net)
                  0.06    0.00    5.44 v clkbuf_0__221_/A (sky130_fd_sc_hd__clkbuf_16)
                  0.03    0.16    5.60 v clkbuf_0__221_/X (sky130_fd_sc_hd__clkbuf_16)
     2    0.02                           clknet_0__221_ (net)
                  0.03    0.00    5.60 v clkbuf_1_1__f__221_/A (sky130_fd_sc_hd__clkbuf_16)
                  0.04    0.16    5.76 v clkbuf_1_1__f__221_/X (sky130_fd_sc_hd__clkbuf_16)
     6    0.03                           clknet_1_1__leaf__221_ (net)
                  0.04    0.00    5.76 v _453__10/A (sky130_fd_sc_hd__inv_2)
                  0.02    0.04    5.80 ^ _453__10/Y (sky130_fd_sc_hd__inv_2)
     1    0.00                           net48 (net)
                  0.02    0.00    5.80 ^ _498_/CLK (sky130_fd_sc_hd__dfrtp_1)
                          0.25    6.05   clock uncertainty
                          0.00    6.05   clock reconvergence pessimism
                          0.33    6.37   library removal time
                                  6.37   data required time
-----------------------------------------------------------------------------
                                  6.37   data required time
                                -12.50   data arrival time
-----------------------------------------------------------------------------
                                  6.13   slack (MET)


Startpoint: CSB (input port clocked by SCK)
Endpoint: _496_ (removal check against rising-edge clock SCK')
Path Group: asynchronous
Path Type: min

Fanout     Cap    Slew   Delay    Time   Description
-----------------------------------------------------------------------------
                         10.00   10.00   clock SCK (rise edge)
                          0.00   10.00   clock network delay (propagated)
                          2.00   12.00 v input external delay
                  0.01    0.00   12.00 v CSB (in)
     1    0.00                           CSB (net)
                  0.01    0.00   12.00 v input1/A (sky130_fd_sc_hd__clkbuf_1)
                  0.02    0.06   12.07 v input1/X (sky130_fd_sc_hd__clkbuf_1)
     1    0.00                           net1 (net)
                  0.02    0.00   12.07 v _224_/A (sky130_fd_sc_hd__buf_2)
                  0.07    0.15   12.22 v _224_/X (sky130_fd_sc_hd__buf_2)
     9    0.03                           _102_ (net)
                  0.07    0.00   12.22 v _225_/A (sky130_fd_sc_hd__buf_2)
                  0.08    0.18   12.39 v _225_/X (sky130_fd_sc_hd__buf_2)
    10    0.03                           _103_ (net)
                  0.08    0.00   12.40 v _237_/B (sky130_fd_sc_hd__nor2_1)
                  0.10    0.10   12.50 ^ _237_/Y (sky130_fd_sc_hd__nor2_1)
     1    0.00                           _055_ (net)
                  0.10    0.00   12.50 ^ _496_/RESET_B (sky130_fd_sc_hd__dfrtp_1)
                                 12.50   data arrival time

                          5.00    5.00   clock SCK' (rise edge)
                          0.00    5.00   clock source latency
                  0.03    0.02    5.02 v SCK (in)
     1    0.01                           SCK (net)
                  0.03    0.00    5.02 v clkbuf_0_SCK/A (sky130_fd_sc_hd__clkbuf_16)
                  0.04    0.16    5.18 v clkbuf_0_SCK/X (sky130_fd_sc_hd__clkbuf_16)
     4    0.03                           clknet_0_SCK (net)
                  0.04    0.00    5.18 v clkbuf_2_3__f_SCK/A (sky130_fd_sc_hd__clkbuf_16)
                  0.03    0.15    5.33 v clkbuf_2_3__f_SCK/X (sky130_fd_sc_hd__clkbuf_16)
     6    0.02                           clknet_2_3__leaf_SCK (net)
                  0.03    0.00    5.33 v _437_/A (sky130_fd_sc_hd__buf_1)
                  0.06    0.11    5.44 v _437_/X (sky130_fd_sc_hd__buf_1)
     1    0.01                           _221_ (net)
                  0.06    0.00    5.44 v clkbuf_0__221_/A (sky130_fd_sc_hd__clkbuf_16)
                  0.03    0.16    5.60 v clkbuf_0__221_/X (sky130_fd_sc_hd__clkbuf_16)
     2    0.02                           clknet_0__221_ (net)
                  0.03    0.00    5.60 v clkbuf_1_0__f__221_/A (sky130_fd_sc_hd__clkbuf_16)
                  0.04    0.15    5.75 v clkbuf_1_0__f__221_/X (sky130_fd_sc_hd__clkbuf_16)
     4    0.02                           clknet_1_0__leaf__221_ (net)
                  0.04    0.00    5.75 v _451__8/A (sky130_fd_sc_hd__inv_2)
                  0.02    0.04    5.78 ^ _451__8/Y (sky130_fd_sc_hd__inv_2)
     1    0.00                           net46 (net)
                  0.02    0.00    5.78 ^ _496_/CLK (sky130_fd_sc_hd__dfrtp_1)
                          0.25    6.03   clock uncertainty
                          0.00    6.03   clock reconvergence pessimism
                          0.33    6.36   library removal time
                                  6.36   data required time
-----------------------------------------------------------------------------
                                  6.36   data required time
                                -12.50   data arrival time
-----------------------------------------------------------------------------
                                  6.14   slack (MET)


Startpoint: CSB (input port clocked by SCK)
Endpoint: _495_ (removal check against rising-edge clock SCK')
Path Group: asynchronous
Path Type: min

Fanout     Cap    Slew   Delay    Time   Description
-----------------------------------------------------------------------------
                         10.00   10.00   clock SCK (rise edge)
                          0.00   10.00   clock network delay (propagated)
                          2.00   12.00 v input external delay
                  0.01    0.00   12.00 v CSB (in)
     1    0.00                           CSB (net)
                  0.01    0.00   12.00 v input1/A (sky130_fd_sc_hd__clkbuf_1)
                  0.02    0.06   12.07 v input1/X (sky130_fd_sc_hd__clkbuf_1)
     1    0.00                           net1 (net)
                  0.02    0.00   12.07 v _224_/A (sky130_fd_sc_hd__buf_2)
                  0.07    0.15   12.22 v _224_/X (sky130_fd_sc_hd__buf_2)
     9    0.03                           _102_ (net)
                  0.07    0.00   12.22 v _225_/A (sky130_fd_sc_hd__buf_2)
                  0.08    0.18   12.39 v _225_/X (sky130_fd_sc_hd__buf_2)
    10    0.03                           _103_ (net)
                  0.08    0.00   12.40 v _241_/B (sky130_fd_sc_hd__nor2_1)
                  0.10    0.11   12.50 ^ _241_/Y (sky130_fd_sc_hd__nor2_1)
     1    0.00                           _053_ (net)
                  0.10    0.00   12.50 ^ _495_/RESET_B (sky130_fd_sc_hd__dfrtp_1)
                                 12.50   data arrival time

                          5.00    5.00   clock SCK' (rise edge)
                          0.00    5.00   clock source latency
                  0.03    0.02    5.02 v SCK (in)
     1    0.01                           SCK (net)
                  0.03    0.00    5.02 v clkbuf_0_SCK/A (sky130_fd_sc_hd__clkbuf_16)
                  0.04    0.16    5.18 v clkbuf_0_SCK/X (sky130_fd_sc_hd__clkbuf_16)
     4    0.03                           clknet_0_SCK (net)
                  0.04    0.00    5.18 v clkbuf_2_3__f_SCK/A (sky130_fd_sc_hd__clkbuf_16)
                  0.03    0.15    5.33 v clkbuf_2_3__f_SCK/X (sky130_fd_sc_hd__clkbuf_16)
     6    0.02                           clknet_2_3__leaf_SCK (net)
                  0.03    0.00    5.33 v _437_/A (sky130_fd_sc_hd__buf_1)
                  0.06    0.11    5.44 v _437_/X (sky130_fd_sc_hd__buf_1)
     1    0.01                           _221_ (net)
                  0.06    0.00    5.44 v clkbuf_0__221_/A (sky130_fd_sc_hd__clkbuf_16)
                  0.03    0.16    5.60 v clkbuf_0__221_/X (sky130_fd_sc_hd__clkbuf_16)
     2    0.02                           clknet_0__221_ (net)
                  0.03    0.00    5.60 v clkbuf_1_0__f__221_/A (sky130_fd_sc_hd__clkbuf_16)
                  0.04    0.15    5.75 v clkbuf_1_0__f__221_/X (sky130_fd_sc_hd__clkbuf_16)
     4    0.02                           clknet_1_0__leaf__221_ (net)
                  0.04    0.00    5.75 v _450__7/A (sky130_fd_sc_hd__inv_2)
                  0.02    0.04    5.78 ^ _450__7/Y (sky130_fd_sc_hd__inv_2)
     1    0.00                           net45 (net)
                  0.02    0.00    5.78 ^ _495_/CLK (sky130_fd_sc_hd__dfrtp_1)
                          0.25    6.03   clock uncertainty
                          0.00    6.03   clock reconvergence pessimism
                          0.33    6.36   library removal time
                                  6.36   data required time
-----------------------------------------------------------------------------
                                  6.36   data required time
                                -12.50   data arrival time
-----------------------------------------------------------------------------
                                  6.14   slack (MET)


Startpoint: CSB (input port clocked by SCK)
Endpoint: _485_ (removal check against rising-edge clock SCK')
Path Group: asynchronous
Path Type: min

Fanout     Cap    Slew   Delay    Time   Description
-----------------------------------------------------------------------------
                         10.00   10.00   clock SCK (rise edge)
                          0.00   10.00   clock network delay (propagated)
                          2.00   12.00 v input external delay
                  0.01    0.00   12.00 v CSB (in)
     1    0.00                           CSB (net)
                  0.01    0.00   12.00 v input1/A (sky130_fd_sc_hd__clkbuf_1)
                  0.02    0.06   12.07 v input1/X (sky130_fd_sc_hd__clkbuf_1)
     1    0.00                           net1 (net)
                  0.02    0.00   12.07 v _224_/A (sky130_fd_sc_hd__buf_2)
                  0.07    0.15   12.22 v _224_/X (sky130_fd_sc_hd__buf_2)
     9    0.03                           _102_ (net)
                  0.07    0.00   12.22 v _225_/A (sky130_fd_sc_hd__buf_2)
                  0.08    0.18   12.39 v _225_/X (sky130_fd_sc_hd__buf_2)
    10    0.03                           _103_ (net)
                  0.08    0.00   12.40 v _260_/B (sky130_fd_sc_hd__nor2_1)
                  0.10    0.11   12.50 ^ _260_/Y (sky130_fd_sc_hd__nor2_1)
     1    0.00                           _038_ (net)
                  0.10    0.00   12.50 ^ _485_/RESET_B (sky130_fd_sc_hd__dfrtp_1)
                                 12.50   data arrival time

                          5.00    5.00   clock SCK' (rise edge)
                          0.00    5.00   clock source latency
                  0.03    0.02    5.02 v SCK (in)
     1    0.01                           SCK (net)
                  0.03    0.00    5.02 v clkbuf_0_SCK/A (sky130_fd_sc_hd__clkbuf_16)
                  0.04    0.16    5.18 v clkbuf_0_SCK/X (sky130_fd_sc_hd__clkbuf_16)
     4    0.03                           clknet_0_SCK (net)
                  0.04    0.00    5.18 v clkbuf_2_3__f_SCK/A (sky130_fd_sc_hd__clkbuf_16)
                  0.03    0.15    5.33 v clkbuf_2_3__f_SCK/X (sky130_fd_sc_hd__clkbuf_16)
     6    0.02                           clknet_2_3__leaf_SCK (net)
                  0.03    0.00    5.33 v _437_/A (sky130_fd_sc_hd__buf_1)
                  0.06    0.11    5.44 v _437_/X (sky130_fd_sc_hd__buf_1)
     1    0.01                           _221_ (net)
                  0.06    0.00    5.44 v clkbuf_0__221_/A (sky130_fd_sc_hd__clkbuf_16)
                  0.03    0.16    5.60 v clkbuf_0__221_/X (sky130_fd_sc_hd__clkbuf_16)
     2    0.02                           clknet_0__221_ (net)
                  0.03    0.00    5.60 v clkbuf_1_0__f__221_/A (sky130_fd_sc_hd__clkbuf_16)
                  0.04    0.15    5.75 v clkbuf_1_0__f__221_/X (sky130_fd_sc_hd__clkbuf_16)
     4    0.02                           clknet_1_0__leaf__221_ (net)
                  0.04    0.00    5.75 v _440__2/A (sky130_fd_sc_hd__inv_2)
                  0.02    0.04    5.78 ^ _440__2/Y (sky130_fd_sc_hd__inv_2)
     1    0.00                           net40 (net)
                  0.02    0.00    5.78 ^ _485_/CLK (sky130_fd_sc_hd__dfrtp_1)
                          0.25    6.03   clock uncertainty
                          0.00    6.03   clock reconvergence pessimism
                          0.33    6.36   library removal time
                                  6.36   data required time
-----------------------------------------------------------------------------
                                  6.36   data required time
                                -12.50   data arrival time
-----------------------------------------------------------------------------
                                  6.14   slack (MET)


Startpoint: CSB (input port clocked by SCK)
Endpoint: _494_ (removal check against rising-edge clock SCK')
Path Group: asynchronous
Path Type: min

Fanout     Cap    Slew   Delay    Time   Description
-----------------------------------------------------------------------------
                         10.00   10.00   clock SCK (rise edge)
                          0.00   10.00   clock network delay (propagated)
                          2.00   12.00 v input external delay
                  0.01    0.00   12.00 v CSB (in)
     1    0.00                           CSB (net)
                  0.01    0.00   12.00 v input1/A (sky130_fd_sc_hd__clkbuf_1)
                  0.02    0.06   12.07 v input1/X (sky130_fd_sc_hd__clkbuf_1)
     1    0.00                           net1 (net)
                  0.02    0.00   12.07 v _224_/A (sky130_fd_sc_hd__buf_2)
                  0.07    0.15   12.22 v _224_/X (sky130_fd_sc_hd__buf_2)
     9    0.03                           _102_ (net)
                  0.07    0.00   12.22 v _225_/A (sky130_fd_sc_hd__buf_2)
                  0.08    0.18   12.39 v _225_/X (sky130_fd_sc_hd__buf_2)
    10    0.03                           _103_ (net)
                  0.08    0.00   12.40 v _245_/B (sky130_fd_sc_hd__nor2_1)
                  0.11    0.11   12.51 ^ _245_/Y (sky130_fd_sc_hd__nor2_1)
     1    0.00                           _051_ (net)
                  0.11    0.00   12.51 ^ _494_/RESET_B (sky130_fd_sc_hd__dfrtp_1)
                                 12.51   data arrival time

                          5.00    5.00   clock SCK' (rise edge)
                          0.00    5.00   clock source latency
                  0.03    0.02    5.02 v SCK (in)
     1    0.01                           SCK (net)
                  0.03    0.00    5.02 v clkbuf_0_SCK/A (sky130_fd_sc_hd__clkbuf_16)
                  0.04    0.16    5.18 v clkbuf_0_SCK/X (sky130_fd_sc_hd__clkbuf_16)
     4    0.03                           clknet_0_SCK (net)
                  0.04    0.00    5.18 v clkbuf_2_3__f_SCK/A (sky130_fd_sc_hd__clkbuf_16)
                  0.03    0.15    5.33 v clkbuf_2_3__f_SCK/X (sky130_fd_sc_hd__clkbuf_16)
     6    0.02                           clknet_2_3__leaf_SCK (net)
                  0.03    0.00    5.33 v _437_/A (sky130_fd_sc_hd__buf_1)
                  0.06    0.11    5.44 v _437_/X (sky130_fd_sc_hd__buf_1)
     1    0.01                           _221_ (net)
                  0.06    0.00    5.44 v clkbuf_0__221_/A (sky130_fd_sc_hd__clkbuf_16)
                  0.03    0.16    5.60 v clkbuf_0__221_/X (sky130_fd_sc_hd__clkbuf_16)
     2    0.02                           clknet_0__221_ (net)
                  0.03    0.00    5.60 v clkbuf_1_0__f__221_/A (sky130_fd_sc_hd__clkbuf_16)
                  0.04    0.15    5.75 v clkbuf_1_0__f__221_/X (sky130_fd_sc_hd__clkbuf_16)
     4    0.02                           clknet_1_0__leaf__221_ (net)
                  0.04    0.00    5.75 v _449__6/A (sky130_fd_sc_hd__inv_2)
                  0.02    0.04    5.78 ^ _449__6/Y (sky130_fd_sc_hd__inv_2)
     1    0.00                           net44 (net)
                  0.02    0.00    5.78 ^ _494_/CLK (sky130_fd_sc_hd__dfrtp_1)
                          0.25    6.03   clock uncertainty
                          0.00    6.03   clock reconvergence pessimism
                          0.33    6.37   library removal time
                                  6.37   data required time
-----------------------------------------------------------------------------
                                  6.37   data required time
                                -12.51   data arrival time
-----------------------------------------------------------------------------
                                  6.14   slack (MET)


Startpoint: CSB (input port clocked by SCK)
Endpoint: _483_ (removal check against rising-edge clock SCK')
Path Group: asynchronous
Path Type: min

Fanout     Cap    Slew   Delay    Time   Description
-----------------------------------------------------------------------------
                         10.00   10.00   clock SCK (rise edge)
                          0.00   10.00   clock network delay (propagated)
                          2.00   12.00 v input external delay
                  0.01    0.00   12.00 v CSB (in)
     1    0.00                           CSB (net)
                  0.01    0.00   12.00 v input1/A (sky130_fd_sc_hd__clkbuf_1)
                  0.02    0.06   12.07 v input1/X (sky130_fd_sc_hd__clkbuf_1)
     1    0.00                           net1 (net)
                  0.02    0.00   12.07 v _224_/A (sky130_fd_sc_hd__buf_2)
                  0.07    0.15   12.22 v _224_/X (sky130_fd_sc_hd__buf_2)
     9    0.03                           _102_ (net)
                  0.07    0.00   12.22 v _225_/A (sky130_fd_sc_hd__buf_2)
                  0.08    0.18   12.39 v _225_/X (sky130_fd_sc_hd__buf_2)
    10    0.03                           _103_ (net)
                  0.08    0.00   12.40 v _271_/B (sky130_fd_sc_hd__nor2_1)
                  0.09    0.10   12.50 ^ _271_/Y (sky130_fd_sc_hd__nor2_1)
     1    0.00                           _035_ (net)
                  0.09    0.00   12.50 ^ _483_/SET_B (sky130_fd_sc_hd__dfstp_1)
                                 12.50   data arrival time

                          5.00    5.00   clock SCK' (rise edge)
                          0.00    5.00   clock source latency
                  0.03    0.02    5.02 v SCK (in)
     1    0.01                           SCK (net)
                  0.03    0.00    5.02 v clkbuf_0_SCK/A (sky130_fd_sc_hd__clkbuf_16)
                  0.04    0.16    5.18 v clkbuf_0_SCK/X (sky130_fd_sc_hd__clkbuf_16)
     4    0.03                           clknet_0_SCK (net)
                  0.04    0.00    5.18 v clkbuf_2_3__f_SCK/A (sky130_fd_sc_hd__clkbuf_16)
                  0.03    0.15    5.33 v clkbuf_2_3__f_SCK/X (sky130_fd_sc_hd__clkbuf_16)
     6    0.02                           clknet_2_3__leaf_SCK (net)
                  0.03    0.00    5.33 v _437_/A (sky130_fd_sc_hd__buf_1)
                  0.06    0.11    5.44 v _437_/X (sky130_fd_sc_hd__buf_1)
     1    0.01                           _221_ (net)
                  0.06    0.00    5.44 v clkbuf_0__221_/A (sky130_fd_sc_hd__clkbuf_16)
                  0.03    0.16    5.60 v clkbuf_0__221_/X (sky130_fd_sc_hd__clkbuf_16)
     2    0.02                           clknet_0__221_ (net)
                  0.03    0.00    5.60 v clkbuf_1_1__f__221_/A (sky130_fd_sc_hd__clkbuf_16)
                  0.04    0.16    5.76 v clkbuf_1_1__f__221_/X (sky130_fd_sc_hd__clkbuf_16)
     6    0.03                           clknet_1_1__leaf__221_ (net)
                  0.04    0.00    5.76 v _438__1/A (sky130_fd_sc_hd__inv_2)
                  0.02    0.04    5.80 ^ _438__1/Y (sky130_fd_sc_hd__inv_2)
     1    0.00                           net39 (net)
                  0.02    0.00    5.80 ^ _483_/CLK (sky130_fd_sc_hd__dfstp_1)
                          0.25    6.05   clock uncertainty
                          0.00    6.05   clock reconvergence pessimism
                          0.14    6.19   library removal time
                                  6.19   data required time
-----------------------------------------------------------------------------
                                  6.19   data required time
                                -12.50   data arrival time
-----------------------------------------------------------------------------
                                  6.31   slack (MET)


Startpoint: _498_ (rising edge-triggered flip-flop clocked by SCK')
Endpoint: SDO (output port clocked by SCK)
Path Group: SCK
Path Type: min

Fanout     Cap    Slew   Delay    Time   Description
-----------------------------------------------------------------------------
                          5.00    5.00   clock SCK' (rise edge)
                          0.00    5.00   clock source latency
                  0.03    0.02    5.02 v SCK (in)
     1    0.01                           SCK (net)
                  0.03    0.00    5.02 v clkbuf_0_SCK/A (sky130_fd_sc_hd__clkbuf_16)
                  0.04    0.14    5.16 v clkbuf_0_SCK/X (sky130_fd_sc_hd__clkbuf_16)
     4    0.03                           clknet_0_SCK (net)
                  0.04    0.00    5.16 v clkbuf_2_3__f_SCK/A (sky130_fd_sc_hd__clkbuf_16)
                  0.03    0.14    5.30 v clkbuf_2_3__f_SCK/X (sky130_fd_sc_hd__clkbuf_16)
     6    0.02                           clknet_2_3__leaf_SCK (net)
                  0.03    0.00    5.30 v _437_/A (sky130_fd_sc_hd__buf_1)
                  0.06    0.10    5.40 v _437_/X (sky130_fd_sc_hd__buf_1)
     1    0.01                           _221_ (net)
                  0.06    0.00    5.40 v clkbuf_0__221_/A (sky130_fd_sc_hd__clkbuf_16)
                  0.03    0.14    5.54 v clkbuf_0__221_/X (sky130_fd_sc_hd__clkbuf_16)
     2    0.02                           clknet_0__221_ (net)
                  0.03    0.00    5.54 v clkbuf_1_1__f__221_/A (sky130_fd_sc_hd__clkbuf_16)
                  0.04    0.14    5.68 v clkbuf_1_1__f__221_/X (sky130_fd_sc_hd__clkbuf_16)
     6    0.03                           clknet_1_1__leaf__221_ (net)
                  0.04    0.00    5.68 v _453__10/A (sky130_fd_sc_hd__inv_2)
                  0.02    0.03    5.72 ^ _453__10/Y (sky130_fd_sc_hd__inv_2)
     1    0.00                           net48 (net)
                  0.02    0.00    5.72 ^ _498_/CLK (sky130_fd_sc_hd__dfrtp_1)
                  0.07    0.31    6.03 ^ _498_/Q (sky130_fd_sc_hd__dfrtp_1)
     2    0.01                           net12 (net)
                  0.07    0.00    6.03 ^ output12/A (sky130_fd_sc_hd__clkbuf_4)
                  0.11    0.18    6.21 ^ output12/X (sky130_fd_sc_hd__clkbuf_4)
     1    0.03                           SDO (net)
                  0.11    0.00    6.21 ^ SDO (out)
                                  6.21   data arrival time

                          0.00    0.00   clock SCK (rise edge)
                          0.00    0.00   clock network delay (propagated)
                          0.25    0.25   clock uncertainty
                          0.00    0.25   clock reconvergence pessimism
                         -2.00   -1.75   output external delay
                                 -1.75   data required time
-----------------------------------------------------------------------------
                                 -1.75   data required time
                                 -6.21   data arrival time
-----------------------------------------------------------------------------
                                  7.96   slack (MET)


Startpoint: _485_ (rising edge-triggered flip-flop clocked by SCK')
Endpoint: wrstb (output port clocked by SCK)
Path Group: SCK
Path Type: min

Fanout     Cap    Slew   Delay    Time   Description
-----------------------------------------------------------------------------
                          5.00    5.00   clock SCK' (rise edge)
                          0.00    5.00   clock source latency
                  0.03    0.02    5.02 v SCK (in)
     1    0.01                           SCK (net)
                  0.03    0.00    5.02 v clkbuf_0_SCK/A (sky130_fd_sc_hd__clkbuf_16)
                  0.04    0.14    5.16 v clkbuf_0_SCK/X (sky130_fd_sc_hd__clkbuf_16)
     4    0.03                           clknet_0_SCK (net)
                  0.04    0.00    5.16 v clkbuf_2_3__f_SCK/A (sky130_fd_sc_hd__clkbuf_16)
                  0.03    0.14    5.30 v clkbuf_2_3__f_SCK/X (sky130_fd_sc_hd__clkbuf_16)
     6    0.02                           clknet_2_3__leaf_SCK (net)
                  0.03    0.00    5.30 v _437_/A (sky130_fd_sc_hd__buf_1)
                  0.06    0.10    5.40 v _437_/X (sky130_fd_sc_hd__buf_1)
     1    0.01                           _221_ (net)
                  0.06    0.00    5.40 v clkbuf_0__221_/A (sky130_fd_sc_hd__clkbuf_16)
                  0.03    0.14    5.54 v clkbuf_0__221_/X (sky130_fd_sc_hd__clkbuf_16)
     2    0.02                           clknet_0__221_ (net)
                  0.03    0.00    5.54 v clkbuf_1_0__f__221_/A (sky130_fd_sc_hd__clkbuf_16)
                  0.04    0.14    5.68 v clkbuf_1_0__f__221_/X (sky130_fd_sc_hd__clkbuf_16)
     4    0.02                           clknet_1_0__leaf__221_ (net)
                  0.04    0.00    5.68 v _440__2/A (sky130_fd_sc_hd__inv_2)
                  0.02    0.03    5.71 ^ _440__2/Y (sky130_fd_sc_hd__inv_2)
     1    0.00                           net40 (net)
                  0.02    0.00    5.71 ^ _485_/CLK (sky130_fd_sc_hd__dfrtp_1)
                  0.07    0.31    6.02 ^ _485_/Q (sky130_fd_sc_hd__dfrtp_1)
     2    0.01                           net37 (net)
                  0.07    0.00    6.02 ^ output37/A (sky130_fd_sc_hd__buf_2)
                  0.17    0.20    6.22 ^ output37/X (sky130_fd_sc_hd__buf_2)
     1    0.03                           wrstb (net)
                  0.17    0.00    6.22 ^ wrstb (out)
                                  6.22   data arrival time

                          0.00    0.00   clock SCK (rise edge)
                          0.00    0.00   clock network delay (propagated)
                          0.25    0.25   clock uncertainty
                          0.00    0.25   clock reconvergence pessimism
                         -2.00   -1.75   output external delay
                                 -1.75   data required time
-----------------------------------------------------------------------------
                                 -1.75   data required time
                                 -6.22   data arrival time
-----------------------------------------------------------------------------
                                  7.97   slack (MET)


Startpoint: _483_ (rising edge-triggered flip-flop clocked by SCK')
Endpoint: sdoenb (output port clocked by SCK)
Path Group: SCK
Path Type: min

Fanout     Cap    Slew   Delay    Time   Description
-----------------------------------------------------------------------------
                          5.00    5.00   clock SCK' (rise edge)
                          0.00    5.00   clock source latency
                  0.03    0.02    5.02 v SCK (in)
     1    0.01                           SCK (net)
                  0.03    0.00    5.02 v clkbuf_0_SCK/A (sky130_fd_sc_hd__clkbuf_16)
                  0.04    0.14    5.16 v clkbuf_0_SCK/X (sky130_fd_sc_hd__clkbuf_16)
     4    0.03                           clknet_0_SCK (net)
                  0.04    0.00    5.16 v clkbuf_2_3__f_SCK/A (sky130_fd_sc_hd__clkbuf_16)
                  0.03    0.14    5.30 v clkbuf_2_3__f_SCK/X (sky130_fd_sc_hd__clkbuf_16)
     6    0.02                           clknet_2_3__leaf_SCK (net)
                  0.03    0.00    5.30 v _437_/A (sky130_fd_sc_hd__buf_1)
                  0.06    0.10    5.40 v _437_/X (sky130_fd_sc_hd__buf_1)
     1    0.01                           _221_ (net)
                  0.06    0.00    5.40 v clkbuf_0__221_/A (sky130_fd_sc_hd__clkbuf_16)
                  0.03    0.14    5.54 v clkbuf_0__221_/X (sky130_fd_sc_hd__clkbuf_16)
     2    0.02                           clknet_0__221_ (net)
                  0.03    0.00    5.54 v clkbuf_1_1__f__221_/A (sky130_fd_sc_hd__clkbuf_16)
                  0.04    0.14    5.68 v clkbuf_1_1__f__221_/X (sky130_fd_sc_hd__clkbuf_16)
     6    0.03                           clknet_1_1__leaf__221_ (net)
                  0.04    0.00    5.68 v _438__1/A (sky130_fd_sc_hd__inv_2)
                  0.02    0.03    5.72 ^ _438__1/Y (sky130_fd_sc_hd__inv_2)
     1    0.00                           net39 (net)
                  0.02    0.00    5.72 ^ _483_/CLK (sky130_fd_sc_hd__dfstp_1)
                  0.04    0.33    6.05 v _483_/Q (sky130_fd_sc_hd__dfstp_1)
     1    0.01                           net36 (net)
                  0.04    0.00    6.05 v output36/A (sky130_fd_sc_hd__buf_2)
                  0.09    0.17    6.22 v output36/X (sky130_fd_sc_hd__buf_2)
     1    0.03                           sdoenb (net)
                  0.09    0.00    6.22 v sdoenb (out)
                                  6.22   data arrival time

                          0.00    0.00   clock SCK (rise edge)
                          0.00    0.00   clock network delay (propagated)
                          0.25    0.25   clock uncertainty
                          0.00    0.25   clock reconvergence pessimism
                         -2.00   -1.75   output external delay
                                 -1.75   data required time
-----------------------------------------------------------------------------
                                 -1.75   data required time
                                 -6.22   data arrival time
-----------------------------------------------------------------------------
                                  7.97   slack (MET)



